version 1
nodes
0 "Sketchfab_model" -1
1 "root" 0
2 "GLTF_SceneRootNode" 1
3 "Sketchfab_model_0" 2
4 "Dragon_Boss_05.fbx_1" 3
5 "Object_2_2" 4
6 "RootNode_3" 5
7 "Dragon_Boss_05_4" 6
8 "Object_5_5" 7
9 "GLTF_created_0" 8
10 "GLTF_created_0_rootJoint" 9
11 "_rootJoint_6" 10
12 "Bip001_00_9" 11
13 "Bip001 Pelvis_01_10" 12
14 "Bip001 Spine_02_11" 13
15 "Bip001 L Thigh_03_12" 14
16 "Bip001 L Calf_04_13" 15
17 "Bip001 L HorseLink_05_14" 16
18 "Bip001 L Foot_06_15" 17
19 "Bip001 L Toe0_07_16" 18
20 "Bip001 L Toe01_08_17" 19
21 "Bip001 L Toe1_09_18" 18
22 "Bip001 L Toe11_010_19" 21
23 "Bip001 L Toe2_011_20" 18
24 "Bip001 L Toe21_012_21" 23
25 "Bip001 R Thigh_013_22" 14
26 "Bip001 R Calf_014_23" 25
27 "Bip001 R HorseLink_015_24" 26
28 "Bip001 R Foot_016_25" 27
29 "Bip001 R Toe0_017_26" 28
30 "Bip001 R Toe01_018_27" 29
31 "Bip001 R Toe1_019_28" 28
32 "Bip001 R Toe11_020_29" 31
33 "Bip001 R Toe2_021_30" 28
34 "Bip001 R Toe21_022_31" 33
35 "Bip001 Spine1_023_32" 14
36 "Bip001 Spine2_024_33" 35
37 "Bip001 Neck_025_34" 36
38 "Bip001 L Clavicle_026_35" 37
39 "Bip001 L UpperArm_027_36" 38
40 "Bip001 L Forearm_028_37" 39
41 "Bip001 L Hand_029_38" 40
42 "Bone005(mirrored)_030_39" 40
43 "Bone007(mirrored)_031_40" 40
44 "Bone008(mirrored)_032_41" 43
45 "Bone010(mirrored)_033_42" 40
46 "Bone011(mirrored)_034_43" 45
47 "Bone013(mirrored)_035_44" 40
48 "Bone014(mirrored)_036_45" 47
49 "Bone016(mirrored)_037_46" 40
50 "Bone017(mirrored)_038_47" 49
51 "Bip001 Neck1_039_48" 37
52 "Bip001 Neck2_040_49" 51
53 "Bip001 Neck3_041_50" 52
54 "Bip001 Head_042_51" 53
55 "Bone001_043_52" 54
56 "Bone003_044_53" 55
57 "Bone004_045_54" 56
58 "mouthPoint_046_55" 54
59 "Bip001 R Clavicle_047_56" 37
60 "Bip001 R UpperArm_048_57" 59
61 "Bip001 R Forearm_049_58" 60
62 "Bip001 R Hand_050_59" 61
63 "Bone005_051_60" 61
64 "Bone007_052_61" 61
65 "Bone008_053_62" 64
66 "Bone010_054_63" 61
67 "Bone011_055_64" 66
68 "Bone013_056_65" 61
69 "Bone014_057_66" 68
70 "Bone016_058_67" 61
71 "Bone017_059_68" 70
72 "Bone019_060_69" 13
73 "Bone020_061_70" 72
74 "Bone021_062_71" 73
75 "Bone022_063_72" 74
76 "Bone023_064_73" 75
77 "Bone024_065_74" 76
78 "Bone025_066_75" 77
79 "Bone026_067_76" 78
80 "Object_8_8_correction" 9
81 "Object_8_8" 80
82 "Object_82" 9
end
skeleton
time 0
0 0.000000 0.000000 0.000000 0.523599 -0.000000 0.000000
1 0.000000 0.000000 0.000000 0.000000 -0.000000 0.000000
2 0.000000 0.000000 0.000000 1.570796 -0.000000 0.000000
3 0.000000 0.000000 0.000000 -1.570796 -0.000000 0.000000
4 0.000000 0.000000 0.000000 1.570796 -0.000000 0.000000
5 0.000000 0.000000 0.000000 0.000000 -0.000000 0.000000
6 0.000000 0.000000 0.000000 0.000000 -0.000000 0.000000
7 0.000000 0.000000 0.000000 0.000000 -0.000000 0.000000
8 0.000000 0.000000 0.000000 0.000000 -0.000000 0.000000
9 0.000000 0.000000 0.000000 0.000000 -0.000000 0.000000
10 0.000000 0.000000 0.000000 0.000000 -0.000000 0.000000
11 0.000000 0.000000 0.000000 0.000000 -0.000000 0.000000
12 1.551847 62.562061 -2.810579 -3.141592 -1.254111 1.570796
13 0.000000 0.000000 0.000000 1.570793 -1.399613 -3.141587
14 -2.433030 8.088800 -0.000345 0.052234 -0.031812 1.103647
15 -5.813796 -5.198037 10.614208 2.941614 -0.040178 2.032785
16 15.588190 -0.000001 -0.000001 -0.000000 -0.000000 -1.169824
17 13.398906 0.000000 0.000000 -0.000000 0.000000 1.391337
18 10.264399 -0.000000 0.000001 0.111446 0.139113 -1.514113
19 3.852187 4.352265 -3.111403 -0.512048 0.379630 1.104427
20 5.222272 0.000000 0.000001 -0.000000 -0.000000 -0.942920
21 3.852186 4.518144 -0.226015 0.050557 0.069383 1.169999
22 6.794561 0.000000 -0.000002 -0.000000 -0.000000 -0.820710
23 3.852186 4.518146 2.824097 0.333149 -0.164292 0.824861
24 5.768848 0.000000 -0.000002 0.000000 -0.000000 -0.799721
25 -6.456057 -6.247113 -9.636562 -2.912140 0.190690 1.948253
26 15.588162 -0.000000 0.000000 -0.000000 -0.000000 -1.153834
27 13.398907 0.000001 0.000000 0.000000 -0.000000 1.296553
28 10.264401 -0.000000 0.000000 -0.051416 -0.069597 -1.297843
29 3.852186 4.352265 3.111401 0.417265 -0.500161 0.891066
30 5.222270 0.000003 -0.000000 0.000000 0.000000 -0.925260
31 3.852186 4.518147 0.226011 -0.034317 -0.078799 0.950735
32 6.794559 -0.000001 -0.000001 -0.000000 0.000000 -0.723029
33 3.852186 4.518147 -2.824095 -0.444744 0.489711 0.873856
34 5.768847 0.000002 0.000001 0.000000 -0.000000 -0.841743
35 7.891005 -0.007239 0.000022 -0.002886 0.005979 0.142459
36 9.192518 -0.008859 -0.000116 0.010780 0.107011 0.162434
37 11.231594 2.201822 0.000042 -0.004952 -0.039651 -0.033522
38 -7.226870 -1.526387 9.871627 -2.474517 -1.292824 -0.634550
39 4.354646 0.000006 0.000003 -0.885469 -0.016374 0.750406
40 14.558136 0.000000 0.000003 -0.000000 -0.000000 -0.659970
41 34.349201 -0.000003 -0.000006 -1.759676 -0.104303 -0.099987
42 -0.316019 1.660743 -0.436518 0.096598 0.094306 2.344409
43 33.015167 4.098595 0.924263 -0.085525 -0.228730 2.294585
44 24.232672 0.000005 -0.000014 -0.045193 0.266702 -0.205535
45 36.086792 4.202444 0.597923 0.155876 -0.368821 1.162820
46 31.997391 0.000014 -0.000024 -0.092037 0.307110 -0.131450
47 38.652004 4.684278 0.117209 0.135710 -0.217943 0.379044
48 43.715790 -0.000010 -0.000014 -0.079162 0.267382 -0.054977
49 43.484306 2.869920 -1.120594 0.318498 -0.266001 -0.315983
50 24.040899 0.000007 -0.000001 -0.043030 0.060492 -0.138824
51 9.515224 -0.007094 0.000044 -0.004151 -0.012315 0.374314
52 9.515232 -0.007092 0.000039 -0.004336 -0.011831 0.375151
53 9.514036 -0.005953 -0.000012 0.003614 0.001435 0.261971
54 7.707396 -0.000000 -0.000000 -0.033715 0.015360 0.366334
55 4.448519 0.767221 -0.000194 -3.141589 -0.000001 0.789658
56 3.779950 0.190334 -0.000003 0.000000 -0.000000 0.578077
57 4.453077 -0.000005 -0.000000 -0.000000 0.000000 0.006751
58 11.999998 2.000003 -0.000001 0.000000 0.000000 -0.000000
59 -7.923278 -1.500791 -9.330886 2.306074 1.354196 -0.797955
60 4.354646 0.000000 0.000000 0.998598 0.115245 0.857149
61 14.558137 0.000003 -0.000003 0.000000 0.000000 -0.660008
62 34.349209 -0.000003 0.000008 1.723035 0.104922 -0.133611
63 -0.315990 1.660919 0.436530 3.046153 -0.080755 2.394874
64 33.015247 4.098916 -0.924284 -3.059402 0.196885 2.240726
65 24.232668 -0.000000 -0.000000 -0.026068 0.023062 -0.219832
66 36.086739 4.202644 -0.597954 2.981645 0.337290 1.130635
67 31.997387 -0.000000 -0.000000 0.024980 0.222452 -0.288751
68 38.651920 4.684467 -0.117238 2.857071 0.224864 0.459474
69 43.715797 0.000003 0.000000 0.076180 0.266621 -0.333668
70 43.484421 2.870285 1.120560 2.821447 0.255344 -0.319704
71 24.040895 -0.000002 -0.000000 0.046358 0.051384 0.163940
72 -4.201984 -8.502426 0.000024 3.140516 0.054549 -1.175731
73 10.992137 -0.000000 -0.000000 0.002439 -0.023573 0.237171
74 16.248436 -0.000000 -0.000000 0.013075 0.025107 0.285668
75 15.024572 0.000000 0.000000 0.019748 0.057998 0.232739
76 14.909707 -0.000005 0.000000 0.018222 0.085567 0.077864
77 16.154041 0.000000 0.000000 0.006733 0.107767 -0.174093
78 19.088512 0.000000 0.000000 -0.003135 0.127873 -0.245797
79 21.494041 0.000000 0.000000 -0.010771 0.148190 -0.409149
80 0.000000 0.000000 0.000000 0.000000 -0.000000 0.000000
81 0.000000 0.000000 0.000000 0.000000 -0.000000 0.000000
82 0.000000 0.000000 0.000000 0.000000 -0.000000 0.000000
time 1
0 0.000000 0.000000 0.000000 0.523599 -0.000000 0.000000
1 0.000000 0.000000 0.000000 0.000000 -0.000000 0.000000
2 0.000000 0.000000 0.000000 1.570796 -0.000000 0.000000
3 0.000000 0.000000 0.000000 -1.570796 -0.000000 0.000000
4 0.000000 0.000000 0.000000 1.570796 -0.000000 0.000000
5 0.000000 0.000000 0.000000 0.000000 -0.000000 0.000000
6 0.000000 0.000000 0.000000 0.000000 -0.000000 0.000000
7 0.000000 0.000000 0.000000 0.000000 -0.000000 0.000000
8 0.000000 0.000000 0.000000 0.000000 -0.000000 0.000000
9 0.000000 0.000000 0.000000 0.000000 -0.000000 0.000000
10 0.000000 0.000000 0.000000 0.000000 -0.000000 0.000000
11 0.000000 0.000000 0.000000 0.000000 -0.000000 0.000000
12 3.925952 66.248367 -0.411066 -3.141592 -1.254111 1.570796
13 0.000000 0.000000 0.000000 1.570793 -1.399613 -3.141587
14 -2.432831 8.089247 -0.000246 0.037071 -0.011551 1.174511
15 -6.449657 -4.889691 10.401096 2.890000 -0.034801 1.925039
16 15.588180 -0.000000 -0.000001 -0.000000 -0.000000 -1.008614
17 13.398902 -0.000003 -0.000000 -0.000000 -0.000000 1.180739
18 10.264402 0.000000 -0.000001 0.187660 0.151007 -1.216384
19 3.852187 4.352265 -3.111403 -0.501815 0.353227 1.261898
20 5.222275 -0.000001 -0.000000 0.000000 -0.000000 -1.099654
21 3.852186 4.518144 -0.226015 0.054845 0.066495 1.230138
22 6.794560 -0.000000 -0.000000 -0.000000 -0.000000 -0.734091
23 3.852186 4.518146 2.824097 0.333149 -0.164292 0.824861
24 5.768844 -0.000001 -0.000000 0.000000 -0.000000 -0.799721
25 -6.679921 -5.625086 -9.875328 -2.901602 0.194594 1.928085
26 15.588161 0.000001 0.000000 -0.000000 -0.000000 -1.033388
27 13.398902 0.000001 0.000000 0.000000 0.000000 1.107616
28 10.264396 0.000005 -0.000001 -0.051227 -0.105094 -1.236885
29 3.852186 4.352265 3.111401 0.343639 -0.451323 1.061781
30 5.222276 -0.000001 -0.000000 0.000000 0.000000 -1.054763
31 3.852186 4.518147 0.226011 -0.042287 -0.075133 1.052904
32 6.794559 0.000002 0.000000 -0.000000 -0.000000 -0.619792
33 3.852186 4.518147 -2.824095 -0.444744 0.489711 0.873855
34 5.768847 0.000001 -0.000000 0.000000 -0.000000 -0.841743
35 7.890800 -0.007270 0.000022 -0.002611 0.003183 0.108157
36 9.192631 -0.008836 -0.000128 0.010370 0.094737 0.171287
37 11.231866 2.201813 -0.000013 0.001615 -0.021714 -0.008255
38 -7.473114 -1.206478 9.740825 2.144728 -1.008587 0.910060
39 4.354645 -0.000006 -0.000000 -0.589724 0.395230 0.843993
40 14.558136 0.000001 -0.000001 0.000000 -0.000000 -0.406257
41 34.349209 0.000002 0.000004 -1.732304 -0.186992 -0.081950
42 -0.316019 1.660743 -0.436518 0.099288 -0.053474 2.275664
43 33.015167 4.098595 0.924263 -0.257536 -0.290301 2.363844
44 24.232672 0.000005 -0.000014 -0.186422 -0.023612 0.050534
45 36.086792 4.202444 0.597923 -0.160255 -0.471016 1.652326
46 31.997391 0.000014 -0.000024 -0.245953 -0.204888 0.055396
47 38.652004 4.684278 0.117209 -0.072509 -0.538245 0.922282
48 43.715790 -0.000010 -0.000014 -0.151877 -0.295096 -0.007146
49 43.484306 2.869920 -1.120594 0.221854 -0.750793 0.416765
50 24.040899 0.000007 -0.000001 -0.124784 -0.463267 0.078555
51 9.514770 -0.007240 0.000049 -0.002751 -0.002871 0.318981
52 9.514532 -0.007311 0.000056 -0.004998 -0.003538 0.289912
53 9.513486 -0.006072 0.000008 0.001162 -0.003004 0.182179
54 7.707396 0.000006 0.000000 -0.066457 -0.006873 0.378522
55 4.448519 0.767221 -0.000194 -3.141589 -0.000001 0.794382
56 3.779950 0.190334 -0.000003 0.000000 -0.000000 0.530774
57 4.453077 -0.000005 -0.000000 -0.000000 0.000000 -0.054476
58 11.999998 2.000003 -0.000001 0.000000 0.000000 -0.000000
59 -7.787307 -1.316143 -9.475253 -2.101609 1.032670 0.946953
60 4.354646 -0.000000 0.000012 0.646197 -0.215937 0.879651
61 14.558129 -0.000001 0.000000 0.000000 0.000000 -0.406342
62 34.349205 0.000001 0.000001 1.589320 0.226387 -0.092534
63 -0.315990 1.660919 0.436530 3.044843 0.088395 2.378705
64 33.015247 4.098916 -0.924284 -2.880955 0.292029 2.309101
65 24.232668 -0.000000 -0.000000 0.213672 -0.386095 -0.263975
66 36.086739 4.202644 -0.597954 -2.998440 0.468774 1.599406
67 31.997387 -0.000001 0.000000 0.299335 -0.343203 -0.383300
68 38.651920 4.684467 -0.117238 3.078267 0.522100 0.984749
69 43.715797 0.000003 -0.000001 0.280278 -0.393940 -0.479573
70 43.484421 2.870285 1.120560 2.913192 0.730038 0.391176
71 24.040894 -0.000002 0.000000 0.103811 -0.440195 -0.057323
72 -4.201984 -8.502422 0.000024 3.139253 0.087853 -1.282935
73 10.992137 -0.000000 -0.000000 0.003417 -0.036461 0.240652
74 16.248436 -0.000000 -0.000000 0.010763 0.000504 0.272544
75 15.024572 0.000000 0.000000 0.017784 0.041642 0.185115
76 14.909706 -0.000005 0.000000 0.017089 0.079271 0.016717
77 16.154041 0.000000 0.000000 0.003221 0.113079 -0.181576
78 19.088512 0.000000 0.000000 -0.009126 0.131312 -0.202579
79 21.494041 0.000000 0.000000 -0.017496 0.163685 -0.260414
80 0.000000 0.000000 0.000000 0.000000 -0.000000 0.000000
81 0.000000 0.000000 0.000000 0.000000 -0.000000 0.000000
82 0.000000 0.000000 0.000000 0.000000 -0.000000 0.000000
time 2
0 0.000000 0.000000 0.000000 0.523599 -0.000000 0.000000
1 0.000000 0.000000 0.000000 0.000000 -0.000000 0.000000
2 0.000000 0.000000 0.000000 1.570796 -0.000000 0.000000
3 0.000000 0.000000 0.000000 -1.570796 -0.000000 0.000000
4 0.000000 0.000000 0.000000 1.570796 -0.000000 0.000000
5 0.000000 0.000000 0.000000 0.000000 -0.000000 0.000000
6 0.000000 0.000000 0.000000 0.000000 -0.000000 0.000000
7 0.000000 0.000000 0.000000 0.000000 -0.000000 0.000000
8 0.000000 0.000000 0.000000 0.000000 -0.000000 0.000000
9 0.000000 0.000000 0.000000 0.000000 -0.000000 0.000000
10 0.000000 0.000000 0.000000 0.000000 -0.000000 0.000000
11 0.000000 0.000000 0.000000 0.000000 -0.000000 0.000000
12 6.328916 70.117676 2.110088 -3.141592 -1.254111 1.570796
13 0.000000 0.000000 0.000000 1.570793 -1.399613 -3.141587
14 -2.432771 8.089423 -0.000164 0.023266 0.007490 1.220861
15 -6.878283 -4.775904 10.209141 2.861707 -0.037033 1.919818
16 15.588161 0.000002 -0.000001 -0.000000 -0.000000 -0.928794
17 13.398903 -0.000000 -0.000001 0.000000 -0.000000 1.051457
18 10.264399 0.000001 0.000001 0.229342 0.141820 -1.101317
19 3.852187 4.352265 -3.111403 -0.472645 0.327535 1.295809
20 5.222272 -0.000001 0.000000 0.000000 -0.000000 -1.131641
21 3.852186 4.518144 -0.226015 0.053558 0.067682 1.209819
22 6.794560 0.000001 -0.000001 -0.000000 -0.000000 -0.677842
23 3.852186 4.518146 2.824097 0.333149 -0.164292 0.824861
24 5.768849 0.000001 -0.000000 0.000000 -0.000000 -0.799721
25 -6.727562 -5.235781 -10.083259 -2.905639 0.192073 1.944717
26 15.588168 -0.000000 0.000000 -0.000000 0.000000 -1.048970
27 13.398900 0.000000 -0.000000 -0.000000 0.000000 1.128474
28 10.264397 0.000003 0.000001 -0.017050 -0.148129 -1.287944
29 3.852186 4.352265 3.111401 0.276793 -0.420058 1.079043
30 5.222272 -0.000003 0.000001 -0.000000 -0.000000 -1.091335
31 3.852186 4.518147 0.226011 -0.048739 -0.070896 1.142665
32 6.794559 0.000000 0.000002 0.000000 -0.000000 -0.539690
33 3.852186 4.518147 -2.824095 -0.444744 0.489711 0.873855
34 5.768848 -0.000001 0.000002 0.000000 -0.000000 -0.841743
35 7.890626 -0.007286 0.000019 -0.002345 0.000422 0.075595
36 9.192693 -0.008835 -0.000115 0.009560 0.080866 0.178903
37 11.231971 2.201813 -0.000057 0.007392 -0.005032 0.009576
38 -7.645162 -1.043357 9.628331 1.684068 -0.353498 1.225126
39 4.354640 -0.000000 -0.000002 -0.513631 0.606516 0.993653
40 14.558128 -0.000002 -0.000005 0.000000 0.000000 -0.453405
41 34.349201 0.000002 0.000001 -1.725545 -0.138102 -0.090211
42 -0.316019 1.660743 -0.436518 0.102773 -0.244851 2.186647
43 33.015167 4.098595 0.924263 -0.204717 -0.145345 2.353035
44 24.232672 0.000005 -0.000014 -0.245075 -0.128879 0.191144
45 36.086792 4.202444 0.597923 -0.080733 -0.229729 1.695264
46 31.997391 0.000014 -0.000024 -0.344837 -0.142103 0.440922
47 38.652004 4.684278 0.117209 -0.081746 -0.272383 1.103009
48 43.715790 -0.000010 -0.000014 -0.325861 -0.294962 0.563488
49 43.484306 2.869920 -1.120594 0.142354 -0.409484 0.668550
50 24.040899 0.000007 -0.000001 -0.253216 -0.380557 0.657472
51 9.514487 -0.007328 0.000033 -0.000580 0.005704 0.273941
52 9.514151 -0.007396 0.000042 -0.003413 0.004000 0.226773
53 9.513220 -0.006107 0.000004 0.000653 -0.005806 0.127289
54 7.707389 0.000007 0.000000 -0.094096 -0.022035 0.395847
55 4.448519 0.767221 -0.000194 -3.141589 -0.000001 0.742488
56 3.779950 0.190334 -0.000003 0.000000 -0.000000 0.484415
57 4.453077 -0.000005 -0.000000 -0.000000 0.000000 -0.113529
58 11.999998 2.000003 -0.000001 0.000000 0.000000 -0.000000
59 -7.655686 -1.239879 -9.594955 -1.689063 0.370563 1.223457
60 4.354644 0.000001 0.000002 0.470104 -0.408963 1.027527
61 14.558130 -0.000000 0.000006 -0.000000 0.000000 -0.453265
62 34.349205 -0.000001 0.000001 1.549211 0.222530 -0.093037
63 -0.315990 1.660919 0.436530 3.043146 0.307447 2.357767
64 33.015247 4.098916 -0.924284 -2.931386 0.172925 2.285206
65 24.232668 -0.000000 -0.000000 0.264157 -0.484508 -0.260922
66 36.086739 4.202644 -0.597954 -3.065882 0.244447 1.651831
67 31.997387 -0.000001 0.000000 0.342402 -0.471312 -0.400810
68 38.651920 4.684467 -0.117238 3.081204 0.275404 1.149126
69 43.715797 0.000003 -0.000001 0.304188 -0.520564 -0.511517
70 43.484421 2.870285 1.120560 2.995631 0.410818 0.636374
71 24.040894 -0.000002 0.000000 0.227644 -0.365239 -0.618604
72 -4.201946 -8.502462 0.000017 3.139196 0.094351 -1.284038
73 10.992137 -0.000000 -0.000000 0.002775 -0.039851 0.248433
74 16.248436 -0.000000 -0.000000 0.005680 -0.032298 0.282651
75 15.024572 0.000000 0.000000 0.011256 0.011608 0.207663
76 14.909706 -0.000005 0.000000 0.011924 0.047552 -0.016532
77 16.154041 0.000000 0.000000 -0.000516 0.089891 -0.229636
78 19.088512 0.000000 0.000000 -0.022527 0.131973 -0.289533
79 21.494041 0.000000 0.000000 -0.031005 0.175841 -0.174132
80 0.000000 0.000000 0.000000 0.000000 -0.000000 0.000000
81 0.000000 0.000000 0.000000 0.000000 -0.000000 0.000000
82 0.000000 0.000000 0.000000 0.000000 -0.000000 0.000000
time 3
0 0.000000 0.000000 0.000000 0.523599 -0.000000 0.000000
1 0.000000 0.000000 0.000000 0.000000 -0.000000 0.000000
2 0.000000 0.000000 0.000000 1.570796 -0.000000 0.000000
3 0.000000 0.000000 0.000000 -1.570796 -0.000000 0.000000
4 0.000000 0.000000 0.000000 1.570796 -0.000000 0.000000
5 0.000000 0.000000 0.000000 0.000000 -0.000000 0.000000
6 0.000000 0.000000 0.000000 0.000000 -0.000000 0.000000
7 0.000000 0.000000 0.000000 0.000000 -0.000000 0.000000
8 0.000000 0.000000 0.000000 0.000000 -0.000000 0.000000
9 0.000000 0.000000 0.000000 0.000000 -0.000000 0.000000
10 0.000000 0.000000 0.000000 0.000000 -0.000000 0.000000
11 0.000000 0.000000 0.000000 0.000000 -0.000000 0.000000
12 8.118435 72.467804 3.647873 -3.141592 -1.254111 1.570796
13 0.000000 0.000000 0.000000 1.570793 -1.399613 -3.141587
14 -2.432823 8.089262 -0.000112 0.012004 0.024497 1.214686
15 -6.947118 -5.016338 10.047760 2.855155 -0.045094 2.014533
16 15.588161 -0.000000 0.000000 0.000000 -0.000000 -0.895142
17 13.398904 -0.000000 -0.000001 0.000000 -0.000000 1.029649
18 10.264398 0.000000 -0.000001 0.219689 0.118264 -1.217868
19 3.852187 4.352265 -3.111403 -0.421936 0.303183 1.205003
20 5.222274 0.000001 0.000001 0.000000 -0.000000 -1.044716
21 3.852186 4.518144 -0.226015 0.051009 0.069694 1.171997
22 6.794560 0.000000 -0.000001 -0.000000 -0.000000 -0.625542
23 3.852186 4.518146 2.824097 0.333149 -0.164292 0.824861
24 5.768847 0.000000 -0.000002 0.000000 -0.000000 -0.799721
25 -6.457235 -5.258052 -10.244062 -2.958686 0.166587 2.099473
26 15.588163 -0.000003 0.000000 -0.000000 -0.000000 -1.200971
27 13.398906 -0.000002 0.000001 -0.000000 0.000000 1.451101
28 10.264402 -0.000002 0.000000 0.110570 -0.209228 -1.653748
29 3.852186 4.352265 3.111401 0.214010 -0.413197 0.935892
30 5.222274 0.000001 -0.000000 -0.000000 -0.000000 -0.932654
31 3.852186 4.518147 0.226011 -0.054793 -0.066389 1.230402
32 6.794559 0.000000 0.000002 -0.000000 0.000000 -0.467326
33 3.852186 4.518147 -2.824095 -0.444744 0.489711 0.873855
34 5.768853 -0.000001 0.000001 0.000000 -0.000000 -0.841743
35 7.890411 -0.007303 0.000016 -0.002119 -0.002191 0.050301
36 9.192669 -0.008837 -0.000074 0.007647 0.062592 0.183105
37 11.231785 2.201819 -0.000074 0.011324 0.008747 0.009674
38 -7.664587 -1.246293 9.578345 1.659349 -0.298819 1.250295
39 4.354643 -0.000003 -0.000005 -0.407773 0.778087 1.167518
40 14.558129 -0.000000 0.000000 0.000000 0.000000 -0.704689
41 34.349209 -0.000002 -0.000004 -1.727613 -0.043453 -0.108059
42 -0.316019 1.660743 -0.436518 0.104192 -0.318771 2.152241
43 33.015167 4.098595 0.924263 -0.066046 -0.007951 2.324516
44 24.232672 0.000005 -0.000014 -0.179362 -0.118103 0.187227
45 36.086792 4.202444 0.597923 0.138908 -0.082767 1.553616
46 31.997391 0.000014 -0.000024 -0.221803 -0.012424 0.426827
47 38.652004 4.684278 0.117209 0.110434 -0.041882 0.928246
48 43.715790 -0.000010 -0.000014 -0.185865 -0.061993 0.560738
49 43.484306 2.869920 -1.120594 0.270702 -0.042825 0.470076
50 24.040899 0.000007 -0.000001 -0.119114 -0.164268 0.604551
51 9.514469 -0.007333 -0.000035 0.003557 0.012276 0.253274
52 9.514207 -0.007385 -0.000047 0.003808 0.010233 0.212507
53 9.513407 -0.006088 -0.000031 0.004612 -0.004571 0.128986
54 7.707398 0.000000 0.000000 -0.113546 -0.022527 0.429068
55 4.448519 0.767221 -0.000194 -3.141589 -0.000001 0.629600
56 3.779950 0.190334 -0.000003 0.000000 0.000000 0.443086
57 4.453077 -0.000005 -0.000000 -0.000000 0.000000 -0.164961
58 11.999998 2.000003 -0.000001 0.000000 0.000000 -0.000000
59 -7.534694 -1.387958 -9.662982 -1.684274 0.319755 1.244424
60 4.354640 0.000001 -0.000001 0.390131 -0.604561 1.171629
61 14.558126 0.000000 0.000002 -0.000000 0.000000 -0.702760
62 34.349216 0.000001 0.000005 1.579394 0.097994 -0.112163
63 -0.315990 1.660919 0.436530 3.042470 0.392134 2.349664
64 33.015247 4.098916 -0.924284 -3.072572 0.042254 2.254824
65 24.232670 -0.000000 -0.000000 0.192043 -0.424304 -0.202319
66 36.086739 4.202644 -0.597954 3.000575 0.102712 1.520309
67 31.997387 -0.000001 0.000000 0.230829 -0.439384 -0.376173
68 38.651920 4.684467 -0.117238 2.884210 0.070814 0.988641
69 43.715797 0.000003 -0.000001 0.177832 -0.410278 -0.498562
70 43.484421 2.870285 1.120560 2.874066 0.074391 0.455996
71 24.040894 -0.000002 0.000000 0.102483 -0.155199 -0.555733
72 -4.202068 -8.502420 0.000024 3.140097 0.082675 -1.290902
73 10.992137 -0.000000 -0.000000 0.001699 -0.041829 0.258196
74 16.248436 -0.000000 -0.000000 0.001043 -0.054333 0.309590
75 15.024572 0.000000 0.000000 0.003402 -0.022590 0.250127
76 14.909706 -0.000005 0.000000 0.005299 0.006247 -0.042028
77 16.154041 0.000000 0.000000 -0.004588 0.054210 -0.304982
78 19.088512 0.000000 0.000000 -0.033854 0.121155 -0.402138
79 21.494041 0.000000 0.000000 -0.049446 0.163882 -0.287393
80 0.000000 0.000000 0.000000 0.000000 -0.000000 0.000000
81 0.000000 0.000000 0.000000 0.000000 -0.000000 0.000000
82 0.000000 0.000000 0.000000 0.000000 -0.000000 0.000000
time 4
0 0.000000 0.000000 0.000000 0.523599 -0.000000 0.000000
1 0.000000 0.000000 0.000000 0.000000 -0.000000 0.000000
2 0.000000 0.000000 0.000000 1.570796 -0.000000 0.000000
3 0.000000 0.000000 0.000000 -1.570796 -0.000000 0.000000
4 0.000000 0.000000 0.000000 1.570796 -0.000000 0.000000
5 0.000000 0.000000 0.000000 0.000000 -0.000000 0.000000
6 0.000000 0.000000 0.000000 0.000000 -0.000000 0.000000
7 0.000000 0.000000 0.000000 0.000000 -0.000000 0.000000
8 0.000000 0.000000 0.000000 0.000000 -0.000000 0.000000
9 0.000000 0.000000 0.000000 0.000000 -0.000000 0.000000
10 0.000000 0.000000 0.000000 0.000000 -0.000000 0.000000
11 0.000000 0.000000 0.000000 0.000000 -0.000000 0.000000
12 8.992811 72.151855 3.458122 -3.141592 -1.254111 1.570796
13 0.000000 0.000000 0.000000 1.570793 -1.399613 -3.141587
14 -2.432958 8.088951 -0.000047 0.002884 0.039888 1.161349
15 -6.792941 -5.468365 9.908316 2.855824 -0.058761 2.129501
16 15.588161 -0.000001 0.000000 0.000000 -0.000000 -0.931995
17 13.398905 -0.000001 -0.000002 0.000000 -0.000000 1.136836
18 10.264400 -0.000000 -0.000000 0.190376 0.098114 -1.418081
19 3.852187 4.352265 -3.111403 -0.390934 0.291024 1.135165
20 5.222274 -0.000001 -0.000001 0.000000 -0.000000 -0.960869
21 3.852186 4.518144 -0.226015 0.050657 0.069709 1.168760
22 6.794559 -0.000001 0.000003 -0.000000 -0.000000 -0.571324
23 3.852186 4.518146 2.824097 0.333149 -0.164292 0.824861
24 5.768847 -0.000001 -0.000001 0.000000 -0.000000 -0.799721
25 -5.995642 -5.531781 -10.372549 -3.010677 0.145800 2.209573
26 15.588164 0.000001 0.000000 -0.000000 -0.000000 -1.400975
27 13.398908 0.000001 0.000000 0.000000 -0.000000 1.735493
28 10.264400 0.000001 -0.000000 0.198467 -0.218481 -1.996047
29 3.852186 4.352265 3.111401 0.167427 -0.409034 0.863858
30 5.222273 -0.000001 0.000002 0.000000 -0.000000 -0.819635
31 3.852186 4.518147 0.226011 -0.055559 -0.065894 1.240977
32 6.794561 -0.000001 0.000001 0.000000 0.000000 -0.438307
33 3.852186 4.518147 -2.824095 -0.444744 0.489711 0.873855
34 5.768851 -0.000002 0.000000 0.000000 0.000000 -0.841743
35 7.890234 -0.007312 0.000015 -0.001961 -0.004544 0.037801
36 9.192615 -0.008839 -0.000025 0.003987 0.036626 0.182130
37 11.231440 2.201820 -0.000074 0.013251 0.019701 -0.016573
38 -7.622580 -1.592359 9.555682 1.680008 -0.358644 1.282691
39 4.354646 -0.000000 0.000002 -0.185698 0.889152 1.436171
40 14.558132 -0.000000 -0.000000 -0.000000 0.000000 -0.994405
41 34.349213 -0.000000 -0.000003 -1.736171 0.056961 -0.128618
42 -0.316019 1.660743 -0.436518 0.102910 -0.250473 2.184023
43 33.015167 4.098595 0.924263 0.005412 0.040541 2.313651
44 24.232672 0.000005 -0.000014 -0.102179 -0.088691 0.168726
45 36.086792 4.202444 0.597923 0.250450 0.008121 1.495423
46 31.997391 0.000014 -0.000024 -0.092494 0.067232 0.335482
47 38.652004 4.684278 0.117209 0.193095 0.095462 0.862789
48 43.715790 -0.000010 -0.000014 -0.052956 0.095639 0.456166
49 43.484306 2.869920 -1.120594 0.306887 0.170864 0.395573
50 24.040899 0.000007 -0.000001 -0.007906 0.044094 0.459966
51 9.514600 -0.007287 -0.000137 0.012714 0.016989 0.266119
52 9.514518 -0.007316 -0.000177 0.019557 0.016318 0.251782
53 9.513868 -0.005995 -0.000096 0.014097 0.002542 0.198060
54 7.707386 0.000000 -0.000000 -0.126650 -0.010021 0.478356
55 4.448519 0.767221 -0.000194 -3.141589 -0.000001 0.520819
56 3.779950 0.190334 -0.000003 0.000000 -0.000000 0.410875
57 4.453077 -0.000005 -0.000000 -0.000000 0.000000 -0.202790
58 11.999998 2.000003 -0.000001 0.000000 0.000000 -0.000000
59 -7.424174 -1.727473 -9.686388 -1.715907 0.383863 1.273940
60 4.354647 0.000000 0.000000 0.235231 -0.761482 1.374572
61 14.558130 -0.000004 0.000000 -0.000000 0.000000 -0.990229
62 34.349209 -0.000003 0.000000 1.631030 -0.047263 -0.137881
63 -0.315990 1.660919 0.436530 3.043075 0.315365 2.357007
64 33.015247 4.098916 -0.924284 3.137255 -0.019786 2.264631
65 24.232668 -0.000000 -0.000000 0.105070 -0.338869 -0.145084
66 36.086739 4.202644 -0.597954 2.890162 0.005474 1.479642
67 31.997387 -0.000001 0.000000 0.101283 -0.328578 -0.332237
68 38.651920 4.684467 -0.117238 2.795318 -0.058729 0.934778
69 43.715797 0.000003 -0.000001 0.049317 -0.218373 -0.460098
70 43.484421 2.870285 1.120560 2.836509 -0.135196 0.391140
71 24.040894 -0.000002 0.000000 0.002496 0.040621 -0.435878
72 -4.201984 -8.502422 0.000039 3.141309 0.062612 -1.271169
73 10.992137 -0.000000 -0.000000 0.000414 -0.042033 0.268110
74 16.248436 -0.000000 -0.000000 -0.003107 -0.064294 0.365415
75 15.024572 0.000000 0.000000 -0.004426 -0.054765 0.296884
76 14.909706 -0.000005 0.000000 -0.001499 -0.034023 -0.052065
77 16.154041 0.000000 0.000000 -0.008529 0.013599 -0.380935
78 19.088512 0.000000 0.000000 -0.034751 0.085650 -0.480052
79 21.494041 0.000000 0.000000 -0.064273 0.137250 -0.451678
80 0.000000 0.000000 0.000000 0.000000 -0.000000 0.000000
81 0.000000 0.000000 0.000000 0.000000 -0.000000 0.000000
82 0.000000 0.000000 0.000000 0.000000 -0.000000 0.000000
time 5
0 0.000000 0.000000 0.000000 0.523599 -0.000000 0.000000
1 0.000000 0.000000 0.000000 0.000000 -0.000000 0.000000
2 0.000000 0.000000 0.000000 1.570796 -0.000000 0.000000
3 0.000000 0.000000 0.000000 -1.570796 -0.000000 0.000000
4 0.000000 0.000000 0.000000 1.570796 -0.000000 0.000000
5 0.000000 0.000000 0.000000 0.000000 -0.000000 0.000000
6 0.000000 0.000000 0.000000 0.000000 -0.000000 0.000000
7 0.000000 0.000000 0.000000 0.000000 -0.000000 0.000000
8 0.000000 0.000000 0.000000 0.000000 -0.000000 0.000000
9 0.000000 0.000000 0.000000 0.000000 -0.000000 0.000000
10 0.000000 0.000000 0.000000 0.000000 -0.000000 0.000000
11 0.000000 0.000000 0.000000 0.000000 -0.000000 0.000000
12 9.520345 70.169754 2.191610 -3.141592 -1.254111 1.570796
13 0.000000 0.000000 0.000000 1.570793 -1.399613 -3.141587
14 -2.433080 8.088693 0.000007 -0.004770 0.053055 1.104851
15 -6.647724 -5.863236 9.786187 2.854892 -0.080330 2.212570
16 15.588163 -0.000001 -0.000001 -0.000000 -0.000000 -1.129063
17 13.398908 -0.000001 0.000000 0.000000 -0.000000 1.373184
18 10.264402 0.000000 -0.000001 0.139447 0.103161 -1.709339
19 3.852187 4.352265 -3.111403 -0.388163 0.298578 1.075562
20 5.222273 0.000001 -0.000000 -0.000000 -0.000000 -0.901321
21 3.852186 4.518144 -0.226015 0.058792 0.062123 1.298275
22 6.794559 0.000000 0.000001 -0.000000 -0.000000 -0.576333
23 3.852186 4.518146 2.824097 0.333149 -0.164292 0.824861
24 5.768849 0.000001 -0.000000 0.000000 -0.000000 -0.799721
25 -5.577298 -5.773090 -10.483360 -3.028446 0.151314 2.164011
26 15.588163 0.000000 -0.000000 -0.000000 -0.000000 -1.520968
27 13.398904 0.000003 -0.000001 0.000000 -0.000000 1.837362
28 10.264399 0.000003 0.000000 0.171420 -0.217061 -2.196326
29 3.852186 4.352265 3.111401 0.266218 -0.449355 0.695702
30 5.222273 -0.000000 -0.000000 0.000000 -0.000000 -0.714260
31 3.852186 4.518147 0.226011 -0.053215 -0.067736 1.206318
32 6.794560 -0.000001 -0.000000 0.000000 -0.000000 -0.653652
33 3.852186 4.518147 -2.824095 -0.444744 0.489711 0.873855
34 5.768846 -0.000000 0.000000 0.000000 -0.000000 -0.841743
35 7.890183 -0.007316 0.000013 -0.001913 -0.006721 0.050218
36 9.192559 -0.008850 0.000025 -0.001223 0.002571 0.176952
37 11.231098 2.201841 -0.000069 0.013884 0.028692 -0.056722
38 -7.592874 -1.918621 9.525880 1.723448 -0.492154 1.317428
39 4.354641 -0.000001 0.000000 -0.030227 0.881719 1.645722
40 14.558129 -0.000002 -0.000000 -0.000000 0.000000 -1.269874
41 34.349205 0.000003 0.000003 -1.756128 0.190920 -0.158687
42 -0.316019 1.660743 -0.436518 0.100701 -0.131258 2.239483
43 33.015167 4.098595 0.924263 0.082135 0.107679 2.321896
44 24.232672 0.000005 -0.000014 -0.029401 -0.057170 0.154074
45 36.086792 4.202444 0.597923 0.318615 0.109461 1.483008
46 31.997391 0.000014 -0.000024 -0.000459 0.160528 0.262791
47 38.652004 4.684278 0.117209 0.223346 0.216666 0.844712
48 43.715790 -0.000010 -0.000014 0.026690 0.253233 0.372498
49 43.484306 2.869920 -1.120594 0.293644 0.345677 0.359226
50 24.040899 0.000007 -0.000001 0.033657 0.254225 0.327384
51 9.514790 -0.007228 -0.000219 0.023251 0.019980 0.298837
52 9.514907 -0.007193 -0.000295 0.035926 0.020738 0.313369
53 9.514344 -0.005865 -0.000162 0.025103 0.010283 0.288494
54 7.707395 -0.000007 -0.000000 -0.129373 0.005105 0.510981
55 4.448519 0.767221 -0.000194 -3.141589 -0.000001 0.474208
56 3.779950 0.190334 -0.000003 0.000000 0.000000 0.400905
57 4.453077 -0.000005 -0.000000 -0.000000 0.000000 -0.211043
58 11.999998 2.000003 -0.000001 0.000000 0.000000 -0.000000
59 -7.310867 -2.087415 -9.706505 -1.766756 0.515688 1.300197
60 4.354642 -0.000000 0.000002 0.109684 -0.809635 1.553275
61 14.558129 -0.000001 0.000002 -0.000000 0.000000 -1.265691
62 34.349205 -0.000002 -0.000005 1.690216 -0.156619 -0.167695
63 -0.315990 1.660919 0.436530 3.044135 0.180001 2.369948
64 33.015247 4.098916 -0.924284 3.060827 -0.099516 2.284117
65 24.232668 -0.000000 -0.000000 0.013219 -0.205738 -0.129574
66 36.086739 4.202644 -0.597954 2.822726 -0.102423 1.478874
67 31.997387 -0.000001 0.000000 0.009672 -0.067882 -0.257941
68 38.651920 4.684467 -0.117238 2.758558 -0.180177 0.924626
69 43.715797 0.000003 -0.000001 -0.006384 0.073940 -0.352299
70 43.484421 2.870285 1.120560 2.846839 -0.310780 0.361884
71 24.040894 -0.000002 0.000000 -0.036539 0.245247 -0.325546
72 -4.201984 -8.502422 0.000046 -3.140935 0.041156 -1.190720
73 10.992137 -0.000000 -0.000000 -0.000858 -0.040037 0.276354
74 16.248436 -0.000000 -0.000000 -0.006802 -0.067254 0.424208
75 15.024574 -0.000000 0.000000 -0.010870 -0.078735 0.332315
76 14.909706 -0.000005 0.000000 -0.007262 -0.062984 -0.037904
77 16.154041 0.000000 0.000000 -0.011849 -0.025554 -0.431046
78 19.088514 0.000000 0.000000 -0.030028 0.034121 -0.557345
79 21.494041 0.000000 0.000000 -0.060746 0.091061 -0.551182
80 0.000000 0.000000 0.000000 0.000000 -0.000000 0.000000
81 0.000000 0.000000 0.000000 0.000000 -0.000000 0.000000
82 0.000000 0.000000 0.000000 0.000000 -0.000000 0.000000
time 6
0 0.000000 0.000000 0.000000 0.523599 -0.000000 0.000000
1 0.000000 0.000000 0.000000 0.000000 -0.000000 0.000000
2 0.000000 0.000000 0.000000 1.570796 -0.000000 0.000000
3 0.000000 0.000000 0.000000 -1.570796 -0.000000 0.000000
4 0.000000 0.000000 0.000000 1.570796 -0.000000 0.000000
5 0.000000 0.000000 0.000000 0.000000 -0.000000 0.000000
6 0.000000 0.000000 0.000000 0.000000 -0.000000 0.000000
7 0.000000 0.000000 0.000000 0.000000 -0.000000 0.000000
8 0.000000 0.000000 0.000000 0.000000 -0.000000 0.000000
9 0.000000 0.000000 0.000000 0.000000 -0.000000 0.000000
10 0.000000 0.000000 0.000000 0.000000 -0.000000 0.000000
11 0.000000 0.000000 0.000000 0.000000 -0.000000 0.000000
12 9.779832 67.376114 0.399803 -3.141592 -1.254111 1.570796
13 0.000000 0.000000 0.000000 1.570793 -1.399613 -3.141587
14 -2.433175 8.088531 0.000063 -0.012257 0.064633 1.074433
15 -6.594903 -6.137846 9.658866 2.856038 -0.110778 2.276791
16 15.588163 -0.000001 -0.000000 -0.000000 -0.000000 -1.336414
17 13.398911 0.000002 0.000000 0.000000 -0.000000 1.632708
18 10.264399 0.000000 -0.000000 0.073033 0.114619 -1.996931
19 3.852187 4.352265 -3.111403 -0.386960 0.315294 0.953945
20 5.222274 0.000001 0.000001 -0.000000 -0.000000 -0.779656
21 3.852186 4.518144 -0.226015 0.066373 0.055032 1.419155
22 6.794557 0.000000 -0.000002 0.000000 -0.000000 -0.654096
23 3.852186 4.518146 2.824097 0.333149 -0.164292 0.824861
24 5.768847 -0.000002 0.000000 0.000000 -0.000000 -0.799721
25 -5.277117 -5.867813 -10.589038 -3.036355 0.158538 2.078235
26 15.588158 -0.000001 0.000000 -0.000000 -0.000000 -1.599426
27 13.398907 0.000001 0.000000 -0.000000 -0.000000 1.845927
28 10.264405 -0.000002 -0.000000 0.113415 -0.212784 -2.333960
29 3.852186 4.352265 3.111401 0.403243 -0.496449 0.516469
30 5.222273 -0.000001 -0.000001 -0.000000 0.000000 -0.538457
31 3.852186 4.518147 0.226011 -0.051759 -0.068901 1.184648
32 6.794561 0.000002 0.000000 -0.000000 0.000000 -1.032476
33 3.852186 4.518147 -2.824095 -0.444743 0.489712 0.873855
34 5.768847 -0.000000 -0.000001 0.000000 0.000000 -0.841744
35 7.890372 -0.007308 0.000012 -0.001971 -0.008683 0.085498
36 9.192505 -0.008860 0.000071 -0.007168 -0.034705 0.169589
37 11.230910 2.201865 -0.000074 0.013888 0.036209 -0.092490
38 -7.645488 -2.078755 9.455250 1.761602 -0.686176 1.358521
39 4.354648 0.000000 -0.000009 -0.140170 0.789892 1.617413
40 14.558126 -0.000002 0.000000 -0.000000 0.000000 -1.457626
41 34.349205 -0.000001 -0.000004 -1.780458 0.314078 -0.187313
42 -0.316019 1.660743 -0.436518 0.098634 -0.017541 2.292379
43 33.015167 4.098595 0.924263 0.173935 0.205718 2.346083
44 24.232672 0.000005 -0.000014 0.044933 0.002885 0.154074
45 36.086792 4.202444 0.597923 0.371013 0.248821 1.498626
46 31.997391 0.000014 -0.000024 0.058282 0.285873 0.209437
47 38.652004 4.684278 0.117209 0.220070 0.356683 0.840143
48 43.715790 -0.000010 -0.000014 0.052294 0.422246 0.309295
49 43.484306 2.869920 -1.120594 0.236977 0.508812 0.319508
50 24.040899 0.000007 -0.000001 0.000072 0.421840 0.207458
51 9.514999 -0.007178 -0.000237 0.028825 0.020933 0.332572
52 9.515222 -0.007079 -0.000331 0.043433 0.021412 0.362898
53 9.514641 -0.005769 -0.000202 0.033004 0.012401 0.347865
54 7.707397 -0.000002 -0.000001 -0.116740 0.015049 0.494874
55 4.448519 0.767221 -0.000194 -3.141589 -0.000001 0.488426
56 3.779950 0.190334 -0.000003 0.000000 -0.000000 0.429605
57 4.453077 -0.000005 -0.000000 -0.000000 0.000000 -0.191817
58 11.999998 2.000003 -0.000001 0.000000 0.000000 -0.000000
59 -7.179470 -2.293764 -9.766533 -1.827534 0.685637 1.314053
60 4.354644 0.000003 -0.000000 0.185409 -0.754266 1.565758
61 14.558130 -0.000000 0.000002 0.000000 0.000000 -1.461135
62 34.349209 -0.000002 -0.000003 1.765646 -0.242040 -0.207057
63 -0.315990 1.660919 0.436530 3.045159 0.047668 2.382597
64 33.015247 4.098916 -0.924284 2.969699 -0.205587 2.319653
65 24.232668 -0.000000 -0.000000 -0.083982 -0.034507 -0.145013
66 36.086739 4.202644 -0.597954 2.769279 -0.244502 1.507191
67 31.997387 -0.000001 0.000000 -0.065241 0.259028 -0.181925
68 38.651920 4.684467 -0.117238 2.752524 -0.323056 0.933599
69 43.715797 0.000003 -0.000001 -0.029062 0.410383 -0.231917
70 43.484421 2.870285 1.120560 2.898957 -0.481298 0.335340
71 24.040894 -0.000002 0.000000 -0.005410 0.418035 -0.219205
72 -4.201984 -8.502422 0.000042 -3.140696 0.022080 -1.202731
73 10.992137 -0.000000 -0.000000 -0.001898 -0.035412 0.281106
74 16.248436 -0.000000 -0.000000 -0.009131 -0.064203 0.443841
75 15.024572 0.000000 0.000000 -0.014792 -0.088632 0.346444
76 14.909706 -0.000005 0.000000 -0.012540 -0.080626 0.020882
77 16.154041 0.000000 0.000000 -0.014081 -0.057849 -0.422631
78 19.088512 0.000000 0.000000 -0.022934 -0.021245 -0.610018
79 21.494041 0.000000 0.000000 -0.048327 0.033537 -0.638959
80 0.000000 0.000000 0.000000 0.000000 -0.000000 0.000000
81 0.000000 0.000000 0.000000 0.000000 -0.000000 0.000000
82 0.000000 0.000000 0.000000 0.000000 -0.000000 0.000000
time 7
0 0.000000 0.000000 0.000000 0.523599 -0.000000 0.000000
1 0.000000 0.000000 0.000000 0.000000 -0.000000 0.000000
2 0.000000 0.000000 0.000000 1.570796 -0.000000 0.000000
3 0.000000 0.000000 0.000000 -1.570796 -0.000000 0.000000
4 0.000000 0.000000 0.000000 1.570796 -0.000000 0.000000
5 0.000000 0.000000 0.000000 0.000000 -0.000000 0.000000
6 0.000000 0.000000 0.000000 0.000000 -0.000000 0.000000
7 0.000000 0.000000 0.000000 0.000000 -0.000000 0.000000
8 0.000000 0.000000 0.000000 0.000000 -0.000000 0.000000
9 0.000000 0.000000 0.000000 0.000000 -0.000000 0.000000
10 0.000000 0.000000 0.000000 0.000000 -0.000000 0.000000
11 0.000000 0.000000 0.000000 0.000000 -0.000000 0.000000
12 9.750618 64.524261 -1.431932 -3.141592 -1.254111 1.570796
13 0.000000 0.000000 0.000000 1.570793 -1.399613 -3.141587
14 -2.433246 8.088384 0.000109 -0.020500 0.076519 1.049458
15 -6.550439 -6.393630 9.528189 2.849231 -0.144664 2.258864
16 15.588161 -0.000000 0.000001 -0.000000 0.000000 -1.496141
17 13.398909 -0.000000 0.000001 0.000000 0.000000 1.790399
18 10.264401 0.000000 0.000002 0.002190 0.123591 -2.201876
19 3.852187 4.352265 -3.111403 -0.415243 0.339958 0.872796
20 5.222273 0.000001 0.000002 0.000000 0.000000 -0.701742
21 3.852186 4.518144 -0.226015 0.067387 0.054298 1.433303
22 6.794559 0.000000 -0.000000 -0.000000 0.000000 -0.732259
23 3.852186 4.518146 2.824097 0.333149 -0.164292 0.824861
24 5.768846 -0.000002 0.000002 0.000000 -0.000000 -0.799721
25 -5.010159 -5.923197 -10.685383 -3.043066 0.144334 2.013765
26 15.588161 0.000001 -0.000000 -0.000000 -0.000000 -1.579767
27 13.398903 -0.000000 0.000000 -0.000000 -0.000000 1.767832
28 10.264397 0.000002 0.000000 0.038603 -0.200734 -2.270551
29 3.852186 4.352265 3.111401 0.461342 -0.508129 0.468435
30 5.222273 0.000001 -0.000001 -0.000000 0.000000 -0.511064
31 3.852186 4.518147 0.226011 -0.051538 -0.069109 1.181109
32 6.794560 -0.000001 0.000001 -0.000000 -0.000000 -1.144644
33 3.852186 4.518147 -2.824095 -0.444744 0.489711 0.873856
34 5.768847 -0.000001 0.000000 0.000000 0.000000 -0.841743
35 7.890710 -0.007281 0.000015 -0.002085 -0.010047 0.124097
36 9.192443 -0.008872 0.000117 -0.013014 -0.070085 0.162053
37 11.230963 2.201863 -0.000102 0.013918 0.042774 -0.105562
38 -7.862080 -1.987165 9.289724 1.693681 -1.195130 1.523734
39 4.354645 -0.000002 0.000003 -0.839921 0.290457 1.202057
40 14.558126 -0.000000 -0.000000 0.000000 -0.000000 -1.387482
41 34.349209 -0.000001 -0.000003 -1.797221 0.332159 -0.192451
42 -0.316019 1.660743 -0.436518 0.096755 0.084179 2.339696
43 33.015167 4.098595 0.924263 0.489713 0.481768 2.502880
44 24.232672 0.000005 -0.000014 0.207822 0.159849 0.193658
45 36.086792 4.202444 0.597923 0.632594 0.650080 1.672886
46 31.997391 0.000014 -0.000024 0.156329 0.559547 0.130826
47 38.652004 4.684278 0.117209 0.254533 0.791532 0.866585
48 43.715790 -0.000010 -0.000014 0.055516 0.707398 0.196841
49 43.484306 2.869920 -1.120594 0.001331 0.948658 0.135543
50 24.040899 0.000007 -0.000001 -0.116384 0.631120 -0.016382
51 9.515298 -0.007058 -0.000136 0.023013 0.019307 0.357354
52 9.515577 -0.006944 -0.000223 0.034941 0.016426 0.391693
53 9.514738 -0.005730 -0.000204 0.035497 0.004432 0.353219
54 7.707393 0.000000 -0.000001 -0.089370 0.023334 0.437888
55 4.448519 0.767221 -0.000194 -3.141589 -0.000001 0.567304
56 3.779950 0.190334 -0.000003 0.000000 0.000000 0.480709
57 4.453077 -0.000005 -0.000000 -0.000000 0.000000 -0.144845
58 11.999998 2.000003 -0.000001 0.000000 0.000000 -0.000000
59 -6.995704 -2.273634 -9.902805 -1.931971 1.091727 1.290942
60 4.354645 0.000001 -0.000003 0.810537 -0.286538 1.279712
61 14.558120 0.000000 -0.000002 -0.000000 0.000000 -1.422824
62 34.349205 0.000001 0.000006 1.836271 -0.278089 -0.235643
63 -0.315990 1.660919 0.436530 3.046154 -0.079494 2.394753
64 33.015247 4.098916 -0.924284 2.655305 -0.475230 2.487057
65 24.232668 -0.000000 -0.000000 -0.167057 0.121645 -0.168884
66 36.086739 4.202644 -0.597954 2.511429 -0.634465 1.695059
67 31.997387 -0.000001 0.000000 -0.134310 0.493607 -0.167483
68 38.651920 4.684467 -0.117238 2.682001 -0.752920 1.004282
69 43.715797 0.000003 -0.000001 -0.053167 0.644156 -0.198542
70 43.484421 2.870285 1.120560 3.122501 -0.930982 0.179427
71 24.040894 -0.000002 0.000000 0.111857 0.641220 -0.012809
72 -4.201984 -8.502422 0.000024 -3.140921 0.000799 -1.054994
73 10.992137 -0.000000 -0.000000 -0.002594 -0.026422 0.279792
74 16.248436 -0.000000 -0.000000 -0.010404 -0.055895 0.411253
75 15.024572 0.000000 0.000000 -0.016551 -0.084922 0.347744
76 14.909706 -0.000005 0.000000 -0.017370 -0.091236 0.103025
77 16.154041 0.000000 0.000000 -0.015020 -0.085575 -0.319521
78 19.088512 0.000000 0.000000 -0.016215 -0.068860 -0.605938
79 21.494041 0.000000 0.000000 -0.032102 -0.027921 -0.702341
80 0.000000 0.000000 0.000000 0.000000 -0.000000 0.000000
81 0.000000 0.000000 0.000000 0.000000 -0.000000 0.000000
82 0.000000 0.000000 0.000000 0.000000 -0.000000 0.000000
time 8
0 0.000000 0.000000 0.000000 0.523599 -0.000000 0.000000
1 0.000000 0.000000 0.000000 0.000000 -0.000000 0.000000
2 0.000000 0.000000 0.000000 1.570796 -0.000000 0.000000
3 0.000000 0.000000 0.000000 -1.570796 -0.000000 0.000000
4 0.000000 0.000000 0.000000 1.570796 -0.000000 0.000000
5 0.000000 0.000000 0.000000 0.000000 -0.000000 0.000000
6 0.000000 0.000000 0.000000 0.000000 -0.000000 0.000000
7 0.000000 0.000000 0.000000 0.000000 -0.000000 0.000000
8 0.000000 0.000000 0.000000 0.000000 -0.000000 0.000000
9 0.000000 0.000000 0.000000 0.000000 -0.000000 0.000000
10 0.000000 0.000000 0.000000 0.000000 -0.000000 0.000000
11 0.000000 0.000000 0.000000 0.000000 -0.000000 0.000000
12 9.330794 62.106636 -2.985495 -3.141592 -1.254111 1.570796
13 0.000000 0.000000 0.000000 1.570793 -1.399613 -3.141587
14 -2.433294 8.088297 0.000152 -0.027322 0.086184 1.034405
15 -6.541703 -6.547209 9.428226 2.829138 -0.190033 2.111867
16 15.588161 -0.000002 -0.000001 -0.000000 0.000000 -1.522603
17 13.398910 0.000003 -0.000001 0.000000 0.000000 1.754884
18 10.264399 0.000002 -0.000000 -0.079823 0.145749 -2.241596
19 3.852187 4.352265 -3.111403 -0.526202 0.390850 0.715722
20 5.222274 -0.000001 -0.000000 0.000000 0.000000 -0.564453
21 3.852186 4.518144 -0.226015 0.066720 0.055176 1.420269
22 6.794559 -0.000000 -0.000002 0.000000 0.000000 -1.102018
23 3.852186 4.518146 2.824097 0.333149 -0.164292 0.824861
24 5.768850 0.000000 -0.000002 0.000000 -0.000000 -0.799721
25 -4.798003 -5.941209 -10.770984 -3.049237 0.095635 1.950865
26 15.588162 -0.000002 0.000000 -0.000000 -0.000000 -1.383386
27 13.398907 -0.000001 -0.000000 0.000000 -0.000000 1.543142
28 10.264399 0.000002 -0.000000 -0.068710 -0.151612 -1.862150
29 3.852186 4.352265 3.111401 0.514212 -0.519152 0.456757
30 5.222271 0.000000 -0.000001 0.000000 0.000000 -0.541492
31 3.852186 4.518147 0.226011 -0.057299 -0.064094 1.269914
32 6.794560 -0.000000 -0.000000 -0.000000 -0.000000 -1.042400
33 3.852186 4.518147 -2.824095 -0.444744 0.489711 0.873855
34 5.768842 -0.000002 0.000000 0.000000 -0.000000 -0.841743
35 7.891091 -0.007230 0.000017 -0.002229 -0.010283 0.147897
36 9.192385 -0.008884 0.000164 -0.018643 -0.102357 0.155698
37 11.231181 2.201838 -0.000140 0.014155 0.050369 -0.078422
38 -8.164913 -1.722355 9.081378 -0.683079 -1.400132 -2.383096
39 4.354646 0.000002 -0.000000 -1.336969 -0.344974 1.089199
40 14.558131 -0.000003 0.000001 0.000000 -0.000000 -1.218154
41 34.349213 -0.000001 -0.000003 -1.808054 0.185279 -0.161138
42 -0.316019 1.660743 -0.436518 0.094678 0.197786 2.392544
43 33.015167 4.098595 0.924263 0.381612 0.389912 2.452622
44 24.232672 0.000005 -0.000014 0.293948 0.338849 0.264648
45 36.086792 4.202444 0.597923 0.507498 0.488487 1.695106
46 31.997391 0.000014 -0.000024 0.249404 0.682059 0.215991
47 38.652004 4.684278 0.117209 0.193485 0.626702 0.963820
48 43.715790 -0.000010 -0.000014 0.116804 0.812828 0.275894
49 43.484306 2.869920 -1.120594 0.104335 0.771663 0.424960
50 24.040899 0.000007 -0.000001 -0.085128 0.726496 0.040838
51 9.515635 -0.006918 0.000045 0.002994 0.013753 0.388058
52 9.515891 -0.006805 -0.000015 0.011995 0.005142 0.416434
53 9.514691 -0.005754 -0.000185 0.034695 -0.012914 0.324741
54 7.707398 -0.000003 -0.000002 -0.051212 0.033398 0.375102
55 4.448519 0.767221 -0.000194 -3.141589 -0.000001 0.716303
56 3.779950 0.190334 -0.000003 0.000000 -0.000000 0.581069
57 4.453077 -0.000005 -0.000000 -0.000000 0.000000 -0.050600
58 11.999998 2.000003 -0.000001 0.000000 0.000000 -0.000000
59 -6.790526 -2.099411 -10.081537 1.867942 1.469416 -1.205135
60 4.354645 -0.000005 -0.000001 1.282321 0.321307 1.087118
61 14.558126 -0.000002 0.000001 0.000000 -0.000000 -1.240012
62 34.349205 0.000005 0.000003 1.903033 -0.170943 -0.224403
63 -0.315990 1.660919 0.436530 3.047223 -0.217607 2.407956
64 33.015247 4.098916 -0.924284 2.755543 -0.383040 2.454313
65 24.232668 -0.000000 0.000000 -0.243532 0.283353 -0.210230
66 36.086739 4.202644 -0.597954 2.635043 -0.486170 1.704351
67 31.997387 -0.000001 0.000001 -0.207175 0.634557 -0.223961
68 38.651920 4.684467 -0.117238 2.765702 -0.599796 1.052571
69 43.715797 0.000003 -0.000002 -0.079431 0.767541 -0.215342
70 43.484421 2.870285 1.120560 3.062051 -0.754482 0.382833
71 24.040892 -0.000001 0.000001 0.104329 0.744155 -0.037016
72 -4.201988 -8.502422 0.000040 -3.141396 -0.023865 -1.021486
73 10.992137 -0.000000 -0.000000 -0.003211 -0.007449 0.269096
74 16.248436 -0.000000 -0.000000 -0.010895 -0.040904 0.344859
75 15.024572 0.000000 0.000000 -0.017062 -0.071254 0.333426
76 14.909705 -0.000005 0.000000 -0.021307 -0.096802 0.175202
77 16.154041 0.000000 0.000000 -0.014295 -0.110189 -0.176409
78 19.088512 0.000000 0.000000 -0.008236 -0.112868 -0.450131
79 21.494041 0.000000 0.000000 -0.013580 -0.096106 -0.711619
80 0.000000 0.000000 0.000000 0.000000 -0.000000 0.000000
81 0.000000 0.000000 0.000000 0.000000 -0.000000 0.000000
82 0.000000 0.000000 0.000000 0.000000 -0.000000 0.000000
time 9
0 0.000000 0.000000 0.000000 0.523599 -0.000000 0.000000
1 0.000000 0.000000 0.000000 0.000000 -0.000000 0.000000
2 0.000000 0.000000 0.000000 1.570796 -0.000000 0.000000
3 0.000000 0.000000 0.000000 -1.570796 -0.000000 0.000000
4 0.000000 0.000000 0.000000 1.570796 -0.000000 0.000000
5 0.000000 0.000000 0.000000 0.000000 -0.000000 0.000000
6 0.000000 0.000000 0.000000 0.000000 -0.000000 0.000000
7 0.000000 0.000000 0.000000 0.000000 -0.000000 0.000000
8 0.000000 0.000000 0.000000 0.000000 -0.000000 0.000000
9 0.000000 0.000000 0.000000 0.000000 -0.000000 0.000000
10 0.000000 0.000000 0.000000 0.000000 -0.000000 0.000000
11 0.000000 0.000000 0.000000 0.000000 -0.000000 0.000000
12 8.761539 61.700127 -3.246465 -3.141592 -1.254111 1.570796
13 0.000000 0.000000 0.000000 1.570793 -1.399613 -3.141587
14 -2.433264 8.088355 0.000145 -0.027773 0.087060 1.039856
15 -6.589735 -6.472830 9.431171 2.833215 -0.199301 2.036420
16 15.588161 -0.000002 -0.000002 -0.000000 0.000000 -1.470625
17 13.398908 -0.000001 -0.000001 0.000000 0.000000 1.664449
18 10.264403 -0.000002 -0.000001 -0.094678 0.122192 -2.158055
19 3.852187 4.352265 -3.111403 -0.601361 0.423490 0.633112
20 5.222272 0.000001 0.000000 0.000000 0.000000 -0.496986
21 3.852186 4.518144 -0.226015 0.066557 0.055089 1.419771
22 6.794562 -0.000000 0.000001 0.000000 0.000000 -1.214461
23 3.852186 4.518146 2.824097 0.333149 -0.164292 0.824861
24 5.768841 -0.000002 -0.000001 0.000000 0.000000 -0.799721
25 -4.832530 -5.892810 -10.784524 -3.043926 0.062716 1.928179
26 15.588160 0.000002 0.000000 -0.000000 -0.000000 -1.294314
27 13.398908 0.000001 -0.000000 0.000000 -0.000000 1.466183
28 10.264394 -0.000001 0.000000 -0.105593 -0.110969 -1.671415
29 3.852186 4.352265 3.111401 0.534621 -0.525739 0.475745
30 5.222267 -0.000001 -0.000002 0.000000 -0.000000 -0.562361
31 3.852186 4.518147 0.226011 -0.061827 -0.060021 1.340744
32 6.794557 0.000000 -0.000000 -0.000000 -0.000000 -0.984512
33 3.852186 4.518147 -2.824095 -0.444744 0.489712 0.873855
34 5.768845 -0.000002 0.000000 0.000000 0.000000 -0.841743
35 7.891214 -0.007210 0.000018 -0.002347 -0.009046 0.147910
36 9.192387 -0.008879 0.000188 -0.021087 -0.114649 0.154551
37 11.231345 2.201833 -0.000145 0.013992 0.054275 -0.045921
38 -8.251403 -1.569700 9.035512 -1.116133 -1.276858 -1.968199
39 4.354646 -0.000002 0.000000 -1.384841 -0.551044 1.028309
40 14.558131 0.000002 -0.000000 -0.000000 0.000000 -1.011196
41 34.349209 0.000004 -0.000001 -1.802428 0.065844 -0.135682
42 -0.316019 1.660743 -0.436518 0.094151 0.228384 2.406785
43 33.015167 4.098595 0.924263 0.196131 0.230485 2.362859
44 24.232672 0.000005 -0.000014 0.241284 0.348272 0.188707
45 36.086792 4.202444 0.597923 0.339039 0.264271 1.529350
46 31.997391 0.000014 -0.000024 0.202813 0.661166 0.255700
47 38.652004 4.684278 0.117209 0.139695 0.363592 0.809785
48 43.715790 -0.000010 -0.000014 0.082692 0.762430 0.328786
49 43.484306 2.869920 -1.120594 0.138864 0.462123 0.259350
50 24.040899 0.000007 -0.000001 -0.090894 0.754041 0.165772
51 9.515663 -0.006904 0.000127 -0.011610 0.008609 0.399813
52 9.515853 -0.006816 0.000075 -0.004003 -0.003525 0.419614
53 9.514543 -0.005800 -0.000183 0.033317 -0.025008 0.293881
54 7.707398 -0.000000 0.000000 -0.025156 0.042244 0.358236
55 4.448519 0.767221 -0.000194 -3.141589 -0.000001 0.782983
56 3.779950 0.190334 -0.000003 0.000000 -0.000000 0.620113
57 4.453077 -0.000005 -0.000000 -0.000000 0.000000 -0.003603
58 11.999998 2.000003 -0.000001 0.000000 0.000000 -0.000000
59 -6.758987 -1.946946 -10.135291 1.653014 1.254922 -1.455050
60 4.354646 0.000002 -0.000003 1.310298 0.534688 0.939923
61 14.558126 0.000000 0.000000 -0.000000 0.000000 -1.009898
62 34.349220 -0.000001 -0.000000 1.891102 -0.050534 -0.195357
63 -0.315990 1.660919 0.436530 3.047347 -0.234410 2.409563
64 33.015247 4.098916 -0.924284 2.942145 -0.214575 2.365233
65 24.232668 -0.000000 -0.000000 -0.256376 0.322340 -0.233169
66 36.086739 4.202644 -0.597954 2.800810 -0.257214 1.536061
67 31.997387 -0.000001 0.000000 -0.215357 0.645734 -0.274637
68 38.651920 4.684467 -0.117238 2.824847 -0.290040 0.935114
69 43.715797 0.000003 -0.000001 -0.078488 0.769875 -0.260366
70 43.484421 2.870285 1.120560 3.013849 -0.432387 0.213031
71 24.040894 -0.000002 0.000000 0.116811 0.776632 -0.126724
72 -4.202049 -8.502422 0.000024 3.141549 -0.038168 -1.138049
73 10.992137 -0.000000 -0.000000 -0.003480 0.007669 0.259458
74 16.248436 -0.000000 -0.000000 -0.010418 -0.028401 0.305874
75 15.024572 0.000000 0.000000 -0.017155 -0.060977 0.313180
76 14.909706 -0.000005 0.000000 -0.021977 -0.096666 0.172498
77 16.154041 0.000000 0.000000 -0.012257 -0.119342 -0.132892
78 19.088512 0.000000 0.000000 -0.002150 -0.136141 -0.313686
79 21.494041 0.000000 0.000000 -0.001210 -0.138045 -0.577625
80 0.000000 0.000000 0.000000 0.000000 -0.000000 0.000000
81 0.000000 0.000000 0.000000 0.000000 -0.000000 0.000000
82 0.000000 0.000000 0.000000 0.000000 -0.000000 0.000000
time 10
0 0.000000 0.000000 0.000000 0.523599 -0.000000 0.000000
1 0.000000 0.000000 0.000000 0.000000 -0.000000 0.000000
2 0.000000 0.000000 0.000000 1.570796 -0.000000 0.000000
3 0.000000 0.000000 0.000000 -1.570796 -0.000000 0.000000
4 0.000000 0.000000 0.000000 1.570796 -0.000000 0.000000
5 0.000000 0.000000 0.000000 0.000000 -0.000000 0.000000
6 0.000000 0.000000 0.000000 0.000000 -0.000000 0.000000
7 0.000000 0.000000 0.000000 0.000000 -0.000000 0.000000
8 0.000000 0.000000 0.000000 0.000000 -0.000000 0.000000
9 0.000000 0.000000 0.000000 0.000000 -0.000000 0.000000
10 0.000000 0.000000 0.000000 0.000000 -0.000000 0.000000
11 0.000000 0.000000 0.000000 0.000000 -0.000000 0.000000
12 7.266269 63.570442 -2.044422 -3.141592 -1.254111 1.570796
13 0.000000 0.000000 0.000000 1.570793 -1.399613 -3.141587
14 -2.433051 8.088739 0.000059 -0.017957 0.074391 1.093160
15 -6.830163 -5.910888 9.590796 2.863740 -0.179089 1.986281
16 15.588161 0.000000 -0.000001 0.000000 -0.000000 -1.250808
17 13.398910 0.000001 0.000000 -0.000000 0.000000 1.498798
18 10.264398 0.000003 -0.000003 0.011555 -0.030161 -1.845663
19 3.852187 4.352265 -3.111403 -0.659423 0.452041 0.641867
20 5.222274 0.000002 -0.000001 0.000000 0.000000 -0.510392
21 3.852186 4.518144 -0.226015 0.068763 0.051428 1.469377
22 6.794559 -0.000001 -0.000001 0.000000 -0.000000 -1.121640
23 3.852186 4.518146 2.824097 0.333150 -0.164292 0.824861
24 5.768843 -0.000000 -0.000000 0.000000 -0.000000 -0.799721
25 -5.385334 -5.638329 -10.653357 -3.019336 0.035198 1.931873
26 15.588162 -0.000000 -0.000000 0.000000 -0.000000 -1.222872
27 13.398905 -0.000001 -0.000000 0.000000 -0.000000 1.435922
28 10.264398 0.000002 0.000000 -0.121680 -0.068036 -1.558237
29 3.852186 4.352265 3.111401 0.491459 -0.519170 0.545182
30 5.222263 -0.000001 -0.000001 -0.000000 -0.000000 -0.601513
31 3.852186 4.518147 0.226011 -0.064457 -0.057376 1.384141
32 6.794562 -0.000000 -0.000000 0.000000 0.000000 -0.890011
33 3.852186 4.518147 -2.824095 -0.444744 0.489711 0.873856
34 5.768849 -0.000001 0.000001 0.000000 -0.000000 -0.841743
35 7.891083 -0.007226 0.000019 -0.002528 -0.006544 0.136975
36 9.192488 -0.008863 0.000209 -0.022171 -0.114381 0.159332
37 11.231621 2.201816 -0.000106 0.012870 0.055202 -0.010572
38 -8.179959 -1.382438 9.129491 -2.921931 -1.378702 -0.196345
39 4.354644 -0.000000 -0.000003 -0.846226 0.027764 0.803617
40 14.558131 0.000002 0.000004 -0.000000 -0.000000 -0.552043
41 34.349209 -0.000001 0.000004 -1.765248 -0.109039 -0.099030
42 -0.316019 1.660743 -0.436518 0.095954 0.122737 2.357626
43 33.015167 4.098595 0.924263 -0.147079 -0.295019 2.312834
44 24.232672 0.000005 -0.000014 -0.079888 0.436175 -0.255475
45 36.086792 4.202444 0.597923 0.100438 -0.506105 1.158337
46 31.997391 0.000014 -0.000024 -0.148781 0.348312 -0.252088
47 38.652004 4.684278 0.117209 0.141470 -0.366387 0.333467
48 43.715790 -0.000010 -0.000014 -0.115940 0.242959 -0.180861
49 43.484306 2.869920 -1.120594 0.403966 -0.420894 -0.358097
50 24.040899 0.000007 -0.000001 -0.062750 -0.033882 -0.258083
51 9.515308 -0.007054 0.000147 -0.021766 0.001638 0.386526
52 9.515309 -0.007055 0.000092 -0.014471 -0.012610 0.391169
53 9.514064 -0.005933 -0.000201 0.032392 -0.034209 0.253942
54 7.707398 -0.000007 -0.000000 0.010033 0.055150 0.354472
55 4.448519 0.767221 -0.000194 -3.141589 -0.000001 0.810815
56 3.779950 0.190334 -0.000003 0.000000 -0.000000 0.604023
57 4.453077 -0.000005 -0.000000 -0.000000 0.000000 -0.040373
58 11.999998 2.000003 -0.000001 0.000000 0.000000 -0.000000
59 -6.956487 -1.647175 -10.052846 2.902128 1.248695 -0.215755
60 4.354645 0.000002 -0.000003 0.777877 -0.100311 0.770728
61 14.558129 -0.000001 0.000005 -0.000000 0.000000 -0.551246
62 34.349209 -0.000002 -0.000003 1.749239 0.104228 -0.137988
63 -0.315990 1.660919 0.436530 3.046259 -0.090636 2.395818
64 33.015247 4.098916 -0.924284 -2.986078 0.317695 2.331260
65 24.232668 -0.000000 -0.000000 -0.065529 0.059733 -0.246488
66 36.086739 4.202644 -0.597954 3.051781 0.526000 1.204812
67 31.997387 -0.000001 0.000000 -0.018445 0.366770 -0.350494
68 38.651920 4.684467 -0.117238 2.881818 0.717746 0.698371
69 43.715797 0.000003 -0.000001 0.059823 0.430314 -0.410060
70 43.484421 2.870285 1.120560 2.716536 0.471620 -0.369131
71 24.040894 -0.000002 0.000000 0.068349 -0.052065 0.280279
72 -4.201984 -8.502426 0.000024 3.141543 -0.050768 -1.129922
73 10.992137 -0.000000 -0.000000 -0.003562 0.024241 0.249446
74 16.248436 -0.000000 -0.000000 -0.008618 -0.011493 0.291385
75 15.024572 0.000000 0.000000 -0.017289 -0.047786 0.244433
76 14.909706 -0.000005 0.000000 -0.018742 -0.086434 0.076766
77 16.154041 0.000000 0.000000 -0.006704 -0.117605 -0.147536
78 19.088514 0.000000 0.000000 0.006285 -0.151341 -0.216509
79 21.494041 0.000000 0.000000 0.013601 -0.176158 -0.351148
80 0.000000 0.000000 0.000000 0.000000 -0.000000 0.000000
81 0.000000 0.000000 0.000000 0.000000 -0.000000 0.000000
82 0.000000 0.000000 0.000000 0.000000 -0.000000 0.000000
time 11
0 0.000000 0.000000 0.000000 0.523599 -0.000000 0.000000
1 0.000000 0.000000 0.000000 0.000000 -0.000000 0.000000
2 0.000000 0.000000 0.000000 1.570796 -0.000000 0.000000
3 0.000000 0.000000 0.000000 -1.570796 -0.000000 0.000000
4 0.000000 0.000000 0.000000 1.570796 -0.000000 0.000000
5 0.000000 0.000000 0.000000 0.000000 -0.000000 0.000000
6 0.000000 0.000000 0.000000 0.000000 -0.000000 0.000000
7 0.000000 0.000000 0.000000 0.000000 -0.000000 0.000000
8 0.000000 0.000000 0.000000 0.000000 -0.000000 0.000000
9 0.000000 0.000000 0.000000 0.000000 -0.000000 0.000000
10 0.000000 0.000000 0.000000 0.000000 -0.000000 0.000000
11 0.000000 0.000000 0.000000 0.000000 -0.000000 0.000000
12 5.050818 67.187393 0.277924 -3.141592 -1.254111 1.570796
13 0.000000 0.000000 0.000000 1.570793 -1.399613 -3.141587
14 -2.432829 8.089248 -0.000060 0.001031 0.049138 1.182971
15 -7.096156 -5.164017 9.843361 2.892486 -0.165388 1.986284
16 15.588161 -0.000003 0.000001 0.000000 -0.000000 -1.028144
17 13.398908 -0.000001 -0.000001 -0.000000 -0.000000 1.372643
18 10.264399 0.000004 0.000002 0.060641 -0.188825 -1.549009
19 3.852187 4.352265 -3.111403 -0.694902 0.471538 0.686792
20 5.222274 0.000000 -0.000002 0.000000 0.000000 -0.556536
21 3.852186 4.518144 -0.226015 0.075402 0.040561 1.617504
22 6.794559 0.000000 0.000002 0.000000 -0.000000 -1.009315
23 3.852186 4.518146 2.824097 0.333149 -0.164292 0.824861
24 5.768848 0.000000 -0.000001 0.000000 -0.000000 -0.799721
25 -6.140759 -5.244999 -10.435641 -2.982926 0.012925 1.957676
26 15.588157 0.000002 0.000000 0.000000 -0.000000 -1.217342
27 13.398905 -0.000001 -0.000000 0.000000 -0.000000 1.484871
28 10.264399 -0.000002 0.000001 -0.120385 -0.036634 -1.535175
29 3.852186 4.352265 3.111401 0.420270 -0.505958 0.633302
30 5.222268 -0.000000 -0.000000 -0.000000 -0.000000 -0.658451
31 3.852186 4.518147 0.226011 -0.065678 -0.055963 1.405776
32 6.794558 -0.000002 0.000000 0.000000 -0.000000 -0.725951
33 3.852186 4.518147 -2.824095 -0.444743 0.489712 0.873855
34 5.768847 0.000001 -0.000001 0.000000 0.000000 -0.841743
35 7.890818 -0.007267 0.000020 -0.002754 -0.004078 0.120088
36 9.192619 -0.008842 0.000213 -0.021557 -0.100591 0.168574
37 11.231888 2.201823 -0.000041 0.009688 0.048229 0.003753
38 -8.012898 -1.207451 9.301711 1.762012 -0.651470 1.195657
39 4.354649 -0.000002 -0.000007 -0.525628 0.332141 0.921234
40 14.558134 0.000002 0.000003 0.000000 0.000000 -0.385181
41 34.349209 -0.000003 -0.000005 -1.735801 -0.193238 -0.080887
42 -0.316019 1.660743 -0.436518 0.099575 -0.071932 2.267085
43 33.015167 4.098595 0.924263 -0.300174 -0.285926 2.343092
44 24.232672 0.000005 -0.000014 -0.220253 -0.036866 0.125533
45 36.086792 4.202444 0.597923 -0.239402 -0.412342 1.738493
46 31.997391 0.000014 -0.000024 -0.298909 -0.213136 0.219036
47 38.652004 4.684278 0.117209 -0.189645 -0.511339 1.131634
48 43.715790 -0.000010 -0.000014 -0.225690 -0.369008 0.225232
49 43.484306 2.869920 -1.120594 0.090251 -0.703263 0.723271
50 24.040901 0.000007 -0.000001 -0.200827 -0.444506 0.366359
51 9.514786 -0.007240 0.000133 -0.022824 -0.007751 0.324946
52 9.514543 -0.007304 0.000066 -0.012333 -0.021278 0.292591
53 9.513500 -0.006058 -0.000219 0.033470 -0.031577 0.184790
54 7.707387 -0.000000 0.000000 0.041432 0.064913 0.364406
55 4.448519 0.767221 -0.000194 -3.141589 -0.000001 0.802141
56 3.779950 0.190334 -0.000003 0.000000 0.000000 0.563829
57 4.453077 -0.000005 -0.000000 -0.000000 0.000000 -0.262297
58 11.999998 2.000003 -0.000001 0.000000 0.000000 -0.000000
59 -7.244933 -1.288415 -9.897519 -1.857550 0.633245 1.138037
60 4.354644 0.000000 -0.000004 0.515204 -0.457925 0.936540
61 14.558132 -0.000002 0.000000 0.000000 -0.000000 -0.385065
62 34.349216 0.000001 0.000003 1.610393 0.222236 -0.095067
63 -0.315990 1.660919 0.436530 3.044673 0.111587 2.376489
64 33.015247 4.098916 -0.924284 -2.835853 0.276842 2.365956
65 24.232668 -0.000000 -0.000000 0.171201 -0.266566 -0.257764
66 36.086739 4.202644 -0.597954 -2.894704 0.405218 1.776850
67 31.997389 -0.000001 -0.000000 0.264873 -0.035384 -0.423213
68 38.651920 4.684467 -0.117238 3.004622 0.632114 0.903349
69 43.715797 0.000003 -0.000001 0.260418 -0.057917 -0.581491
70 43.484421 2.870285 1.120560 3.072293 0.741388 0.742496
71 24.040894 -0.000002 0.000000 0.210927 -0.450133 -0.380501
72 -4.202045 -8.502428 0.000024 -3.141431 -0.060150 -1.261535
73 10.992137 -0.000000 -0.000000 -0.003309 0.034548 0.245751
74 16.248436 -0.000000 -0.000000 -0.005178 0.010049 0.304999
75 15.024574 -0.000000 0.000000 -0.015772 -0.028630 0.157599
76 14.909706 -0.000005 0.000000 -0.013834 -0.067230 -0.024091
77 16.154041 0.000000 0.000000 -0.001010 -0.103128 -0.196063
78 19.088514 0.000000 0.000000 0.015632 -0.147087 -0.195827
79 21.494041 0.000000 0.000000 0.026394 -0.190961 -0.179374
80 0.000000 0.000000 0.000000 0.000000 -0.000000 0.000000
81 0.000000 0.000000 0.000000 0.000000 -0.000000 0.000000
82 0.000000 0.000000 0.000000 0.000000 -0.000000 0.000000
time 12
0 0.000000 0.000000 0.000000 0.523599 -0.000000 0.000000
1 0.000000 0.000000 0.000000 0.000000 -0.000000 0.000000
2 0.000000 0.000000 0.000000 1.570796 -0.000000 0.000000
3 0.000000 0.000000 0.000000 -1.570796 -0.000000 0.000000
4 0.000000 0.000000 0.000000 1.570796 -0.000000 0.000000
5 0.000000 0.000000 0.000000 0.000000 -0.000000 0.000000
6 0.000000 0.000000 0.000000 0.000000 -0.000000 0.000000
7 0.000000 0.000000 0.000000 0.000000 -0.000000 0.000000
8 0.000000 0.000000 0.000000 0.000000 -0.000000 0.000000
9 0.000000 0.000000 0.000000 0.000000 -0.000000 0.000000
10 0.000000 0.000000 0.000000 0.000000 -0.000000 0.000000
11 0.000000 0.000000 0.000000 0.000000 -0.000000 0.000000
12 2.789118 70.778152 2.580984 -3.141592 -1.254111 1.570796
13 0.000000 0.000000 0.000000 1.570793 -1.399613 -3.141587
14 -2.432759 8.089417 -0.000140 0.017173 0.026559 1.229175
15 -7.073510 -4.835364 10.049403 2.920496 -0.156261 2.016869
16 15.588167 -0.000001 -0.000000 0.000000 -0.000000 -0.926709
17 13.398905 -0.000001 0.000001 0.000000 0.000000 1.354618
18 10.264400 -0.000002 0.000001 0.084292 -0.267885 -1.361055
19 3.852187 4.352265 -3.111403 -0.667807 0.465004 0.740188
20 5.222274 0.000000 -0.000001 0.000000 0.000000 -0.611847
21 3.852186 4.518144 -0.226015 0.078664 0.035425 1.688265
22 6.794559 -0.000003 0.000000 -0.000000 -0.000000 -0.939312
23 3.852186 4.518146 2.824097 0.333150 -0.164292 0.824861
24 5.768847 0.000002 -0.000001 0.000000 -0.000000 -0.799721
25 -6.514749 -5.206532 -10.237148 -2.948165 -0.001942 2.012334
26 15.588147 -0.000001 -0.000000 0.000000 -0.000000 -1.272561
27 13.398908 -0.000002 -0.000000 0.000000 -0.000000 1.607478
28 10.264402 -0.000003 0.000001 -0.101199 -0.025398 -1.642751
29 3.852186 4.352265 3.111401 0.361071 -0.490962 0.699542
30 5.222278 -0.000000 -0.000001 0.000000 -0.000000 -0.717384
31 3.852186 4.518147 0.226011 -0.064265 -0.057190 1.384043
32 6.794560 0.000001 -0.000000 -0.000000 -0.000000 -0.637678
33 3.852186 4.518147 -2.824095 -0.444744 0.489711 0.873856
34 5.768848 -0.000000 0.000001 0.000000 -0.000000 -0.841743
35 7.890597 -0.007291 0.000022 -0.003079 -0.001753 0.090995
36 9.192686 -0.008827 0.000194 -0.019621 -0.078581 0.177961
37 11.231955 2.201819 0.000008 0.003863 0.031399 0.002443
38 -7.841600 -1.157930 9.453749 1.654424 -0.331933 1.234761
39 4.354646 -0.000001 -0.000002 -0.462159 0.518916 1.053167
40 14.558129 -0.000002 -0.000002 0.000000 -0.000000 -0.540064
41 34.349205 -0.000001 -0.000007 -1.731323 -0.132862 -0.091685
42 -0.316019 1.660743 -0.436518 0.102361 -0.222941 2.196842
43 33.015167 4.098595 0.924263 -0.133693 -0.106371 2.280274
44 24.232672 0.000005 -0.000014 -0.224617 -0.163615 0.158164
45 36.086792 4.202444 0.597923 0.033087 -0.169694 1.581999
46 31.997391 0.000014 -0.000024 -0.308133 -0.116354 0.425285
47 38.652004 4.684278 0.117209 0.021104 -0.160487 0.990524
48 43.715790 -0.000010 -0.000014 -0.274359 -0.214767 0.566687
49 43.484306 2.869920 -1.120594 0.220566 -0.222527 0.550913
50 24.040899 0.000007 -0.000001 -0.192163 -0.294006 0.639550
51 9.514479 -0.007335 0.000145 -0.021965 -0.016665 0.264602
52 9.514131 -0.007405 0.000078 -0.010830 -0.028454 0.213936
53 9.513230 -0.006097 -0.000211 0.033286 -0.025094 0.123458
54 7.707389 0.000004 0.000000 0.063567 0.066674 0.388643
55 4.448519 0.767221 -0.000194 -3.141589 -0.000001 0.754190
56 3.779950 0.190334 -0.000003 0.000000 0.000000 0.511782
57 4.453077 -0.000005 -0.000000 -0.000000 0.000000 -0.331239
58 11.999998 2.000003 -0.000001 0.000000 0.000000 -0.000000
59 -7.445842 -1.152264 -9.768096 -1.695020 0.320122 1.222500
60 4.354646 -0.000000 0.000007 0.492952 -0.635568 1.066393
61 14.558127 -0.000002 0.000009 -0.000000 -0.000000 -0.539329
62 34.349205 0.000001 -0.000002 1.547985 0.232261 -0.091454
63 -0.315990 1.660919 0.436530 3.043361 0.280277 2.360366
64 33.015247 4.098916 -0.924284 -3.005943 0.072043 2.327226
65 24.232668 -0.000000 -0.000000 0.259987 -0.378742 -0.243778
66 36.086739 4.202644 -0.597954 3.111473 0.152197 1.632036
67 31.997385 -0.000001 0.000000 0.335345 -0.146368 -0.437735
68 38.651920 4.684467 -0.117238 3.056659 0.183740 1.156908
69 43.715797 0.000003 -0.000001 0.304779 -0.193314 -0.622495
70 43.484421 2.870285 1.120560 2.926566 0.254109 0.557460
71 24.040894 -0.000002 0.000000 0.202414 -0.305950 -0.678715
72 -4.202114 -8.502447 0.000029 -3.141166 -0.065965 -1.251287
73 10.992137 -0.000000 -0.000000 -0.002642 0.038399 0.249568
74 16.248434 -0.000000 -0.000000 -0.000824 0.033737 0.332687
75 15.024571 -0.000000 0.000000 -0.010599 -0.002663 0.156333
76 14.909705 -0.000005 0.000000 -0.009314 -0.039919 -0.065591
77 16.154041 0.000000 0.000000 0.004033 -0.080781 -0.270174
78 19.088512 0.000000 0.000000 0.024643 -0.132203 -0.288570
79 21.494041 0.000000 0.000000 0.039447 -0.181485 -0.197972
80 0.000000 0.000000 0.000000 0.000000 -0.000000 0.000000
81 0.000000 0.000000 0.000000 0.000000 -0.000000 0.000000
82 0.000000 0.000000 0.000000 0.000000 -0.000000 0.000000
time 13
0 0.000000 0.000000 0.000000 0.523599 -0.000000 0.000000
1 0.000000 0.000000 0.000000 0.000000 -0.000000 0.000000
2 0.000000 0.000000 0.000000 1.570796 -0.000000 0.000000
3 0.000000 0.000000 0.000000 -1.570796 -0.000000 0.000000
4 0.000000 0.000000 0.000000 1.570796 -0.000000 0.000000
5 0.000000 0.000000 0.000000 0.000000 -0.000000 0.000000
6 0.000000 0.000000 0.000000 0.000000 -0.000000 0.000000
7 0.000000 0.000000 0.000000 0.000000 -0.000000 0.000000
8 0.000000 0.000000 0.000000 0.000000 -0.000000 0.000000
9 0.000000 0.000000 0.000000 0.000000 -0.000000 0.000000
10 0.000000 0.000000 0.000000 0.000000 -0.000000 0.000000
11 0.000000 0.000000 0.000000 0.000000 -0.000000 0.000000
12 1.111673 72.657608 3.780882 -3.141592 -1.254111 1.570796
13 0.000000 0.000000 0.000000 1.570793 -1.399613 -3.141587
14 -2.432847 8.089232 -0.000199 0.027574 0.010125 1.207572
15 -6.723972 -4.957090 10.219893 2.940098 -0.149322 2.068369
16 15.588161 -0.000001 -0.000000 0.000000 -0.000000 -1.027568
17 13.398907 0.000000 -0.000000 0.000000 0.000000 1.414825
18 10.264397 0.000002 0.000000 0.100013 -0.107887 -1.466543
19 3.852187 4.352265 -3.111403 -0.558693 0.416176 0.825584
20 5.222275 0.000000 0.000000 -0.000000 0.000000 -0.689273
21 3.852186 4.518144 -0.226015 0.077816 0.037465 1.662885
22 6.794562 -0.000001 0.000001 -0.000000 -0.000000 -0.777962
23 3.852186 4.518146 2.824097 0.333149 -0.164292 0.824861
24 5.768847 0.000001 -0.000001 0.000000 -0.000000 -0.799721
25 -6.503985 -5.524133 -10.068353 -2.922560 -0.004001 2.150704
26 15.588168 -0.000002 0.000000 0.000000 -0.000000 -1.382343
27 13.398905 -0.000004 -0.000001 -0.000000 -0.000000 1.794547
28 10.264399 -0.000000 0.000000 -0.060823 -0.041848 -1.916113
29 3.852186 4.352265 3.111401 0.299085 -0.466971 0.757761
30 5.222273 0.000000 -0.000000 0.000000 -0.000000 -0.780019
31 3.852186 4.518147 0.226011 -0.058844 -0.062462 1.296132
32 6.794561 -0.000001 0.000000 -0.000000 0.000000 -0.586936
33 3.852186 4.518147 -2.824095 -0.444744 0.489711 0.873856
34 5.768847 -0.000001 0.000000 0.000000 -0.000000 -0.841743
35 7.890384 -0.007305 0.000024 -0.003446 0.000655 0.055695
36 9.192656 -0.008825 0.000154 -0.016742 -0.053653 0.183174
37 11.231725 2.201815 0.000022 -0.001193 0.014362 -0.009433
38 -7.714476 -1.355798 9.522614 1.664244 -0.323749 1.254408
39 4.354647 -0.000002 -0.000000 -0.364868 0.708155 1.215421
40 14.558125 0.000000 -0.000000 0.000000 -0.000000 -0.812565
41 34.349213 -0.000006 0.000004 -1.734601 -0.021083 -0.112860
42 -0.316019 1.660743 -0.436518 0.104172 -0.317639 2.152767
43 33.015167 4.098595 0.924263 -0.037875 -0.015365 2.262268
44 24.232672 0.000005 -0.000014 -0.143636 -0.142729 0.124903
45 36.086792 4.202444 0.597923 0.189048 -0.063894 1.491636
46 31.997391 0.000014 -0.000024 -0.166786 -0.005181 0.346936
47 38.652004 4.684278 0.117209 0.150170 0.003680 0.884354
48 43.715790 -0.000010 -0.000014 -0.125968 -0.007994 0.489523
49 43.484306 2.869920 -1.120594 0.292509 0.038870 0.438638
50 24.040899 0.000007 -0.000001 -0.059696 -0.078804 0.512665
51 9.514462 -0.007348 0.000227 -0.025788 -0.021955 0.255474
52 9.514265 -0.007384 0.000179 -0.020615 -0.033747 0.222323
53 9.513501 -0.006057 -0.000164 0.027520 -0.026722 0.142128
54 7.707398 -0.000000 0.000000 0.082409 0.062635 0.432359
55 4.448519 0.767221 -0.000194 -3.141589 -0.000001 0.648612
56 3.779950 0.190334 -0.000003 0.000000 0.000000 0.458698
57 4.453077 -0.000005 -0.000000 -0.000000 0.000000 -0.286254
58 11.999998 2.000003 -0.000001 0.000000 0.000000 -0.000000
59 -7.461666 -1.395088 -9.715462 -1.691550 0.319875 1.249387
60 4.354645 0.000002 0.000000 0.361100 -0.798809 1.255120
61 14.558131 -0.000001 0.000005 -0.000000 0.000000 -0.809650
62 34.349201 -0.000000 0.000000 1.576634 0.105872 -0.110596
63 -0.315990 1.660919 0.436530 3.042482 0.390617 2.349809
64 33.015247 4.098916 -0.924284 -3.103244 -0.021261 2.302962
65 24.232668 -0.000000 -0.000000 0.185319 -0.246795 -0.192603
66 36.086739 4.202644 -0.597954 2.954209 0.044062 1.530067
67 31.997389 -0.000001 -0.000000 0.214126 -0.057865 -0.378894
68 38.651920 4.684467 -0.117238 2.931907 0.039918 1.041459
69 43.715797 0.000003 -0.000001 0.163706 -0.038823 -0.540702
70 43.484421 2.870285 1.120560 2.851297 -0.030025 0.426119
71 24.040894 -0.000002 0.000000 0.063988 -0.082234 -0.548202
72 -4.202012 -8.502461 0.000021 -3.141004 -0.067476 -1.287665
73 10.992137 -0.000000 -0.000000 -0.001648 0.038567 0.257803
74 16.248436 -0.000000 -0.000000 0.003494 0.055401 0.364572
75 15.024572 0.000000 0.000000 -0.002693 0.030169 0.205077
76 14.909706 -0.000005 0.000000 -0.004396 -0.005971 -0.083948
77 16.154041 0.000000 0.000000 0.009029 -0.053777 -0.359328
78 19.088512 0.000000 0.000000 0.032209 -0.108030 -0.429357
79 21.494041 0.000000 0.000000 0.053039 -0.158421 -0.342114
80 0.000000 0.000000 0.000000 0.000000 -0.000000 0.000000
81 0.000000 0.000000 0.000000 0.000000 -0.000000 0.000000
82 0.000000 0.000000 0.000000 0.000000 -0.000000 0.000000
time 14
0 0.000000 0.000000 0.000000 0.523599 -0.000000 0.000000
1 0.000000 0.000000 0.000000 0.000000 -0.000000 0.000000
2 0.000000 0.000000 0.000000 1.570796 -0.000000 0.000000
3 0.000000 0.000000 0.000000 -1.570796 -0.000000 0.000000
4 0.000000 0.000000 0.000000 1.570796 -0.000000 0.000000
5 0.000000 0.000000 0.000000 0.000000 -0.000000 0.000000
6 0.000000 0.000000 0.000000 0.000000 -0.000000 0.000000
7 0.000000 0.000000 0.000000 0.000000 -0.000000 0.000000
8 0.000000 0.000000 0.000000 0.000000 -0.000000 0.000000
9 0.000000 0.000000 0.000000 0.000000 -0.000000 0.000000
10 0.000000 0.000000 0.000000 0.000000 -0.000000 0.000000
11 0.000000 0.000000 0.000000 0.000000 -0.000000 0.000000
12 0.263431 72.071007 3.391083 -3.141592 -1.254111 1.570796
13 0.000000 0.000000 0.000000 1.570793 -1.399613 -3.141587
14 -2.432984 8.088916 -0.000255 0.036192 -0.004687 1.156765
15 -6.270478 -5.223962 10.373543 2.947711 -0.147218 2.149681
16 15.588161 -0.000001 -0.000001 -0.000000 0.000000 -1.201234
17 13.398905 -0.000001 0.000000 0.000000 -0.000000 1.558277
18 10.264399 0.000003 -0.000000 0.084652 0.055194 -1.634550
19 3.852187 4.352265 -3.111403 -0.433160 0.347822 0.927060
20 5.222275 0.000001 0.000000 -0.000000 0.000000 -0.758882
21 3.852186 4.518144 -0.226015 0.075242 0.042043 1.601812
22 6.794560 0.000001 -0.000001 0.000000 -0.000000 -0.586005
23 3.852186 4.518146 2.824097 0.333149 -0.164292 0.824861
24 5.768844 0.000000 0.000001 0.000000 -0.000000 -0.799721
25 -6.378927 -5.935701 -9.912052 -2.907221 0.010645 2.308009
26 15.588151 0.000000 -0.000001 0.000000 -0.000000 -1.533982
27 13.398905 0.000007 -0.000001 -0.000000 0.000000 2.005162
28 10.264398 -0.000003 0.000000 -0.016127 -0.060779 -2.141012
29 3.852186 4.352265 3.111401 0.218667 -0.431801 0.833118
30 5.222276 0.000002 -0.000000 0.000000 -0.000000 -0.826337
31 3.852186 4.518147 0.226011 -0.052627 -0.068247 1.197296
32 6.794561 -0.000000 0.000000 0.000000 -0.000000 -0.517516
33 3.852186 4.518147 -2.824095 -0.444744 0.489711 0.873855
34 5.768845 0.000000 0.000000 0.000000 0.000000 -0.841743
35 7.890213 -0.007308 0.000027 -0.003720 0.002848 0.032973
36 9.192602 -0.008836 0.000103 -0.012929 -0.027323 0.182081
37 11.231333 2.201829 0.000020 -0.002969 0.004099 -0.033544
38 -7.593035 -1.742824 9.551608 1.702335 -0.413578 1.288491
39 4.354643 0.000002 -0.000003 -0.182421 0.823695 1.442856
40 14.558131 -0.000003 0.000000 0.000000 0.000000 -1.103702
41 34.349205 -0.000004 -0.000004 -1.742547 0.096900 -0.136113
42 -0.316019 1.660743 -0.436518 0.103195 -0.266121 2.176744
43 33.015167 4.098595 0.924263 0.033334 0.057286 2.274355
44 24.232672 0.000005 -0.000014 -0.068127 -0.110393 0.104702
45 36.086792 4.202444 0.597923 0.281039 0.044684 1.466613
46 31.997391 0.000014 -0.000024 -0.056193 0.074990 0.272893
47 38.652004 4.684278 0.117209 0.209917 0.140642 0.849485
48 43.715790 -0.000010 -0.000014 -0.017669 0.144366 0.401595
49 43.484306 2.869920 -1.120594 0.310650 0.237419 0.392733
50 24.040899 0.000007 -0.000001 0.017502 0.120366 0.395207
51 9.514613 -0.007298 0.000333 -0.033342 -0.025557 0.274524
52 9.514625 -0.007270 0.000321 -0.036132 -0.038514 0.268102
53 9.514018 -0.005964 -0.000099 0.016992 -0.034733 0.221537
54 7.707393 0.000010 0.000001 0.095287 0.056062 0.477091
55 4.448519 0.767221 -0.000194 -3.141589 -0.000001 0.534505
56 3.779950 0.190334 -0.000003 0.000000 0.000000 0.415391
57 4.453077 -0.000005 -0.000000 -0.000000 0.000000 -0.219439
58 11.999998 2.000003 -0.000001 0.000000 0.000000 -0.000000
59 -7.416534 -1.769658 -9.686413 -1.726070 0.417775 1.283841
60 4.354646 0.000003 0.000005 0.153351 -0.875042 1.506280
61 14.558130 -0.000001 0.000000 -0.000000 -0.000000 -1.099143
62 34.349209 -0.000000 0.000005 1.631568 -0.045941 -0.137425
63 -0.315990 1.660919 0.436530 3.042948 0.331793 2.355437
64 33.015247 4.098916 -0.924284 3.108470 -0.078760 2.294906
65 24.232668 -0.000000 0.000000 0.079373 -0.100982 -0.161154
66 36.086739 4.202644 -0.597954 2.861058 -0.054415 1.489491
67 31.997387 -0.000001 0.000001 0.061506 0.085066 -0.301988
68 38.651920 4.684467 -0.117238 2.787221 -0.100903 0.935593
69 43.715797 0.000003 -0.000002 0.020574 0.176875 -0.428967
70 43.484421 2.870285 1.120560 2.835166 -0.228268 0.373655
71 24.040892 -0.000001 0.000001 -0.017688 0.133855 -0.402448
72 -4.202038 -8.502422 0.000024 -3.141133 -0.062652 -1.295452
73 10.992137 -0.000000 -0.000000 -0.000483 0.036444 0.267698
74 16.248436 -0.000000 -0.000000 0.006828 0.070872 0.390779
75 15.024572 0.000000 0.000000 0.005554 0.061822 0.269411
76 14.909704 -0.000005 0.000000 0.000632 0.025981 -0.075664
77 16.154041 0.000000 0.000000 0.013113 -0.023087 -0.432283
78 19.088512 0.000000 0.000000 0.033244 -0.071067 -0.515607
79 21.494041 0.000000 0.000000 0.055600 -0.119904 -0.459922
80 0.000000 0.000000 0.000000 0.000000 -0.000000 0.000000
81 0.000000 0.000000 0.000000 0.000000 -0.000000 0.000000
82 0.000000 0.000000 0.000000 0.000000 -0.000000 0.000000
time 15
0 0.000000 0.000000 0.000000 0.523599 -0.000000 0.000000
1 0.000000 0.000000 0.000000 0.000000 -0.000000 0.000000
2 0.000000 0.000000 0.000000 1.570796 -0.000000 0.000000
3 0.000000 0.000000 0.000000 -1.570796 -0.000000 0.000000
4 0.000000 0.000000 0.000000 1.570796 -0.000000 0.000000
5 0.000000 0.000000 0.000000 0.000000 -0.000000 0.000000
6 0.000000 0.000000 0.000000 0.000000 -0.000000 0.000000
7 0.000000 0.000000 0.000000 0.000000 -0.000000 0.000000
8 0.000000 0.000000 0.000000 0.000000 -0.000000 0.000000
9 0.000000 0.000000 0.000000 0.000000 -0.000000 0.000000
10 0.000000 0.000000 0.000000 0.000000 -0.000000 0.000000
11 0.000000 0.000000 0.000000 0.000000 -0.000000 0.000000
12 -0.127879 70.051727 2.076704 -3.141592 -1.254111 1.570796
13 0.000000 0.000000 0.000000 1.570793 -1.399613 -3.141587
14 -2.433090 8.088682 -0.000307 0.043852 -0.017900 1.104716
15 -5.928701 -5.378680 10.503029 2.949884 -0.146971 2.245185
16 15.588163 0.000000 -0.000001 -0.000000 -0.000000 -1.311780
17 13.398907 -0.000000 0.000000 0.000000 -0.000000 1.729887
18 10.264401 0.000000 -0.000000 0.047486 0.181176 -1.810652
19 3.852187 4.352265 -3.111403 -0.391162 0.322454 0.972734
20 5.222276 -0.000001 0.000001 -0.000000 -0.000000 -0.792727
21 3.852186 4.518144 -0.226015 0.071142 0.048090 1.516834
22 6.794558 -0.000000 0.000001 0.000000 -0.000000 -0.586578
23 3.852186 4.518146 2.824097 0.333149 -0.164292 0.824861
24 5.768850 0.000001 -0.000000 0.000000 -0.000000 -0.799721
25 -6.286498 -6.272921 -9.771592 -2.910105 0.039793 2.301444
26 15.588161 0.000001 -0.000001 -0.000000 -0.000000 -1.560142
27 13.398903 0.000003 0.000001 -0.000000 0.000000 1.982573
28 10.264397 -0.000003 0.000000 0.005008 -0.091614 -2.161077
29 3.852186 4.352265 3.111401 0.230777 -0.435573 0.847858
30 5.222275 0.000000 0.000000 0.000000 -0.000000 -0.837301
31 3.852186 4.518147 0.226011 -0.046500 -0.072429 1.110953
32 6.794564 -0.000000 -0.000000 0.000000 0.000000 -0.554469
33 3.852186 4.518147 -2.824095 -0.444744 0.489711 0.873856
34 5.768848 -0.000002 0.000001 0.000000 0.000000 -0.841743
35 7.890206 -0.007317 0.000028 -0.003781 0.004571 0.039269
36 9.192551 -0.008849 0.000054 -0.007952 0.003764 0.177483
37 11.231008 2.201848 0.000017 -0.003004 -0.003279 -0.068875
38 -7.468134 -2.097355 9.587427 1.758323 -0.555247 1.318196
39 4.354642 0.000001 -0.000004 -0.082094 0.834407 1.590481
40 14.558124 -0.000000 0.000000 0.000000 0.000000 -1.361377
41 34.349213 -0.000002 -0.000003 -1.754793 0.191713 -0.156756
42 -0.316019 1.660743 -0.436518 0.100920 -0.142922 2.234057
43 33.015167 4.098595 0.924263 0.108656 0.141831 2.301883
44 24.232672 0.000005 -0.000014 0.004056 -0.043018 0.107382
45 36.086792 4.202444 0.597923 0.335208 0.154404 1.476892
46 31.997391 0.000014 -0.000024 0.022131 0.194739 0.217714
47 38.652004 4.684278 0.117209 0.224912 0.259034 0.844727
48 43.715790 -0.000010 -0.000014 0.041774 0.312194 0.340081
49 43.484306 2.869920 -1.120594 0.283182 0.398177 0.361794
50 24.040899 0.000007 -0.000001 0.034871 0.326371 0.287489
51 9.514837 -0.007216 0.000405 -0.040919 -0.027976 0.306487
52 9.515026 -0.007148 0.000424 -0.050035 -0.041616 0.326995
53 9.514486 -0.005831 -0.000036 0.006484 -0.041408 0.309850
54 7.707393 0.000000 0.000000 0.098108 0.049973 0.501829
55 4.448519 0.767221 -0.000194 -3.141589 -0.000001 0.470225
56 3.779950 0.190334 -0.000003 0.000000 0.000000 0.396385
57 4.453077 -0.000005 -0.000000 -0.000000 0.000000 -0.132053
58 11.999998 2.000003 -0.000001 0.000000 0.000000 -0.000000
59 -7.399624 -2.085991 -9.644533 -1.768973 0.565859 1.316533
60 4.354647 -0.000001 -0.000000 0.068439 -0.835472 1.655742
61 14.558131 -0.000002 -0.000007 -0.000000 -0.000000 -1.357987
62 34.349209 -0.000002 0.000007 1.690964 -0.152455 -0.167254
63 -0.315990 1.660919 0.436530 3.044049 0.190778 2.368918
64 33.015247 4.098916 -0.924284 3.032854 -0.147698 2.306029
65 24.232668 -0.000000 -0.000000 -0.051754 0.026659 -0.169519
66 36.086739 4.202644 -0.597954 2.806169 -0.154153 1.489261
67 31.997387 -0.000001 0.000000 -0.053006 0.283407 -0.229387
68 38.651920 4.684467 -0.117238 2.717608 -0.369565 0.947739
69 43.715797 0.000003 -0.000001 -0.032697 0.411840 -0.302214
70 43.484421 2.870285 1.120560 2.863126 -0.378678 0.347124
71 24.040894 -0.000002 0.000000 -0.032956 0.335160 -0.281409
72 -4.202061 -8.502420 0.000024 3.141570 -0.048110 -1.270239
73 10.992137 -0.000000 -0.000000 0.000698 0.033421 0.276489
74 16.248436 -0.000000 -0.000000 0.007635 0.070842 0.404810
75 15.024572 0.000000 0.000000 0.011730 0.083370 0.322359
76 14.909708 -0.000005 0.000000 0.005872 0.051716 -0.027258
77 16.154041 0.000000 0.000000 0.015177 0.011851 -0.453249
78 19.088512 0.000000 0.000000 0.030031 -0.023805 -0.575981
79 21.494041 0.000000 0.000000 0.049917 -0.070041 -0.552521
80 0.000000 0.000000 0.000000 0.000000 -0.000000 0.000000
81 0.000000 0.000000 0.000000 0.000000 -0.000000 0.000000
82 0.000000 0.000000 0.000000 0.000000 -0.000000 0.000000
time 16
0 0.000000 0.000000 0.000000 0.523599 -0.000000 0.000000
1 0.000000 0.000000 0.000000 0.000000 -0.000000 0.000000
2 0.000000 0.000000 0.000000 1.570796 -0.000000 0.000000
3 0.000000 0.000000 0.000000 -1.570796 -0.000000 0.000000
4 0.000000 0.000000 0.000000 1.570796 -0.000000 0.000000
5 0.000000 0.000000 0.000000 0.000000 -0.000000 0.000000
6 0.000000 0.000000 0.000000 0.000000 -0.000000 0.000000
7 0.000000 0.000000 0.000000 0.000000 -0.000000 0.000000
8 0.000000 0.000000 0.000000 0.000000 -0.000000 0.000000
9 0.000000 0.000000 0.000000 0.000000 -0.000000 0.000000
10 0.000000 0.000000 0.000000 0.000000 -0.000000 0.000000
11 0.000000 0.000000 0.000000 0.000000 -0.000000 0.000000
12 -0.369613 67.632156 0.503458 -3.141592 -1.254111 1.570796
13 0.000000 0.000000 0.000000 1.570793 -1.399613 -3.141587
14 -2.433150 8.088564 -0.000353 0.051082 -0.029265 1.074635
15 -5.686172 -5.435311 10.607926 2.953012 -0.141254 2.317479
16 15.588158 0.000001 -0.000000 -0.000000 -0.000000 -1.407577
17 13.398909 0.000003 0.000000 0.000000 -0.000000 1.856524
18 10.264403 -0.000002 -0.000001 0.015489 0.240144 -1.954372
19 3.852187 4.352265 -3.111403 -0.385118 0.315674 0.994642
20 5.222274 0.000000 -0.000000 -0.000000 -0.000000 -0.809107
21 3.852186 4.518144 -0.226015 0.065657 0.055607 1.408698
22 6.794561 -0.000000 -0.000001 -0.000000 0.000000 -0.586291
23 3.852186 4.518146 2.824097 0.333149 -0.164292 0.824861
24 5.768848 0.000001 -0.000001 0.000000 -0.000000 -0.799721
25 -6.262618 -6.483929 -9.651600 -2.923242 0.078742 2.213726
26 15.588171 0.000002 -0.000001 -0.000000 -0.000000 -1.489162
27 13.398907 0.000000 -0.000001 -0.000000 0.000000 1.849319
28 10.264400 -0.000000 0.000000 0.009024 -0.131414 -2.052247
29 3.852186 4.352265 3.111401 0.315210 -0.469996 0.815262
30 5.222273 -0.000001 0.000000 -0.000000 -0.000000 -0.827887
31 3.852186 4.518147 0.226011 -0.030429 -0.079930 0.904055
32 6.794560 -0.000002 0.000001 -0.000000 0.000000 -0.777370
33 3.852186 4.518147 -2.824095 -0.444744 0.489711 0.873856
34 5.768847 -0.000002 0.000000 0.000000 -0.000000 -0.841743
35 7.890386 -0.007309 0.000028 -0.003663 0.005908 0.070209
36 9.192516 -0.008857 0.000008 -0.002292 0.037653 0.170854
37 11.230912 2.201865 0.000027 -0.003078 -0.011535 -0.098363
38 -7.331487 -2.212210 9.673005 1.830466 -0.848860 1.346889
39 4.354646 0.000000 0.000007 -0.390340 0.662544 1.391438
40 14.558127 0.000000 -0.000005 -0.000000 -0.000000 -1.461067
41 34.349213 -0.000001 -0.000003 -1.776476 0.283080 -0.179536
42 -0.316019 1.660743 -0.436518 0.098557 -0.012845 2.294562
43 33.015167 4.098595 0.924263 0.294842 0.351719 2.387440
44 24.232672 0.000005 -0.000014 0.098560 0.030476 0.131782
45 36.086792 4.202444 0.597923 0.458847 0.445344 1.546229
46 31.997391 0.000014 -0.000024 0.083957 0.363297 0.166935
47 38.652004 4.684278 0.117209 0.231974 0.549859 0.849062
48 43.715790 -0.000010 -0.000014 0.045041 0.507903 0.263601
49 43.484306 2.869920 -1.120594 0.169198 0.739998 0.270862
50 24.040901 0.000007 -0.000001 -0.048703 0.473282 0.134315
51 9.515059 -0.007138 0.000385 -0.044942 -0.029300 0.340850
52 9.515327 -0.007043 0.000414 -0.055022 -0.041790 0.376756
53 9.514692 -0.005758 -0.000008 0.000813 -0.039260 0.358486
54 7.707398 -0.000001 0.000000 0.083127 0.046062 0.485225
55 4.448519 0.767221 -0.000194 -3.141589 -0.000001 0.472657
56 3.779950 0.190334 -0.000003 0.000000 0.000000 0.418842
57 4.453077 -0.000005 -0.000000 -0.000000 0.000000 -0.046423
58 11.999998 2.000003 -0.000001 0.000000 0.000000 -0.000000
59 -7.496750 -2.161980 -9.554471 -1.798666 0.801604 1.360564
60 4.354648 -0.000000 -0.000000 0.384579 -0.624736 1.509456
61 14.558131 -0.000002 0.000000 0.000000 -0.000000 -1.475524
62 34.349213 -0.000003 -0.000003 1.760550 -0.227077 -0.202060
63 -0.315990 1.660919 0.436530 3.045201 0.041891 2.383149
64 33.015247 4.098916 -0.924284 2.847577 -0.347156 2.381244
65 24.232668 -0.000000 -0.000000 -0.170815 0.141492 -0.191993
66 36.086739 4.202644 -0.597954 2.682436 -0.433454 1.562171
67 31.997387 -0.000001 0.000000 -0.143712 0.507322 -0.162351
68 38.651920 4.684467 -0.117238 2.681619 -0.676221 0.993233
69 43.715801 0.000003 0.000000 -0.046632 0.658304 -0.167988
70 43.484421 2.870285 1.120560 2.970130 -0.713363 0.283597
71 24.040895 -0.000002 0.000000 0.046417 0.485657 -0.136329
72 -4.202042 -8.502417 0.000024 3.141117 -0.029550 -1.137891
73 10.992137 -0.000000 -0.000000 0.001741 0.030877 0.281389
74 16.248438 -0.000000 -0.000000 0.006209 0.055006 0.410674
75 15.024572 0.000000 0.000000 0.013006 0.081292 0.355394
76 14.909706 -0.000005 0.000000 0.011380 0.074266 0.056425
77 16.154043 0.000000 0.000000 0.012856 0.061698 -0.370711
78 19.088514 0.000000 0.000000 0.024322 0.025166 -0.606909
79 21.494041 0.000000 0.000000 0.040355 -0.014798 -0.635924
80 0.000000 0.000000 0.000000 0.000000 -0.000000 0.000000
81 0.000000 0.000000 0.000000 0.000000 -0.000000 0.000000
82 0.000000 0.000000 0.000000 0.000000 -0.000000 0.000000
time 17
0 0.000000 0.000000 0.000000 0.523599 -0.000000 0.000000
1 0.000000 0.000000 0.000000 0.000000 -0.000000 0.000000
2 0.000000 0.000000 0.000000 1.570796 -0.000000 0.000000
3 0.000000 0.000000 0.000000 -1.570796 -0.000000 0.000000
4 0.000000 0.000000 0.000000 1.570796 -0.000000 0.000000
5 0.000000 0.000000 0.000000 0.000000 -0.000000 0.000000
6 0.000000 0.000000 0.000000 0.000000 -0.000000 0.000000
7 0.000000 0.000000 0.000000 0.000000 -0.000000 0.000000
8 0.000000 0.000000 0.000000 0.000000 -0.000000 0.000000
9 0.000000 0.000000 0.000000 0.000000 -0.000000 0.000000
10 0.000000 0.000000 0.000000 0.000000 -0.000000 0.000000
11 0.000000 0.000000 0.000000 0.000000 -0.000000 0.000000
12 -0.639828 65.504013 -0.881428 -3.141592 -1.254111 1.570796
13 0.000000 0.000000 0.000000 1.570793 -1.399613 -3.141587
14 -2.433199 8.088482 -0.000393 0.057243 -0.038115 1.057913
15 -5.479102 -5.464334 10.697955 2.963544 -0.120641 2.320602
16 15.588145 -0.000000 0.000001 0.000000 -0.000000 -1.478112
17 13.398910 0.000003 0.000000 -0.000000 0.000000 1.921788
18 10.264400 -0.000003 0.000000 -0.008666 0.248772 -2.054770
19 3.852187 4.352265 -3.111403 -0.406722 0.327127 1.001644
20 5.222275 -0.000000 0.000000 -0.000000 -0.000000 -0.817725
21 3.852186 4.518144 -0.226015 0.062198 0.059880 1.345083
22 6.794563 -0.000002 0.000001 -0.000000 0.000000 -0.644784
23 3.852186 4.518146 2.824097 0.333149 -0.164292 0.824861
24 5.768845 0.000001 -0.000001 0.000000 -0.000000 -0.799721
25 -6.251316 -6.642375 -9.547410 -2.930168 0.117925 2.124828
26 15.588161 0.000004 -0.000001 -0.000000 -0.000000 -1.412481
27 13.398908 -0.000000 -0.000001 0.000000 0.000000 1.740699
28 10.264399 -0.000000 0.000000 -0.000487 -0.139900 -1.877316
29 3.852186 4.352265 3.111401 0.394153 -0.500400 0.783221
30 5.222273 -0.000002 -0.000000 -0.000000 -0.000000 -0.812896
31 3.852186 4.518147 0.226011 -0.023097 -0.083262 0.810161
32 6.794558 0.000000 0.000001 -0.000000 -0.000000 -0.828014
33 3.852186 4.518147 -2.824095 -0.444744 0.489712 0.873855
34 5.768848 -0.000001 0.000001 0.000000 0.000000 -0.841743
35 7.890708 -0.007278 0.000026 -0.003458 0.007038 0.112731
36 9.192472 -0.008872 -0.000037 0.003546 0.072165 0.163572
37 11.231043 2.201848 0.000049 -0.004880 -0.024498 -0.102957
38 -7.181106 -2.103580 9.806190 1.943068 -1.393570 1.290541
39 4.354645 -0.000000 0.000001 -1.024497 0.117824 1.071939
40 14.558131 -0.000000 0.000003 -0.000000 -0.000000 -1.324031
41 34.349209 0.000003 -0.000001 -1.795596 0.316859 -0.189589
42 -0.316019 1.660743 -0.436518 0.096796 0.083749 2.339498
43 33.015167 4.098595 0.924263 0.499228 0.473533 2.509421
44 24.232672 0.000005 -0.000014 0.271182 0.269581 0.213255
45 36.086792 4.202444 0.597923 0.637911 0.630816 1.700761
46 31.997391 0.000014 -0.000024 0.206043 0.654923 0.136689
47 38.652004 4.684278 0.117209 0.253419 0.782590 0.890449
48 43.715790 -0.000010 -0.000014 0.085472 0.801397 0.198704
49 43.484306 2.869920 -1.120594 0.006648 0.930797 0.175954
50 24.040899 0.000007 -0.000001 -0.124344 0.709950 -0.044694
51 9.515316 -0.007049 0.000266 -0.040011 -0.028883 0.370174
52 9.515565 -0.006955 0.000281 -0.040655 -0.035289 0.411509
53 9.514674 -0.005767 -0.000014 0.001069 -0.025915 0.361244
54 7.707393 0.000006 -0.000000 0.049740 0.042791 0.433177
55 4.448519 0.767221 -0.000194 -3.141589 -0.000001 0.573563
56 3.779950 0.190334 -0.000003 0.000000 0.000000 0.473714
57 4.453077 -0.000005 -0.000000 -0.000000 0.000000 0.006148
58 11.999998 2.000003 -0.000001 0.000000 0.000000 -0.000000
59 -7.710391 -1.993942 -9.414370 -1.731154 1.264126 1.487428
60 4.354643 0.000000 -0.000006 1.029429 -0.085491 1.284682
61 14.558129 -0.000001 0.000000 -0.000000 -0.000000 -1.370150
62 34.349209 -0.000001 -0.000000 1.828528 -0.275598 -0.231997
63 -0.315990 1.660919 0.436530 3.046058 -0.068672 2.393718
64 33.015247 4.098916 -0.924284 2.643036 -0.471930 2.499679
65 24.232668 -0.000000 -0.000000 -0.237887 0.228907 -0.210460
66 36.086739 4.202644 -0.597954 2.511168 -0.622043 1.707564
67 31.997385 -0.000001 0.000000 -0.173297 0.603979 -0.146367
68 38.651920 4.684467 -0.117238 2.685660 -0.751436 1.007107
69 43.715797 0.000003 -0.000001 -0.053484 0.744401 -0.128554
70 43.484421 2.870285 1.120560 -3.137680 -0.900521 0.177924
71 24.040894 -0.000002 0.000000 0.137013 0.717120 0.028100
72 -4.201984 -8.502426 0.000024 3.141130 -0.013007 -1.035436
73 10.992137 -0.000000 -0.000000 0.002681 0.028046 0.277592
74 16.248436 -0.000000 -0.000000 0.005900 0.043699 0.411750
75 15.024572 0.000000 0.000000 0.012369 0.068133 0.375445
76 14.909705 -0.000005 0.000000 0.015955 0.090624 0.134157
77 16.154041 0.000000 0.000000 0.010102 0.101033 -0.273448
78 19.088512 0.000000 0.000000 0.016228 0.068000 -0.581203
79 21.494041 0.000000 0.000000 0.028445 0.041066 -0.699474
80 0.000000 0.000000 0.000000 0.000000 -0.000000 0.000000
81 0.000000 0.000000 0.000000 0.000000 -0.000000 0.000000
82 0.000000 0.000000 0.000000 0.000000 -0.000000 0.000000
time 18
0 0.000000 0.000000 0.000000 0.523599 -0.000000 0.000000
1 0.000000 0.000000 0.000000 0.000000 -0.000000 0.000000
2 0.000000 0.000000 0.000000 1.570796 -0.000000 0.000000
3 0.000000 0.000000 0.000000 -1.570796 -0.000000 0.000000
4 0.000000 0.000000 0.000000 1.570796 -0.000000 0.000000
5 0.000000 0.000000 0.000000 0.000000 -0.000000 0.000000
6 0.000000 0.000000 0.000000 0.000000 -0.000000 0.000000
7 0.000000 0.000000 0.000000 0.000000 -0.000000 0.000000
8 0.000000 0.000000 0.000000 0.000000 -0.000000 0.000000
9 0.000000 0.000000 0.000000 0.000000 -0.000000 0.000000
10 0.000000 0.000000 0.000000 0.000000 -0.000000 0.000000
11 0.000000 0.000000 0.000000 0.000000 -0.000000 0.000000
12 -0.546107 63.043118 -2.481129 -3.141592 -1.254111 1.570796
13 0.000000 0.000000 0.000000 1.570793 -1.399613 -3.141587
14 -2.433250 8.088401 -0.000433 0.062900 -0.045868 1.045656
15 -5.281766 -5.489855 10.783703 2.982246 -0.079023 2.229013
16 15.588161 -0.000000 -0.000000 0.000000 -0.000000 -1.470606
17 13.398908 0.000000 -0.000001 -0.000000 0.000000 1.825634
18 10.264401 -0.000001 -0.000001 0.005220 0.182622 -1.997147
19 3.852187 4.352265 -3.111403 -0.473638 0.368581 0.984313
20 5.222273 0.000001 -0.000001 0.000000 -0.000000 -0.820217
21 3.852186 4.518144 -0.226015 0.050226 0.069247 1.167941
22 6.794559 -0.000000 0.000000 0.000000 -0.000000 -0.828570
23 3.852186 4.518146 2.824097 0.333149 -0.164292 0.824861
24 5.768846 -0.000001 -0.000001 0.000000 -0.000000 -0.799721
25 -6.241986 -6.787810 -9.449041 -2.926419 0.157246 2.036062
26 15.588155 -0.000001 0.000002 -0.000000 -0.000000 -1.368442
27 13.398908 -0.000001 0.000002 0.000000 -0.000000 1.643845
28 10.264396 0.000003 0.000000 -0.034628 -0.085426 -1.586988
29 3.852186 4.352265 3.111401 0.454822 -0.520490 0.758404
30 5.222273 -0.000001 0.000001 -0.000000 -0.000000 -0.804208
31 3.852186 4.518147 0.226011 -0.024746 -0.082498 0.831365
32 6.794556 0.000000 0.000001 -0.000000 -0.000000 -0.842212
33 3.852186 4.518147 -2.824095 -0.444744 0.489711 0.873856
34 5.768848 0.000000 0.000001 0.000000 0.000000 -0.841743
35 7.891059 -0.007237 0.000024 -0.003254 0.008131 0.154111
36 9.192414 -0.008871 -0.000081 0.009059 0.105121 0.157016
37 11.231239 2.201842 0.000078 -0.008465 -0.043012 -0.077109
38 -7.032921 -1.944277 9.945730 -1.602072 -1.413675 -1.479527
39 4.354646 0.000003 0.000006 -1.229010 -0.326419 0.955459
40 14.558136 0.000007 0.000002 -0.000000 -0.000000 -1.152611
41 34.349216 -0.000006 -0.000003 -1.802383 0.204350 -0.165662
42 -0.316019 1.660743 -0.436518 0.095220 0.169905 2.379578
43 33.015167 4.098595 0.924263 0.312112 0.328637 2.411212
44 24.232672 0.000005 -0.000014 0.278259 0.333906 0.250698
45 36.086792 4.202444 0.597923 0.443126 0.408350 1.644391
46 31.997391 0.000014 -0.000024 0.238980 0.664298 0.224892
47 38.652004 4.684278 0.117209 0.173402 0.532115 0.929542
48 43.715790 -0.000010 -0.000014 0.108694 0.792129 0.270679
49 43.484306 2.869920 -1.120594 0.127055 0.663091 0.409894
50 24.040899 0.000007 -0.000001 -0.084383 0.726746 0.045101
51 9.515565 -0.006948 0.000111 -0.020907 -0.024754 0.401985
52 9.515777 -0.006861 0.000107 -0.015018 -0.024547 0.441406
53 9.514596 -0.005782 -0.000030 0.003922 -0.007461 0.345307
54 7.707397 -0.000006 -0.000000 0.013860 0.039590 0.376131
55 4.448519 0.767221 -0.000194 -3.141589 -0.000001 0.724973
56 3.779950 0.190334 -0.000003 0.000000 -0.000000 0.557803
57 4.453077 -0.000005 -0.000000 -0.000000 0.000000 0.039599
58 11.999998 2.000003 -0.000001 0.000000 0.000000 -0.000000
59 -7.953109 -1.764089 -9.261267 0.851612 1.459201 -2.222400
60 4.354645 -0.000000 -0.000000 1.313511 0.352091 1.138798
61 14.558130 -0.000003 0.000002 0.000000 -0.000000 -1.170181
62 34.349201 0.000000 -0.000000 2.395087 -0.247902 -0.337001
63 -0.315990 1.660919 0.436530 3.046824 -0.167286 2.403146
64 33.015247 4.098916 -0.924284 2.827461 -0.346468 2.400183
65 24.232668 -0.000000 -0.000000 -0.232379 0.283150 -0.211734
66 36.086739 4.202644 -0.597954 2.704610 -0.420924 1.629140
67 31.997387 -0.000000 -0.000000 -0.174396 0.617172 -0.199910
68 38.651920 4.684467 -0.117238 2.771642 -0.492370 0.976865
69 43.715797 0.000003 0.000000 -0.059864 0.736315 -0.191281
70 43.484421 2.870285 1.120560 3.044307 -0.634926 0.348312
71 24.040895 -0.000002 -0.000000 0.116236 0.723692 -0.022392
72 -4.201984 -8.502426 0.000024 -3.141422 0.005736 -1.085528
73 10.992138 -0.000000 -0.000000 0.003382 0.022137 0.266085
74 16.248436 -0.000000 -0.000000 0.007932 0.041762 0.402499
75 15.024572 0.000000 0.000000 0.014628 0.065038 0.372854
76 14.909707 -0.000005 0.000000 0.017047 0.088526 0.157412
77 16.154041 0.000000 0.000000 0.009836 0.101857 -0.223727
78 19.088512 0.000000 0.000000 0.003815 0.104961 -0.471788
79 21.494041 0.000000 0.000000 0.011787 0.092979 -0.694716
80 0.000000 0.000000 0.000000 0.000000 -0.000000 0.000000
81 0.000000 0.000000 0.000000 0.000000 -0.000000 0.000000
82 0.000000 0.000000 0.000000 0.000000 -0.000000 0.000000
time 19
0 0.000000 0.000000 0.000000 0.523599 -0.000000 0.000000
1 0.000000 0.000000 0.000000 0.000000 -0.000000 0.000000
2 0.000000 0.000000 0.000000 1.570796 -0.000000 0.000000
3 0.000000 0.000000 0.000000 -1.570796 -0.000000 0.000000
4 0.000000 0.000000 0.000000 1.570796 -0.000000 0.000000
5 0.000000 0.000000 0.000000 0.000000 -0.000000 0.000000
6 0.000000 0.000000 0.000000 0.000000 -0.000000 0.000000
7 0.000000 0.000000 0.000000 0.000000 -0.000000 0.000000
8 0.000000 0.000000 0.000000 0.000000 -0.000000 0.000000
9 0.000000 0.000000 0.000000 0.000000 -0.000000 0.000000
10 0.000000 0.000000 0.000000 0.000000 -0.000000 0.000000
11 0.000000 0.000000 0.000000 0.000000 -0.000000 0.000000
12 1.551847 62.562061 -2.810579 -3.141592 -1.254111 1.570796
13 0.000000 0.000000 0.000000 1.570793 -1.399613 -3.141587
14 -2.433030 8.088799 -0.000345 0.052234 -0.031812 1.103647
15 -5.813796 -5.198037 10.614209 2.941614 -0.040178 2.032785
16 15.588189 -0.000001 -0.000001 -0.000000 -0.000000 -1.169824
17 13.398907 0.000000 0.000000 -0.000000 0.000000 1.391337
18 10.264399 -0.000000 0.000001 0.111446 0.139113 -1.514114
19 3.852187 4.352265 -3.111403 -0.512048 0.379630 1.104428
20 5.222272 0.000000 0.000001 -0.000000 -0.000000 -0.942920
21 3.852186 4.518144 -0.226015 0.050557 0.069383 1.169999
22 6.794561 0.000000 -0.000002 -0.000000 -0.000000 -0.820710
23 3.852186 4.518146 2.824097 0.333149 -0.164292 0.824861
24 5.768848 0.000000 -0.000002 0.000000 -0.000000 -0.799721
25 -6.456057 -6.247114 -9.636562 -2.912140 0.190690 1.948253
26 15.588162 -0.000000 0.000000 -0.000000 -0.000000 -1.153834
27 13.398907 0.000001 0.000000 0.000000 -0.000000 1.296553
28 10.264401 -0.000000 0.000000 -0.051416 -0.069597 -1.297844
29 3.852186 4.352265 3.111401 0.417265 -0.500161 0.891066
30 5.222270 0.000003 -0.000000 0.000000 0.000000 -0.925260
31 3.852186 4.518147 0.226011 -0.034317 -0.078799 0.950735
32 6.794559 -0.000001 -0.000001 -0.000000 0.000000 -0.723029
33 3.852186 4.518147 -2.824095 -0.444744 0.489711 0.873855
34 5.768847 0.000002 0.000001 0.000000 -0.000000 -0.841743
35 7.891005 -0.007239 0.000022 -0.002886 0.005979 0.142459
36 9.192518 -0.008859 -0.000116 0.010780 0.107011 0.162434
37 11.231594 2.201822 0.000042 -0.004952 -0.039651 -0.033522
38 -7.226870 -1.526387 9.871626 -2.474517 -1.292824 -0.634550
39 4.354646 0.000006 0.000003 -0.885469 -0.016374 0.750406
40 14.558136 -0.000000 0.000003 -0.000000 -0.000000 -0.659970
41 34.349201 -0.000003 -0.000008 -1.759676 -0.104303 -0.099987
42 -0.316019 1.660743 -0.436518 0.096598 0.094306 2.344409
43 33.015167 4.098595 0.924263 -0.085525 -0.228730 2.294585
44 24.232672 0.000005 -0.000014 -0.045193 0.266702 -0.205535
45 36.086792 4.202444 0.597923 0.155876 -0.368821 1.162820
46 31.997391 0.000014 -0.000024 -0.092037 0.307110 -0.131450
47 38.652004 4.684278 0.117209 0.135710 -0.217943 0.379044
48 43.715790 -0.000010 -0.000014 -0.079162 0.267382 -0.054977
49 43.484306 2.869920 -1.120594 0.318498 -0.266001 -0.315983
50 24.040899 0.000007 -0.000001 -0.043030 0.060492 -0.138824
51 9.515224 -0.007094 0.000044 -0.004151 -0.012315 0.374314
52 9.515232 -0.007092 0.000039 -0.004336 -0.011831 0.375151
53 9.514036 -0.005953 -0.000012 0.003614 0.001435 0.261971
54 7.707396 -0.000000 -0.000000 -0.033715 0.015360 0.366334
55 4.448519 0.767221 -0.000194 -3.141589 -0.000001 0.789658
56 3.779950 0.190334 -0.000003 0.000000 -0.000000 0.578077
57 4.453077 -0.000005 -0.000000 -0.000000 0.000000 0.006751
58 11.999998 2.000003 -0.000001 0.000000 0.000000 -0.000000
59 -7.923278 -1.500791 -9.330886 2.306074 1.354196 -0.797955
60 4.354646 0.000000 0.000000 0.998598 0.115244 0.857149
61 14.558137 0.000003 -0.000003 0.000000 0.000000 -0.660008
62 34.349209 -0.000003 0.000007 1.723035 0.104922 -0.133611
63 -0.315990 1.660919 0.436530 3.046153 -0.080755 2.394874
64 33.015247 4.098916 -0.924284 -3.059402 0.196885 2.240726
65 24.232668 -0.000000 -0.000000 -0.026068 0.023062 -0.219832
66 36.086739 4.202644 -0.597954 2.981645 0.337290 1.130635
67 31.997387 -0.000001 0.000000 0.024980 0.222452 -0.288751
68 38.651920 4.684467 -0.117238 2.857071 0.224864 0.459474
69 43.715797 0.000003 -0.000001 0.076180 0.266621 -0.333668
70 43.484421 2.870285 1.120560 2.821447 0.255344 -0.319704
71 24.040894 -0.000002 0.000000 0.046358 0.051384 0.163940
72 -4.201984 -8.502426 0.000024 3.140516 0.054549 -1.175731
73 10.992137 -0.000000 -0.000000 0.002439 -0.023573 0.237171
74 16.248436 -0.000000 -0.000000 0.013075 0.025107 0.285668
75 15.024572 0.000000 0.000000 0.019748 0.057998 0.232739
76 14.909706 -0.000005 0.000000 0.018222 0.085567 0.077864
77 16.154041 0.000000 0.000000 0.006733 0.107767 -0.174093
78 19.088512 0.000000 0.000000 -0.003135 0.127873 -0.245797
79 21.494041 0.000000 0.000000 -0.010771 0.148190 -0.409149
80 0.000000 0.000000 0.000000 0.000000 -0.000000 0.000000
81 0.000000 0.000000 0.000000 0.000000 -0.000000 0.000000
82 0.000000 0.000000 0.000000 0.000000 -0.000000 0.000000
end
