version 1
nodes
0 "Sketchfab_model" -1
1 "root" 0
2 "GLTF_SceneRootNode" 1
3 "Sketchfab_model_0" 2
4 "Dragon_Boss_05.fbx_1" 3
5 "Object_2_2" 4
6 "RootNode_3" 5
7 "Dragon_Boss_05_4" 6
8 "Object_5_5" 7
9 "GLTF_created_0" 8
10 "GLTF_created_0_rootJoint" 9
11 "_rootJoint_6" 10
12 "Bip001_00_9" 11
13 "Bip001 Pelvis_01_10" 12
14 "Bip001 Spine_02_11" 13
15 "Bip001 L Thigh_03_12" 14
16 "Bip001 L Calf_04_13" 15
17 "Bip001 L HorseLink_05_14" 16
18 "Bip001 L Foot_06_15" 17
19 "Bip001 L Toe0_07_16" 18
20 "Bip001 L Toe01_08_17" 19
21 "Bip001 L Toe1_09_18" 18
22 "Bip001 L Toe11_010_19" 21
23 "Bip001 L Toe2_011_20" 18
24 "Bip001 L Toe21_012_21" 23
25 "Bip001 R Thigh_013_22" 14
26 "Bip001 R Calf_014_23" 25
27 "Bip001 R HorseLink_015_24" 26
28 "Bip001 R Foot_016_25" 27
29 "Bip001 R Toe0_017_26" 28
30 "Bip001 R Toe01_018_27" 29
31 "Bip001 R Toe1_019_28" 28
32 "Bip001 R Toe11_020_29" 31
33 "Bip001 R Toe2_021_30" 28
34 "Bip001 R Toe21_022_31" 33
35 "Bip001 Spine1_023_32" 14
36 "Bip001 Spine2_024_33" 35
37 "Bip001 Neck_025_34" 36
38 "Bip001 L Clavicle_026_35" 37
39 "Bip001 L UpperArm_027_36" 38
40 "Bip001 L Forearm_028_37" 39
41 "Bip001 L Hand_029_38" 40
42 "Bone005(mirrored)_030_39" 40
43 "Bone007(mirrored)_031_40" 40
44 "Bone008(mirrored)_032_41" 43
45 "Bone010(mirrored)_033_42" 40
46 "Bone011(mirrored)_034_43" 45
47 "Bone013(mirrored)_035_44" 40
48 "Bone014(mirrored)_036_45" 47
49 "Bone016(mirrored)_037_46" 40
50 "Bone017(mirrored)_038_47" 49
51 "Bip001 Neck1_039_48" 37
52 "Bip001 Neck2_040_49" 51
53 "Bip001 Neck3_041_50" 52
54 "Bip001 Head_042_51" 53
55 "Bone001_043_52" 54
56 "Bone003_044_53" 55
57 "Bone004_045_54" 56
58 "mouthPoint_046_55" 54
59 "Bip001 R Clavicle_047_56" 37
60 "Bip001 R UpperArm_048_57" 59
61 "Bip001 R Forearm_049_58" 60
62 "Bip001 R Hand_050_59" 61
63 "Bone005_051_60" 61
64 "Bone007_052_61" 61
65 "Bone008_053_62" 64
66 "Bone010_054_63" 61
67 "Bone011_055_64" 66
68 "Bone013_056_65" 61
69 "Bone014_057_66" 68
70 "Bone016_058_67" 61
71 "Bone017_059_68" 70
72 "Bone019_060_69" 13
73 "Bone020_061_70" 72
74 "Bone021_062_71" 73
75 "Bone022_063_72" 74
76 "Bone023_064_73" 75
77 "Bone024_065_74" 76
78 "Bone025_066_75" 77
79 "Bone026_067_76" 78
80 "Object_8_8_correction" 9
81 "Object_8_8" 80
82 "Object_82" 9
end
skeleton
time 0
0 0.000000 0.000000 0.000000 -0.000000 -0.000000 0.000000
1 0.000000 0.000000 0.000000 0.000000 -0.000000 0.000000
2 0.000000 0.000000 0.000000 1.570796 -0.000000 0.000000
3 0.000000 0.000000 0.000000 -1.570796 -0.000000 0.000000
4 0.000000 0.000000 0.000000 1.570796 -0.000000 0.000000
5 0.000000 0.000000 0.000000 0.000000 -0.000000 0.000000
6 0.000000 0.000000 0.000000 0.000000 -0.000000 0.000000
7 0.000000 0.000000 0.000000 0.000000 -0.000000 0.000000
8 0.000000 0.000000 0.000000 0.000000 -0.000000 0.000000
9 0.000000 0.000000 0.000000 0.000000 -0.000000 0.000000
10 0.000000 0.000000 0.000000 0.000000 -0.000000 0.000000
11 0.000000 0.000000 0.000000 0.000000 -0.000000 0.000000
12 -0.226275 53.287376 -6.469459 3.141593 -1.154651 1.570796
13 0.000000 0.000000 0.000000 1.570822 -1.370872 3.141584
14 -2.002059 6.010928 -0.000254 0.048704 -0.044067 1.332175
15 -4.983124 -3.066220 7.987225 2.957582 -0.112675 1.767113
16 11.691120 -0.000001 -0.000000 0.000000 -0.000000 -1.547016
17 10.049182 0.000002 0.000000 0.000000 0.000000 1.552513
18 7.698300 -0.000003 0.000000 0.020001 -0.002009 -1.743571
19 2.889140 3.264199 -2.333552 -0.473641 0.469881 1.100821
20 3.916703 0.000000 0.000001 0.000000 -0.000000 -0.672509
21 2.889140 3.388608 -0.169511 0.052231 0.068518 1.191691
22 5.095921 -0.000001 0.000000 -0.000000 0.000000 -0.785896
23 2.889140 3.388609 2.118073 0.308594 -0.207738 0.957572
24 4.326633 -0.000000 -0.000000 -0.000000 0.000000 -0.662261
25 -5.646980 -3.778616 -7.202607 -2.898664 0.171814 1.936975
26 11.691122 0.000000 0.000001 -0.000000 -0.000000 -1.436366
27 10.049183 -0.000000 -0.000000 -0.000000 -0.000000 1.816061
28 7.698300 -0.000000 -0.000000 0.015134 0.068308 -1.335407
29 2.889139 3.264199 2.333550 0.456326 -0.566905 0.818862
30 3.916705 -0.000002 -0.000000 -0.000000 -0.000000 -0.725192
31 2.889140 3.388610 0.169508 -0.030971 -0.080050 0.909236
32 5.095920 -0.000000 0.000001 -0.000000 -0.000000 -0.764412
33 2.889140 3.388611 -2.118072 -0.405547 0.518480 0.952182
34 4.326636 -0.000001 0.000000 0.000000 -0.000000 -0.768071
35 5.918857 -0.005308 0.000015 -0.001250 0.004607 0.247823
36 6.895387 -0.006386 -0.000318 0.040137 0.056071 0.306133
37 8.423619 1.651367 0.000070 -0.011347 -0.035279 -0.029198
38 -5.408854 -1.293054 7.397542 1.820911 -0.868834 1.308489
39 3.265981 0.000000 0.000000 -1.070742 0.230873 0.717268
40 10.918598 -0.000001 -0.000000 -0.000000 0.000000 -0.663051
41 25.761902 0.000000 -0.000002 -1.714697 -0.042593 -0.019349
42 -0.237014 1.245558 -0.327389 0.091757 -0.035051 2.384463
43 24.761375 3.073946 0.693197 -0.282875 -0.248046 2.270855
44 18.174503 0.000004 -0.000011 -0.192894 -0.098099 0.003177
45 27.065092 3.151833 0.448442 -0.033791 -0.476601 1.412874
46 23.998043 0.000011 -0.000018 -0.160125 -0.138419 0.082601
47 28.989002 3.513209 0.087907 -0.021400 -0.629380 0.665543
48 32.786842 -0.000007 -0.000011 -0.127814 -0.235428 0.078996
49 32.613228 2.152440 -0.840445 0.244527 -0.536539 0.024791
50 18.030674 0.000005 -0.000001 -0.086549 -0.255338 0.194138
51 7.136341 -0.005346 0.000033 -0.005852 -0.012505 0.351776
52 7.136021 -0.005450 0.000014 -0.002430 -0.014898 0.291784
53 7.135754 -0.004413 -0.000040 0.008564 0.000073 0.300886
54 5.780547 -0.000010 -0.000000 -0.024236 0.075096 -0.128799
55 3.336389 0.575416 -0.000145 -3.141589 -0.000001 0.777119
56 2.834963 0.142751 -0.000002 0.000000 0.000000 0.674728
57 3.339808 -0.000004 -0.000000 -0.000000 0.000000 -0.230347
58 8.999998 1.500002 -0.000001 0.000000 0.000000 -0.000000
59 -5.930979 -1.129401 -7.014211 -1.704558 0.864274 1.397717
60 3.265982 -0.000000 0.000000 1.046765 -0.137473 0.926168
61 10.918598 -0.000002 0.000005 -0.000000 -0.000000 -0.677559
62 25.761904 0.000002 -0.000000 1.902930 0.095488 -0.165948
63 -0.236993 1.245689 0.327398 3.049835 0.010956 2.386688
64 24.761436 3.074187 -0.693213 -3.039588 0.138097 2.323128
65 18.174500 -0.000000 -0.000000 0.165008 -0.223729 0.089012
66 27.065054 3.151983 -0.448465 3.129563 0.252027 1.639362
67 23.998041 -0.000000 -0.000000 0.238360 -0.317181 -0.016184
68 28.988941 3.513350 -0.087928 3.042202 0.309689 1.095435
69 32.786846 0.000002 0.000000 0.182563 -0.277563 -0.088009
70 32.613316 2.152714 0.840420 3.038333 0.309177 0.565488
71 18.030670 -0.000002 0.000000 0.128856 -0.249906 -0.310154
72 -3.151490 -6.376818 0.000018 -3.141591 -0.000002 -1.455347
73 8.244103 -0.000000 -0.000000 -0.000750 -0.001988 0.344214
74 12.186327 -0.000000 -0.000000 -0.001694 -0.005626 0.278144
75 11.268431 -0.000000 0.000000 0.002750 0.012064 0.046867
76 11.182281 -0.000004 0.000000 0.002667 0.045531 -0.197878
77 12.115531 0.000000 0.000000 -0.012523 0.074935 -0.407733
78 14.316384 0.000000 0.000000 -0.042858 0.104975 -0.388445
79 16.120531 0.000000 0.000000 -0.060892 0.138662 -0.286291
80 0.000000 0.000000 0.000000 0.000000 -0.000000 0.000000
81 0.000000 0.000000 0.000000 0.000000 -0.000000 0.000000
82 0.000000 0.000000 0.000000 0.000000 -0.000000 0.000000
time 1
0 0.000000 0.000000 0.000000 -0.000000 -0.000000 0.000000
1 0.000000 0.000000 0.000000 0.000000 -0.000000 0.000000
2 0.000000 0.000000 0.000000 1.570796 -0.000000 0.000000
3 0.000000 0.000000 0.000000 -1.570796 -0.000000 0.000000
4 0.000000 0.000000 0.000000 1.570796 -0.000000 0.000000
5 0.000000 0.000000 0.000000 0.000000 -0.000000 0.000000
6 0.000000 0.000000 0.000000 0.000000 -0.000000 0.000000
7 0.000000 0.000000 0.000000 0.000000 -0.000000 0.000000
8 0.000000 0.000000 0.000000 0.000000 -0.000000 0.000000
9 0.000000 0.000000 0.000000 0.000000 -0.000000 0.000000
10 0.000000 0.000000 0.000000 0.000000 -0.000000 0.000000
11 0.000000 0.000000 0.000000 0.000000 -0.000000 0.000000
12 -0.484745 60.356026 -10.508480 3.141593 -1.052145 1.570796
13 0.000000 0.000000 0.000000 1.570896 -1.341036 3.141549
14 -2.199447 5.942284 -0.000177 0.032923 -0.007007 1.463723
15 -5.627123 -2.473237 7.761593 2.920595 -0.198003 1.542786
16 11.691115 0.000001 0.000001 0.000000 0.000000 -1.661713
17 10.049184 0.000002 -0.000000 -0.000000 -0.000000 1.414206
18 7.698298 -0.000000 -0.000001 0.063781 0.019325 -1.614472
19 2.889140 3.264199 -2.333552 -0.362443 0.553183 1.323159
20 3.916701 0.000000 0.000000 0.000000 -0.000000 -0.462653
21 2.889140 3.388608 -0.169511 0.065043 0.055873 1.401556
22 5.095921 -0.000001 0.000000 -0.000000 0.000000 -0.576040
23 2.889140 3.388609 2.118073 0.258334 -0.265580 1.165480
24 4.326635 -0.000001 -0.000001 -0.000000 -0.000000 -0.452406
25 -5.796157 -2.971013 -7.448958 -2.856704 0.183320 1.943601
26 11.691120 0.000002 -0.000001 -0.000000 -0.000000 -1.518036
27 10.049178 0.000000 -0.000001 -0.000000 0.000000 1.959677
28 7.698298 -0.000002 -0.000001 0.009732 -0.041653 -1.296164
29 2.889139 3.264199 2.333550 0.415258 -0.597755 0.894574
30 3.916704 0.000000 -0.000000 0.000000 -0.000000 -0.654489
31 2.889140 3.388610 0.169508 -0.036629 -0.077794 0.980129
32 5.095919 -0.000001 0.000000 -0.000000 0.000000 -0.693708
33 2.889140 3.388611 -2.118072 -0.367919 0.546081 1.027359
34 4.326632 0.000000 -0.000001 0.000000 -0.000000 -0.697367
35 5.919099 -0.005238 0.000014 -0.000723 0.000687 0.304109
36 6.896003 -0.006138 -0.000412 0.060349 -0.011602 0.415768
37 8.424275 1.651374 0.000019 -0.001547 -0.009024 0.082004
38 -5.708162 -0.563453 7.260037 1.677016 -0.289441 1.158906
39 3.265979 0.000000 0.000002 -1.258871 0.471701 0.474992
40 10.918592 0.000000 0.000000 -0.000000 -0.000000 -0.569206
41 25.761898 0.000000 -0.000002 -1.694571 -0.066075 0.032421
42 -0.237014 1.245558 -0.327389 0.092873 0.077275 2.394996
43 24.761375 3.073946 0.693197 -0.280511 -0.231871 2.376948
44 18.174503 0.000004 -0.000011 -0.212782 -0.059338 0.120195
45 27.065092 3.151833 0.448442 -0.239273 -0.464552 1.819450
46 23.998043 0.000011 -0.000018 -0.284198 -0.273757 0.187953
47 28.989002 3.513209 0.087907 -0.236936 -0.642557 1.271171
48 32.786842 -0.000007 -0.000011 -0.170445 -0.387841 0.098410
49 32.613228 2.152440 -0.840445 0.090696 -0.628325 0.704811
50 18.030674 0.000005 -0.000001 -0.149877 -0.425544 0.288665
51 7.136111 -0.005426 0.000040 -0.006979 -0.017405 0.305650
52 7.135577 -0.005563 0.000002 -0.000391 -0.017010 0.207269
53 7.135174 -0.004535 -0.000073 0.015832 -0.005142 0.170546
54 5.780544 -0.000001 0.000000 -0.068963 0.070985 -0.437214
55 3.336389 0.575416 -0.000145 -3.141589 -0.000001 0.749222
56 2.834963 0.142751 -0.000002 0.000000 -0.000000 0.440458
57 3.339808 -0.000004 -0.000000 -0.000000 0.000000 -0.105400
58 8.999998 1.500002 -0.000001 0.000000 0.000000 -0.000000
59 -5.834153 -0.533138 -7.161644 -1.657355 0.287771 1.162798
60 3.265984 -0.000000 -0.000002 1.206904 -0.467368 0.781824
61 10.918593 0.000000 -0.000001 -0.000000 -0.000000 -0.573752
62 25.761908 0.000001 -0.000004 1.905799 0.120202 -0.157741
63 -0.236993 1.245689 0.327398 3.049275 -0.060652 2.393353
64 24.761436 3.074187 -0.693213 -2.847800 0.251490 2.318325
65 18.174500 -0.000000 -0.000000 0.242439 -0.240579 -0.211541
66 27.065054 3.151983 -0.448465 -2.923357 0.342162 1.745830
67 23.998041 -0.000000 -0.000000 0.335579 -0.350790 -0.352296
68 28.988941 3.513350 -0.087928 -3.070961 0.533200 1.264429
69 32.786846 0.000002 0.000000 0.284200 -0.261144 -0.407466
70 32.613316 2.152714 0.840420 3.082075 0.631238 0.767043
71 18.030670 -0.000002 0.000000 0.173072 -0.295986 -0.357187
72 -3.151490 -6.376818 0.000018 -3.141591 -0.000002 -1.455347
73 8.244103 -0.000000 -0.000000 -0.000634 0.000117 0.359298
74 12.186327 -0.000000 -0.000000 -0.003453 -0.002274 0.352506
75 11.268430 0.000000 0.000000 0.002128 0.013152 0.178309
76 11.182281 -0.000004 0.000000 0.007934 0.042139 -0.162122
77 12.115531 0.000000 0.000000 0.005504 0.063411 -0.525845
78 14.316384 0.000000 0.000000 -0.010549 0.077554 -0.641185
79 16.120531 0.000000 0.000000 -0.047844 0.088510 -0.634858
80 0.000000 0.000000 0.000000 0.000000 -0.000000 0.000000
81 0.000000 0.000000 0.000000 0.000000 -0.000000 0.000000
82 0.000000 0.000000 0.000000 0.000000 -0.000000 0.000000
time 2
0 0.000000 0.000000 0.000000 -0.000000 -0.000000 0.000000
1 0.000000 0.000000 0.000000 0.000000 -0.000000 0.000000
2 0.000000 0.000000 0.000000 1.570796 -0.000000 0.000000
3 0.000000 0.000000 0.000000 -1.570796 -0.000000 0.000000
4 0.000000 0.000000 0.000000 1.570796 -0.000000 0.000000
5 0.000000 0.000000 0.000000 0.000000 -0.000000 0.000000
6 0.000000 0.000000 0.000000 0.000000 -0.000000 0.000000
7 0.000000 0.000000 0.000000 0.000000 -0.000000 0.000000
8 0.000000 0.000000 0.000000 0.000000 -0.000000 0.000000
9 0.000000 0.000000 0.000000 0.000000 -0.000000 0.000000
10 0.000000 0.000000 0.000000 0.000000 -0.000000 0.000000
11 0.000000 0.000000 0.000000 0.000000 -0.000000 0.000000
12 -1.053304 63.484665 -14.876138 -3.141592 -0.962554 1.570796
13 0.000000 0.000000 0.000000 1.570994 -1.310592 3.141503
14 -2.409477 5.859826 -0.000089 0.012830 0.050065 1.442425
15 -5.797240 -3.174833 7.353028 2.854914 -0.199101 1.665047
16 11.691119 -0.000000 0.000000 -0.000000 -0.000000 -1.619495
17 10.049184 0.000002 0.000001 -0.000000 -0.000000 1.285684
18 7.698300 0.000002 0.000000 0.081519 0.023186 -1.498010
19 2.889140 3.264199 -2.333552 -0.352501 0.559586 1.342160
20 3.916705 -0.000003 -0.000000 0.000000 0.000000 -0.441516
21 2.889140 3.388608 -0.169511 0.066041 0.054747 1.418966
22 5.095921 -0.000000 0.000001 0.000000 -0.000000 -0.554903
23 2.889140 3.388609 2.118073 0.253802 -0.270138 1.182887
24 4.326637 -0.000001 0.000000 -0.000000 -0.000000 -0.431268
25 -4.990580 -3.357979 -7.834245 -2.877341 0.192068 2.097364
26 11.691119 0.000000 -0.000001 0.000000 -0.000000 -1.464667
27 10.049180 -0.000000 -0.000000 -0.000000 0.000000 1.877899
28 7.698294 0.000001 -0.000001 0.001654 -0.115023 -1.245886
29 2.889139 3.264199 2.333550 0.402970 -0.606966 0.917214
30 3.916706 -0.000002 -0.000000 0.000000 0.000000 -0.633357
31 2.889140 3.388610 0.169508 -0.038320 -0.077118 1.001318
32 5.095919 0.000000 0.000001 -0.000000 -0.000000 -0.672576
33 2.889140 3.388611 -2.118072 -0.356662 0.554322 1.049837
34 4.326636 0.000001 -0.000000 0.000000 -0.000000 -0.676235
35 5.919069 -0.005253 -0.000002 -0.005376 -0.002575 0.283766
36 6.895853 -0.006210 -0.000359 0.056500 -0.103043 0.397804
37 8.426013 1.651800 -0.000179 0.033209 0.027269 0.400567
38 -5.846869 1.503660 7.007697 1.655875 -0.381893 0.843061
39 3.265983 0.000001 -0.000003 -1.311990 0.802863 0.358682
40 10.918598 -0.000000 0.000003 0.000000 -0.000000 -1.085679
41 25.761906 0.000004 -0.000002 -1.742912 0.015414 -0.013007
42 -0.237014 1.245558 -0.327389 0.094818 0.238761 2.410184
43 24.761375 3.073946 0.693197 -0.039798 0.053181 2.371774
44 18.174503 0.000004 -0.000011 -0.094616 -0.019662 0.092063
45 27.065092 3.151833 0.448442 0.136992 0.124892 1.713894
46 23.998043 0.000011 -0.000018 -0.142040 0.003582 0.100617
47 28.989002 3.513209 0.087907 0.138428 0.074738 1.184641
48 32.786842 -0.000007 -0.000011 -0.068453 0.015536 0.186085
49 32.613228 2.152440 -0.840445 0.197971 0.114340 0.498289
50 18.030674 0.000005 -0.000001 -0.061678 0.001361 0.244015
51 7.136194 -0.005397 0.000054 -0.009408 -0.051996 0.315146
52 7.135932 -0.005474 -0.000017 0.002958 -0.033607 0.271206
53 7.133673 -0.004538 -0.000146 0.031842 -0.006109 -0.160817
54 5.780548 -0.000004 -0.000000 -0.110619 0.014658 -0.398280
55 3.336389 0.575416 -0.000145 -3.141589 -0.000001 0.490533
56 2.834963 0.142751 -0.000002 0.000000 -0.000000 0.358793
57 3.339808 -0.000004 -0.000000 -0.000000 0.000000 0.007078
58 8.999998 1.500002 -0.000001 0.000000 0.000000 -0.000000
59 -5.452449 1.034103 -7.400965 -1.744638 0.383706 0.804084
60 3.265988 0.000000 0.000006 1.399655 -0.960193 0.580650
61 10.918593 -0.000001 0.000001 -0.000000 -0.000000 -1.077682
62 25.761902 -0.000004 -0.000003 1.919853 -0.227202 -0.282437
63 -0.236993 1.245689 0.327398 3.048290 -0.145265 2.401275
64 24.761436 3.074187 -0.693213 -3.095209 -0.017687 2.321441
65 18.174500 -0.000000 -0.000000 0.100687 0.113696 -0.172952
66 27.065054 3.151983 -0.448465 3.004576 -0.087231 1.643276
67 23.998041 -0.000000 -0.000000 0.174405 -0.040972 -0.131208
68 28.988941 3.513350 -0.087928 2.896637 -0.073383 1.126812
69 32.786850 0.000002 0.000000 0.178591 0.072075 -0.160749
70 32.613316 2.152714 0.840420 2.721797 -0.037366 0.522246
71 18.030670 -0.000002 0.000000 0.067281 0.058463 -0.287385
72 -3.151490 -6.376818 0.000018 -3.141591 -0.000002 -1.455347
73 8.244103 -0.000000 -0.000000 0.000132 0.011605 0.351295
74 12.186327 -0.000000 -0.000000 -0.003805 0.001228 0.393258
75 11.268430 0.000000 0.000000 -0.000478 0.012137 0.275509
76 11.182281 -0.000004 0.000000 0.008366 0.044274 -0.031015
77 12.115531 0.000000 0.000000 0.009071 0.066829 -0.453571
78 14.316384 0.000000 0.000000 0.004221 0.081293 -0.673536
79 16.120531 0.000000 0.000000 -0.010994 0.087807 -0.751268
80 0.000000 0.000000 0.000000 0.000000 -0.000000 0.000000
81 0.000000 0.000000 0.000000 0.000000 -0.000000 0.000000
82 0.000000 0.000000 0.000000 0.000000 -0.000000 0.000000
time 3
0 0.000000 0.000000 0.000000 -0.000000 -0.000000 0.000000
1 0.000000 0.000000 0.000000 0.000000 -0.000000 0.000000
2 0.000000 0.000000 0.000000 1.570796 -0.000000 0.000000
3 0.000000 0.000000 0.000000 -1.570796 -0.000000 0.000000
4 0.000000 0.000000 0.000000 1.570796 -0.000000 0.000000
5 0.000000 0.000000 0.000000 0.000000 -0.000000 0.000000
6 0.000000 0.000000 0.000000 0.000000 -0.000000 0.000000
7 0.000000 0.000000 0.000000 0.000000 -0.000000 0.000000
8 0.000000 0.000000 0.000000 0.000000 -0.000000 0.000000
9 0.000000 0.000000 0.000000 0.000000 -0.000000 0.000000
10 0.000000 0.000000 0.000000 0.000000 -0.000000 0.000000
11 0.000000 0.000000 0.000000 0.000000 -0.000000 0.000000
12 -2.103804 61.714798 -19.653679 3.141592 -0.899787 1.570797
13 0.000000 0.000000 0.000000 1.571096 -1.280030 3.141455
14 -2.620505 5.768128 0.000046 -0.014783 0.094242 1.370098
15 -5.845448 -3.844820 7.014796 2.807086 -0.146290 1.905222
16 11.691120 0.000001 0.000001 -0.000000 -0.000000 -1.343822
17 10.049180 0.000005 0.000001 -0.000000 -0.000000 1.176718
18 7.698295 0.000001 0.000000 0.054867 0.001232 -1.416522
19 2.889140 3.264199 -2.333552 -0.463199 0.478509 1.122358
20 3.916704 0.000000 0.000001 0.000000 -0.000000 -0.649063
21 2.889140 3.388608 -0.169511 0.053547 0.067326 1.212418
22 5.095923 -0.000000 0.000000 0.000000 -0.000000 -0.762450
23 2.889140 3.388609 2.118073 0.303902 -0.213639 0.977984
24 4.326636 -0.000000 -0.000001 -0.000000 0.000000 -0.638815
25 -4.368793 -3.601204 -8.134198 -2.923677 0.194211 2.225605
26 11.691120 -0.000000 0.000001 0.000000 -0.000000 -1.223590
27 10.049182 -0.000000 -0.000000 0.000000 0.000000 1.437458
28 7.698298 -0.000000 -0.000000 -0.013936 -0.101800 -1.155916
29 2.889139 3.264199 2.333550 0.445867 -0.574847 0.838202
30 3.916706 0.000001 0.000000 0.000000 0.000000 -0.707086
31 2.889140 3.388610 0.169508 -0.032423 -0.079479 0.927391
32 5.095920 0.000001 -0.000000 -0.000000 -0.000000 -0.746306
33 2.889140 3.388611 -2.118072 -0.395960 0.525588 0.971395
34 4.326632 0.000002 0.000000 -0.000000 -0.000000 -0.749965
35 5.918755 -0.005340 0.000029 -0.013129 -0.005446 0.214635
36 6.895396 -0.006386 -0.000250 0.037535 -0.175847 0.316671
37 8.427149 1.652448 -0.000376 0.066728 0.043279 0.624391
38 -5.522278 3.011528 6.787854 1.700777 -0.808610 0.694271
39 3.265982 -0.000002 -0.000000 -1.037124 0.822326 0.677993
40 10.918598 0.000002 0.000000 -0.000000 0.000000 -1.469014
41 25.761906 0.000002 -0.000001 -1.841636 0.166253 -0.133705
42 -0.237014 1.245558 -0.327389 0.095587 0.279772 2.414145
43 24.761375 3.073946 0.693197 0.220116 0.361956 2.383318
44 18.174503 0.000004 -0.000011 0.077351 0.098714 0.089517
45 27.065092 3.151833 0.448442 0.466096 0.615438 1.666076
46 23.998043 0.000011 -0.000018 0.045816 0.359777 0.063524
47 28.989002 3.513209 0.087907 0.369145 0.777747 1.101826
48 32.786842 -0.000007 -0.000011 0.048726 0.493306 0.278561
49 32.613228 2.152440 -0.840445 0.254777 0.777875 0.379458
50 18.030674 0.000005 -0.000001 -0.014459 0.487822 0.190159
51 7.136546 -0.005264 0.000086 -0.015336 -0.074588 0.390003
52 7.136739 -0.005185 -0.000014 0.002285 -0.049442 0.430740
53 7.133192 -0.004426 -0.000201 0.043623 -0.010361 -0.264245
54 5.780545 0.000004 -0.000001 -0.112143 -0.044562 -0.379762
55 3.336389 0.575416 -0.000145 -3.141589 -0.000001 0.434854
56 2.834963 0.142751 -0.000002 0.000000 0.000000 0.394668
57 3.339808 -0.000004 -0.000000 -0.000000 0.000000 0.092273
58 8.999998 1.500002 -0.000001 0.000000 0.000000 -0.000000
59 -4.890760 2.039926 -7.587259 -1.933647 0.813408 0.523338
60 3.265986 -0.000005 -0.000004 0.956040 -1.092072 0.950691
61 10.918597 -0.000000 -0.000004 -0.000000 0.000000 -1.472993
62 25.761909 -0.000003 -0.000004 1.965759 -0.505799 -0.398702
63 -0.236993 1.245689 0.327398 3.047390 -0.219234 2.408225
64 24.761436 3.074187 -0.693213 2.926682 -0.307866 2.346518
65 18.174500 -0.000000 -0.000000 -0.091938 0.341982 -0.160702
66 27.065054 3.151983 -0.448465 2.719255 -0.452129 1.594595
67 23.998041 -0.000000 -0.000000 -0.036054 0.354783 -0.013193
68 28.988941 3.513350 -0.087928 2.698385 -0.610625 1.052265
69 32.786846 0.000002 0.000000 0.041654 0.485885 -0.021912
70 32.613316 2.152714 0.840420 2.533078 -0.726666 0.382800
71 18.030670 -0.000002 0.000000 0.008254 0.480818 -0.198080
72 -3.151490 -6.376818 0.000018 -3.141591 -0.000002 -1.455347
73 8.244103 -0.000000 -0.000000 0.000970 0.023355 0.333637
74 12.186327 -0.000000 -0.000000 0.000515 0.009341 0.395898
75 11.268431 -0.000000 0.000000 0.003072 0.028021 0.324965
76 11.182281 -0.000004 0.000000 0.006063 0.048503 0.062240
77 12.115531 0.000000 0.000000 0.011191 0.060657 -0.389714
78 14.316384 0.000000 0.000000 0.014368 0.080292 -0.638150
79 16.120531 0.000000 0.000000 0.001057 0.093633 -0.793552
80 0.000000 0.000000 0.000000 0.000000 -0.000000 0.000000
81 0.000000 0.000000 0.000000 0.000000 -0.000000 0.000000
82 0.000000 0.000000 0.000000 0.000000 -0.000000 0.000000
time 4
0 0.000000 0.000000 0.000000 -0.000000 -0.000000 0.000000
1 0.000000 0.000000 0.000000 0.000000 -0.000000 0.000000
2 0.000000 0.000000 0.000000 1.570796 -0.000000 0.000000
3 0.000000 0.000000 0.000000 -1.570796 -0.000000 0.000000
4 0.000000 0.000000 0.000000 1.570796 -0.000000 0.000000
5 0.000000 0.000000 0.000000 0.000000 -0.000000 0.000000
6 0.000000 0.000000 0.000000 0.000000 -0.000000 0.000000
7 0.000000 0.000000 0.000000 0.000000 -0.000000 0.000000
8 0.000000 0.000000 0.000000 0.000000 -0.000000 0.000000
9 0.000000 0.000000 0.000000 0.000000 -0.000000 0.000000
10 0.000000 0.000000 0.000000 0.000000 -0.000000 0.000000
11 0.000000 0.000000 0.000000 0.000000 -0.000000 0.000000
12 -2.728049 61.192833 -24.303902 -3.141592 -0.858249 1.570796
13 0.000000 0.000000 0.000000 1.571183 -1.249836 3.141414
14 -2.822376 5.671741 0.000206 -0.046856 0.100138 1.375283
15 -5.790609 -4.127536 6.892241 2.798201 -0.085895 2.077842
16 11.691119 -0.000000 0.000000 0.000000 -0.000000 -1.184059
17 10.049180 0.000002 -0.000000 -0.000000 0.000000 1.101109
18 7.698298 -0.000001 0.000001 0.016158 -0.034004 -1.322831
19 2.889140 3.264199 -2.333552 -0.515170 0.428901 1.009612
20 3.916706 -0.000000 0.000000 0.000000 0.000000 -0.798924
21 2.889140 3.388608 -0.169511 0.046057 0.073294 1.100629
22 5.095918 0.000001 0.000000 0.000000 0.000000 -0.912311
23 2.889140 3.388609 2.118073 0.327034 -0.180353 0.868863
24 4.326635 0.000001 -0.000000 -0.000000 0.000000 -0.788676
25 -4.229345 -3.458682 -8.258438 -2.969362 0.186060 2.216624
26 11.691123 0.000003 -0.000001 -0.000000 -0.000000 -1.073244
27 10.049181 0.000001 -0.000001 -0.000000 0.000000 1.053123
28 7.698302 -0.000000 0.000001 -0.032085 -0.038864 -1.062580
29 2.889139 3.264199 2.333550 0.495204 -0.537719 0.747200
30 3.916707 -0.000001 -0.000000 -0.000000 0.000000 -0.792104
31 2.889140 3.388610 0.169508 -0.025618 -0.082187 0.842145
32 5.095923 -0.000001 0.000001 -0.000000 -0.000000 -0.831323
33 2.889140 3.388611 -2.118072 -0.441167 0.492369 0.881028
34 4.326635 0.000001 0.000001 -0.000000 0.000000 -0.834983
35 5.918159 -0.005440 0.000128 -0.024385 -0.007848 0.124070
36 6.894861 -0.006548 -0.000056 0.008672 -0.185265 0.237713
37 8.426665 1.652140 -0.000367 0.066324 0.037372 0.531243
38 -5.702879 2.461609 6.858155 -0.824980 -1.392120 -2.845393
39 3.265984 -0.000005 -0.000002 -1.418496 -0.241132 1.043994
40 10.918598 -0.000001 0.000001 0.000000 -0.000000 -1.172445
41 25.761906 0.000003 -0.000001 -1.927503 0.266377 -0.243616
42 -0.237014 1.245558 -0.327389 0.091809 -0.022656 2.385621
43 24.761375 3.073946 0.693197 0.316780 0.479372 2.461431
44 18.174503 0.000004 -0.000011 0.271523 0.410694 0.269902
45 27.065092 3.151833 0.448442 0.513605 0.673614 1.812499
46 23.998043 0.000011 -0.000018 0.226294 0.647770 0.243994
47 28.989002 3.513209 0.087907 0.257890 0.910200 1.071285
48 32.786842 -0.000007 -0.000011 0.104537 0.766222 0.320923
49 32.613228 2.152440 -0.840445 0.177526 0.878352 0.497726
50 18.030674 0.000005 -0.000001 -0.072421 0.713796 0.133139
51 7.137412 -0.004838 0.000127 -0.022317 -0.048543 0.553494
52 7.138157 -0.004270 0.000031 -0.005400 -0.051522 0.714395
53 7.135777 -0.004383 -0.000149 0.032571 -0.033991 0.298533
54 5.780548 -0.000000 0.000001 -0.072515 -0.021513 -0.626256
55 3.336389 0.575416 -0.000145 -3.141589 -0.000001 0.438665
56 2.834963 0.142751 -0.000002 0.000000 -0.000000 0.396699
57 3.339808 -0.000004 -0.000000 -0.000000 0.000000 0.113001
58 8.999998 1.500002 -0.000001 0.000000 0.000000 -0.000000
59 -5.170413 1.510388 -7.522886 1.587162 1.338835 -2.097550
60 3.265982 0.000000 -0.000003 1.328208 0.206238 1.001285
61 10.918598 0.000001 -0.000002 -0.000000 0.000000 -1.174507
62 25.761898 0.000008 -0.000003 1.936104 -0.402444 -0.347913
63 -0.236993 1.245689 0.327398 3.047020 -0.255870 2.411651
64 24.761436 3.074187 -0.693213 2.827490 -0.424067 2.446824
65 18.174500 -0.000000 -0.000000 -0.273146 0.334542 -0.251173
66 27.065054 3.151983 -0.448465 2.687904 -0.497294 1.709599
67 23.998041 -0.000000 -0.000000 -0.231169 0.653119 -0.244128
68 28.988941 3.513350 -0.087928 2.737360 -0.688260 1.117054
69 32.786846 0.000002 0.000000 -0.088778 0.786362 -0.220379
70 32.613316 2.152714 0.840420 2.965017 -0.889138 0.444803
71 18.030670 -0.000002 0.000000 0.093522 0.732850 -0.112709
72 -3.151490 -6.376818 0.000018 -3.141591 -0.000002 -1.455347
73 8.244103 -0.000000 -0.000000 0.000653 0.017617 0.332826
74 12.186327 -0.000000 -0.000000 0.005728 0.015994 0.382442
75 11.268430 0.000000 0.000000 0.010306 0.048692 0.330022
76 11.182281 -0.000004 0.000000 0.008975 0.060010 0.098774
77 12.115531 0.000000 0.000000 0.009512 0.075385 -0.293756
78 14.316384 0.000000 0.000000 0.020231 0.079193 -0.566683
79 16.120531 0.000000 0.000000 0.019706 0.092549 -0.792530
80 0.000000 0.000000 0.000000 0.000000 -0.000000 0.000000
81 0.000000 0.000000 0.000000 0.000000 -0.000000 0.000000
82 0.000000 0.000000 0.000000 0.000000 -0.000000 0.000000
time 5
0 0.000000 0.000000 0.000000 -0.000000 -0.000000 0.000000
1 0.000000 0.000000 0.000000 0.000000 -0.000000 0.000000
2 0.000000 0.000000 0.000000 1.570796 -0.000000 0.000000
3 0.000000 0.000000 0.000000 -1.570796 -0.000000 0.000000
4 0.000000 0.000000 0.000000 1.570796 -0.000000 0.000000
5 0.000000 0.000000 0.000000 0.000000 -0.000000 0.000000
6 0.000000 0.000000 0.000000 0.000000 -0.000000 0.000000
7 0.000000 0.000000 0.000000 0.000000 -0.000000 0.000000
8 0.000000 0.000000 0.000000 0.000000 -0.000000 0.000000
9 0.000000 0.000000 0.000000 0.000000 -0.000000 0.000000
10 0.000000 0.000000 0.000000 0.000000 -0.000000 0.000000
11 0.000000 0.000000 0.000000 0.000000 -0.000000 0.000000
12 -2.078846 67.604935 -28.500698 -3.141592 -0.833073 1.570796
13 0.000000 0.000000 0.000000 1.571237 -1.220501 3.141389
14 -3.006173 5.576353 0.000374 -0.080619 0.098597 1.393424
15 -5.747531 -4.279099 6.834832 2.813483 -0.126359 2.097764
16 11.691123 -0.000000 0.000001 0.000000 0.000000 -1.269267
17 10.049178 -0.000001 0.000000 -0.000000 0.000000 1.140810
18 7.698298 0.000001 -0.000000 0.009717 -0.075301 -1.137026
19 2.889140 3.264199 -2.333552 -0.481475 0.453618 1.076346
20 3.916704 -0.000001 0.000000 0.000000 0.000000 -0.829069
21 2.889140 3.388608 -0.169511 0.049856 0.069456 1.163300
22 5.095919 -0.000000 0.000000 0.000000 0.000000 -0.942457
23 2.889140 3.388609 2.118073 0.311765 -0.197546 0.931036
24 4.326637 0.000001 -0.000000 -0.000000 0.000000 -0.818822
25 -4.205563 -3.227879 -8.360358 -3.016759 0.177152 2.158113
26 11.691118 0.000004 -0.000001 -0.000000 -0.000000 -1.162588
27 10.049184 0.000001 0.000000 0.000000 -0.000000 1.093650
28 7.698297 0.000001 -0.000001 -0.044689 -0.013158 -1.060743
29 2.889139 3.264199 2.333550 0.512506 -0.525030 0.715500
30 3.916705 -0.000001 -0.000001 0.000000 0.000000 -0.821547
31 2.889140 3.388610 0.169508 -0.023272 -0.083148 0.812624
32 5.095921 0.000000 0.000000 -0.000000 -0.000000 -0.860767
33 2.889140 3.388611 -2.118072 -0.457000 0.481022 0.849588
34 4.326632 -0.000001 0.000001 -0.000000 -0.000000 -0.864426
35 5.917457 -0.005480 0.000252 -0.042048 -0.009357 0.015179
36 6.894255 -0.006663 0.000185 -0.026603 -0.169704 0.153668
37 8.426033 1.651822 -0.000322 0.057289 0.058360 0.399201
38 -6.059579 1.718061 6.781410 1.549802 -1.132665 1.150280
39 3.265985 0.000003 -0.000004 -0.762521 -0.258411 0.965701
40 10.918598 -0.000000 -0.000002 0.000000 0.000000 -0.763503
41 25.761908 -0.000001 -0.000002 -1.793915 0.094265 -0.090901
42 -0.237014 1.245558 -0.327389 0.091753 -0.037292 2.384274
43 24.761375 3.073946 0.693197 -0.114739 -0.211363 2.299304
44 18.174503 0.000004 -0.000011 -0.071797 0.205310 -0.176701
45 27.065092 3.151833 0.448442 0.034516 -0.374115 1.410881
46 23.998043 0.000011 -0.000018 -0.067084 0.242216 0.089269
47 28.989002 3.513209 0.087907 0.041936 -0.340878 0.673455
48 32.786842 -0.000007 -0.000011 -0.073516 0.191233 0.092670
49 32.613228 2.152440 -0.840445 0.242292 -0.380141 -0.036066
50 18.030672 0.000005 -0.000001 -0.038672 0.137282 0.079193
51 7.136701 -0.005194 0.000090 -0.015988 -0.006680 0.417283
52 7.137470 -0.004788 0.000029 -0.004896 -0.016629 0.567571
53 7.137372 -0.003514 -0.000078 0.017017 -0.045416 0.698115
54 5.780547 -0.000003 -0.000000 -0.093638 -0.002653 0.138825
55 3.336389 0.575416 -0.000145 -3.141589 -0.000001 0.438665
56 2.834963 0.142751 -0.000002 0.000000 0.000000 0.392005
57 3.339808 -0.000004 -0.000000 -0.000000 0.000000 0.118869
58 8.999998 1.500002 -0.000001 0.000000 0.000000 -0.000000
59 -5.217681 0.884629 -7.591968 -1.937343 1.141323 0.796204
60 3.265985 -0.000002 0.000005 0.634787 0.088670 0.750877
61 10.918601 -0.000001 -0.000003 -0.000000 -0.000000 -0.914663
62 25.761904 0.000001 -0.000000 1.903197 -0.080269 -0.226726
63 -0.236993 1.245689 0.327398 3.049958 0.036860 2.384279
64 24.761436 3.074187 -0.693213 -3.029198 0.184648 2.246208
65 18.174500 -0.000000 -0.000000 0.080413 0.268519 0.192038
66 27.065054 3.151983 -0.448465 3.112033 0.352794 1.421776
67 23.998041 -0.000000 -0.000000 0.131935 0.243979 0.140354
68 28.988941 3.513350 -0.087928 2.932251 0.312119 0.665726
69 32.786846 0.000002 0.000000 0.098974 0.156425 0.034623
70 32.613316 2.152714 0.840420 2.899362 0.348348 -0.033788
71 18.030670 -0.000002 0.000000 0.045586 -0.017201 -0.071184
72 -3.151490 -6.376818 0.000018 -3.141591 -0.000002 -1.455347
73 8.244103 -0.000000 -0.000000 -0.001199 -0.011595 0.352585
74 12.186327 -0.000000 -0.000000 0.005618 0.009152 0.392501
75 11.268430 0.000000 0.000000 0.015490 0.031492 0.267666
76 11.182281 -0.000004 0.000000 0.018332 0.077266 0.064031
77 12.115531 0.000000 0.000000 0.004511 0.108565 -0.193800
78 14.316384 0.000000 0.000000 0.000117 0.120463 -0.365288
79 16.120531 0.000000 0.000000 0.016711 0.116714 -0.590212
80 0.000000 0.000000 0.000000 0.000000 -0.000000 0.000000
81 0.000000 0.000000 0.000000 0.000000 -0.000000 0.000000
82 0.000000 0.000000 0.000000 0.000000 -0.000000 0.000000
time 6
0 0.000000 0.000000 0.000000 -0.000000 -0.000000 0.000000
1 0.000000 0.000000 0.000000 0.000000 -0.000000 0.000000
2 0.000000 0.000000 0.000000 1.570796 -0.000000 0.000000
3 0.000000 0.000000 0.000000 -1.570796 -0.000000 0.000000
4 0.000000 0.000000 0.000000 1.570796 -0.000000 0.000000
5 0.000000 0.000000 0.000000 0.000000 -0.000000 0.000000
6 0.000000 0.000000 0.000000 0.000000 -0.000000 0.000000
7 0.000000 0.000000 0.000000 0.000000 -0.000000 0.000000
8 0.000000 0.000000 0.000000 0.000000 -0.000000 0.000000
9 0.000000 0.000000 0.000000 0.000000 -0.000000 0.000000
10 0.000000 0.000000 0.000000 0.000000 -0.000000 0.000000
11 0.000000 0.000000 0.000000 0.000000 -0.000000 0.000000
12 -0.741395 76.909920 -32.327652 -3.141592 -0.822123 1.570796
13 0.000000 0.000000 0.000000 1.571235 -1.192511 3.141389
14 -3.163395 5.488978 0.000505 -0.108857 0.094399 1.416571
15 -5.702843 -4.409553 6.789114 2.845365 -0.236734 2.011435
16 11.691122 0.000001 0.000000 -0.000000 -0.000000 -1.537889
17 10.049177 0.000001 0.000001 -0.000000 0.000000 1.331935
18 7.698298 0.000002 0.000000 0.024376 -0.119761 -0.859370
19 2.889140 3.264199 -2.333552 -0.350751 0.564704 1.348441
20 3.916704 0.000002 0.000002 -0.000000 -0.000000 -0.819923
21 2.889140 3.388608 -0.169511 0.066765 0.054507 1.426738
22 5.095920 -0.000000 0.000000 -0.000000 -0.000000 -0.933310
23 2.889140 3.388609 2.118073 0.253088 -0.273239 1.190009
24 4.326637 0.000001 -0.000000 -0.000000 0.000000 -0.809676
25 -4.213027 -3.017870 -8.437269 -3.066099 0.180098 2.071389
26 11.691122 -0.000002 -0.000001 -0.000000 -0.000000 -1.401046
27 10.049176 -0.000001 0.000001 0.000000 -0.000000 1.283185
28 7.698295 0.000003 0.000000 -0.054909 -0.007730 -1.131700
29 2.889139 3.264199 2.333550 0.512722 -0.525148 0.715282
30 3.916707 0.000000 -0.000000 0.000000 0.000000 -0.821605
31 2.889140 3.388610 0.169508 -0.023276 -0.083170 0.812567
32 5.095921 -0.000002 0.000002 -0.000000 -0.000000 -0.860824
33 2.889140 3.388611 -2.118072 -0.457181 0.481133 0.849403
34 4.326637 0.000002 -0.000000 -0.000000 -0.000000 -0.864484
35 5.916792 -0.005431 0.000366 -0.063822 -0.010329 -0.111858
36 6.893569 -0.006721 0.000400 -0.058469 -0.148644 0.057139
37 8.424186 1.651391 -0.000170 0.030726 0.077756 0.061114
38 -6.297740 -0.418434 6.756139 1.586310 -0.329136 1.215672
39 3.265981 0.000000 0.000001 -0.047752 0.606139 1.477302
40 10.918601 0.000000 0.000000 -0.000000 0.000000 -0.549715
41 25.761904 0.000000 -0.000001 -1.682103 -0.098313 0.049888
42 -0.237014 1.245558 -0.327389 0.093963 0.092661 2.396826
43 24.761375 3.073946 0.693197 -0.274105 -0.077671 2.328327
44 18.174503 0.000004 -0.000011 -0.220612 -0.224743 0.130019
45 27.065092 3.151833 0.448442 -0.229193 -0.340358 1.775522
46 23.998043 0.000011 -0.000018 -0.317780 -0.161425 0.320137
47 28.989002 3.513209 0.087907 -0.244797 -0.651258 1.256958
48 32.786842 -0.000007 -0.000011 -0.270916 -0.328167 0.361356
49 32.613228 2.152440 -0.840445 0.032574 -0.654169 0.788678
50 18.030674 0.000005 -0.000001 -0.113886 -0.438134 0.201613
51 7.136151 -0.005415 0.000076 -0.013341 0.037447 0.306013
52 7.137218 -0.004936 0.000039 -0.006802 0.017641 0.516941
53 7.137671 -0.003248 -0.000057 0.012671 -0.028970 0.785942
54 5.780545 -0.000001 0.000000 -0.086667 0.011216 0.793834
55 3.336389 0.575416 -0.000145 -3.141589 -0.000001 0.438665
56 2.834963 0.142751 -0.000002 0.000000 0.000000 0.385255
57 3.339808 -0.000004 -0.000000 -0.000000 0.000000 0.119327
58 8.999998 1.500002 -0.000001 0.000000 0.000000 -0.000000
59 -5.172088 -0.865983 -7.615215 -1.762540 0.326116 1.158520
60 3.265983 0.000000 0.000000 -0.142647 -0.891623 1.243989
61 10.918600 -0.000000 0.000001 0.000000 0.000000 -0.785723
62 25.761902 -0.000001 0.000000 1.906685 0.152112 -0.146287
63 -0.236993 1.245689 0.327398 3.049356 -0.045856 2.391984
64 24.761436 3.074187 -0.693213 -2.856567 0.116771 2.276902
65 18.174500 -0.000000 -0.000000 0.242661 -0.219042 -0.194941
66 27.065054 3.151983 -0.448465 -2.920401 0.355305 1.738603
67 23.998041 -0.000000 -0.000000 0.292815 -0.224119 -0.167718
68 28.988941 3.513350 -0.087928 -3.066705 0.532045 1.254106
69 32.786850 0.000002 0.000000 0.248807 -0.290890 -0.296233
70 32.613316 2.152714 0.840420 3.101462 0.513303 0.762917
71 18.030670 -0.000002 0.000000 0.199660 -0.387056 -0.434000
72 -3.151490 -6.376818 0.000018 -3.141591 -0.000002 -1.455347
73 8.244103 -0.000000 -0.000000 -0.002780 -0.035771 0.373994
74 12.186327 -0.000000 -0.000000 0.002220 -0.006782 0.414047
75 11.268430 0.000000 0.000000 0.015251 0.008167 0.235213
76 11.182281 -0.000004 0.000000 0.017768 0.063295 0.032241
77 12.115531 0.000000 0.000000 0.003062 0.091733 -0.241353
78 14.316384 0.000000 0.000000 -0.011229 0.120462 -0.375376
79 16.120531 0.000000 0.000000 -0.023818 0.150837 -0.428881
80 0.000000 0.000000 0.000000 0.000000 -0.000000 0.000000
81 0.000000 0.000000 0.000000 0.000000 -0.000000 0.000000
82 0.000000 0.000000 0.000000 0.000000 -0.000000 0.000000
time 7
0 0.000000 0.000000 0.000000 -0.000000 -0.000000 0.000000
1 0.000000 0.000000 0.000000 0.000000 -0.000000 0.000000
2 0.000000 0.000000 0.000000 1.570796 -0.000000 0.000000
3 0.000000 0.000000 0.000000 -1.570796 -0.000000 0.000000
4 0.000000 0.000000 0.000000 1.570796 -0.000000 0.000000
5 0.000000 0.000000 0.000000 0.000000 -0.000000 0.000000
6 0.000000 0.000000 0.000000 0.000000 -0.000000 0.000000
7 0.000000 0.000000 0.000000 0.000000 -0.000000 0.000000
8 0.000000 0.000000 0.000000 0.000000 -0.000000 0.000000
9 0.000000 0.000000 0.000000 0.000000 -0.000000 0.000000
10 0.000000 0.000000 0.000000 0.000000 -0.000000 0.000000
11 0.000000 0.000000 0.000000 0.000000 -0.000000 0.000000
12 0.215086 81.357010 -35.820457 -3.141593 -0.826893 1.570796
13 0.000000 0.000000 0.000000 1.571160 -1.166356 3.141425
14 -3.285713 5.416729 0.000552 -0.123931 0.092226 1.437317
15 -5.663512 -4.508605 6.757353 2.872016 -0.303071 1.883426
16 11.691121 -0.000005 0.000000 -0.000000 -0.000000 -1.685514
17 10.049174 0.000003 0.000000 -0.000000 0.000000 1.317833
18 7.698300 -0.000002 -0.000001 0.005771 -0.120100 -0.568863
19 2.889140 3.264199 -2.333552 -0.276273 0.601309 1.483420
20 3.916705 0.000001 -0.000002 -0.000000 0.000000 -0.779898
21 2.889140 3.388608 -0.169511 0.072724 0.046239 1.544926
22 5.095920 0.000003 -0.000001 0.000000 -0.000000 -0.893285
23 2.889140 3.388609 2.118073 0.219025 -0.300965 1.309987
24 4.326638 -0.000004 0.000001 0.000000 0.000000 -0.769650
25 -4.212824 -2.959442 -8.460557 -3.102522 0.178526 1.945623
26 11.691118 -0.000001 0.000001 -0.000000 -0.000000 -1.630351
27 10.049181 0.000003 -0.000000 0.000000 -0.000000 1.448361
28 7.698297 -0.000000 0.000000 -0.044854 -0.013552 -1.150891
29 2.889139 3.264199 2.333550 0.485637 -0.544243 0.764409
30 3.916703 -0.000001 0.000000 0.000000 0.000000 -0.775812
31 2.889140 3.388610 0.169508 -0.026854 -0.081637 0.857910
32 5.095924 -0.000000 -0.000001 -0.000000 -0.000000 -0.815032
33 2.889140 3.388611 -2.118072 -0.432442 0.498194 0.898040
34 4.326632 0.000000 -0.000001 -0.000000 -0.000000 -0.818691
35 5.916240 -0.005333 0.000436 -0.079652 -0.012215 -0.219785
36 6.892757 -0.006699 0.000492 -0.073624 -0.141044 -0.068010
37 8.422419 1.651536 -0.000027 0.006198 0.079596 -0.243606
38 -5.839403 -2.344108 6.782645 1.614947 -0.365008 1.496462
39 3.265986 0.000001 0.000007 0.191495 0.736561 1.780709
40 10.918593 -0.000001 0.000001 0.000000 -0.000000 -1.021536
41 25.761906 0.000004 -0.000001 -1.738693 0.009812 -0.014560
42 -0.237014 1.245558 -0.327389 0.098094 0.310642 2.417979
43 24.761375 3.073946 0.693197 -0.072462 0.215972 2.355929
44 18.174503 0.000004 -0.000011 -0.112914 0.083751 0.159422
45 27.065092 3.151833 0.448442 0.104360 0.116117 1.682716
46 23.998043 0.000011 -0.000018 -0.158340 0.099160 0.266281
47 28.989002 3.513209 0.087907 0.017203 0.008113 1.068037
48 32.786842 -0.000007 -0.000011 -0.088855 0.079382 0.374299
49 32.613228 2.152440 -0.840445 0.138224 -0.093404 0.541136
50 18.030674 0.000005 -0.000001 -0.058415 -0.075498 0.202680
51 7.135565 -0.005560 0.000100 -0.017729 0.044408 0.205192
52 7.137573 -0.004730 0.000032 -0.005658 0.038450 0.591464
53 7.137624 -0.003291 -0.000072 0.015699 0.004013 0.771865
54 5.780544 -0.000002 0.000000 -0.049834 -0.024672 1.058006
55 3.336389 0.575416 -0.000145 -3.141589 -0.000001 0.438665
56 2.834963 0.142751 -0.000002 0.000000 0.000000 0.379520
57 3.339808 -0.000004 -0.000000 -0.000000 0.000000 0.116304
58 8.999998 1.500002 -0.000001 0.000000 0.000000 -0.000000
59 -4.694978 -2.433161 -7.593710 -1.780620 0.345291 1.435672
60 3.265982 0.000001 -0.000001 -0.503171 -1.120892 1.545500
61 10.918598 0.000000 -0.000000 0.000000 -0.000000 -1.112855
62 25.761900 -0.000001 0.000000 1.909393 0.026323 -0.190708
63 -0.236993 1.245689 0.327398 3.047671 -0.190076 2.405505
64 24.761436 3.074187 -0.693213 -3.059165 -0.058507 2.297349
65 18.174500 -0.000000 -0.000000 0.122538 0.148552 -0.179261
66 27.065054 3.151983 -0.448465 3.042937 -0.066147 1.660285
67 23.998043 -0.000000 -0.000000 0.140430 0.249413 -0.210823
68 28.988941 3.513350 -0.087928 2.939286 -0.067972 1.171967
69 32.786850 0.000002 0.000000 0.113323 0.068020 -0.299695
70 32.613316 2.152714 0.840420 2.970865 -0.164204 0.589395
71 18.030670 -0.000002 0.000000 0.094941 -0.044304 -0.344296
72 -3.151490 -6.376818 0.000018 -3.141591 -0.000002 -1.455347
73 8.244103 -0.000000 -0.000000 -0.002837 -0.033478 0.394563
74 12.186327 -0.000000 -0.000000 -0.001920 -0.024053 0.441627
75 11.268430 0.000000 0.000000 0.008425 -0.004837 0.273181
76 11.182281 -0.000004 0.000000 0.013559 0.037934 0.012864
77 12.115531 0.000000 0.000000 0.003575 0.073175 -0.295845
78 14.316385 0.000000 0.000000 -0.016625 0.104088 -0.462655
79 16.120531 0.000000 0.000000 -0.043461 0.138879 -0.495426
80 0.000000 0.000000 0.000000 0.000000 -0.000000 0.000000
81 0.000000 0.000000 0.000000 0.000000 -0.000000 0.000000
82 0.000000 0.000000 0.000000 0.000000 -0.000000 0.000000
time 8
0 0.000000 0.000000 0.000000 -0.000000 -0.000000 0.000000
1 0.000000 0.000000 0.000000 0.000000 -0.000000 0.000000
2 0.000000 0.000000 0.000000 1.570796 -0.000000 0.000000
3 0.000000 0.000000 0.000000 -1.570796 -0.000000 0.000000
4 0.000000 0.000000 0.000000 1.570796 -0.000000 0.000000
5 0.000000 0.000000 0.000000 0.000000 -0.000000 0.000000
6 0.000000 0.000000 0.000000 0.000000 -0.000000 0.000000
7 0.000000 0.000000 0.000000 0.000000 -0.000000 0.000000
8 0.000000 0.000000 0.000000 0.000000 -0.000000 0.000000
9 0.000000 0.000000 0.000000 0.000000 -0.000000 0.000000
10 0.000000 0.000000 0.000000 0.000000 -0.000000 0.000000
11 0.000000 0.000000 0.000000 0.000000 -0.000000 0.000000
12 0.761355 80.029266 -40.157089 -3.141592 -0.856307 1.570796
13 0.000000 0.000000 0.000000 1.570992 -1.142524 3.141504
14 -3.365546 5.367496 0.000455 -0.106304 0.095015 1.458745
15 -5.636470 -4.566100 6.741769 2.886076 -0.283471 1.697013
16 11.691122 0.000004 0.000002 -0.000000 -0.000000 -1.774390
17 10.049183 -0.000001 0.000000 0.000000 0.000000 1.114949
18 7.698297 0.000001 0.000000 -0.017706 -0.074849 -0.289574
19 2.889140 3.264199 -2.333552 -0.187964 0.628578 1.635440
20 3.916705 -0.000001 0.000001 -0.000000 0.000000 -0.686202
21 2.889140 3.388608 -0.169511 0.077757 0.036590 1.671565
22 5.095921 -0.000002 0.000000 0.000000 -0.000000 -0.799590
23 2.889140 3.388609 2.118073 0.178126 -0.325115 1.441083
24 4.326636 0.000003 0.000000 0.000000 0.000000 -0.675955
25 -4.189130 -3.158281 -8.397870 -3.101163 0.146500 1.775595
26 11.691122 0.000003 0.000001 0.000000 -0.000000 -1.836232
27 10.049181 -0.000002 -0.000000 -0.000000 0.000000 1.607773
28 7.698301 0.000000 -0.000001 0.016147 -0.043372 -1.011662
29 2.889139 3.264199 2.333550 0.415737 -0.593151 0.890954
30 3.916705 0.000001 -0.000000 0.000000 0.000000 -0.656603
31 2.889140 3.388610 0.169508 -0.036043 -0.077668 0.974520
32 5.095922 0.000003 0.000000 -0.000000 -0.000000 -0.695823
33 2.889140 3.388611 -2.118072 -0.368616 0.541886 1.023281
34 4.326637 -0.000002 -0.000000 -0.000000 0.000000 -0.699482
35 5.915798 -0.005208 0.000448 -0.081476 -0.017082 -0.289633
36 6.891456 -0.006470 0.000339 -0.049538 -0.153796 -0.265592
37 8.422055 1.651641 0.000003 0.001055 0.079807 -0.308228
38 -5.677320 -2.733011 6.783140 1.695123 -0.737661 1.618189
39 3.265986 0.000000 0.000009 0.144603 0.383440 1.493641
40 10.918596 0.000003 0.000003 -0.000000 -0.000000 -1.454794
41 25.761902 0.000002 -0.000003 -1.842314 0.158084 -0.126243
42 -0.237014 1.245558 -0.327389 0.100037 0.407778 2.427460
43 24.761375 3.073946 0.693197 0.198785 0.394711 2.389944
44 18.174503 0.000004 -0.000011 0.065190 0.364594 0.179022
45 27.065092 3.151833 0.448442 0.415182 0.484816 1.604070
46 23.998043 0.000011 -0.000018 0.070699 0.464235 0.217783
47 28.989002 3.513209 0.087907 0.241681 0.589668 0.904050
48 32.786842 -0.000007 -0.000011 0.093603 0.615560 0.379720
49 32.613228 2.152440 -0.840445 0.222272 0.541385 0.319061
50 18.030674 0.000005 -0.000001 -0.012537 0.438822 0.197904
51 7.134259 -0.005673 0.000138 -0.024372 -0.001943 -0.025440
52 7.137673 -0.004650 0.000027 -0.004821 0.056446 0.616665
53 7.138077 -0.002791 -0.000108 0.023646 0.040192 0.917578
54 5.780545 0.000001 -0.000001 -0.075672 -0.042575 1.197822
55 3.336389 0.575416 -0.000145 -3.141589 -0.000001 0.438665
56 2.834963 0.142751 -0.000002 0.000000 0.000000 0.376610
57 3.339808 -0.000004 -0.000000 -0.000000 0.000000 0.111731
58 8.999998 1.500002 -0.000001 0.000000 0.000000 -0.000000
59 -4.524468 -2.738016 -7.593493 -1.906717 0.721110 1.473761
60 3.265985 0.000001 0.000008 -0.281551 -0.853838 1.090523
61 10.918597 -0.000003 -0.000002 -0.000000 -0.000000 -1.440090
62 25.761902 -0.000000 0.000006 1.927790 -0.194488 -0.268484
63 -0.236993 1.245689 0.327398 3.046810 -0.257642 2.411879
64 24.761436 3.074187 -0.693213 2.957857 -0.226642 2.331063
65 18.174500 -0.000000 -0.000000 -0.070434 0.477835 -0.165722
66 27.065054 3.151983 -0.448465 2.735431 -0.438489 1.594187
67 23.998041 -0.000000 -0.000000 -0.082485 0.677340 -0.229795
68 28.988941 3.513350 -0.087928 2.697283 -0.601231 1.067403
69 32.786846 0.000002 0.000000 -0.054959 0.562936 -0.289780
70 32.613316 2.152714 0.840420 2.864429 -0.760654 0.416293
71 18.030670 -0.000002 0.000000 0.005660 0.439640 -0.209884
72 -3.151490 -6.376818 0.000018 -3.141591 -0.000002 -1.455347
73 8.244103 -0.000000 -0.000000 -0.001711 -0.026705 0.366153
74 12.186327 -0.000000 -0.000000 -0.004564 -0.034794 0.477743
75 11.268430 0.000000 0.000000 0.002989 -0.012821 0.365016
76 11.182281 -0.000004 0.000000 0.012122 0.024377 0.074920
77 12.115531 0.000000 0.000000 0.005766 0.064376 -0.338000
78 14.316384 0.000000 0.000000 -0.014173 0.093156 -0.535056
79 16.120531 0.000000 0.000000 -0.038856 0.113091 -0.645975
80 0.000000 0.000000 0.000000 0.000000 -0.000000 0.000000
81 0.000000 0.000000 0.000000 0.000000 -0.000000 0.000000
82 0.000000 0.000000 0.000000 0.000000 -0.000000 0.000000
time 9
0 0.000000 0.000000 0.000000 -0.000000 -0.000000 0.000000
1 0.000000 0.000000 0.000000 0.000000 -0.000000 0.000000
2 0.000000 0.000000 0.000000 1.570796 -0.000000 0.000000
3 0.000000 0.000000 0.000000 -1.570796 -0.000000 0.000000
4 0.000000 0.000000 0.000000 1.570796 -0.000000 0.000000
5 0.000000 0.000000 0.000000 0.000000 -0.000000 0.000000
6 0.000000 0.000000 0.000000 0.000000 -0.000000 0.000000
7 0.000000 0.000000 0.000000 0.000000 -0.000000 0.000000
8 0.000000 0.000000 0.000000 0.000000 -0.000000 0.000000
9 0.000000 0.000000 0.000000 0.000000 -0.000000 0.000000
10 0.000000 0.000000 0.000000 0.000000 -0.000000 0.000000
11 0.000000 0.000000 0.000000 0.000000 -0.000000 0.000000
12 1.020507 75.964691 -41.690758 3.141592 -0.900827 1.570796
13 0.000000 0.000000 0.000000 1.570103 -1.127874 -3.141266
14 -3.396982 5.347716 0.000234 -0.069029 0.094295 1.477862
15 -5.668697 -4.432516 6.806365 2.872286 -0.234901 1.620713
16 11.691118 0.000001 0.000001 -0.000000 0.000000 -1.753598
17 10.049181 0.000001 -0.000000 0.000000 -0.000000 0.888835
18 7.698308 0.000001 -0.000001 -0.031210 -0.016341 -0.072768
19 2.889140 3.264199 -2.333552 -0.071934 0.649739 1.829473
20 3.916705 -0.000000 -0.000000 0.000000 0.000000 -0.565293
21 2.889140 3.388608 -0.169511 0.082592 0.023994 1.828212
22 5.095922 0.000001 0.000001 0.000000 -0.000000 -0.678680
23 2.889140 3.388609 2.118073 0.123665 -0.349139 1.605564
24 4.326634 -0.000004 0.000000 -0.000000 0.000000 -0.555045
25 -4.250091 -3.354528 -8.292986 -3.094205 0.128399 1.664077
26 11.691116 0.000003 -0.000000 0.000000 -0.000000 -1.989130
27 10.049181 0.000000 0.000001 -0.000000 0.000000 1.742061
28 7.698300 0.000001 0.000001 0.072283 -0.060362 -0.851413
29 2.889139 3.264199 2.333550 0.348058 -0.637434 1.011549
30 3.916705 -0.000001 0.000002 -0.000000 0.000000 -0.546388
31 2.889140 3.388610 0.169508 -0.044566 -0.073719 1.084028
32 5.095923 0.000002 -0.000000 -0.000000 0.000000 -0.585608
33 2.889140 3.388611 -2.118072 -0.307011 0.581391 1.142274
34 4.326632 0.000001 0.000000 -0.000000 0.000000 -0.589267
35 5.915746 -0.005199 0.000423 -0.077000 -0.020149 -0.313391
36 6.890707 -0.006228 0.000150 -0.023715 -0.157905 -0.377486
37 8.421880 1.651705 0.000017 -0.002367 0.079985 -0.351741
38 -5.576710 -2.916641 6.781109 -0.582906 -1.440006 -2.210081
39 3.265984 -0.000002 -0.000006 -0.702054 -1.133273 0.867814
40 10.918605 0.000000 0.000000 0.000000 -0.000000 -1.223125
41 25.761900 -0.000005 -0.000007 -1.942177 0.272626 -0.244091
42 -0.237014 1.245558 -0.327389 0.092586 0.017691 2.389569
43 24.761375 3.073946 0.693197 0.294274 0.358158 2.411030
44 18.174503 0.000004 -0.000011 0.249049 0.344316 0.242771
45 27.065092 3.151833 0.448442 0.429534 0.437549 1.651014
46 23.998043 0.000011 -0.000018 0.219717 0.645804 0.249025
47 28.989002 3.513209 0.087907 0.185570 0.557068 0.948432
48 32.786842 -0.000007 -0.000011 0.108736 0.776925 0.350466
49 32.613228 2.152440 -0.840445 0.150659 0.660089 0.438542
50 18.030674 0.000005 -0.000001 -0.066262 0.705426 0.155797
51 7.133029 -0.005513 0.000110 -0.019469 -0.044606 -0.247200
52 7.137605 -0.004706 0.000031 -0.005459 0.063014 0.593612
53 7.138351 -0.002384 -0.000149 0.032895 0.062067 1.031528
54 5.780554 0.000001 -0.000001 -0.093365 -0.052709 1.237593
55 3.336389 0.575416 -0.000145 -3.141589 -0.000001 0.437497
56 2.834963 0.142751 -0.000002 0.000000 0.000000 0.375531
57 3.339808 -0.000004 -0.000000 -0.000000 0.000000 0.107538
58 8.999998 1.500002 -0.000001 0.000000 0.000000 -0.000000
59 -4.424171 -2.886276 -7.595035 2.030707 1.458107 -0.770642
60 3.265984 -0.000002 0.000004 0.321062 0.824411 0.140540
61 10.918595 0.000001 0.000000 0.000000 0.000000 -1.246469
62 25.761902 0.000006 -0.000001 1.959905 -0.364445 -0.330589
63 -0.236993 1.245689 0.327398 3.048458 -0.134907 2.400295
64 24.761436 3.074187 -0.693213 2.844502 -0.314114 2.405862
65 18.174500 -0.000000 -0.000000 -0.261052 0.361797 -0.243516
66 27.065054 3.151983 -0.448465 2.711095 -0.417595 1.654142
67 23.998043 -0.000000 -0.000000 -0.227138 0.673308 -0.256189
68 28.988941 3.513350 -0.087928 2.773813 -0.545162 1.042524
69 32.786846 0.000002 0.000000 -0.097039 0.788408 -0.259484
70 32.613316 2.152714 0.840420 3.003864 -0.700169 0.406528
71 18.030670 -0.000002 0.000000 0.086037 0.719910 -0.133690
72 -3.151490 -6.376818 0.000018 -3.141591 -0.000002 -1.455347
73 8.244103 -0.000000 -0.000000 0.000082 -0.019481 0.290617
74 12.186327 -0.000000 -0.000000 -0.004426 -0.032034 0.533791
75 11.268431 -0.000000 0.000000 0.001038 -0.015383 0.529840
76 11.182281 -0.000004 0.000000 0.012707 0.021863 0.231851
77 12.115531 0.000000 0.000000 0.009546 0.056103 -0.261179
78 14.316384 0.000000 0.000000 -0.002583 0.086009 -0.579727
79 16.120531 0.000000 0.000000 -0.023810 0.104557 -0.792602
80 0.000000 0.000000 0.000000 0.000000 -0.000000 0.000000
81 0.000000 0.000000 0.000000 0.000000 -0.000000 0.000000
82 0.000000 0.000000 0.000000 0.000000 -0.000000 0.000000
time 10
0 0.000000 0.000000 0.000000 -0.000000 -0.000000 0.000000
1 0.000000 0.000000 0.000000 0.000000 -0.000000 0.000000
2 0.000000 0.000000 0.000000 1.570796 -0.000000 0.000000
3 0.000000 0.000000 0.000000 -1.570796 -0.000000 0.000000
4 0.000000 0.000000 0.000000 1.570796 -0.000000 0.000000
5 0.000000 0.000000 0.000000 0.000000 -0.000000 0.000000
6 0.000000 0.000000 0.000000 0.000000 -0.000000 0.000000
7 0.000000 0.000000 0.000000 0.000000 -0.000000 0.000000
8 0.000000 0.000000 0.000000 0.000000 -0.000000 0.000000
9 0.000000 0.000000 0.000000 0.000000 -0.000000 0.000000
10 0.000000 0.000000 0.000000 0.000000 -0.000000 0.000000
11 0.000000 0.000000 0.000000 0.000000 -0.000000 0.000000
12 0.694893 68.945114 -32.952038 3.141593 -0.957510 1.570796
13 0.000000 0.000000 0.000000 1.562023 -1.222805 -3.135153
14 -2.818643 5.671076 0.015229 -0.034628 0.066463 1.468530
15 -5.884613 -3.578437 7.092682 2.856479 -0.135499 1.971757
16 11.691116 0.000000 0.000001 -0.000000 -0.000000 -1.495350
17 10.049182 -0.000000 -0.000000 -0.000000 0.000000 0.918467
18 7.698299 0.000000 0.000000 0.020186 -0.077052 -0.426707
19 2.889140 3.264199 -2.333552 -0.198925 0.626903 1.617166
20 3.916704 -0.000001 -0.000002 0.000000 -0.000000 -0.510856
21 2.889140 3.388608 -0.169511 0.077338 0.037781 1.656871
22 5.095922 -0.000002 0.000001 -0.000000 -0.000000 -0.624243
23 2.889140 3.388609 2.118073 0.183300 -0.323010 1.425607
24 4.326636 -0.000004 -0.000000 -0.000000 -0.000000 -0.500608
25 -4.842291 -3.032644 -8.093694 -3.085746 0.217612 1.943648
26 11.691120 -0.000001 0.000000 -0.000000 -0.000000 -1.835151
27 10.049180 -0.000003 -0.000002 -0.000000 -0.000000 1.820634
28 7.698299 0.000002 0.000000 0.023782 0.076050 -0.837286
29 2.889139 3.264199 2.333550 -0.188456 -0.693437 1.849009
30 3.916704 0.000001 -0.000001 0.000000 0.000000 -0.482561
31 2.889140 3.388610 0.169508 -0.080173 -0.031486 1.736948
32 5.095921 0.000004 0.000000 -0.000000 0.000000 -0.521780
33 2.889140 3.388611 -2.118072 0.165736 0.630572 1.942254
34 4.326634 0.000000 0.000001 0.000000 -0.000000 -0.525440
35 5.917666 -0.005459 0.000308 -0.055997 0.007280 0.032900
36 6.893816 -0.006658 0.000347 -0.051584 -0.128023 0.087283
37 8.420993 1.652111 0.000096 -0.013156 0.079004 -0.487509
38 -4.996200 -3.825170 6.780915 -0.861423 -1.326036 -1.765783
39 3.265984 -0.000003 -0.000006 -1.202708 -0.376366 1.025277
40 10.918601 -0.000001 -0.000002 0.000000 0.000000 -0.851232
41 25.761898 -0.000003 -0.000004 -1.694533 0.115264 -0.159626
42 -0.237014 1.245558 -0.327389 0.091547 -0.044235 2.383587
43 24.761375 3.073946 0.693197 0.034055 -0.115788 2.331520
44 18.174503 0.000004 -0.000011 0.055163 0.301903 -0.107095
45 27.065092 3.151833 0.448442 0.247357 -0.212748 1.269284
46 23.998043 0.000011 -0.000018 -0.004929 0.444665 -0.055227
47 28.989002 3.513209 0.087907 0.144205 -0.039268 0.504923
48 32.786842 -0.000007 -0.000011 -0.033269 0.445559 0.010810
49 32.613228 2.152440 -0.840445 0.267719 -0.064062 -0.143152
50 18.030674 0.000005 -0.000001 -0.054521 0.263853 -0.094942
51 7.132729 -0.005425 0.000096 -0.016728 -0.015982 -0.298412
52 7.136538 -0.005262 0.000041 -0.007001 0.018471 0.385751
53 7.137801 -0.003102 -0.000078 0.016828 -0.012401 0.825945
54 5.780544 -0.000005 0.000000 0.013534 -0.027341 0.917548
55 3.336389 0.575416 -0.000145 -3.141589 -0.000001 0.388926
56 2.834963 0.142751 -0.000002 0.000000 0.000000 0.383179
57 3.339808 -0.000004 -0.000000 -0.000000 0.000000 0.105630
58 8.999998 1.500002 -0.000001 0.000000 0.000000 -0.000000
59 -3.865290 -3.598670 -7.595183 1.565419 1.350361 -1.078217
60 3.265985 0.000001 0.000001 1.119471 0.427324 0.781220
61 10.918600 -0.000003 -0.000000 0.000000 0.000000 -0.762308
62 25.761900 -0.000001 0.000004 1.618219 -0.214860 -0.320865
63 -0.236993 1.245689 0.327398 3.049900 0.029640 2.384954
64 24.761436 3.074187 -0.693213 3.104788 0.082872 2.299104
65 18.174500 -0.000000 -0.000000 -0.051497 0.324147 0.124642
66 27.065054 3.151983 -0.448465 2.892394 0.182582 1.245333
67 23.998043 -0.000000 -0.000000 0.004219 0.440128 0.078240
68 28.988941 3.513350 -0.087928 2.839845 0.082114 0.579629
69 32.786846 0.000002 0.000000 0.021177 0.411934 0.009454
70 32.613316 2.152714 0.840420 2.933897 0.125096 0.010621
71 18.030670 -0.000002 0.000000 0.057755 0.259115 0.120453
72 -3.151490 -6.376818 0.000018 -3.141591 -0.000002 -1.455347
73 8.244103 -0.000000 -0.000000 0.001016 -0.005603 0.158230
74 12.186327 -0.000000 -0.000000 -0.001646 -0.023028 0.445219
75 11.268430 0.000000 0.000000 -0.001139 -0.013965 0.634890
76 11.182281 -0.000004 0.000000 0.008073 0.017849 0.466942
77 12.115531 0.000000 0.000000 0.012687 0.047981 0.054152
78 14.316384 0.000000 0.000000 0.011388 0.074459 -0.333154
79 16.120531 0.000000 0.000000 -0.005335 0.107862 -0.792832
80 0.000000 0.000000 0.000000 0.000000 -0.000000 0.000000
81 0.000000 0.000000 0.000000 0.000000 -0.000000 0.000000
82 0.000000 0.000000 0.000000 0.000000 -0.000000 0.000000
time 11
0 0.000000 0.000000 0.000000 -0.000000 -0.000000 0.000000
1 0.000000 0.000000 0.000000 0.000000 -0.000000 0.000000
2 0.000000 0.000000 0.000000 1.570796 -0.000000 0.000000
3 0.000000 0.000000 0.000000 -1.570796 -0.000000 0.000000
4 0.000000 0.000000 0.000000 1.570796 -0.000000 0.000000
5 0.000000 0.000000 0.000000 0.000000 -0.000000 0.000000
6 0.000000 0.000000 0.000000 0.000000 -0.000000 0.000000
7 0.000000 0.000000 0.000000 0.000000 -0.000000 0.000000
8 0.000000 0.000000 0.000000 0.000000 -0.000000 0.000000
9 0.000000 0.000000 0.000000 0.000000 -0.000000 0.000000
10 0.000000 0.000000 0.000000 0.000000 -0.000000 0.000000
11 0.000000 0.000000 0.000000 0.000000 -0.000000 0.000000
12 0.023956 60.967285 -19.124722 -3.141592 -1.037741 1.570795
13 0.000000 0.000000 0.000000 1.566243 -1.421236 -3.137378
14 -1.676148 6.110650 0.003250 -0.038728 0.032952 1.484023
15 -6.168424 -2.534106 7.319401 2.873219 -0.082290 2.446931
16 11.691121 0.000001 0.000000 -0.000000 -0.000000 -1.240035
17 10.049182 0.000002 0.000000 -0.000000 0.000000 1.154820
18 7.698294 -0.000001 -0.000000 0.156932 -0.108572 -1.087896
19 2.889140 3.264199 -2.333552 -0.400770 0.534590 1.254008
20 3.916706 -0.000001 0.000000 0.000000 -0.000000 -0.522013
21 2.889140 3.388608 -0.169511 0.062016 0.060134 1.341172
22 5.095923 -0.000000 -0.000001 -0.000000 -0.000000 -0.635400
23 2.889140 3.388609 2.118073 0.275889 -0.251470 1.104132
24 4.326635 -0.000001 -0.000001 -0.000000 -0.000000 -0.511765
25 -5.703396 -1.859850 -7.883266 -2.989983 0.225174 2.378704
26 11.691129 0.000001 -0.000000 -0.000000 0.000000 -1.266363
27 10.049176 -0.000001 0.000000 -0.000000 -0.000000 1.562846
28 7.698298 0.000004 0.000000 -0.057208 0.200650 -0.877616
29 2.889139 3.264199 2.333550 -0.338385 -0.641203 2.090944
30 3.916705 -0.000001 -0.000001 0.000000 0.000000 -0.474622
31 2.889140 3.388610 0.169508 -0.084690 -0.015192 1.933482
32 5.095921 0.000000 0.000002 -0.000000 -0.000000 -0.513841
33 2.889140 3.388611 -2.118072 0.299080 0.584369 2.175587
34 4.326635 0.000002 -0.000001 0.000000 -0.000000 -0.517500
35 5.919489 -0.005102 0.000053 -0.010440 0.024993 0.368530
36 6.894836 -0.006553 0.000018 -0.003606 -0.096106 0.232348
37 8.424460 1.651426 -0.000185 0.033491 0.072729 0.109752
38 -6.267159 -0.110373 6.780925 0.545583 -1.460687 2.485992
39 3.265984 -0.000001 0.000000 -1.304578 0.413030 0.545285
40 10.918600 0.000000 0.000003 -0.000000 0.000000 -0.565728
41 25.761906 0.000000 -0.000005 -1.403069 -0.129832 -0.077812
42 -0.237014 1.245558 -0.327389 0.091560 -0.046916 2.383341
43 24.761375 3.073946 0.693197 -0.259426 -0.113611 2.210741
44 18.174503 0.000004 -0.000011 -0.228714 -0.379165 0.122238
45 27.065092 3.151833 0.448442 -0.121248 -0.295200 1.493946
46 23.998043 0.000011 -0.000018 -0.141227 -0.281431 0.071103
47 28.989002 3.513209 0.087907 -0.074213 -0.280868 0.828164
48 32.786842 -0.000007 -0.000011 -0.101224 -0.296798 0.047996
49 32.613228 2.152440 -0.840445 0.183275 -0.237382 0.274613
50 18.030674 0.000005 -0.000001 -0.011843 -0.344580 -0.036440
51 7.135730 -0.005516 0.000082 -0.012333 0.009055 0.227071
52 7.134847 -0.005667 0.000030 -0.008340 -0.004039 0.082905
53 7.134349 -0.004587 -0.000177 0.037501 -0.021253 -0.005378
54 5.780547 -0.000005 0.000000 -0.287677 -0.008383 0.078386
55 3.336389 0.575416 -0.000145 -3.141589 -0.000001 1.092692
56 2.834963 0.142751 -0.000002 0.000000 -0.000000 0.546453
57 3.339808 -0.000004 -0.000000 -0.000000 0.000000 -0.409437
58 8.999998 1.500002 -0.000001 0.000000 0.000000 -0.000000
59 -5.227240 -0.597355 -7.595175 -2.847342 1.506210 0.186734
60 3.265984 -0.000003 0.000000 1.220611 -0.309783 0.633031
61 10.918598 -0.000001 0.000003 0.000000 -0.000000 -0.363586
62 25.761906 -0.000002 0.000000 1.246977 0.011899 -0.362802
63 -0.236993 1.245689 0.327398 3.050043 0.047063 2.383321
64 24.761436 3.074187 -0.693213 -2.892613 0.061733 2.077451
65 18.174500 -0.000000 -0.000000 0.202219 -0.122645 0.015473
66 27.065054 3.151983 -0.448465 -3.039044 0.256667 1.417013
67 23.998041 -0.000000 -0.000000 0.198676 -0.085209 0.033289
68 28.988941 3.513350 -0.087928 3.013148 0.215402 0.776844
69 32.786846 0.000002 0.000000 0.224262 -0.120921 -0.090498
70 32.613316 2.152714 0.840420 2.851206 0.272348 0.151654
71 18.030670 -0.000002 0.000000 0.166275 -0.286109 -0.183478
72 -3.151490 -6.376818 0.000018 -3.141591 -0.000002 -1.455347
73 8.244103 -0.000000 -0.000000 -0.000358 0.009250 0.077448
74 12.186327 -0.000000 -0.000000 0.000053 0.003181 0.209835
75 11.268430 0.000000 0.000000 -0.001484 0.008884 0.350302
76 11.182281 -0.000004 0.000000 -0.005049 0.028588 0.440700
77 12.115531 0.000000 0.000000 -0.012395 0.051446 0.310692
78 14.316384 0.000000 0.000000 -0.009026 0.058580 0.188195
79 16.120531 0.000000 0.000000 0.010046 0.059372 -0.024338
80 0.000000 0.000000 0.000000 0.000000 -0.000000 0.000000
81 0.000000 0.000000 0.000000 0.000000 -0.000000 0.000000
82 0.000000 0.000000 0.000000 0.000000 -0.000000 0.000000
time 12
0 0.000000 0.000000 0.000000 -0.000000 -0.000000 0.000000
1 0.000000 0.000000 0.000000 0.000000 -0.000000 0.000000
2 0.000000 0.000000 0.000000 1.570796 -0.000000 0.000000
3 0.000000 0.000000 0.000000 -1.570796 -0.000000 0.000000
4 0.000000 0.000000 0.000000 1.570796 -0.000000 0.000000
5 0.000000 0.000000 0.000000 0.000000 -0.000000 0.000000
6 0.000000 0.000000 0.000000 0.000000 -0.000000 0.000000
7 0.000000 0.000000 0.000000 0.000000 -0.000000 0.000000
8 0.000000 0.000000 0.000000 0.000000 -0.000000 0.000000
9 0.000000 0.000000 0.000000 0.000000 -0.000000 0.000000
10 0.000000 0.000000 0.000000 0.000000 -0.000000 0.000000
11 0.000000 0.000000 0.000000 0.000000 -0.000000 0.000000
12 -0.072397 60.180206 -15.196866 -3.141592 -1.074538 1.570796
13 0.000000 0.000000 0.000000 1.783620 -1.482053 2.954174
14 -1.368657 6.187324 -0.118864 -0.015732 0.014689 1.549587
15 -6.284001 -1.651831 7.596424 2.911826 -0.090269 2.433543
16 11.691120 0.000001 -0.000001 -0.000000 -0.000000 -1.325672
17 10.049179 -0.000002 0.000000 -0.000000 0.000000 1.436136
18 7.698299 -0.000001 -0.000001 0.177061 -0.091670 -1.357192
19 2.889140 3.264199 -2.333552 -0.460674 0.477329 1.124504
20 3.916706 0.000000 -0.000001 0.000000 -0.000000 -0.673359
21 2.889140 3.388608 -0.169511 0.053394 0.067032 1.212857
22 5.095919 0.000001 0.000001 -0.000000 0.000000 -0.786746
23 2.889140 3.388609 2.118073 0.302595 -0.213121 0.978883
24 4.326635 -0.000001 -0.000000 0.000000 -0.000000 -0.663111
25 -5.937720 -1.472380 -7.638041 -2.881225 0.152073 2.607595
26 11.691121 -0.000001 -0.000000 0.000000 -0.000000 -0.699351
27 10.049179 0.000002 0.000001 -0.000000 -0.000000 1.110473
28 7.698296 0.000002 0.000000 -0.101216 0.191134 -0.849729
29 2.889139 3.264199 2.333550 0.044819 -0.714218 1.490755
30 3.916707 -0.000002 -0.000003 0.000000 0.000000 -0.619646
31 2.889140 3.388610 0.169508 -0.068805 -0.051994 1.464314
32 5.095918 0.000002 0.000001 -0.000000 -0.000000 -0.658865
33 2.889140 3.388611 -2.118072 -0.038767 0.648914 1.601803
34 4.326636 -0.000001 0.000000 -0.000000 -0.000000 -0.662524
35 5.919345 -0.005149 0.000056 -0.010398 0.039993 0.350403
36 6.894547 -0.006622 0.000030 -0.003962 -0.057778 0.190594
37 8.425829 1.651736 -0.000281 0.050511 0.062163 0.360817
38 -6.127438 1.455298 6.780930 0.704215 -1.452277 2.068021
39 3.265984 0.000003 -0.000000 -1.327555 0.470529 0.489203
40 10.918597 0.000000 -0.000003 -0.000000 -0.000000 -0.516353
41 25.761902 0.000000 -0.000007 -1.377562 -0.148689 -0.075407
42 -0.237014 1.245558 -0.327389 0.092704 -0.163319 2.372530
43 24.761375 3.073946 0.693197 -0.267169 0.019061 2.170041
44 18.174503 0.000004 -0.000011 -0.211521 -0.204324 0.006620
45 27.065092 3.151833 0.448442 -0.134741 -0.126857 1.501691
46 23.998043 0.000011 -0.000018 -0.166861 -0.163082 0.058779
47 28.989002 3.513209 0.087907 -0.089078 -0.182471 0.859724
48 32.786842 -0.000007 -0.000011 -0.129193 -0.219441 0.074098
49 32.613228 2.152440 -0.840445 0.168172 -0.141989 0.346900
50 18.030674 0.000005 -0.000001 -0.041837 -0.250132 0.099637
51 7.135590 -0.005481 -0.000933 0.162745 0.007275 0.212434
52 7.134942 -0.005656 0.000091 -0.015182 -0.003063 0.093540
53 7.134048 -0.004582 -0.000111 0.022537 -0.016838 -0.083034
54 5.780542 0.000000 0.000001 -0.373358 -0.115850 -0.287016
55 3.336389 0.575416 -0.000145 -3.141589 -0.000001 1.099181
56 2.834963 0.142751 -0.000002 0.000000 -0.000000 0.632626
57 3.339808 -0.000004 -0.000000 -0.000000 0.000000 0.023209
58 8.999998 1.500002 -0.000001 0.000000 0.000000 -0.000000
59 -5.236402 0.722866 -7.595171 -2.615987 1.495005 0.160266
60 3.265984 0.000003 -0.000001 1.253938 -0.343281 0.568813
61 10.918595 -0.000001 -0.000003 0.000000 -0.000000 -0.326612
62 25.761909 -0.000000 -0.000001 1.191373 0.045957 -0.356978
63 -0.236993 1.245689 0.327398 3.049249 0.132312 2.375427
64 24.761436 3.074187 -0.693213 -2.884351 -0.054183 2.036012
65 18.174500 -0.000000 -0.000000 0.231763 -0.174827 -0.013530
66 27.065054 3.151983 -0.448465 -3.024275 0.143636 1.430976
67 23.998041 -0.000000 -0.000000 0.289871 -0.183393 -0.066635
68 28.988941 3.513350 -0.087928 3.025648 0.171474 0.811619
69 32.786846 0.000002 0.000000 0.263548 -0.156458 -0.176334
70 32.613316 2.152714 0.840420 2.853362 0.218984 0.190515
71 18.030670 -0.000002 0.000000 0.200344 -0.266457 -0.283172
72 -3.151490 -6.376818 0.000018 -3.141591 -0.000002 -1.455347
73 8.244103 -0.000000 -0.000000 -0.004022 0.015321 0.205234
74 12.186327 -0.000000 -0.000000 -0.000684 0.017979 0.219471
75 11.268430 0.000000 0.000000 0.002178 0.034029 0.181342
76 11.182281 -0.000004 0.000000 -0.003368 0.056351 0.036023
77 12.115531 0.000000 0.000000 -0.021262 0.069215 -0.030987
78 14.316384 0.000000 0.000000 -0.042369 0.079076 0.119031
79 16.120531 0.000000 0.000000 -0.050941 0.060360 0.230006
80 0.000000 0.000000 0.000000 0.000000 -0.000000 0.000000
81 0.000000 0.000000 0.000000 0.000000 -0.000000 0.000000
82 0.000000 0.000000 0.000000 0.000000 -0.000000 0.000000
time 13
0 0.000000 0.000000 0.000000 -0.000000 -0.000000 0.000000
1 0.000000 0.000000 0.000000 0.000000 -0.000000 0.000000
2 0.000000 0.000000 0.000000 1.570796 -0.000000 0.000000
3 0.000000 0.000000 0.000000 -1.570796 -0.000000 0.000000
4 0.000000 0.000000 0.000000 1.570796 -0.000000 0.000000
5 0.000000 0.000000 0.000000 0.000000 -0.000000 0.000000
6 0.000000 0.000000 0.000000 0.000000 -0.000000 0.000000
7 0.000000 0.000000 0.000000 0.000000 -0.000000 0.000000
8 0.000000 0.000000 0.000000 0.000000 -0.000000 0.000000
9 0.000000 0.000000 0.000000 0.000000 -0.000000 0.000000
10 0.000000 0.000000 0.000000 0.000000 -0.000000 0.000000
11 0.000000 0.000000 0.000000 0.000000 -0.000000 0.000000
12 -0.003016 61.609100 -14.960665 3.141593 -1.071160 1.570796
13 0.000000 0.000000 0.000000 2.029829 -1.496226 2.737073
14 -1.207884 6.216753 -0.286201 0.028072 -0.001529 1.633716
15 -6.286599 -0.701885 7.878465 2.963977 -0.108978 2.206205
16 11.691130 -0.000001 0.000000 -0.000000 -0.000000 -1.475863
17 10.049179 0.000003 0.000001 -0.000000 0.000000 1.615840
18 7.698300 -0.000001 -0.000000 0.170639 -0.086304 -1.443192
19 2.889140 3.264199 -2.333552 -0.534091 0.399225 0.958509
20 3.916706 -0.000000 -0.000003 0.000000 -0.000000 -0.802535
21 2.889140 3.388608 -0.169511 0.041681 0.075499 1.044547
22 5.095916 0.000000 0.000001 -0.000000 0.000000 -0.915922
23 2.889140 3.388609 2.118073 0.334989 -0.161389 0.815658
24 4.326631 -0.000004 0.000001 -0.000000 -0.000000 -0.792288
25 -6.114266 -1.160934 -7.373920 -2.829270 0.163745 2.494477
26 11.691122 0.000001 0.000000 -0.000000 -0.000000 -0.869503
27 10.049180 0.000003 0.000000 0.000000 -0.000000 1.040250
28 7.698302 -0.000001 0.000000 -0.112879 0.206222 -0.629630
29 2.889139 3.264199 2.333550 0.358288 -0.630203 0.992466
30 3.916706 0.000001 0.000002 0.000000 -0.000000 -0.728748
31 2.889140 3.388610 0.169508 -0.043184 -0.074292 1.066075
32 5.095921 -0.000000 0.000000 -0.000000 -0.000000 -0.767967
33 2.889140 3.388611 -2.118072 -0.316352 0.574887 1.123342
34 4.326636 -0.000001 0.000002 -0.000000 -0.000000 -0.771626
35 5.918987 -0.005269 0.000107 -0.019602 0.054275 0.284909
36 6.894279 -0.006676 0.000131 -0.019133 -0.029785 0.164833
37 8.425900 1.651763 -0.000286 0.051362 0.061485 0.374431
38 -6.113802 1.508435 6.780930 0.642277 -1.455110 2.119487
39 3.265983 0.000000 0.000000 -1.309213 0.494196 0.489568
40 10.918598 0.000000 -0.000005 -0.000000 -0.000000 -0.498345
41 25.761908 0.000000 0.000001 -1.375301 -0.144877 -0.074996
42 -0.237014 1.245558 -0.327389 0.091558 -0.041481 2.383837
43 24.761375 3.073946 0.693197 -0.267187 -0.042542 2.188117
44 18.174503 0.000004 -0.000011 -0.209174 -0.036180 0.041015
45 27.065092 3.151833 0.448442 -0.136777 -0.218325 1.513861
46 23.998043 0.000011 -0.000018 -0.163941 0.061965 0.074093
47 28.989002 3.513209 0.087907 -0.090307 -0.246018 0.865566
48 32.786842 -0.000007 -0.000011 -0.122713 -0.065917 0.063999
49 32.613228 2.152440 -0.840445 0.170842 -0.218872 0.331289
50 18.030674 0.000005 -0.000001 -0.028916 -0.083960 0.056343
51 7.135539 -0.005526 0.000677 -0.119391 0.008164 0.200371
52 7.134992 -0.005642 0.000169 -0.031292 -0.003093 0.101844
53 7.134085 -0.004588 0.000040 -0.006713 -0.017617 -0.069703
54 5.780545 -0.000002 -0.000000 0.063428 -0.041553 -0.329912
55 3.336389 0.575416 -0.000145 -3.141589 -0.000001 1.186050
56 2.834963 0.142751 -0.000002 0.000000 0.000000 0.638429
57 3.339808 -0.000004 -0.000000 -0.000000 0.000000 -0.049013
58 8.999998 1.500002 -0.000001 0.000000 0.000000 -0.000000
59 -5.229827 0.767654 -7.595167 -2.690685 1.500530 0.074498
60 3.265984 -0.000002 0.000001 1.258770 -0.337163 0.520412
61 10.918598 -0.000000 -0.000003 0.000000 -0.000000 -0.323494
62 25.761908 -0.000001 -0.000002 1.152756 0.066455 -0.344318
63 -0.236993 1.245689 0.327398 3.050082 0.011423 2.386596
64 24.761436 3.074187 -0.693213 -2.884756 0.009650 2.054574
65 18.174500 -0.000000 -0.000000 0.243321 -0.081888 -0.091636
66 27.065054 3.151983 -0.448465 -3.022531 0.230512 1.440627
67 23.998041 -0.000000 -0.000000 0.305208 -0.048584 -0.109864
68 28.988941 3.513350 -0.087928 3.023422 0.254393 0.800927
69 32.786846 0.000002 0.000000 0.249855 -0.025389 -0.173745
70 32.613316 2.152714 0.840420 2.847131 0.299780 0.164274
71 18.030670 -0.000002 0.000000 0.165898 -0.100603 -0.213904
72 -3.151490 -6.376818 0.000018 -3.141591 -0.000002 -1.455347
73 8.244103 -0.000000 -0.000000 -0.005392 0.018302 0.286099
74 12.186327 -0.000000 -0.000000 -0.000102 0.027740 0.320742
75 11.268430 0.000000 0.000000 0.006487 0.050614 0.181051
76 11.182281 -0.000004 0.000000 0.004679 0.078262 -0.081967
77 12.115531 0.000000 0.000000 -0.008071 0.087740 -0.375161
78 14.316383 0.000000 0.000000 -0.035352 0.090559 -0.354972
79 16.120531 0.000000 0.000000 -0.065903 0.087761 -0.150404
80 0.000000 0.000000 0.000000 0.000000 -0.000000 0.000000
81 0.000000 0.000000 0.000000 0.000000 -0.000000 0.000000
82 0.000000 0.000000 0.000000 0.000000 -0.000000 0.000000
time 14
0 0.000000 0.000000 0.000000 -0.000000 -0.000000 0.000000
1 0.000000 0.000000 0.000000 0.000000 -0.000000 0.000000
2 0.000000 0.000000 0.000000 1.570796 -0.000000 0.000000
3 0.000000 0.000000 0.000000 -1.570796 -0.000000 0.000000
4 0.000000 0.000000 0.000000 1.570796 -0.000000 0.000000
5 0.000000 0.000000 0.000000 0.000000 -0.000000 0.000000
6 0.000000 0.000000 0.000000 0.000000 -0.000000 0.000000
7 0.000000 0.000000 0.000000 0.000000 -0.000000 0.000000
8 0.000000 0.000000 0.000000 0.000000 -0.000000 0.000000
9 0.000000 0.000000 0.000000 0.000000 -0.000000 0.000000
10 0.000000 0.000000 0.000000 0.000000 -0.000000 0.000000
11 0.000000 0.000000 0.000000 0.000000 -0.000000 0.000000
12 0.000001 61.720177 -14.914929 -3.141591 -1.058449 1.570795
13 0.000000 0.000000 0.000000 2.135039 -1.502074 2.646304
14 -1.139432 6.219374 -0.455395 0.070767 -0.014712 1.713359
15 -6.238069 0.188462 8.121627 2.990621 -0.109536 2.098750
16 11.691124 -0.000001 0.000000 0.000000 -0.000000 -1.500958
17 10.049180 0.000002 -0.000001 -0.000000 -0.000000 1.612942
18 7.698298 0.000000 0.000001 0.157446 -0.087492 -1.442096
19 2.889140 3.264199 -2.333552 -0.534440 0.397635 0.956595
20 3.916703 0.000000 -0.000001 0.000000 -0.000000 -0.824728
21 2.889140 3.388608 -0.169511 0.041450 0.075538 1.042063
22 5.095916 0.000001 -0.000000 -0.000000 -0.000000 -0.938115
23 2.889140 3.388609 2.118073 0.335080 -0.160421 0.813397
24 4.326633 0.000001 0.000001 -0.000000 0.000000 -0.814480
25 -6.280572 -0.861704 -7.119336 -2.794038 0.181998 2.364203
26 11.691121 0.000000 0.000000 0.000000 -0.000000 -1.049001
27 10.049180 -0.000005 0.000001 0.000000 -0.000000 1.087706
28 7.698299 0.000000 -0.000001 -0.112842 0.207543 -0.504409
29 2.889139 3.264199 2.333550 0.525918 -0.512553 0.688993
30 3.916704 -0.000000 0.000003 0.000000 0.000000 -0.814993
31 2.889140 3.388610 0.169508 -0.021123 -0.083782 0.786476
32 5.095918 0.000000 0.000000 0.000000 0.000000 -0.854213
33 2.889140 3.388611 -2.118072 -0.469404 0.469797 0.823010
34 4.326632 0.000001 0.000000 0.000000 0.000000 -0.857872
35 5.918566 -0.005372 0.000173 -0.029918 0.069057 0.214341
36 6.894034 -0.006695 0.000261 -0.036849 -0.001131 0.137670
37 8.425776 1.651715 -0.000278 0.050212 0.062254 0.357490
38 -6.143445 1.382128 6.780931 0.451786 -1.461555 2.334376
39 3.265984 0.000000 -0.000001 -1.275368 0.500560 0.511703
40 10.918598 -0.000000 0.000001 0.000000 0.000000 -0.487012
41 25.761902 0.000000 0.000001 -1.373980 -0.139267 -0.075008
42 -0.237014 1.245558 -0.327389 0.092661 -0.160471 2.372798
43 24.761375 3.073946 0.693197 -0.266970 0.014796 2.172433
44 18.174503 0.000004 -0.000011 -0.198440 -0.175772 0.048658
45 27.065092 3.151833 0.448442 -0.134591 -0.126207 1.501138
46 23.998043 0.000011 -0.000018 -0.158536 -0.130284 0.083613
47 28.989002 3.513209 0.087907 -0.089040 -0.180993 0.859585
48 32.786842 -0.000007 -0.000011 -0.118635 -0.175471 0.076148
49 32.613228 2.152440 -0.840445 0.168329 -0.138567 0.345268
50 18.030674 0.000005 -0.000001 -0.029648 -0.207587 0.066024
51 7.135569 -0.005497 -0.000822 0.145341 0.008877 0.208660
52 7.135040 -0.005578 0.000894 -0.155718 -0.002750 0.112274
53 7.134084 -0.004589 0.000176 -0.045551 -0.017569 -0.071121
54 5.780544 0.000000 -0.000000 -0.059815 -0.073376 -0.278008
55 3.336389 0.575416 -0.000145 -3.141589 -0.000001 1.097538
56 2.834963 0.142751 -0.000002 0.000000 0.000000 0.562020
57 3.339808 -0.000004 -0.000000 -0.000000 0.000000 -0.238385
58 8.999998 1.500002 -0.000001 0.000000 0.000000 -0.000000
59 -5.244397 0.659720 -7.595170 -2.982500 1.512429 -0.194616
60 3.265984 -0.000000 -0.000001 1.251956 -0.319122 0.483500
61 10.918600 -0.000000 -0.000003 0.000000 -0.000000 -0.321504
62 25.761906 -0.000001 0.000000 1.123865 0.079583 -0.327069
63 -0.236993 1.245689 0.327398 3.049281 0.135228 2.375168
64 24.761436 3.074187 -0.693213 -2.884018 -0.079239 2.031194
65 18.174500 -0.000000 -0.000000 0.239608 -0.176979 -0.111849
66 27.065054 3.151983 -0.448465 -3.024540 0.141547 1.429886
67 23.998041 -0.000000 -0.000000 0.303235 -0.149061 -0.128240
68 28.988941 3.513350 -0.087928 3.025486 0.174590 0.810543
69 32.786846 0.000002 0.000000 0.248481 -0.117125 -0.187683
70 32.613316 2.152714 0.840420 2.850050 0.267238 0.174528
71 18.030670 -0.000002 0.000000 0.169760 -0.172983 -0.221509
72 -3.151490 -6.376818 0.000018 -3.141591 -0.000002 -1.455347
73 8.244102 -0.000000 -0.000000 -0.004434 0.012713 0.298189
74 12.186327 -0.000000 -0.000000 0.000345 0.026573 0.371916
75 11.268430 0.000000 0.000000 0.009723 0.060060 0.292254
76 11.182281 -0.000004 0.000000 0.013122 0.094828 0.033902
77 12.115531 0.000000 0.000000 0.002816 0.111481 -0.363539
78 14.316384 0.000000 0.000000 -0.010520 0.111101 -0.578892
79 16.120531 0.000000 0.000000 -0.035796 0.104408 -0.610117
80 0.000000 0.000000 0.000000 0.000000 -0.000000 0.000000
81 0.000000 0.000000 0.000000 0.000000 -0.000000 0.000000
82 0.000000 0.000000 0.000000 0.000000 -0.000000 0.000000
time 15
0 0.000000 0.000000 0.000000 -0.000000 -0.000000 0.000000
1 0.000000 0.000000 0.000000 0.000000 -0.000000 0.000000
2 0.000000 0.000000 0.000000 1.570796 -0.000000 0.000000
3 0.000000 0.000000 0.000000 -1.570796 -0.000000 0.000000
4 0.000000 0.000000 0.000000 1.570796 -0.000000 0.000000
5 0.000000 0.000000 0.000000 0.000000 -0.000000 0.000000
6 0.000000 0.000000 0.000000 0.000000 -0.000000 0.000000
7 0.000000 0.000000 0.000000 0.000000 -0.000000 0.000000
8 0.000000 0.000000 0.000000 0.000000 -0.000000 0.000000
9 0.000000 0.000000 0.000000 0.000000 -0.000000 0.000000
10 0.000000 0.000000 0.000000 0.000000 -0.000000 0.000000
11 0.000000 0.000000 0.000000 0.000000 -0.000000 0.000000
12 0.000001 61.661766 -15.084114 -3.141592 -1.055552 1.570796
13 0.000000 0.000000 0.000000 2.197027 -1.502666 2.595015
14 -1.125517 6.210560 -0.583749 0.096965 -0.021577 1.767108
15 -6.143847 0.828448 8.258411 3.013591 -0.105594 2.015403
16 11.691118 0.000000 0.000001 0.000000 -0.000000 -1.487840
17 10.049181 0.000000 0.000001 -0.000000 0.000000 1.575250
18 7.698303 -0.000001 0.000000 0.147765 -0.088542 -1.413209
19 2.889140 3.264199 -2.333552 -0.533347 0.398903 0.959168
20 3.916701 0.000001 -0.000005 0.000000 -0.000000 -0.826393
21 2.889140 3.388608 -0.169511 0.041640 0.075412 1.044719
22 5.095917 0.000000 -0.000001 -0.000000 -0.000000 -0.939780
23 2.889140 3.388609 2.118073 0.334605 -0.161253 0.815960
24 4.326635 0.000002 0.000000 -0.000000 0.000000 -0.816145
25 -6.420222 -0.597814 -6.903453 -2.764432 0.199263 2.242336
26 11.691119 0.000001 -0.000001 -0.000000 0.000000 -1.164512
27 10.049176 -0.000002 0.000001 0.000000 -0.000000 1.155157
28 7.698300 -0.000001 -0.000002 -0.109891 0.196041 -0.481595
29 2.889139 3.264199 2.333550 0.511610 -0.522068 0.714578
30 3.916707 0.000001 -0.000000 0.000000 0.000000 -0.794984
31 2.889140 3.388610 0.169508 -0.022944 -0.082952 0.809794
32 5.095918 0.000000 -0.000000 0.000000 0.000000 -0.834203
33 2.889140 3.388611 -2.118072 -0.456368 0.478288 0.848275
34 4.326632 0.000001 0.000000 0.000000 0.000000 -0.837862
35 5.918247 -0.005423 0.000221 -0.038037 0.079647 0.154485
36 6.893881 -0.006694 0.000376 -0.053823 0.024505 0.114195
37 8.425647 1.651676 -0.000269 0.048602 0.063317 0.334938
38 -6.174840 1.234172 6.780929 0.162577 -1.463871 2.650068
39 3.265985 0.000000 0.000002 -1.248715 0.496162 0.537599
40 10.918597 0.000000 -0.000002 0.000000 0.000000 -0.485281
41 25.761911 -0.000001 -0.000003 -1.373562 -0.132348 -0.075300
42 -0.237014 1.245558 -0.327389 0.091572 -0.045339 2.383483
43 24.761375 3.073946 0.693197 -0.267164 -0.040000 2.187421
44 18.174503 0.000004 -0.000011 -0.187769 -0.050738 0.059400
45 27.065092 3.151833 0.448442 -0.136752 -0.217059 1.513725
46 23.998043 0.000011 -0.000018 -0.143137 0.077638 0.096744
47 28.989002 3.513209 0.087907 -0.089848 -0.224747 0.863591
48 32.786842 -0.000007 -0.000011 -0.108045 -0.041392 0.089933
49 32.613228 2.152440 -0.840445 0.170733 -0.216609 0.331697
50 18.030674 0.000005 -0.000001 -0.021827 -0.022181 0.076376
51 7.135626 -0.005480 0.000863 -0.150483 0.008076 0.216858
52 7.135126 -0.005620 -0.000428 0.072598 -0.002332 0.126840
53 7.134088 -0.004589 0.000073 -0.022003 -0.017590 -0.070987
54 5.780543 -0.000005 -0.000000 0.049942 -0.102926 -0.251117
55 3.336389 0.575416 -0.000145 -3.141589 -0.000001 1.183555
56 2.834963 0.142751 -0.000002 0.000000 0.000000 0.486237
57 3.339808 -0.000004 -0.000000 -0.000000 0.000000 -0.344802
58 8.999998 1.500002 -0.000001 0.000000 0.000000 -0.000000
59 -5.258364 0.536917 -7.595172 2.751971 1.516207 -0.719209
60 3.265984 0.000005 0.000000 1.248904 -0.303632 0.455459
61 10.918597 -0.000001 -0.000005 0.000000 -0.000000 -0.320695
62 25.761906 -0.000000 -0.000000 1.104633 0.086970 -0.305852
63 -0.236993 1.245689 0.327398 3.050105 0.014911 2.386279
64 24.761436 3.074187 -0.693213 -2.884867 0.010899 2.054904
65 18.174500 -0.000000 -0.000000 0.228165 -0.070723 -0.124283
66 27.065054 3.151983 -0.448465 -3.022620 0.228004 1.440312
67 23.998041 -0.000000 -0.000000 0.290022 -0.028192 -0.142870
68 28.988941 3.513350 -0.087928 3.023762 0.243670 0.802245
69 32.786846 0.000002 0.000000 0.231183 0.016412 -0.200138
70 32.613316 2.152714 0.840420 2.847291 0.297991 0.164836
71 18.030670 -0.000002 0.000000 0.157558 -0.063737 -0.231761
72 -3.151490 -6.376818 0.000018 -3.141591 -0.000002 -1.455347
73 8.244103 -0.000000 -0.000000 -0.002940 0.005017 0.298109
74 12.186327 -0.000000 -0.000000 0.000633 0.015576 0.373687
75 11.268430 0.000000 0.000000 0.010976 0.053134 0.317318
76 11.182281 -0.000004 0.000000 0.017223 0.098317 0.087832
77 12.115531 0.000000 0.000000 0.008457 0.128101 -0.279480
78 14.316383 0.000000 0.000000 -0.004975 0.143001 -0.522708
79 16.120531 0.000000 0.000000 -0.012232 0.137513 -0.715453
80 0.000000 0.000000 0.000000 0.000000 -0.000000 0.000000
81 0.000000 0.000000 0.000000 0.000000 -0.000000 0.000000
82 0.000000 0.000000 0.000000 0.000000 -0.000000 0.000000
time 16
0 0.000000 0.000000 0.000000 -0.000000 -0.000000 0.000000
1 0.000000 0.000000 0.000000 0.000000 -0.000000 0.000000
2 0.000000 0.000000 0.000000 1.570796 -0.000000 0.000000
3 0.000000 0.000000 0.000000 -1.570796 -0.000000 0.000000
4 0.000000 0.000000 0.000000 1.570796 -0.000000 0.000000
5 0.000000 0.000000 0.000000 0.000000 -0.000000 0.000000
6 0.000000 0.000000 0.000000 0.000000 -0.000000 0.000000
7 0.000000 0.000000 0.000000 0.000000 -0.000000 0.000000
8 0.000000 0.000000 0.000000 0.000000 -0.000000 0.000000
9 0.000000 0.000000 0.000000 0.000000 -0.000000 0.000000
10 0.000000 0.000000 0.000000 0.000000 -0.000000 0.000000
11 0.000000 0.000000 0.000000 0.000000 -0.000000 0.000000
12 0.000001 61.530540 -15.417201 -3.141592 -1.054446 1.570796
13 0.000000 0.000000 0.000000 2.230269 -1.498722 2.569304
14 -1.131317 6.204877 -0.630211 0.098170 -0.019680 1.784594
15 -6.114900 1.137169 8.306090 3.029016 -0.100844 1.951027
16 11.691121 0.000000 0.000001 0.000000 -0.000000 -1.469126
17 10.049181 0.000002 -0.000000 -0.000000 0.000000 1.528867
18 7.698302 -0.000001 0.000002 0.139292 -0.089774 -1.374381
19 2.889140 3.264199 -2.333552 -0.532097 0.400786 0.962520
20 3.916704 -0.000002 -0.000002 0.000000 -0.000000 -0.823860
21 2.889140 3.388608 -0.169511 0.041919 0.075270 1.048362
22 5.095919 0.000003 0.000001 -0.000000 -0.000000 -0.937247
23 2.889140 3.388609 2.118073 0.334085 -0.162463 0.819427
24 4.326636 -0.000002 0.000001 -0.000000 0.000000 -0.813613
25 -6.473026 -0.446438 -6.811034 -2.751525 0.213742 2.146560
26 11.691118 0.000001 0.000001 -0.000000 0.000000 -1.236144
27 10.049182 0.000003 0.000002 0.000000 0.000000 1.225895
28 7.698297 0.000001 -0.000001 -0.104527 0.178214 -0.498317
29 2.889139 3.264199 2.333550 0.495437 -0.536409 0.745931
30 3.916706 0.000000 0.000002 0.000000 0.000000 -0.750240
31 2.889140 3.388610 0.169508 -0.025444 -0.082150 0.840334
32 5.095921 0.000001 0.000000 0.000000 0.000000 -0.789460
33 2.889140 3.388611 -2.118072 -0.441433 0.491168 0.879647
34 4.326638 -0.000002 0.000000 0.000000 0.000000 -0.793118
35 5.918149 -0.005439 0.000221 -0.040662 0.081346 0.121273
36 6.893864 -0.006689 0.000444 -0.066385 0.042696 0.100140
37 8.425490 1.651621 -0.000259 0.046781 0.064516 0.309788
38 -6.208068 1.053150 6.780930 -0.140418 -1.456059 2.982061
39 3.265983 -0.000000 0.000001 -1.251150 0.489102 0.550092
40 10.918598 -0.000000 -0.000002 0.000000 0.000000 -0.490906
41 25.761906 0.000001 0.000002 -1.374005 -0.124622 -0.075727
42 -0.237014 1.245558 -0.327389 0.092568 -0.154133 2.373394
43 24.761375 3.073946 0.693197 -0.266966 0.011091 2.173446
44 18.174503 0.000004 -0.000011 -0.186559 -0.180957 0.066561
45 27.065092 3.151833 0.448442 -0.134683 -0.131368 1.501844
46 23.998043 0.000011 -0.000018 -0.142497 -0.102081 0.108559
47 28.989002 3.513209 0.087907 -0.089174 -0.187754 0.860207
48 32.786842 -0.000007 -0.000011 -0.105355 -0.119125 0.103270
49 32.613228 2.152440 -0.840445 0.168433 -0.142864 0.344530
50 18.030674 0.000005 -0.000001 -0.022928 -0.131881 0.088083
51 7.135694 -0.005534 0.000108 -0.017099 0.009374 0.227631
52 7.135236 -0.005609 -0.000348 0.065989 -0.002643 0.145305
53 7.134085 -0.004580 0.000237 -0.049403 -0.017568 -0.071012
54 5.780545 0.000003 -0.000000 -0.009860 -0.081222 -0.224781
55 3.336389 0.575416 -0.000145 -3.141589 -0.000001 1.102274
56 2.834963 0.142751 -0.000002 0.000000 0.000000 0.563038
57 3.339808 -0.000004 -0.000000 -0.000000 0.000000 -0.197586
58 8.999998 1.500002 -0.000001 0.000000 0.000000 -0.000000
59 -5.271657 0.381217 -7.595172 2.241988 1.502317 -1.202784
60 3.265985 0.000002 -0.000001 1.265282 -0.304075 0.433805
61 10.918598 -0.000000 0.000000 0.000000 -0.000000 -0.321112
62 25.761898 -0.000001 0.000003 1.094879 0.090139 -0.281575
63 -0.236993 1.245689 0.327398 3.049361 0.128606 2.375786
64 24.761436 3.074187 -0.693213 -2.884160 -0.074641 2.032412
65 18.174500 -0.000000 -0.000000 0.229107 -0.170504 -0.132530
66 27.065054 3.151983 -0.448465 -3.024459 0.146307 1.430452
67 23.998041 -0.000000 -0.000000 0.288573 -0.124017 -0.154019
68 28.988941 3.513350 -0.087928 3.025420 0.177770 0.810166
69 32.786846 0.000002 0.000000 0.232380 -0.073353 -0.211166
70 32.613316 2.152714 0.840420 2.849857 0.268704 0.174034
71 18.030670 -0.000002 0.000000 0.160596 -0.108281 -0.244176
72 -3.151490 -6.376818 0.000018 -3.141591 -0.000002 -1.455347
73 8.244103 -0.000000 -0.000000 -0.001173 -0.003672 0.290935
74 12.186327 -0.000000 -0.000000 0.000784 0.002652 0.361037
75 11.268430 0.000000 0.000000 0.011577 0.041146 0.315145
76 11.182281 -0.000004 0.000000 0.019050 0.094834 0.104880
77 12.115531 0.000000 0.000000 0.007521 0.133002 -0.250579
78 14.316384 0.000000 0.000000 -0.007399 0.159207 -0.464133
79 16.120531 0.000000 0.000000 -0.016234 0.172020 -0.664066
80 0.000000 0.000000 0.000000 0.000000 -0.000000 0.000000
81 0.000000 0.000000 0.000000 0.000000 -0.000000 0.000000
82 0.000000 0.000000 0.000000 0.000000 -0.000000 0.000000
time 17
0 0.000000 0.000000 0.000000 -0.000000 -0.000000 0.000000
1 0.000000 0.000000 0.000000 0.000000 -0.000000 0.000000
2 0.000000 0.000000 0.000000 1.570796 -0.000000 0.000000
3 0.000000 0.000000 0.000000 -1.570796 -0.000000 0.000000
4 0.000000 0.000000 0.000000 1.570796 -0.000000 0.000000
5 0.000000 0.000000 0.000000 0.000000 -0.000000 0.000000
6 0.000000 0.000000 0.000000 0.000000 -0.000000 0.000000
7 0.000000 0.000000 0.000000 0.000000 -0.000000 0.000000
8 0.000000 0.000000 0.000000 0.000000 -0.000000 0.000000
9 0.000000 0.000000 0.000000 0.000000 -0.000000 0.000000
10 0.000000 0.000000 0.000000 0.000000 -0.000000 0.000000
11 0.000000 0.000000 0.000000 0.000000 -0.000000 0.000000
12 0.000001 61.373291 -15.840632 -3.141592 -1.053441 1.570796
13 0.000000 0.000000 0.000000 2.231494 -1.492031 2.570973
14 -1.162753 6.202940 -0.590646 0.083155 -0.010960 1.778808
15 -6.201858 0.891765 8.206959 3.031651 -0.098338 1.907037
16 11.691119 -0.000001 0.000001 0.000000 -0.000000 -1.446917
17 10.049176 0.000000 0.000001 -0.000000 0.000000 1.478209
18 7.698299 -0.000001 -0.000000 0.131115 -0.091231 -1.329346
19 2.889140 3.264199 -2.333552 -0.530398 0.403334 0.967064
20 3.916701 0.000001 0.000000 0.000000 -0.000000 -0.818717
21 2.889140 3.388608 -0.169511 0.042296 0.075077 1.053297
22 5.095920 -0.000001 0.000001 -0.000000 -0.000000 -0.932104
23 2.889140 3.388609 2.118073 0.333378 -0.164100 0.824125
24 4.326638 -0.000001 -0.000001 -0.000000 -0.000000 -0.808470
25 -6.389709 -0.485008 -6.934871 -2.763716 0.221891 2.102004
26 11.691120 -0.000000 0.000000 -0.000000 0.000000 -1.299647
27 10.049182 0.000002 -0.000000 0.000000 0.000000 1.283369
28 7.698294 0.000003 -0.000001 -0.098207 0.157692 -0.531530
29 2.889139 3.264199 2.333550 0.477763 -0.552143 0.780238
30 3.916704 0.000000 0.000000 0.000000 0.000000 -0.702911
31 2.889140 3.388610 0.169508 -0.028183 -0.081277 0.873786
32 5.095920 -0.000001 0.000002 -0.000000 0.000000 -0.742130
33 2.889140 3.388611 -2.118072 -0.425109 0.505301 0.913982
34 4.326636 -0.000001 -0.000001 0.000000 0.000000 -0.745789
35 5.918250 -0.005430 0.000177 -0.035104 0.069788 0.132843
36 6.894005 -0.006677 0.000489 -0.070880 0.048505 0.102054
37 8.425314 1.651564 -0.000247 0.044886 0.065777 0.283166
38 -6.239261 0.845853 6.780930 -0.366636 -1.440615 -3.045490
39 3.265984 -0.000001 -0.000000 -1.279900 0.481053 0.550138
40 10.918597 -0.000001 -0.000003 0.000000 0.000000 -0.501695
41 25.761906 0.000000 -0.000002 -1.375269 -0.116582 -0.076144
42 -0.237014 1.245558 -0.327389 0.091601 -0.051915 2.382878
43 24.761375 3.073946 0.693197 -0.267133 -0.036200 2.186381
44 18.174503 0.000004 -0.000011 -0.180847 -0.067659 0.070661
45 27.065092 3.151833 0.448442 -0.136596 -0.211866 1.512993
46 23.998043 0.000011 -0.000018 -0.127785 0.093676 0.118678
47 28.989002 3.513209 0.087907 -0.089843 -0.223339 0.863470
48 32.786842 -0.000007 -0.000011 -0.095725 -0.007189 0.113315
49 32.613228 2.152440 -0.840445 0.170566 -0.212152 0.332483
50 18.030674 0.000005 -0.000001 -0.013897 0.037307 0.096072
51 7.135753 -0.005501 -0.000445 0.079458 0.007903 0.239413
52 7.135347 -0.005595 -0.000346 0.064081 -0.002149 0.165716
53 7.134088 -0.004593 -0.000080 0.015372 -0.017620 -0.071011
54 5.780545 0.000002 0.000000 -0.192981 -0.082065 -0.219755
55 3.336389 0.575416 -0.000145 -3.141589 -0.000001 1.178641
56 2.834963 0.142751 -0.000002 0.000000 0.000000 0.587612
57 3.339808 -0.000004 -0.000000 -0.000000 0.000000 0.003999
58 8.999998 1.500002 -0.000001 0.000000 0.000000 -0.000000
59 -5.281240 0.206532 -7.595171 1.965449 1.480032 -1.452293
60 3.265984 0.000001 -0.000001 1.296138 -0.321297 0.417443
61 10.918599 -0.000001 -0.000003 0.000000 -0.000000 -0.322803
62 25.761908 0.000000 0.000000 1.094482 0.090463 -0.255283
63 -0.236993 1.245689 0.327398 3.050094 0.021783 2.385649
64 24.761436 3.074187 -0.693213 -2.884879 0.005728 2.053547
65 18.174500 -0.000000 -0.000000 0.219716 -0.074424 -0.138995
66 27.065054 3.151983 -0.448465 -3.022755 0.223067 1.439707
67 23.998039 -0.000000 -0.000000 0.276676 -0.014203 -0.163048
68 28.988941 3.513350 -0.087928 3.024106 0.231697 0.803702
69 32.786842 0.000002 -0.000000 0.217158 0.044645 -0.219718
70 32.613316 2.152714 0.840420 2.850348 0.262837 0.175867
71 18.030670 -0.000002 0.000000 0.153521 -0.051764 -0.252509
72 -3.151490 -6.376818 0.000018 -3.141591 -0.000002 -1.455347
73 8.244103 -0.000000 -0.000000 0.000667 -0.012465 0.279806
74 12.186327 -0.000000 -0.000000 0.000664 -0.006307 0.353065
75 11.268429 -0.000000 0.000000 0.010922 0.029284 0.308078
76 11.182280 -0.000004 0.000000 0.018837 0.086208 0.108656
77 12.115531 0.000000 0.000000 0.004300 0.132317 -0.232223
78 14.316383 0.000000 0.000000 -0.015707 0.162986 -0.442956
79 16.120531 0.000000 0.000000 -0.034989 0.200190 -0.607155
80 0.000000 0.000000 0.000000 0.000000 -0.000000 0.000000
81 0.000000 0.000000 0.000000 0.000000 -0.000000 0.000000
82 0.000000 0.000000 0.000000 0.000000 -0.000000 0.000000
time 18
0 0.000000 0.000000 0.000000 -0.000000 -0.000000 0.000000
1 0.000000 0.000000 0.000000 0.000000 -0.000000 0.000000
2 0.000000 0.000000 0.000000 1.570796 -0.000000 0.000000
3 0.000000 0.000000 0.000000 -1.570796 -0.000000 0.000000
4 0.000000 0.000000 0.000000 1.570796 -0.000000 0.000000
5 0.000000 0.000000 0.000000 0.000000 -0.000000 0.000000
6 0.000000 0.000000 0.000000 0.000000 -0.000000 0.000000
7 0.000000 0.000000 0.000000 0.000000 -0.000000 0.000000
8 0.000000 0.000000 0.000000 0.000000 -0.000000 0.000000
9 0.000000 0.000000 0.000000 0.000000 -0.000000 0.000000
10 0.000000 0.000000 0.000000 0.000000 -0.000000 0.000000
11 0.000000 0.000000 0.000000 0.000000 -0.000000 0.000000
12 0.000001 61.236755 -16.280853 -3.141592 -1.052659 1.570796
13 0.000000 0.000000 0.000000 2.197292 -1.484344 2.601950
14 -1.228138 6.198436 -0.494116 0.059991 0.000860 1.758295
15 -6.333928 0.420966 8.047827 3.010778 -0.100038 1.898767
16 11.691119 0.000000 0.000001 0.000000 -0.000000 -1.422677
17 10.049183 0.000001 -0.000000 -0.000000 0.000000 1.427689
18 7.698301 -0.000001 0.000000 0.123073 -0.092653 -1.282112
19 2.889140 3.264199 -2.333552 -0.528666 0.405916 0.971680
20 3.916705 0.000001 0.000001 0.000000 -0.000000 -0.812550
21 2.889140 3.388608 -0.169511 0.042679 0.074879 1.058305
22 5.095920 -0.000002 -0.000000 -0.000000 -0.000000 -0.925938
23 2.889140 3.388609 2.118073 0.332656 -0.165760 0.828894
24 4.326633 0.000001 -0.000000 -0.000000 -0.000000 -0.802303
25 -6.316590 -0.539693 -7.108733 -2.790722 0.227036 2.085284
26 11.691116 -0.000000 0.000001 -0.000000 -0.000000 -1.352844
27 10.049178 -0.000000 -0.000000 -0.000000 0.000000 1.316021
28 7.698301 0.000001 0.000000 -0.091397 0.136288 -0.572950
29 2.889139 3.264199 2.333550 0.463393 -0.564861 0.808074
30 3.916706 -0.000001 -0.000001 -0.000000 0.000000 -0.675150
31 2.889140 3.388610 0.169508 -0.030402 -0.080564 0.900888
32 5.095918 0.000001 0.000001 -0.000000 0.000000 -0.714370
33 2.889140 3.388611 -2.118072 -0.411841 0.516722 0.941834
34 4.326635 -0.000001 -0.000000 0.000000 0.000000 -0.718029
35 5.918446 -0.005398 0.000115 -0.023808 0.048586 0.173480
36 6.894227 -0.006655 0.000501 -0.065600 0.035645 0.129146
37 8.425153 1.651528 -0.000235 0.043057 0.067027 0.256197
38 -6.262751 0.650444 6.780928 -0.494264 -1.425612 -2.890143
39 3.265984 -0.000000 0.000000 -1.316198 0.471390 0.545250
40 10.918597 -0.000000 0.000001 0.000000 0.000000 -0.515454
41 25.761906 -0.000000 -0.000006 -1.377316 -0.108721 -0.076408
42 -0.237014 1.245558 -0.327389 0.092473 -0.147320 2.374034
43 24.761375 3.073946 0.693197 -0.266965 0.007197 2.174511
44 18.174503 0.000004 -0.000011 -0.186177 -0.188244 0.073795
45 27.065092 3.151833 0.448442 -0.134782 -0.136734 1.502578
46 23.998043 0.000011 -0.000018 -0.133243 -0.079105 0.124549
47 28.989002 3.513209 0.087907 -0.089226 -0.190685 0.860475
48 32.786842 -0.000007 -0.000011 -0.097324 -0.089018 0.119839
49 32.613228 2.152440 -0.840445 0.168548 -0.147484 0.343735
50 18.030674 0.000005 -0.000001 -0.018147 -0.081003 0.100741
51 7.135814 -0.005443 0.000832 -0.146237 0.008226 0.250934
52 7.135463 -0.005575 -0.000298 0.052436 -0.002800 0.185323
53 7.134090 -0.004596 -0.000108 0.028227 -0.017630 -0.071011
54 5.780544 -0.000001 0.000000 -0.007829 -0.069534 -0.262537
55 3.336389 0.575416 -0.000145 -3.141589 -0.000001 1.107364
56 2.834963 0.142751 -0.000002 0.000000 0.000000 0.491002
57 3.339808 -0.000004 -0.000000 -0.000000 0.000000 -0.143488
58 8.999998 1.500002 -0.000001 0.000000 0.000000 -0.000000
59 -5.284983 0.038738 -7.595173 1.837150 1.461267 -1.554619
60 3.265984 -0.000001 -0.000001 1.329148 -0.344542 0.409389
61 10.918598 0.000000 0.000005 0.000000 -0.000000 -0.325816
62 25.761902 -0.000001 0.000004 1.103374 0.089245 -0.228116
63 -0.236993 1.245689 0.327398 3.049443 0.121486 2.376450
64 24.761436 3.074187 -0.693213 -2.884261 -0.069285 2.033826
65 18.174500 -0.000000 -0.000000 0.223861 -0.164918 -0.144798
66 27.065054 3.151983 -0.448465 -3.024368 0.151424 1.431061
67 23.998041 -0.000000 -0.000000 0.279675 -0.105094 -0.169579
68 28.988941 3.513350 -0.087928 3.025366 0.180298 0.809866
69 32.786846 0.000002 0.000000 0.222827 -0.045035 -0.224941
70 32.613316 2.152714 0.840420 2.853068 0.225988 0.187183
71 18.030670 -0.000002 0.000000 0.156637 -0.081214 -0.257980
72 -3.151490 -6.376818 0.000018 -3.141591 -0.000002 -1.455347
73 8.244103 -0.000000 -0.000000 0.002375 -0.020474 0.267860
74 12.186327 -0.000000 -0.000000 0.000309 -0.013289 0.348914
75 11.268429 -0.000000 0.000000 0.008982 0.017829 0.303251
76 11.182281 -0.000004 0.000000 0.016557 0.072523 0.106569
77 12.115531 0.000000 0.000000 0.001724 0.123188 -0.223816
78 14.316383 0.000000 0.000000 -0.024989 0.160026 -0.429933
79 16.120531 0.000000 0.000000 -0.053507 0.208126 -0.588324
80 0.000000 0.000000 0.000000 0.000000 -0.000000 0.000000
81 0.000000 0.000000 0.000000 0.000000 -0.000000 0.000000
82 0.000000 0.000000 0.000000 0.000000 -0.000000 0.000000
time 19
0 0.000000 0.000000 0.000000 -0.000000 -0.000000 0.000000
1 0.000000 0.000000 0.000000 0.000000 -0.000000 0.000000
2 0.000000 0.000000 0.000000 1.570796 -0.000000 0.000000
3 0.000000 0.000000 0.000000 -1.570796 -0.000000 0.000000
4 0.000000 0.000000 0.000000 1.570796 -0.000000 0.000000
5 0.000000 0.000000 0.000000 0.000000 -0.000000 0.000000
6 0.000000 0.000000 0.000000 0.000000 -0.000000 0.000000
7 0.000000 0.000000 0.000000 0.000000 -0.000000 0.000000
8 0.000000 0.000000 0.000000 0.000000 -0.000000 0.000000
9 0.000000 0.000000 0.000000 0.000000 -0.000000 0.000000
10 0.000000 0.000000 0.000000 0.000000 -0.000000 0.000000
11 0.000000 0.000000 0.000000 0.000000 -0.000000 0.000000
12 0.000001 61.167717 -16.664305 -3.141592 -1.052217 1.570795
13 0.000000 0.000000 0.000000 2.118140 -1.475124 2.670314
14 -1.323674 6.186676 -0.367868 0.036553 0.012045 1.731216
15 -6.436438 -0.034544 7.891691 2.973512 -0.103542 1.920341
16 11.691128 -0.000000 -0.000001 0.000000 -0.000000 -1.397872
17 10.049180 -0.000003 0.000001 -0.000000 0.000000 1.381722
18 7.698297 -0.000000 -0.000001 0.115007 -0.093782 -1.236690
19 2.889140 3.264199 -2.333552 -0.527316 0.407899 0.975251
20 3.916703 0.000000 -0.000000 0.000000 -0.000000 -0.806947
21 2.889140 3.388608 -0.169511 0.042973 0.074725 1.062168
22 5.095919 0.000002 0.000002 -0.000000 -0.000000 -0.920335
23 2.889140 3.388609 2.118073 0.332091 -0.167037 0.832575
24 4.326639 -0.000001 -0.000000 0.000000 -0.000000 -0.796700
25 -6.235950 -0.616024 -7.307520 -2.822819 0.229973 2.078566
26 11.691120 0.000001 0.000001 -0.000000 -0.000000 -1.393429
27 10.049180 0.000002 -0.000001 -0.000000 0.000000 1.331651
28 7.698300 -0.000001 0.000000 -0.084530 0.115708 -0.614594
29 2.889139 3.264199 2.333550 0.457139 -0.570154 0.820007
30 3.916705 -0.000000 0.000001 -0.000000 -0.000000 -0.694487
31 2.889140 3.388610 0.169508 -0.031337 -0.080243 0.912381
32 5.095919 -0.000002 0.000001 -0.000000 0.000000 -0.733707
33 2.889140 3.388611 -2.118072 -0.406077 0.521471 0.953750
34 4.326635 -0.000001 0.000000 0.000000 0.000000 -0.737366
35 5.918612 -0.005367 0.000055 -0.011102 0.024729 0.210734
36 6.894437 -0.006621 0.000465 -0.053268 0.011410 0.170598
37 8.425029 1.651505 -0.000227 0.041431 0.068192 0.230007
38 -6.274707 0.522721 6.780924 -0.533568 -1.419111 -2.826957
39 3.265983 0.000001 0.000000 -1.350396 0.463015 0.533910
40 10.918599 -0.000000 0.000003 0.000000 -0.000000 -0.529987
41 25.761906 0.000000 -0.000002 -1.380107 -0.101535 -0.076375
42 -0.237014 1.245558 -0.327389 0.091636 -0.058966 2.382230
43 24.761375 3.073946 0.693197 -0.267105 -0.032211 2.185289
44 18.174503 0.000004 -0.000011 -0.186631 -0.085500 0.076762
45 27.065092 3.151833 0.448442 -0.136434 -0.206314 1.512213
46 23.998043 0.000011 -0.000018 -0.121799 0.098018 0.128250
47 28.989002 3.513209 0.087907 -0.089783 -0.220338 0.863194
48 32.786842 -0.000007 -0.000011 -0.090898 0.004337 0.122758
49 32.613228 2.152440 -0.840445 0.170390 -0.207373 0.333324
50 18.030674 0.000005 -0.000001 -0.010825 0.060243 0.102599
51 7.135861 -0.005489 0.000017 -0.004202 0.009596 0.258097
52 7.135525 -0.005558 0.000345 -0.053436 -0.002910 0.197902
53 7.134088 -0.004591 -0.000096 0.020661 -0.017560 -0.070592
54 5.780547 0.000001 -0.000000 0.032067 -0.041366 -0.272607
55 3.336389 0.575416 -0.000145 -3.141589 -0.000001 1.173373
56 2.834963 0.142751 -0.000002 0.000000 0.000000 0.470808
57 3.339808 -0.000004 -0.000000 -0.000000 0.000000 -0.318302
58 8.999998 1.500002 -0.000001 0.000000 0.000000 -0.000000
59 -5.284620 -0.067222 -7.595177 1.796517 1.454018 -1.572031
60 3.265984 0.000001 -0.000000 1.362426 -0.366305 0.413889
61 10.918597 -0.000001 0.000001 -0.000000 -0.000000 -0.330200
62 25.761900 -0.000000 -0.000003 1.121567 0.087773 -0.201243
63 -0.236993 1.245689 0.327398 3.050077 0.029151 2.384973
64 24.761436 3.074187 -0.693213 -2.884884 0.000184 2.052092
65 18.174500 -0.000000 -0.000000 0.216609 -0.076199 -0.147077
66 27.065054 3.151983 -0.448465 -3.022897 0.217772 1.439059
67 23.998041 -0.000000 -0.000000 0.271381 -0.008454 -0.172565
68 28.988941 3.513350 -0.087928 3.024559 0.214784 0.805746
69 32.786846 0.000002 0.000000 0.211821 0.055187 -0.227670
70 32.613316 2.152714 0.840420 2.850742 0.257601 0.177479
71 18.030670 -0.000002 0.000000 0.145024 0.017567 -0.259950
72 -3.151490 -6.376818 0.000018 -3.141591 -0.000002 -1.455347
73 8.244103 -0.000000 -0.000000 0.003749 -0.026808 0.258237
74 12.186327 -0.000000 -0.000000 -0.000169 -0.019793 0.344644
75 11.268430 0.000000 0.000000 0.006375 0.005430 0.297166
76 11.182281 -0.000004 0.000000 0.012980 0.054605 0.099320
77 12.115531 0.000000 0.000000 0.000484 0.104182 -0.225499
78 14.316385 0.000000 0.000000 -0.029643 0.148235 -0.422578
79 16.120531 0.000000 0.000000 -0.064396 0.193596 -0.587111
80 0.000000 0.000000 0.000000 0.000000 -0.000000 0.000000
81 0.000000 0.000000 0.000000 0.000000 -0.000000 0.000000
82 0.000000 0.000000 0.000000 0.000000 -0.000000 0.000000
time 20
0 0.000000 0.000000 0.000000 -0.000000 -0.000000 0.000000
1 0.000000 0.000000 0.000000 0.000000 -0.000000 0.000000
2 0.000000 0.000000 0.000000 1.570796 -0.000000 0.000000
3 0.000000 0.000000 0.000000 -1.570796 -0.000000 0.000000
4 0.000000 0.000000 0.000000 1.570796 -0.000000 0.000000
5 0.000000 0.000000 0.000000 0.000000 -0.000000 0.000000
6 0.000000 0.000000 0.000000 0.000000 -0.000000 0.000000
7 0.000000 0.000000 0.000000 0.000000 -0.000000 0.000000
8 0.000000 0.000000 0.000000 0.000000 -0.000000 0.000000
9 0.000000 0.000000 0.000000 0.000000 -0.000000 0.000000
10 0.000000 0.000000 0.000000 0.000000 -0.000000 0.000000
11 0.000000 0.000000 0.000000 0.000000 -0.000000 0.000000
12 0.000001 61.212914 -16.917427 -3.141592 -1.052235 1.570796
13 0.000000 0.000000 0.000000 2.000302 -1.463614 2.771308
14 -1.431377 6.168266 -0.232543 0.018108 0.020011 1.704463
15 -6.455332 -0.453823 7.731299 2.939650 -0.105228 1.945027
16 11.691119 0.000001 0.000001 0.000000 -0.000000 -1.373969
17 10.049181 0.000002 0.000000 0.000000 0.000000 1.344628
18 7.698301 0.000002 0.000000 0.106759 -0.094358 -1.197090
19 2.889140 3.264199 -2.333552 -0.526762 0.408653 0.976654
20 3.916708 -0.000001 0.000002 -0.000000 0.000000 -0.803495
21 2.889140 3.388608 -0.169511 0.043085 0.074662 1.063665
22 5.095917 -0.000002 -0.000001 -0.000000 -0.000000 -0.916882
23 2.889140 3.388609 2.118073 0.331855 -0.167525 0.834007
24 4.326635 0.000000 0.000000 0.000000 -0.000000 -0.793247
25 -6.154877 -0.683995 -7.489390 -2.851133 0.231220 2.065900
26 11.691121 0.000001 -0.000002 -0.000000 -0.000000 -1.414311
27 10.049179 -0.000001 -0.000000 -0.000000 0.000000 1.341954
28 7.698300 0.000002 -0.000000 -0.077968 0.094234 -0.650430
29 2.889139 3.264199 2.333550 0.467563 -0.560221 0.799280
30 3.916707 -0.000001 -0.000005 -0.000000 -0.000000 -0.778449
31 2.889140 3.388610 0.169508 -0.029640 -0.080728 0.891831
32 5.095921 0.000000 0.000002 -0.000000 0.000000 -0.817669
33 2.889140 3.388611 -2.118072 -0.415733 0.512534 0.932941
34 4.326637 -0.000001 -0.000000 -0.000000 0.000000 -0.821328
35 5.918694 -0.005351 0.000004 -0.000421 0.003435 0.218322
36 6.894640 -0.006585 0.000324 -0.037267 -0.013178 0.209946
37 8.424946 1.651474 -0.000221 0.040147 0.069199 0.205721
38 -6.281481 0.431226 6.780922 -0.476218 -1.426906 -2.866398
39 3.265984 -0.000002 -0.000001 -1.377794 0.459917 0.511162
40 10.918598 -0.000000 0.000002 0.000000 -0.000000 -0.543098
41 25.761898 -0.000000 -0.000001 -1.383601 -0.095515 -0.075901
42 -0.237014 1.245558 -0.327389 0.092376 -0.140032 2.374716
43 24.761375 3.073946 0.693197 -0.266969 0.003112 2.175628
44 18.174503 0.000004 -0.000011 -0.198874 -0.195658 0.080411
45 27.065092 3.151833 0.448442 -0.134892 -0.142475 1.503364
46 23.998043 0.000011 -0.000018 -0.131708 -0.070144 0.126759
47 28.989002 3.513209 0.087907 -0.089282 -0.193793 0.860759
48 32.786842 -0.000007 -0.000011 -0.096143 -0.080822 0.121529
49 32.613228 2.152440 -0.840445 0.168675 -0.152425 0.342885
50 18.030672 0.000005 -0.000001 -0.017502 -0.071449 0.100798
51 7.135874 -0.005444 -0.000682 0.115446 0.009227 0.263572
52 7.135582 -0.005557 -0.000006 -0.001111 -0.002743 0.207107
53 7.134090 -0.004594 -0.000131 0.027228 -0.017012 -0.066839
54 5.780545 -0.000001 0.000000 -0.102504 -0.058862 -0.273202
55 3.336389 0.575416 -0.000145 -3.141589 -0.000001 1.112810
56 2.834963 0.142751 -0.000002 0.000000 0.000000 0.596307
57 3.339808 -0.000004 -0.000000 -0.000000 0.000000 -0.093217
58 8.999998 1.500002 -0.000001 0.000000 0.000000 -0.000000
59 -5.282967 -0.146106 -7.595180 1.843167 1.463926 -1.506614
60 3.265984 -0.000001 0.000000 1.397478 -0.381340 0.435352
61 10.918596 -0.000001 0.000001 -0.000000 -0.000000 -0.336003
62 25.761904 -0.000000 -0.000005 1.149156 0.087378 -0.175803
63 -0.236993 1.245689 0.327398 3.049526 0.113869 2.377158
64 24.761436 3.074187 -0.693213 -2.884363 -0.063555 2.035337
65 18.174500 -0.000000 -0.000000 0.222749 -0.159298 -0.147489
66 27.065054 3.151983 -0.448465 -3.024268 0.156898 1.431714
67 23.998041 -0.000000 -0.000000 0.278120 -0.097325 -0.171808
68 28.988941 3.513350 -0.087928 3.025165 0.187730 0.808968
69 32.786846 0.000002 0.000000 0.221292 -0.036626 -0.226303
70 32.613316 2.152714 0.840420 2.852607 0.232664 0.185147
71 18.030670 -0.000002 0.000000 0.154322 -0.059811 -0.258406
72 -3.151490 -6.376818 0.000018 -3.141591 -0.000002 -1.455347
73 8.244102 -0.000000 -0.000000 0.004546 -0.030355 0.254386
74 12.186327 -0.000000 -0.000000 -0.000677 -0.025415 0.340034
75 11.268430 0.000000 0.000000 0.003529 -0.006546 0.289825
76 11.182281 -0.000004 0.000000 0.008821 0.035322 0.089169
77 12.115531 0.000000 0.000000 -0.000480 0.078923 -0.234291
78 14.316384 0.000000 0.000000 -0.026770 0.122174 -0.424588
79 16.120531 0.000000 0.000000 -0.062755 0.159554 -0.588868
80 0.000000 0.000000 0.000000 0.000000 -0.000000 0.000000
81 0.000000 0.000000 0.000000 0.000000 -0.000000 0.000000
82 0.000000 0.000000 0.000000 0.000000 -0.000000 0.000000
time 21
0 0.000000 0.000000 0.000000 -0.000000 -0.000000 0.000000
1 0.000000 0.000000 0.000000 0.000000 -0.000000 0.000000
2 0.000000 0.000000 0.000000 1.570796 -0.000000 0.000000
3 0.000000 0.000000 0.000000 -1.570796 -0.000000 0.000000
4 0.000000 0.000000 0.000000 1.570796 -0.000000 0.000000
5 0.000000 0.000000 0.000000 0.000000 -0.000000 0.000000
6 0.000000 0.000000 0.000000 0.000000 -0.000000 0.000000
7 0.000000 0.000000 0.000000 0.000000 -0.000000 0.000000
8 0.000000 0.000000 0.000000 0.000000 -0.000000 0.000000
9 0.000000 0.000000 0.000000 0.000000 -0.000000 0.000000
10 0.000000 0.000000 0.000000 0.000000 -0.000000 0.000000
11 0.000000 0.000000 0.000000 0.000000 -0.000000 0.000000
12 0.000001 61.419128 -16.966663 -3.141592 -1.052831 1.570796
13 0.000000 0.000000 0.000000 1.863308 -1.450961 2.888407
14 -1.534935 6.147151 -0.109250 -0.002199 0.027647 1.674655
15 -6.507218 -0.877207 7.536989 2.913074 -0.104381 1.962854
16 11.691118 0.000001 -0.000000 0.000000 0.000000 -1.352433
17 10.049179 0.000002 -0.000001 0.000000 0.000000 1.313997
18 7.698297 -0.000001 0.000000 0.098175 -0.094107 -1.167386
19 2.889140 3.264199 -2.333552 -0.527421 0.407546 0.974772
20 3.916707 0.000001 -0.000000 -0.000000 0.000000 -0.803780
21 2.889140 3.388608 -0.169511 0.042922 0.074736 1.061578
22 5.095919 -0.000001 0.000000 -0.000000 -0.000000 -0.917167
23 2.889140 3.388609 2.118073 0.332121 -0.166819 0.832030
24 4.326637 0.000001 0.000000 0.000000 -0.000000 -0.793532
25 -6.080317 -0.693608 -7.677080 -2.877209 0.230335 2.049837
26 11.691123 -0.000001 0.000000 -0.000000 -0.000000 -1.399158
27 10.049179 -0.000000 -0.000000 -0.000000 0.000000 1.358507
28 7.698297 -0.000003 0.000000 -0.071445 0.071647 -0.685227
29 2.889139 3.264199 2.333550 0.496776 -0.533107 0.741736
30 3.916704 0.000001 -0.000001 -0.000000 -0.000000 -0.872631
31 2.889140 3.388610 0.169508 -0.024974 -0.082122 0.835146
32 5.095921 0.000002 0.000001 -0.000000 -0.000000 -0.911850
33 2.889140 3.388611 -2.118072 -0.442763 0.488154 0.875241
34 4.326636 -0.000001 0.000000 -0.000000 0.000000 -0.915510
35 5.918750 -0.005326 -0.000048 0.009955 -0.019148 0.208220
36 6.894866 -0.006551 0.000065 -0.018686 -0.029854 0.233149
37 8.424867 1.651470 -0.000215 0.045105 0.068391 0.191000
38 -6.286824 0.343966 6.780888 -0.216142 -1.450260 -3.115022
39 3.265985 -0.000002 0.000000 -1.400035 0.458976 0.474103
40 10.918593 -0.000002 0.000003 0.000000 -0.000000 -0.552591
41 25.761908 0.000001 -0.000003 -1.387760 -0.091155 -0.074843
42 -0.237014 1.245558 -0.327389 0.091735 -0.071028 2.381114
43 24.761375 3.073946 0.693197 -0.267078 -0.032387 2.185337
44 18.174503 0.000004 -0.000011 -0.205937 -0.100591 0.083244
45 27.065092 3.151833 0.448442 -0.136199 -0.197016 1.510921
46 23.998043 0.000011 -0.000018 -0.125346 0.089268 0.122892
47 28.989002 3.513209 0.087907 -0.089674 -0.214890 0.862692
48 32.786842 -0.000007 -0.000011 -0.093812 -0.004453 0.116559
49 32.613228 2.152440 -0.840445 0.170114 -0.200420 0.334787
50 18.030674 0.000005 -0.000001 -0.013117 0.041510 0.096194
51 7.135920 -0.005457 0.000427 -0.077146 0.008994 0.270068
52 7.135627 -0.005551 -0.000030 0.008086 -0.002697 0.215664
53 7.134097 -0.004588 -0.000154 0.033263 -0.017204 -0.068041
54 5.780541 0.000002 -0.000000 0.018034 -0.019960 -0.306424
55 3.336389 0.575416 -0.000145 -3.141589 -0.000001 1.164095
56 2.834963 0.142751 -0.000002 0.000000 0.000000 0.606259
57 3.339808 -0.000004 -0.000000 -0.000000 0.000000 -0.210305
58 8.999998 1.500002 -0.000001 0.000000 0.000000 -0.000000
59 -5.280341 -0.219093 -7.595172 2.057192 1.489859 -1.278429
60 3.265984 -0.000001 0.000001 1.431235 -0.391496 0.474530
61 10.918599 -0.000001 0.000002 -0.000000 -0.000000 -0.343275
62 25.761913 -0.000000 -0.000003 1.186302 0.089462 -0.152822
63 -0.236993 1.245689 0.327398 3.050014 0.040658 2.383912
64 24.761436 3.074187 -0.693213 -2.884810 -0.009086 2.049656
65 18.174500 -0.000000 -0.000000 0.219003 -0.088114 -0.144266
66 27.065054 3.151983 -0.448465 -3.023091 0.209528 1.438062
67 23.998039 -0.000000 -0.000000 0.275033 -0.023645 -0.167348
68 28.988941 3.513350 -0.087928 3.024607 0.211597 0.806152
69 32.786846 0.000002 0.000000 0.215179 0.047514 -0.222393
70 32.613316 2.152714 0.840420 2.851252 0.251190 0.179478
71 18.030670 -0.000002 0.000000 0.147534 0.002139 -0.253444
72 -3.151490 -6.376818 0.000018 -3.141591 -0.000002 -1.455347
73 8.244103 -0.000000 -0.000000 0.004163 -0.027841 0.260921
74 12.186327 -0.000000 -0.000000 -0.001124 -0.029753 0.334862
75 11.268430 0.000000 0.000000 0.000867 -0.016710 0.281280
76 11.182281 -0.000004 0.000000 0.004784 0.017627 0.078558
77 12.115531 0.000000 0.000000 -0.001182 0.052383 -0.245128
78 14.316384 0.000000 0.000000 -0.019452 0.086215 -0.433658
79 16.120531 0.000000 0.000000 -0.049896 0.116828 -0.590724
80 0.000000 0.000000 0.000000 0.000000 -0.000000 0.000000
81 0.000000 0.000000 0.000000 0.000000 -0.000000 0.000000
82 0.000000 0.000000 0.000000 0.000000 -0.000000 0.000000
time 22
0 0.000000 0.000000 0.000000 -0.000000 -0.000000 0.000000
1 0.000000 0.000000 0.000000 0.000000 -0.000000 0.000000
2 0.000000 0.000000 0.000000 1.570796 -0.000000 0.000000
3 0.000000 0.000000 0.000000 -1.570796 -0.000000 0.000000
4 0.000000 0.000000 0.000000 1.570796 -0.000000 0.000000
5 0.000000 0.000000 0.000000 0.000000 -0.000000 0.000000
6 0.000000 0.000000 0.000000 0.000000 -0.000000 0.000000
7 0.000000 0.000000 0.000000 0.000000 -0.000000 0.000000
8 0.000000 0.000000 0.000000 0.000000 -0.000000 0.000000
9 0.000000 0.000000 0.000000 0.000000 -0.000000 0.000000
10 0.000000 0.000000 0.000000 0.000000 -0.000000 0.000000
11 0.000000 0.000000 0.000000 0.000000 -0.000000 0.000000
12 0.000001 61.834396 -16.737900 -3.141592 -1.054124 1.570795
13 0.000000 0.000000 0.000000 1.726752 -1.438337 3.005036
14 -1.618345 6.127341 -0.019246 -0.021013 0.033697 1.635960
15 -6.526162 -1.311921 7.366506 2.888705 -0.102081 1.982862
16 11.691118 0.000000 -0.000001 0.000000 0.000000 -1.334731
17 10.049183 -0.000002 -0.000001 0.000000 0.000000 1.291101
18 7.698299 -0.000002 0.000000 0.089345 -0.091507 -1.158640
19 2.889140 3.264199 -2.333552 -0.529922 0.403688 0.967979
20 3.916705 0.000001 0.000002 -0.000000 0.000000 -0.809920
21 2.889140 3.388608 -0.169511 0.042350 0.075020 1.054160
22 5.095919 0.000001 0.000000 -0.000000 -0.000000 -0.923307
23 2.889140 3.388609 2.118073 0.333156 -0.164344 0.824979
24 4.326636 -0.000001 -0.000000 0.000000 -0.000000 -0.799672
25 -5.991270 -0.796940 -7.833234 -2.903080 0.227765 2.034139
26 11.691124 0.000002 -0.000002 -0.000000 -0.000000 -1.372470
27 10.049178 0.000000 -0.000000 -0.000000 0.000000 1.393616
28 7.698300 -0.000000 0.000003 -0.064428 0.051976 -0.727812
29 2.889139 3.264199 2.333550 0.527849 -0.504238 0.680509
30 3.916706 0.000001 -0.000003 -0.000000 -0.000000 -0.913858
31 2.889140 3.388610 0.169508 -0.020007 -0.083603 0.774818
32 5.095920 -0.000002 0.000001 -0.000000 -0.000000 -0.953077
33 2.889140 3.388611 -2.118072 -0.471516 0.462194 0.813844
34 4.326637 0.000000 -0.000000 -0.000000 0.000000 -0.956736
35 5.918679 -0.005348 -0.000100 0.020253 -0.041096 0.184129
36 6.895020 -0.006506 -0.000173 0.008860 -0.044521 0.243895
37 8.424807 1.651447 -0.000236 0.043911 0.068769 0.179060
38 -6.281490 0.306404 6.787640 0.392481 -1.462607 2.571152
39 3.265983 0.000005 0.000001 -1.373766 0.434789 0.459412
40 10.918598 -0.000001 0.000000 0.000000 -0.000000 -0.555966
41 25.761904 0.000000 -0.000002 -1.393219 -0.090213 -0.072759
42 -0.237014 1.245558 -0.327389 0.091520 -0.038390 2.384125
43 24.761375 3.073946 0.693197 -0.267109 -0.035712 2.186470
44 18.174503 0.000004 -0.000011 -0.223075 -0.158286 0.088094
45 27.065092 3.151833 0.448442 -0.137037 -0.216844 1.514217
46 23.998043 0.000011 -0.000018 -0.133450 0.020381 0.114373
47 28.989002 3.513209 0.087907 -0.090158 -0.239339 0.864943
48 32.786842 -0.000007 -0.000011 -0.098731 -0.034058 0.107629
49 32.613228 2.152440 -0.840445 0.170551 -0.194723 0.332671
50 18.030674 0.000005 -0.000001 -0.018649 -0.054980 0.088431
51 7.135860 -0.005487 0.000279 -0.052547 0.009752 0.257984
52 7.135586 -0.005560 0.000054 -0.010997 -0.002083 0.213893
53 7.134004 -0.004583 -0.000182 0.039009 -0.019166 -0.082236
54 5.780543 -0.000000 -0.000000 -0.075064 -0.000596 -0.262595
55 3.336389 0.575416 -0.000145 -3.141589 -0.000001 1.181310
56 2.834963 0.142751 -0.000002 0.000000 0.000000 0.579859
57 3.339808 -0.000004 -0.000000 -0.000000 0.000000 -0.416903
58 8.999998 1.500002 -0.000001 0.000000 0.000000 -0.000000
59 -5.286798 -0.308620 -7.587529 3.023867 1.515360 -0.294939
60 3.265983 0.000000 -0.000000 1.409856 -0.384581 0.532165
61 10.918599 -0.000000 0.000002 -0.000000 -0.000000 -0.351881
62 25.761900 -0.000000 -0.000001 1.233996 0.095865 -0.133199
63 -0.236993 1.245689 0.327398 3.050098 0.029124 2.384978
64 24.761436 3.074187 -0.693213 -2.884749 0.010400 2.055095
65 18.174500 -0.000000 -0.000000 0.220844 -0.075700 -0.138641
66 27.065054 3.151983 -0.448465 -3.022711 0.215035 1.439256
67 23.998043 -0.000000 -0.000000 0.279517 -0.031897 -0.159134
68 28.988941 3.513350 -0.087928 3.024206 0.220161 0.804167
69 32.786846 0.000002 0.000000 0.223903 -0.008860 -0.214753
70 32.613316 2.152714 0.840420 2.849789 0.269109 0.173554
71 18.030670 -0.000002 0.000000 0.152767 -0.041590 -0.245434
72 -3.151490 -6.376818 0.000018 -3.141591 -0.000002 -1.455347
73 8.244103 -0.000000 -0.000000 0.002971 -0.021086 0.270142
74 12.186327 -0.000000 -0.000000 -0.001416 -0.032403 0.328907
75 11.268429 0.000000 0.000000 -0.001185 -0.023668 0.271581
76 11.182281 -0.000004 0.000000 0.001568 0.004475 0.069930
77 12.115531 0.000000 0.000000 -0.001625 0.029540 -0.252924
78 14.316384 0.000000 0.000000 -0.011430 0.053532 -0.437964
79 16.120531 0.000000 0.000000 -0.032471 0.078757 -0.590908
80 0.000000 0.000000 0.000000 0.000000 -0.000000 0.000000
81 0.000000 0.000000 0.000000 0.000000 -0.000000 0.000000
82 0.000000 0.000000 0.000000 0.000000 -0.000000 0.000000
time 23
0 0.000000 0.000000 0.000000 -0.000000 -0.000000 0.000000
1 0.000000 0.000000 0.000000 0.000000 -0.000000 0.000000
2 0.000000 0.000000 0.000000 1.570796 -0.000000 0.000000
3 0.000000 0.000000 0.000000 -1.570796 -0.000000 0.000000
4 0.000000 0.000000 0.000000 1.570796 -0.000000 0.000000
5 0.000000 0.000000 0.000000 0.000000 -0.000000 0.000000
6 0.000000 0.000000 0.000000 0.000000 -0.000000 0.000000
7 0.000000 0.000000 0.000000 0.000000 -0.000000 0.000000
8 0.000000 0.000000 0.000000 0.000000 -0.000000 0.000000
9 0.000000 0.000000 0.000000 0.000000 -0.000000 0.000000
10 0.000000 0.000000 0.000000 0.000000 -0.000000 0.000000
11 0.000000 0.000000 0.000000 0.000000 -0.000000 0.000000
12 0.000001 63.612335 -15.533827 -3.141592 -1.055555 1.570796
13 0.000000 0.000000 0.000000 1.610196 -1.426918 3.104648
14 -1.672520 6.112457 0.025499 -0.032219 0.035732 1.583163
15 -6.411225 -1.790874 7.299867 2.874311 -0.097254 2.006208
16 11.691119 -0.000000 0.000000 0.000000 0.000000 -1.322341
17 10.049181 0.000002 -0.000001 0.000000 0.000000 1.287042
18 7.698302 0.000001 0.000000 0.079267 -0.085610 -1.185084
19 2.889140 3.264199 -2.333552 -0.552904 0.370928 0.908450
20 3.916708 -0.000001 0.000001 0.000000 0.000000 -0.873761
21 2.889140 3.388608 -0.169511 0.037487 0.077669 0.990044
22 5.095921 0.000002 -0.000000 0.000000 -0.000000 -0.987148
23 2.889140 3.388609 2.118073 0.342894 -0.143208 0.763831
24 4.326639 0.000000 -0.000000 0.000000 -0.000000 -0.863513
25 -5.862361 -1.190506 -7.908038 -2.927437 0.224543 2.016748
26 11.691117 0.000001 -0.000001 -0.000000 0.000000 -1.366195
27 10.049180 0.000000 -0.000000 -0.000000 0.000000 1.446829
28 7.698305 0.000000 0.000000 -0.056378 0.039330 -0.787182
29 2.889139 3.264199 2.333550 0.542673 -0.490236 0.651135
30 3.916705 0.000000 -0.000005 -0.000000 0.000000 -0.881856
31 2.889140 3.388610 0.169508 -0.017609 -0.084300 0.745762
32 5.095922 -0.000000 0.000001 -0.000000 -0.000000 -0.921076
33 2.889140 3.388611 -2.118072 -0.485245 0.449601 0.784367
34 4.326638 0.000000 0.000001 -0.000000 0.000000 -0.924735
35 5.918304 -0.005420 -0.000162 0.029999 -0.058710 0.144447
36 6.894997 -0.006506 -0.000278 0.034436 -0.051158 0.245188
37 8.424607 1.651413 0.000017 -0.004475 0.082191 0.133928
38 -6.367320 -0.219302 6.709315 1.631122 -0.754662 1.244884
39 3.265983 0.000002 0.000000 -1.158766 0.420876 0.563469
40 10.918598 0.000000 -0.000003 0.000000 0.000000 -0.499697
41 25.761906 -0.000001 -0.000001 -1.575052 -0.282525 0.028078
42 -0.237014 1.245558 -0.327389 0.091569 -0.048265 2.383216
43 24.761375 3.073946 0.693197 -0.285934 -0.181614 2.314479
44 18.174503 0.000004 -0.000011 -0.228603 -0.099956 0.153407
45 27.065092 3.151833 0.448442 -0.220838 -0.409776 1.725732
46 23.998043 0.000011 -0.000018 -0.270801 -0.177821 0.272583
47 28.989002 3.513209 0.087907 -0.202613 -0.546991 1.146292
48 32.786842 -0.000007 -0.000011 -0.223726 -0.268600 0.281264
49 32.613228 2.152440 -0.840445 0.114278 -0.519670 0.599871
50 18.030674 0.000005 -0.000001 -0.082723 -0.355693 0.155447
51 7.136786 -0.005162 -0.000007 0.001999 0.001559 0.432163
52 7.136521 -0.005259 0.000029 -0.005116 -0.007938 0.381320
53 7.134863 -0.004579 -0.000168 0.036388 0.005829 0.096862
54 5.780548 0.000003 0.000000 -0.090454 0.010664 -0.302299
55 3.336389 0.575416 -0.000145 -3.141589 -0.000001 1.024776
56 2.834963 0.142751 -0.000002 0.000000 0.000000 0.614054
57 3.339808 -0.000004 -0.000000 -0.000000 0.000000 -0.476829
58 8.999998 1.500002 -0.000001 0.000000 0.000000 -0.000000
59 -5.181298 -0.193795 -7.663647 -1.831115 0.685361 1.111983
60 3.265986 0.000000 -0.000000 1.144814 -0.422935 0.748581
61 10.918598 -0.000000 0.000003 -0.000000 -0.000000 -0.421018
62 25.761909 0.000000 -0.000006 1.679862 0.168600 -0.133637
63 -0.236993 1.245689 0.327398 3.050015 0.052288 2.382849
64 24.761436 3.074187 -0.693213 -2.854859 0.185519 2.232086
65 18.174500 -0.000000 -0.000000 0.243758 -0.225280 -0.185083
66 27.065054 3.151983 -0.448465 -2.943722 0.320286 1.652248
67 23.998039 -0.000000 -0.000000 0.325552 -0.282562 -0.298203
68 28.988941 3.513350 -0.087928 -3.119526 0.461540 1.124374
69 32.786850 0.000002 0.000000 0.271064 -0.208495 -0.356555
70 32.613316 2.152714 0.840420 3.021478 0.546745 0.587897
71 18.030670 -0.000002 0.000000 0.172227 -0.252956 -0.325206
72 -3.151490 -6.376818 0.000018 -3.141591 -0.000002 -1.455347
73 8.244103 -0.000000 -0.000000 0.001767 -0.014251 0.270059
74 12.186327 -0.000000 -0.000000 -0.001266 -0.029581 0.320480
75 11.268430 0.000000 0.000000 -0.001605 -0.021240 0.253696
76 11.182281 -0.000004 0.000000 0.000057 0.000130 0.064762
77 12.115531 0.000000 0.000000 -0.001026 0.019982 -0.246554
78 14.316384 0.000000 0.000000 -0.004633 0.035852 -0.417786
79 16.120531 0.000000 0.000000 -0.013694 0.050518 -0.567116
80 0.000000 0.000000 0.000000 0.000000 -0.000000 0.000000
81 0.000000 0.000000 0.000000 0.000000 -0.000000 0.000000
82 0.000000 0.000000 0.000000 0.000000 -0.000000 0.000000
time 24
0 0.000000 0.000000 0.000000 -0.000000 -0.000000 0.000000
1 0.000000 0.000000 0.000000 0.000000 -0.000000 0.000000
2 0.000000 0.000000 0.000000 1.570796 -0.000000 0.000000
3 0.000000 0.000000 0.000000 -1.570796 -0.000000 0.000000
4 0.000000 0.000000 0.000000 1.570796 -0.000000 0.000000
5 0.000000 0.000000 0.000000 0.000000 -0.000000 0.000000
6 0.000000 0.000000 0.000000 0.000000 -0.000000 0.000000
7 0.000000 0.000000 0.000000 0.000000 -0.000000 0.000000
8 0.000000 0.000000 0.000000 0.000000 -0.000000 0.000000
9 0.000000 0.000000 0.000000 0.000000 -0.000000 0.000000
10 0.000000 0.000000 0.000000 0.000000 -0.000000 0.000000
11 0.000000 0.000000 0.000000 0.000000 -0.000000 0.000000
12 0.000001 67.658485 -12.419504 -3.141592 -1.055320 1.570796
13 0.000000 0.000000 0.000000 1.533043 -1.417879 -3.112353
14 -1.711439 6.101298 0.043419 -0.029388 0.031245 1.508063
15 -6.172988 -2.339074 7.335158 2.876699 -0.088592 2.034636
16 11.691120 -0.000001 0.000000 -0.000000 -0.000000 -1.318491
17 10.049185 0.000003 -0.000001 0.000000 0.000000 1.312865
18 7.698300 0.000000 -0.000000 0.066087 -0.077216 -1.254816
19 2.889140 3.264199 -2.333552 -0.590962 0.291221 0.782114
20 3.916704 -0.000000 0.000001 -0.000000 -0.000000 -1.018158
21 2.889140 3.388608 -0.169511 0.025759 0.081669 0.845292
22 5.095923 -0.000000 0.000001 -0.000000 -0.000000 -1.131545
23 2.889140 3.388609 2.118073 0.356701 -0.093064 0.627712
24 4.326637 0.000002 0.000000 0.000000 -0.000000 -1.007911
25 -5.682807 -1.983863 -7.887488 -2.949278 0.221970 1.994120
26 11.691129 0.000000 -0.000000 0.000000 0.000000 -1.427181
27 10.049177 0.000002 0.000001 -0.000000 0.000000 1.504065
28 7.698304 0.000000 0.000000 -0.046312 0.040241 -0.887867
29 2.889139 3.264199 2.333550 0.503746 -0.525451 0.727155
30 3.916704 -0.000003 -0.000000 -0.000000 0.000000 -0.800406
31 2.889140 3.388610 0.169508 -0.023713 -0.082406 0.820178
32 5.095920 0.000000 -0.000001 -0.000000 -0.000000 -0.839626
33 2.889140 3.388611 -2.118072 -0.449273 0.481246 0.860499
34 4.326632 0.000002 0.000000 -0.000000 0.000000 -0.843285
35 5.917600 -0.005468 -0.000240 0.041205 -0.068955 0.051307
36 6.894816 -0.006551 -0.000287 0.044857 -0.041240 0.237788
37 8.424351 1.651393 0.000337 -0.057075 0.092732 0.093875
38 -6.421449 -0.888363 6.601376 1.614707 -0.396076 1.156631
39 3.265984 -0.000001 0.000005 -1.067758 0.740923 0.543674
40 10.918600 0.000000 -0.000002 -0.000000 -0.000000 -0.829760
41 25.761900 -0.000002 0.000001 -1.749195 -0.199350 0.041247
42 -0.237014 1.245558 -0.327389 0.091574 -0.049957 2.383060
43 24.761375 3.073946 0.693197 -0.178843 -0.107468 2.368120
44 18.174503 0.000004 -0.000011 -0.162241 -0.033287 0.176344
45 27.065092 3.151833 0.448442 -0.060535 -0.205664 1.755086
46 23.998043 0.000011 -0.000018 -0.241123 -0.122952 0.309746
47 28.989002 3.513209 0.087907 -0.101278 -0.288829 1.162619
48 32.786842 -0.000007 -0.000011 -0.199962 -0.172040 0.349168
49 32.613228 2.152440 -0.840445 0.136883 -0.275211 0.605452
50 18.030674 0.000005 -0.000001 -0.081277 -0.253838 0.196900
51 7.137219 -0.004937 -0.000014 0.001254 -0.009663 0.519810
52 7.137241 -0.004934 0.000038 -0.006766 -0.016440 0.522803
53 7.135846 -0.004382 -0.000172 0.037411 0.041750 0.322733
54 5.780549 -0.000000 -0.000000 -0.000293 -0.003813 -0.091795
55 3.336389 0.575416 -0.000145 -3.141589 -0.000001 0.725512
56 2.834963 0.142751 -0.000002 0.000000 -0.000000 0.657774
57 3.339808 -0.000004 -0.000000 -0.000000 0.000000 -0.450745
58 8.999998 1.500002 -0.000001 0.000000 0.000000 -0.000000
59 -5.079885 -0.050100 -7.733747 -1.740004 0.207930 1.118331
60 3.265980 0.000001 0.000002 1.017454 -0.823289 0.858874
61 10.918593 -0.000000 -0.000001 -0.000000 0.000000 -0.887411
62 25.761909 0.000000 0.000004 1.968248 -0.061870 -0.231339
63 -0.236993 1.245689 0.327398 3.050010 0.054029 2.382689
64 24.761436 3.074187 -0.693213 -2.956584 0.117784 2.325035
65 18.174500 -0.000000 -0.000000 0.180107 -0.083760 -0.192549
66 27.065054 3.151983 -0.448465 -3.090005 0.133535 1.696467
67 23.998043 -0.000000 -0.000000 0.263110 -0.224574 -0.253401
68 28.988941 3.513350 -0.087928 3.070247 0.230225 1.203200
69 32.786846 0.000002 0.000000 0.236501 -0.120339 -0.298499
70 32.613316 2.152714 0.840420 2.919189 0.272119 0.650897
71 18.030670 -0.000002 0.000000 0.126024 -0.149246 -0.326843
72 -3.151490 -6.376818 0.000018 -3.141591 -0.000002 -1.455347
73 8.244103 -0.000000 -0.000000 0.001105 -0.010262 0.247039
74 12.186327 -0.000000 -0.000000 -0.000484 -0.017831 0.308034
75 11.268431 -0.000000 0.000000 0.000260 -0.004563 0.227834
76 11.182281 -0.000004 0.000000 0.001405 0.012236 0.060601
77 12.115531 0.000000 0.000000 0.000464 0.029829 -0.233902
78 14.316384 0.000000 0.000000 0.001318 0.034699 -0.381342
79 16.120531 0.000000 0.000000 0.002754 0.034323 -0.497064
80 0.000000 0.000000 0.000000 0.000000 -0.000000 0.000000
81 0.000000 0.000000 0.000000 0.000000 -0.000000 0.000000
82 0.000000 0.000000 0.000000 0.000000 -0.000000 0.000000
time 25
0 0.000000 0.000000 0.000000 -0.000000 -0.000000 0.000000
1 0.000000 0.000000 0.000000 0.000000 -0.000000 0.000000
2 0.000000 0.000000 0.000000 1.570796 -0.000000 0.000000
3 0.000000 0.000000 0.000000 -1.570796 -0.000000 0.000000
4 0.000000 0.000000 0.000000 1.570796 -0.000000 0.000000
5 0.000000 0.000000 0.000000 0.000000 -0.000000 0.000000
6 0.000000 0.000000 0.000000 0.000000 -0.000000 0.000000
7 0.000000 0.000000 0.000000 0.000000 -0.000000 0.000000
8 0.000000 0.000000 0.000000 0.000000 -0.000000 0.000000
9 0.000000 0.000000 0.000000 0.000000 -0.000000 0.000000
10 0.000000 0.000000 0.000000 0.000000 -0.000000 0.000000
11 0.000000 0.000000 0.000000 0.000000 -0.000000 0.000000
12 0.000001 69.375908 -9.186778 -3.141592 -1.061490 1.570795
13 0.000000 0.000000 0.000000 1.503968 -1.411769 -3.087009
14 -1.740325 6.092701 0.043152 -0.011987 0.019922 1.406311
15 -5.834392 -2.864700 7.434973 2.893388 -0.076094 2.068833
16 11.691120 -0.000002 0.000000 -0.000000 -0.000000 -1.324302
17 10.049184 0.000005 0.000000 0.000000 0.000000 1.369898
18 7.698300 0.000000 -0.000000 0.049934 -0.065987 -1.370693
19 2.889140 3.264199 -2.333552 -0.623523 0.211480 0.661359
20 3.916709 -0.000000 0.000001 -0.000000 -0.000000 -1.159107
21 2.889140 3.388608 -0.169511 0.014058 0.084911 0.703897
22 5.095919 -0.000001 -0.000000 -0.000000 -0.000000 -1.272494
23 2.889140 3.388609 2.118073 0.367442 -0.043300 0.495375
24 4.326635 -0.000001 0.000001 0.000000 -0.000000 -1.148860
25 -5.479779 -2.831706 -7.790658 -2.968454 0.220829 1.959888
26 11.691116 0.000001 0.000000 0.000000 0.000000 -1.511298
27 10.049179 0.000002 -0.000000 -0.000000 0.000000 1.570852
28 7.698298 -0.000001 0.000001 -0.034062 0.055894 -1.021820
29 2.889139 3.264199 2.333550 0.447124 -0.576825 0.837838
30 3.916703 -0.000001 0.000000 -0.000000 0.000000 -0.704764
31 2.889140 3.388610 0.169508 -0.032610 -0.079656 0.928607
32 5.095922 0.000000 0.000001 0.000000 -0.000000 -0.743983
33 2.889140 3.388611 -2.118072 -0.396941 0.527416 0.971363
34 4.326636 0.000002 0.000000 -0.000000 -0.000000 -0.747642
35 5.917111 -0.005473 -0.000278 0.049226 -0.069014 -0.056365
36 6.894610 -0.006594 -0.000264 0.043248 -0.018022 0.221994
37 8.424155 1.651395 0.000505 -0.079552 0.087230 0.087735
38 -6.378027 -1.292159 6.577123 1.714920 -0.755115 1.210237
39 3.265984 0.000000 0.000000 -1.149556 0.931409 0.484423
40 10.918607 -0.000001 -0.000002 -0.000000 -0.000000 -1.349724
41 25.761906 0.000000 -0.000006 -1.814317 0.106415 -0.096333
42 -0.237014 1.245558 -0.327389 0.091574 -0.049952 2.383061
43 24.761375 3.073946 0.693197 0.152713 0.250194 2.362429
44 18.174503 0.000004 -0.000011 0.026065 -0.004067 0.156402
45 27.065092 3.151833 0.448442 0.390957 0.454634 1.609402
46 23.998043 0.000011 -0.000018 0.027320 0.246133 0.210281
47 28.989002 3.513209 0.087907 0.238103 0.598662 0.925608
48 32.786842 -0.000007 -0.000011 0.021531 0.360196 0.308270
49 32.613228 2.152440 -0.840445 0.238785 0.607943 0.358369
50 18.030674 0.000005 -0.000001 -0.011353 0.352651 0.197512
51 7.136224 -0.005389 -0.000008 0.001471 -0.015697 0.320685
52 7.136866 -0.005128 0.000033 -0.005818 -0.022010 0.446738
53 7.136168 -0.004257 -0.000183 0.039810 0.060724 0.393986
54 5.780549 0.000001 0.000000 0.014958 -0.022264 0.406332
55 3.336389 0.575416 -0.000145 -3.141589 -0.000001 0.535653
56 2.834963 0.142751 -0.000002 0.000000 -0.000000 0.706201
57 3.339808 -0.000004 -0.000000 -0.000000 0.000000 -0.432054
58 8.999998 1.500002 -0.000001 0.000000 0.000000 -0.000000
59 -5.083857 -0.026623 -7.731249 -1.833764 0.511439 1.136408
60 3.265984 -0.000002 -0.000002 0.960965 -1.098213 0.950450
61 10.918599 -0.000001 -0.000004 -0.000000 -0.000000 -1.422741
62 25.761908 -0.000000 -0.000004 1.962928 -0.453622 -0.378023
63 -0.236993 1.245689 0.327398 3.050020 0.050456 2.383017
64 24.761436 3.074187 -0.693213 2.991983 -0.247227 2.332597
65 18.174500 -0.000000 -0.000000 -0.031420 0.318644 -0.155803
66 27.065054 3.151983 -0.448465 2.766333 -0.398191 1.590515
67 23.998043 -0.000000 -0.000000 0.030741 0.232907 -0.007216
68 28.988941 3.513350 -0.087928 2.720220 -0.533968 1.059438
69 32.786846 0.000002 0.000000 0.084888 0.360305 -0.021958
70 32.613316 2.152714 0.840420 2.521162 -0.622059 0.390209
71 18.030670 -0.000002 0.000000 0.012563 0.358160 -0.224989
72 -3.151490 -6.376818 0.000018 -3.141591 -0.000002 -1.455347
73 8.244103 -0.000000 -0.000000 0.000680 -0.007534 0.199822
74 12.186327 -0.000000 -0.000000 0.000090 -0.010105 0.298335
75 11.268430 0.000000 0.000000 0.001954 0.007232 0.239411
76 11.182281 -0.000004 0.000000 0.003985 0.031377 0.064652
77 12.115531 0.000000 0.000000 0.000983 0.047478 -0.247055
78 14.316385 0.000000 0.000000 0.001735 0.048111 -0.403153
79 16.120531 0.000000 0.000000 0.006897 0.041620 -0.507268
80 0.000000 0.000000 0.000000 0.000000 -0.000000 0.000000
81 0.000000 0.000000 0.000000 0.000000 -0.000000 0.000000
82 0.000000 0.000000 0.000000 0.000000 -0.000000 0.000000
time 26
0 0.000000 0.000000 0.000000 -0.000000 -0.000000 0.000000
1 0.000000 0.000000 0.000000 0.000000 -0.000000 0.000000
2 0.000000 0.000000 0.000000 1.570796 -0.000000 0.000000
3 0.000000 0.000000 0.000000 -1.570796 -0.000000 0.000000
4 0.000000 0.000000 0.000000 1.570796 -0.000000 0.000000
5 0.000000 0.000000 0.000000 0.000000 -0.000000 0.000000
6 0.000000 0.000000 0.000000 0.000000 -0.000000 0.000000
7 0.000000 0.000000 0.000000 0.000000 -0.000000 0.000000
8 0.000000 0.000000 0.000000 0.000000 -0.000000 0.000000
9 0.000000 0.000000 0.000000 0.000000 -0.000000 0.000000
10 0.000000 0.000000 0.000000 0.000000 -0.000000 0.000000
11 0.000000 0.000000 0.000000 0.000000 -0.000000 0.000000
12 0.000000 65.657700 -7.057276 -3.141592 -1.084333 1.570795
13 0.000000 0.000000 0.000000 1.509619 -1.407779 -3.091208
14 -1.763041 6.085672 0.031711 0.011328 0.004639 1.295407
15 -5.398730 -3.275230 7.575740 2.917254 -0.062454 2.103607
16 11.691118 -0.000001 -0.000000 -0.000000 -0.000000 -1.336472
17 10.049180 -0.000001 0.000000 0.000000 0.000000 1.447710
18 7.698297 0.000002 0.000000 0.031912 -0.053780 -1.506358
19 2.889140 3.264199 -2.333552 -0.611487 0.241219 0.706279
20 3.916704 -0.000001 -0.000001 -0.000000 -0.000000 -1.106614
21 2.889140 3.388608 -0.169511 0.018421 0.083716 0.756557
22 5.095919 -0.000000 -0.000000 -0.000000 -0.000000 -1.220001
23 2.889140 3.388609 2.118073 0.363495 -0.061851 0.544648
24 4.326634 -0.000002 0.000000 0.000000 -0.000000 -1.096367
25 -5.272486 -3.494256 -7.631964 -2.980115 0.215222 1.933588
26 11.691117 0.000001 -0.000000 0.000000 0.000000 -1.510382
27 10.049181 -0.000004 -0.000000 0.000000 0.000000 1.612415
28 7.698301 0.000001 -0.000001 -0.020620 0.080155 -1.135144
29 2.889139 3.264199 2.333550 0.445216 -0.579586 0.842328
30 3.916703 0.000003 0.000001 -0.000000 -0.000000 -0.703106
31 2.889140 3.388610 0.169508 -0.033038 -0.079607 0.933536
32 5.095921 0.000000 0.000001 0.000000 0.000000 -0.742325
33 2.889140 3.388611 -2.118072 -0.395128 0.529920 0.975964
34 4.326634 0.000000 -0.000000 -0.000000 -0.000000 -0.745984
35 5.917195 -0.005479 -0.000231 0.043210 -0.056222 -0.054211
36 6.894502 -0.006619 -0.000233 0.035702 0.012841 0.201255
37 8.424673 1.651449 0.000439 -0.079998 0.068914 0.134232
38 -6.270467 -0.686391 6.767199 -0.094313 -1.536178 3.081780
39 3.265982 0.000000 -0.000000 -1.138826 -0.073424 0.770612
40 10.918596 0.000003 -0.000004 0.000000 0.000000 -1.246160
41 25.761911 0.000001 0.000008 -1.905880 0.236086 -0.212210
42 -0.237014 1.245558 -0.327389 0.091571 -0.048900 2.383158
43 24.761375 3.073946 0.693197 0.290460 0.331345 2.400015
44 18.174503 0.000004 -0.000011 0.225419 0.252496 0.224452
45 27.065092 3.151833 0.448442 0.431853 0.441702 1.639041
46 23.998043 0.000011 -0.000018 0.204581 0.591344 0.239467
47 28.989002 3.513209 0.087907 0.207779 0.640386 0.958522
48 32.786842 -0.000007 -0.000011 0.104062 0.714865 0.316116
49 32.613228 2.152440 -0.840445 0.171850 0.663555 0.423395
50 18.030674 0.000005 -0.000001 -0.053427 0.678517 0.147590
51 7.134121 -0.005672 -0.000038 0.006594 -0.017608 -0.045764
52 7.136268 -0.005364 0.000017 -0.003123 -0.023587 0.338058
53 7.135791 -0.004383 -0.000132 0.028786 0.058182 0.305925
54 5.780544 0.000009 -0.000000 0.012359 0.004067 0.821933
55 3.336389 0.575416 -0.000145 -3.141589 -0.000001 0.556522
56 2.834963 0.142751 -0.000002 0.000000 0.000000 0.754517
57 3.339808 -0.000004 -0.000000 -0.000000 0.000000 -0.412179
58 8.999998 1.500002 -0.000001 0.000000 0.000000 -0.000000
59 -5.291158 0.408421 -7.579897 -1.990649 1.368707 0.999647
60 3.265984 0.000005 -0.000000 1.032396 -0.025892 0.997315
61 10.918598 -0.000005 -0.000000 0.000000 -0.000000 -1.278370
62 25.761911 -0.000001 0.000005 1.947387 -0.448705 -0.369237
63 -0.236993 1.245689 0.327398 3.050029 0.046526 2.383378
64 24.761436 3.074187 -0.693213 2.847671 -0.323304 2.397042
65 18.174500 -0.000000 -0.000000 -0.235140 0.336677 -0.226135
66 27.065054 3.151983 -0.448465 2.710649 -0.415909 1.638603
67 23.998041 -0.000000 -0.000000 -0.192781 0.596909 -0.184263
68 28.988941 3.513350 -0.087928 2.763526 -0.533583 1.037213
69 32.786846 0.000002 0.000000 -0.063051 0.730518 -0.167764
70 32.613316 2.152714 0.840420 2.878446 -0.661152 0.395822
71 18.030670 -0.000002 0.000000 0.070005 0.686904 -0.125119
72 -3.151490 -6.376818 0.000018 -3.141591 -0.000002 -1.455347
73 8.244103 -0.000000 -0.000000 0.000475 -0.005841 0.152042
74 12.186327 -0.000000 -0.000000 0.000338 -0.008214 0.294872
75 11.268430 0.000000 0.000000 0.003447 0.012369 0.306485
76 11.182281 -0.000004 0.000000 0.005787 0.045273 0.088400
77 12.115531 0.000000 0.000000 0.001138 0.067855 -0.253159
78 14.316384 0.000000 0.000000 -0.001836 0.072902 -0.470510
79 16.120531 0.000000 0.000000 0.001539 0.067320 -0.628542
80 0.000000 0.000000 0.000000 0.000000 -0.000000 0.000000
81 0.000000 0.000000 0.000000 0.000000 -0.000000 0.000000
82 0.000000 0.000000 0.000000 0.000000 -0.000000 0.000000
time 27
0 0.000000 0.000000 0.000000 -0.000000 -0.000000 0.000000
1 0.000000 0.000000 0.000000 0.000000 -0.000000 0.000000
2 0.000000 0.000000 0.000000 1.570796 -0.000000 0.000000
3 0.000000 0.000000 0.000000 -1.570796 -0.000000 0.000000
4 0.000000 0.000000 0.000000 1.570796 -0.000000 0.000000
5 0.000000 0.000000 0.000000 0.000000 -0.000000 0.000000
6 0.000000 0.000000 0.000000 0.000000 -0.000000 0.000000
7 0.000000 0.000000 0.000000 0.000000 -0.000000 0.000000
8 0.000000 0.000000 0.000000 0.000000 -0.000000 0.000000
9 0.000000 0.000000 0.000000 0.000000 -0.000000 0.000000
10 0.000000 0.000000 0.000000 0.000000 -0.000000 0.000000
11 0.000000 0.000000 0.000000 0.000000 -0.000000 0.000000
12 0.000000 58.847321 -5.349460 -3.141591 -1.135549 1.570795
13 0.000000 0.000000 0.000000 1.533664 -1.404909 -3.111058
14 -1.783454 6.079218 0.016111 0.032017 -0.012191 1.193819
15 -4.867722 -3.602471 7.763582 2.941290 -0.050566 2.133158
16 11.691120 -0.000001 -0.000000 -0.000000 -0.000000 -1.351598
17 10.049182 0.000000 -0.000000 0.000000 0.000000 1.536523
18 7.698297 -0.000000 0.000001 0.012474 -0.042673 -1.637328
19 2.889140 3.264199 -2.333552 -0.578320 0.319982 0.826554
20 3.916704 0.000001 0.000001 0.000000 -0.000000 -0.966781
21 2.889140 3.388608 -0.169511 0.029984 0.080373 0.896827
22 5.095922 -0.000000 -0.000001 0.000000 -0.000000 -1.080167
23 2.889140 3.388609 2.118073 0.352319 -0.111080 0.676042
24 4.326640 0.000000 -0.000001 0.000000 0.000000 -0.956533
25 -5.056429 -4.105598 -7.427194 -2.978479 0.199218 1.934348
26 11.691128 -0.000001 -0.000001 0.000000 0.000000 -1.457573
27 10.049179 -0.000000 0.000000 0.000000 -0.000000 1.610613
28 7.698300 0.000003 -0.000000 -0.005967 0.113044 -1.226268
29 2.889139 3.264199 2.333550 0.461978 -0.565803 0.810613
30 3.916706 -0.000000 -0.000001 -0.000000 -0.000000 -0.733116
31 2.889140 3.388610 0.169508 -0.030582 -0.080483 0.903203
32 5.095919 -0.000001 -0.000001 0.000000 0.000000 -0.772336
33 2.889140 3.388611 -2.118072 -0.410553 0.517563 0.944340
34 4.326638 0.000001 -0.000001 -0.000000 0.000000 -0.775994
35 5.917597 -0.005484 -0.000138 0.028053 -0.034404 0.016228
36 6.894423 -0.006631 -0.000183 0.026340 0.047071 0.179733
37 8.424825 1.651457 0.000311 -0.051914 0.028010 0.172416
38 -5.998333 -0.369051 7.035181 -1.277331 -1.127186 -2.064430
39 3.265984 -0.000001 0.000003 -1.622790 -0.575776 1.121805
40 10.918593 0.000000 0.000001 0.000000 0.000000 -1.083746
41 25.761902 0.000005 -0.000001 -1.950126 0.273946 -0.270186
42 -0.237014 1.245558 -0.327389 0.091567 -0.047450 2.383291
43 24.761375 3.073946 0.693197 0.277453 0.306914 2.403522
44 18.174503 0.000004 -0.000011 0.259309 0.325733 0.244689
45 27.065092 3.151833 0.448442 0.413979 0.344612 1.641595
46 23.998043 0.000011 -0.000018 0.224572 0.650198 0.258755
47 28.989002 3.513209 0.087907 0.165543 0.559371 0.961516
48 32.786842 -0.000007 -0.000011 0.101426 0.769936 0.327676
49 32.613228 2.152440 -0.840445 0.143090 0.619429 0.448808
50 18.030674 0.000005 -0.000001 -0.075345 0.722332 0.134237
51 7.133402 -0.005582 -0.000046 0.008086 -0.018161 -0.182361
52 7.136065 -0.005451 0.000009 -0.001575 -0.022626 0.293385
53 7.135500 -0.004478 -0.000079 0.017059 0.041491 0.233878
54 5.780545 0.000005 -0.000000 0.004615 0.025241 0.914177
55 3.336389 0.575416 -0.000145 -3.141589 -0.000001 0.651207
56 2.834963 0.142751 -0.000002 0.000000 0.000000 0.797841
57 3.339808 -0.000004 -0.000000 -0.000000 0.000000 -0.391677
58 8.999998 1.500002 -0.000001 0.000000 0.000000 -0.000000
59 -5.592754 0.404429 -7.360544 1.272345 1.262428 -2.067557
60 3.265985 -0.000000 0.000004 1.588624 0.563463 1.267708
61 10.918603 -0.000001 -0.000000 0.000000 -0.000000 -1.091607
62 25.761904 -0.000003 0.000001 1.918904 -0.300368 -0.305955
63 -0.236993 1.245689 0.327398 3.050030 0.045910 2.383435
64 24.761436 3.074187 -0.693213 2.859388 -0.303406 2.404322
65 18.174500 -0.000000 -0.000000 -0.276122 0.326828 -0.251750
66 27.065054 3.151983 -0.448465 2.726837 -0.352178 1.644564
67 23.998041 -0.000000 -0.000000 -0.229176 0.657553 -0.257844
68 28.988941 3.513350 -0.087928 2.814305 -0.439596 1.008965
69 32.786846 0.000002 0.000000 -0.091919 0.788487 -0.242524
70 32.613316 2.152714 0.840420 3.016253 -0.586049 0.393564
71 18.030670 -0.000002 0.000000 0.099157 0.739355 -0.106717
72 -3.151490 -6.376818 0.000018 -3.141591 -0.000002 -1.455347
73 8.244103 -0.000000 -0.000000 0.000601 -0.005596 0.120420
74 12.186327 0.000000 -0.000000 0.000678 -0.007738 0.271721
75 11.268431 -0.000000 0.000000 0.004353 0.015579 0.344429
76 11.182281 -0.000004 0.000000 0.007100 0.054479 0.146360
77 12.115531 0.000000 0.000000 0.000812 0.084978 -0.204790
78 14.316385 0.000000 0.000000 -0.006220 0.098446 -0.485867
79 16.120531 0.000000 0.000000 -0.005496 0.098836 -0.728647
80 0.000000 0.000000 0.000000 0.000000 -0.000000 0.000000
81 0.000000 0.000000 0.000000 0.000000 -0.000000 0.000000
82 0.000000 0.000000 0.000000 0.000000 -0.000000 0.000000
time 28
0 0.000000 0.000000 0.000000 -0.000000 -0.000000 0.000000
1 0.000000 0.000000 0.000000 0.000000 -0.000000 0.000000
2 0.000000 0.000000 0.000000 1.570796 -0.000000 0.000000
3 0.000000 0.000000 0.000000 -1.570796 -0.000000 0.000000
4 0.000000 0.000000 0.000000 1.570796 -0.000000 0.000000
5 0.000000 0.000000 0.000000 0.000000 -0.000000 0.000000
6 0.000000 0.000000 0.000000 0.000000 -0.000000 0.000000
7 0.000000 0.000000 0.000000 0.000000 -0.000000 0.000000
8 0.000000 0.000000 0.000000 0.000000 -0.000000 0.000000
9 0.000000 0.000000 0.000000 0.000000 -0.000000 0.000000
10 0.000000 0.000000 0.000000 0.000000 -0.000000 0.000000
11 0.000000 0.000000 0.000000 0.000000 -0.000000 0.000000
12 0.000000 51.139122 -3.719879 -3.141592 -1.204391 1.570796
13 0.000000 0.000000 0.000000 1.559749 -1.402163 -3.132644
14 -1.805408 6.072348 0.003335 0.052118 -0.034516 1.102453
15 -4.297703 -3.899063 7.971471 2.968622 -0.043413 2.147474
16 11.691129 0.000000 0.000000 -0.000000 -0.000000 -1.366276
17 10.049186 0.000002 -0.000000 0.000000 0.000000 1.626555
18 7.698292 0.000000 0.000001 -0.009156 -0.032196 -1.772514
19 2.889140 3.264199 -2.333552 -0.549751 0.375644 0.916856
20 3.916704 0.000001 0.000001 0.000000 -0.000000 -0.864713
21 2.889140 3.388608 -0.169511 0.038186 0.077308 0.999174
22 5.095922 -0.000000 -0.000001 0.000000 -0.000000 -0.978100
23 2.889140 3.388609 2.118073 0.341578 -0.146239 0.772522
24 4.326638 0.000001 -0.000000 0.000000 -0.000000 -0.854466
25 -4.837116 -4.700649 -7.205983 -2.967085 0.176124 1.952128
26 11.691123 0.000000 -0.000000 -0.000000 0.000000 -1.387522
27 10.049183 -0.000000 -0.000000 0.000000 -0.000000 1.589853
28 7.698297 -0.000000 0.000000 0.009328 0.150469 -1.310862
29 2.889139 3.264199 2.333550 0.484726 -0.546706 0.767286
30 3.916704 0.000001 -0.000000 -0.000000 -0.000000 -0.773290
31 2.889140 3.388610 0.169508 -0.027199 -0.081654 0.861552
32 5.095920 0.000001 0.000001 0.000000 0.000000 -0.812509
33 2.889140 3.388611 -2.118072 -0.431504 0.500434 0.901096
34 4.326636 -0.000000 -0.000000 -0.000000 0.000000 -0.816168
35 5.918083 -0.005458 -0.000041 0.009638 -0.009132 0.109840
36 6.894345 -0.006645 -0.000122 0.018636 0.082703 0.162100
37 8.424095 1.651374 0.000188 -0.028557 -0.020466 0.047066
38 -5.591487 -0.955382 7.306101 -1.386761 -1.207998 -1.827767
39 3.265982 -0.000000 0.000000 -1.494159 -0.569345 1.059052
40 10.918602 -0.000000 -0.000000 -0.000000 0.000000 -1.067951
41 25.761908 0.000000 -0.000001 -1.907730 0.198520 -0.234476
42 -0.237014 1.245558 -0.327389 0.091564 -0.046253 2.383400
43 24.761375 3.073946 0.693197 0.198276 0.228705 2.360418
44 18.174503 0.000004 -0.000011 0.213618 0.296628 0.212692
45 27.065092 3.151833 0.448442 0.354022 0.247949 1.574470
46 23.998043 0.000011 -0.000018 0.182520 0.597332 0.259700
47 28.989002 3.513209 0.087907 0.160197 0.380461 0.894151
48 32.786842 -0.000007 -0.000011 0.081380 0.700115 0.333775
49 32.613228 2.152440 -0.840445 0.179815 0.472344 0.392710
50 18.030674 0.000005 -0.000001 -0.055228 0.684580 0.181703
51 7.135244 -0.005623 -0.000004 0.000741 -0.021114 0.146195
52 7.136523 -0.005276 0.000017 -0.002933 -0.021227 0.377930
53 7.135727 -0.004409 -0.000050 0.010723 0.021092 0.284384
54 5.780548 -0.000000 -0.000000 -0.000242 0.029187 0.606919
55 3.336389 0.575416 -0.000145 -3.141589 -0.000001 0.742829
56 2.834963 0.142751 -0.000002 0.000000 -0.000000 0.829611
57 3.339808 -0.000004 -0.000000 -0.000000 0.000000 -0.371105
58 8.999998 1.500002 -0.000001 0.000000 0.000000 -0.000000
59 -5.904757 -0.494056 -7.105707 1.199367 1.259342 -2.004242
60 3.265986 0.000005 -0.000004 1.577947 0.567722 1.251591
61 10.918602 -0.000001 -0.000001 0.000000 0.000000 -1.067218
62 25.761900 -0.000000 0.000001 1.908323 -0.189432 -0.265083
63 -0.236993 1.245689 0.327398 3.050030 0.045910 2.383435
64 24.761436 3.074187 -0.693213 2.941748 -0.241562 2.349670
65 18.174500 -0.000000 -0.000000 -0.216833 0.313297 -0.207694
66 27.065054 3.151983 -0.448465 2.788292 -0.261343 1.569581
67 23.998041 -0.000000 -0.000000 -0.176068 0.609324 -0.236982
68 28.988941 3.513350 -0.087928 2.820716 -0.333817 0.958060
69 32.786842 0.000002 -0.000000 -0.065772 0.718977 -0.239690
70 32.613316 2.152714 0.840420 2.975825 -0.442091 0.353619
71 18.030670 -0.000002 0.000000 0.078841 0.685847 -0.138735
72 -3.151490 -6.376818 0.000018 -3.141591 -0.000002 -1.455347
73 8.244103 -0.000000 -0.000000 0.001015 -0.006649 0.096216
74 12.186327 -0.000000 -0.000000 0.001193 -0.008254 0.219889
75 11.268430 0.000000 0.000000 0.003787 0.016977 0.280409
76 11.182281 -0.000004 0.000000 0.007884 0.062190 0.202016
77 12.115531 0.000000 0.000000 -0.000152 0.099540 -0.099833
78 14.316385 0.000000 0.000000 -0.010782 0.120382 -0.353906
79 16.120531 0.000000 0.000000 -0.011563 0.130218 -0.677744
80 0.000000 0.000000 0.000000 0.000000 -0.000000 0.000000
81 0.000000 0.000000 0.000000 0.000000 -0.000000 0.000000
82 0.000000 0.000000 0.000000 0.000000 -0.000000 0.000000
time 29
0 0.000000 0.000000 0.000000 -0.000000 -0.000000 0.000000
1 0.000000 0.000000 0.000000 0.000000 -0.000000 0.000000
2 0.000000 0.000000 0.000000 1.570796 -0.000000 0.000000
3 0.000000 0.000000 0.000000 -1.570796 -0.000000 0.000000
4 0.000000 0.000000 0.000000 1.570796 -0.000000 0.000000
5 0.000000 0.000000 0.000000 0.000000 -0.000000 0.000000
6 0.000000 0.000000 0.000000 0.000000 -0.000000 0.000000
7 0.000000 0.000000 0.000000 0.000000 -0.000000 0.000000
8 0.000000 0.000000 0.000000 0.000000 -0.000000 0.000000
9 0.000000 0.000000 0.000000 0.000000 -0.000000 0.000000
10 0.000000 0.000000 0.000000 0.000000 -0.000000 0.000000
11 0.000000 0.000000 0.000000 0.000000 -0.000000 0.000000
12 -0.000000 45.749420 -2.469028 -3.141592 -1.254111 1.570796
13 0.000000 0.000000 0.000000 1.570794 -1.399613 -3.141589
14 -1.824957 6.066263 -0.000341 0.067257 -0.051946 1.035332
15 -3.884979 -4.128354 8.120332 2.990764 -0.039152 2.154287
16 11.691120 -0.000002 0.000000 -0.000000 -0.000000 -1.374887
17 10.049184 0.000002 0.000000 0.000000 0.000000 1.688511
18 7.698301 0.000001 0.000000 -0.025356 -0.024431 -1.873376
19 2.889140 3.264199 -2.333552 -0.529925 0.403602 0.967884
20 3.916705 0.000001 -0.000001 0.000000 -0.000000 -0.809969
21 2.889140 3.388608 -0.169511 0.042338 0.075019 1.054029
22 5.095921 0.000000 -0.000000 0.000000 -0.000000 -0.923356
23 2.889140 3.388609 2.118073 0.333149 -0.164293 0.824861
24 4.326635 0.000000 0.000000 0.000000 -0.000000 -0.799721
25 -4.675441 -5.150139 -7.048575 -2.958749 0.159047 1.965118
26 11.691121 0.000003 0.000000 -0.000000 -0.000000 -1.340249
27 10.049171 -0.000001 -0.000001 0.000000 -0.000000 1.575997
28 7.698300 -0.000002 0.000001 0.020588 0.177529 -1.374876
29 2.889139 3.264199 2.333550 0.499106 -0.534749 0.739981
30 3.916705 0.000000 0.000000 -0.000000 -0.000000 -0.798865
31 2.889140 3.388610 0.169508 -0.025075 -0.082399 0.835366
32 5.095921 -0.000003 0.000000 0.000000 0.000000 -0.838084
33 2.889140 3.388611 -2.118072 -0.444744 0.489711 0.873856
34 4.326635 0.000000 0.000000 -0.000000 0.000000 -0.841744
35 5.918406 -0.005407 0.000017 -0.003140 0.008699 0.172975
36 6.894295 -0.006657 -0.000076 0.011494 0.120498 0.154521
37 8.423490 1.651375 0.000070 -0.011237 -0.057140 -0.056136
38 -5.220465 -1.417460 7.506034 -1.516435 -1.267822 -1.589309
39 3.265984 -0.000002 0.000005 -1.328993 -0.548341 0.932294
40 10.918591 -0.000000 -0.000000 -0.000000 -0.000000 -1.061513
41 25.761904 0.000005 0.000001 -1.834149 0.137410 -0.209142
42 -0.237014 1.245558 -0.327389 0.091563 -0.045910 2.383432
43 24.761375 3.073946 0.693197 0.159522 0.188544 2.339978
44 18.174503 0.000004 -0.000011 0.191128 0.281932 0.197059
45 27.065092 3.151833 0.448442 0.325020 0.208103 1.541730
46 23.998043 0.000011 -0.000018 0.163019 0.573403 0.259988
47 28.989002 3.513209 0.087907 0.159507 0.310352 0.866686
48 32.786842 -0.000007 -0.000011 0.073018 0.674393 0.335592
49 32.613228 2.152440 -0.840445 0.193201 0.410116 0.371167
50 18.030674 0.000005 -0.000001 -0.047490 0.669039 0.200521
51 7.136769 -0.005172 0.000033 -0.005827 -0.021449 0.425973
52 7.136909 -0.005112 0.000024 -0.004164 -0.019959 0.455586
53 7.135933 -0.004341 -0.000026 0.005643 0.005517 0.336349
54 5.780548 -0.000005 -0.000000 -0.001504 0.036858 0.353613
55 3.336389 0.575416 -0.000145 -3.141589 -0.000001 0.777119
56 2.834963 0.142751 -0.000002 0.000000 0.000000 0.850543
57 3.339808 -0.000004 -0.000000 -0.000000 0.000000 -0.356093
58 8.999998 1.500002 -0.000001 0.000000 0.000000 -0.000000
59 -6.044102 -1.255630 -6.891811 1.124683 1.266442 -1.963563
60 3.265983 -0.000003 0.000000 1.468158 0.571026 1.116674
61 10.918597 -0.000000 0.000001 0.000000 0.000000 -1.061525
62 25.761911 -0.000000 0.000002 1.904940 -0.132780 -0.245184
63 -0.236993 1.245689 0.327398 3.050030 0.045910 2.383435
64 24.761436 3.074187 -0.693213 2.982224 -0.209277 2.322877
65 18.174500 -0.000000 -0.000000 -0.192832 0.308290 -0.189926
66 27.065054 3.151983 -0.448465 2.817850 -0.221684 1.532968
67 23.998041 -0.000000 -0.000000 -0.151412 0.587079 -0.228392
68 28.988941 3.513350 -0.087928 2.818564 -0.290747 0.935788
69 32.786846 0.000002 0.000000 -0.054880 0.689271 -0.239915
70 32.613316 2.152714 0.840420 2.959095 -0.389578 0.337077
71 18.030670 -0.000002 0.000000 0.072051 0.666652 -0.150897
72 -3.151490 -6.376818 0.000018 -3.141591 -0.000002 -1.455347
73 8.244103 -0.000000 -0.000000 0.001319 -0.007413 0.078122
74 12.186327 -0.000000 -0.000000 0.001593 -0.008803 0.178374
75 11.268430 0.000000 0.000000 0.003047 0.017425 0.212531
76 11.182281 -0.000004 0.000000 0.005526 0.064335 0.154240
77 12.115531 0.000000 0.000000 -0.003182 0.107938 -0.063070
78 14.316384 0.000000 0.000000 -0.014403 0.136472 -0.223539
79 16.120531 0.000000 0.000000 -0.016770 0.150075 -0.510774
80 0.000000 0.000000 0.000000 0.000000 -0.000000 0.000000
81 0.000000 0.000000 0.000000 0.000000 -0.000000 0.000000
82 0.000000 0.000000 0.000000 0.000000 -0.000000 0.000000
end
