version 1
nodes
0 "npc_boss_016" -1
1 "Bip001" 0
2 "Bip001 Prop3" 1
3 "Bone035" 2
4 "Bone036" 3
5 "Bone037" 4
6 "Bone038" 5
7 "Bone039" 6
8 "Bone040" 7
9 "Bone041" 8
10 "Bip001 Prop2" 1
11 "Bone028" 10
12 "Bone029" 11
13 "Bone030" 12
14 "Bone031" 13
15 "Bone032" 14
16 "Bone033" 15
17 "Bone034" 16
18 "Bip001 Prop1" 1
19 "Bone027" 18
20 "Bone026" 18
21 "Bone025" 18
22 "Bone024" 18
23 "Bone022" 18
24 "Bone021" 18
25 "Bip001 Pelvis" 1
26 "Bone020" 25
27 "Bone019" 25
28 "Bone018" 25
29 "Bone017" 25
30 "Bip001 Spine" 25
31 "Bip001 Spine1" 30
32 "Bip001 Neck" 31
33 "Bip001 R Clavicle" 32
34 "Bone011" 33
35 "Bone014" 34
36 "Bone015" 35
37 "Bone016" 36
38 "Bone013" 34
39 "Bone012" 34
40 "Bip001 R UpperArm" 33
41 "Bip001 R Forearm" 40
42 "Bone009" 41
43 "Bone010" 42
44 "Bip001 R Hand" 41
45 "Bip001 R Finger3" 44
46 "Bip001 R Finger31" 45
47 "Bip001 R Finger2" 44
48 "Bip001 R Finger21" 47
49 "Bip001 R Finger1" 44
50 "Bip001 R Finger11" 49
51 "Bip001 R Finger0" 44
52 "Bip001 R Finger01" 51
53 "Bip001 L Clavicle" 32
54 "Bone003" 53
55 "Bone006" 54
56 "Bone007" 55
57 "Bone008" 56
58 "Bone005" 54
59 "Bone004" 54
60 "Bip001 L UpperArm" 53
61 "Bip001 L Forearm" 60
62 "Bone001" 61
63 "Bone002" 62
64 "Bip001 L Hand" 61
65 "Bip001 L Finger3" 64
66 "Bip001 L Finger31" 65
67 "Bip001 L Finger2" 64
68 "Bip001 L Finger21" 67
69 "Bip001 L Finger1" 64
70 "Bip001 L Finger11" 69
71 "Bip001 L Finger0" 64
72 "Bip001 L Finger01" 71
73 "Bip001 Head" 32
end
skeleton
time 0
0 0.000000 0.000000 0.000000 1.570796 -0.000000 0.000000
1 28.728714 190.149979 -21.910948 1.949664 -1.354893 2.648327
2 69.554741 -49.736023 19.843689 -0.925787 0.320899 0.562997
3 0.000000 0.000000 49.770000 -0.000000 -1.570796 0.000000
4 49.840000 0.000000 0.000000 0.000000 -0.000000 0.000000
5 49.840000 0.000000 0.000000 0.000000 -0.000000 0.000000
6 49.840000 0.000000 0.000000 0.000000 -0.000000 0.000000
7 49.840000 0.000000 0.000000 0.000000 -0.000000 0.000000
8 49.840000 0.000000 0.000000 0.000000 -0.000000 0.000000
9 49.770000 0.000000 0.000000 0.000000 -0.000000 0.000000
10 -14.145347 68.721954 6.059906 0.420983 0.950131 0.593689
11 -0.000000 0.000000 49.840000 -0.000000 -1.570796 0.000000
12 49.980000 -0.000000 0.000000 0.000000 -0.000000 0.000000
13 49.770000 0.000000 0.000000 0.000000 -0.000000 0.000000
14 49.980000 0.000000 0.000000 0.000000 -0.000000 -0.000000
15 49.349998 0.000000 0.000000 0.000000 -0.000000 0.000000
16 50.049995 -0.000000 -0.000000 0.000000 -0.000000 0.000000
17 50.259998 0.000000 0.000000 0.000000 -0.000000 0.000000
18 -85.725548 -59.556152 114.751923 0.458433 -0.127612 1.758072
19 125.027397 2.401053 -33.650501 1.570796 -0.295109 -1.570796
20 110.466110 24.916351 68.492630 1.570796 0.082036 -1.570796
21 48.806080 16.196514 122.090294 1.570797 -0.154157 -1.570797
22 -48.673271 9.936316 121.481544 1.570797 -0.154157 -1.570797
23 -110.344688 -12.800247 75.190651 1.570796 0.082036 -1.570796
24 -124.943916 -17.771732 -31.649166 1.570796 -0.295109 -1.570796
25 0.000000 0.000000 0.000000 -1.570796 -1.570796 0.000000
26 1.960000 22.259998 0.000000 -3.108284 -0.041575 2.574816
27 13.860002 -25.129999 0.000000 -3.130147 -0.001669 -2.574441
28 13.650000 -2.520000 23.590000 -1.336319 -0.464274 2.737388
29 13.650001 -2.520000 -23.590000 1.512426 0.283463 2.590018
30 17.360001 3.710000 -0.000000 0.007543 -0.065470 0.120505
31 35.559998 0.000000 0.000000 -0.015567 0.220999 0.365086
32 37.520000 0.000000 0.000000 0.337105 -0.132487 0.266911
33 -20.791758 -6.377522 -15.180511 0.936530 0.938029 -2.570630
34 -0.350000 0.700000 -8.050000 1.311384 0.561432 -0.799280
35 18.480000 12.180000 26.880001 1.883612 -0.482096 1.091519
36 37.730000 0.000000 -0.000000 0.163849 0.134048 -0.017145
37 32.059998 0.000000 -0.000000 0.250462 -0.144040 -0.404008
38 16.170000 -9.870001 -18.059999 -2.061025 -0.151503 -2.858882
39 16.240000 -12.670000 9.730000 -1.734269 0.491639 -0.852113
40 19.670000 0.000000 -0.000001 0.173066 0.008016 -0.830218
41 40.950001 -0.000000 0.000000 0.000000 -0.000000 -1.211339
42 34.019997 -1.259999 17.639999 3.129087 -0.564501 1.184150
43 26.389999 0.000000 0.000000 0.538934 0.299892 -0.619200
44 43.820000 0.000000 0.000000 1.539573 -0.395275 -0.209389
45 20.090000 0.979999 -9.800000 -0.008474 0.042861 0.393974
46 15.120002 0.000000 0.000000 0.000000 -0.000000 0.352444
47 20.370001 -1.119999 0.560000 0.000000 0.000000 0.358380
48 19.530001 0.000000 0.000000 0.000000 -0.000000 0.413843
49 20.720003 1.400001 12.180000 -0.000000 -0.000000 0.218697
50 18.130001 -0.000001 0.000000 0.000000 -0.000000 0.186833
51 7.420000 7.070000 9.589999 -2.725646 -0.673385 1.488723
52 10.710000 -0.000001 0.000000 0.000000 -0.000000 0.250219
53 -15.392550 6.152970 20.657169 0.699332 -1.174894 2.207386
54 -0.350000 0.700000 8.050000 -1.699781 -0.123497 0.291645
55 18.410002 12.180000 -26.880001 -1.911839 0.781909 1.019521
56 37.730000 0.000000 0.000000 -0.015455 -0.308046 -0.039558
57 32.059998 0.000000 0.000000 -0.033815 0.059139 -0.602985
58 16.100000 -9.870001 18.059999 1.392327 0.013440 -0.177967
59 16.170000 -12.670000 -9.730000 1.494368 -0.259236 -0.964717
60 19.670000 0.000000 -0.000001 0.428590 0.679775 0.912247
61 40.950001 -0.000000 0.000000 0.000000 -0.000000 -1.312733
62 34.019997 -1.259998 -17.640001 -1.655071 0.544780 0.616637
63 26.389999 0.000000 0.000000 0.438545 0.175736 -2.569078
64 43.820000 -0.000000 -0.000000 -2.029384 0.281267 -0.326001
65 20.090000 0.979999 9.800000 -0.004426 -0.042960 0.672780
66 15.120001 0.000000 0.000000 0.000000 -0.000000 0.631784
67 20.370001 -1.119999 -0.560000 -0.000000 0.000000 0.638522
68 19.530001 0.000000 0.000000 0.000000 -0.000000 0.693150
69 20.720001 1.400000 -12.180001 -0.000000 0.000000 0.498265
70 18.130003 0.000000 0.000000 0.000000 -0.000000 0.466883
71 7.420000 7.070001 -9.589999 2.486300 0.438090 1.032347
72 10.710000 0.000000 0.000000 0.000000 -0.000000 0.751135
73 -1.260000 1.470000 0.000000 -0.254125 0.169411 0.094317
time 1
0 0.000000 0.000000 0.000000 1.570796 -0.000000 0.000000
1 -31.712748 201.246765 -110.916489 -1.459466 -1.408403 -0.049596
2 62.486427 -42.421265 10.113434 -1.004897 0.394493 0.164609
3 0.000000 0.000000 49.770000 -0.000000 -1.570796 0.000000
4 49.840000 0.000000 0.000000 0.000000 -0.000000 0.000000
5 49.840000 0.000000 0.000000 0.000000 -0.000000 0.000000
6 49.840000 0.000000 0.000000 0.000000 -0.000000 0.000000
7 49.840000 0.000000 0.000000 0.000000 -0.000000 0.000000
8 49.840000 0.000000 0.000000 0.000000 -0.000000 0.000000
9 49.770000 0.000000 0.000000 0.000000 -0.000000 0.000000
10 -43.304070 90.579620 -4.623398 1.191224 0.434414 0.596608
11 -0.000000 0.000000 49.840000 -0.000000 -1.570796 0.000000
12 49.980000 -0.000000 0.000000 0.000000 -0.000000 0.000000
13 49.770000 0.000000 0.000000 0.000000 -0.000000 0.000000
14 49.980000 0.000000 0.000000 0.000000 -0.000000 -0.000000
15 49.349998 0.000000 0.000000 0.000000 -0.000000 0.000000
16 50.049995 -0.000000 -0.000000 0.000000 -0.000000 0.000000
17 50.259998 0.000000 0.000000 0.000000 -0.000000 0.000000
18 -40.111115 47.487514 109.968529 0.553892 0.059845 1.409166
19 202.538910 -8.190000 -35.769997 1.570796 -0.295109 -1.570796
20 175.729462 33.393845 86.653580 1.570796 0.082036 -1.570796
21 68.533897 63.489960 181.102020 1.570797 -0.154157 -1.570797
22 -74.904968 69.321922 171.608505 1.570797 -0.154157 -1.570797
23 -182.020630 37.684052 66.676048 1.570796 0.082036 -1.570796
24 -206.651337 -12.602829 -56.897480 1.570796 -0.295109 -1.570796
25 0.000000 0.000000 0.000000 -1.570796 -1.570796 0.000000
26 1.960000 22.259998 0.000000 -3.025259 -0.148403 1.902943
27 13.860002 -25.129999 0.000000 -3.135103 -0.045082 -2.882953
28 13.650000 -2.520000 23.590000 -0.941229 -0.387743 2.049076
29 13.650001 -2.520000 -23.590000 1.421881 0.200231 2.152370
30 17.360001 3.710000 -0.000000 0.199522 -0.158821 -0.091331
31 35.559998 0.000000 0.000000 -0.228663 0.011706 0.211607
32 37.520000 0.000000 0.000000 0.337502 -0.136114 0.263248
33 -20.724558 -6.305869 -15.327429 0.791567 1.043550 -2.700723
34 -0.350000 0.700000 -8.050000 1.287691 0.581809 -0.862253
35 18.480000 12.180000 26.880001 1.795390 -0.477704 1.258312
36 37.730000 0.000000 -0.000000 0.120043 -0.141334 -0.036140
37 32.059998 0.000000 -0.000000 0.427256 0.161492 -0.388496
38 16.170000 -9.870001 -18.059999 -2.117979 -0.643666 -1.184176
39 16.240000 -12.670000 9.730000 -2.178315 -0.318908 -0.723346
40 19.670000 0.000000 -0.000001 -0.041846 -0.579339 -0.810383
41 40.950001 -0.000000 0.000000 0.000000 -0.000000 -0.777197
42 34.019997 -1.259999 17.639999 2.864231 -0.201642 0.256380
43 26.389999 0.000000 0.000000 0.328935 0.093713 -0.880983
44 43.820000 0.000000 0.000000 1.532616 0.073248 -0.088990
45 20.090000 0.979999 -9.800000 -0.023126 0.035942 0.011354
46 15.120002 0.000000 0.000000 0.000000 -0.000000 -0.013110
47 20.370001 -1.119999 0.560000 -0.000000 0.000000 -0.022077
48 19.530001 0.000000 0.000000 0.000000 -0.000000 0.047877
49 20.720003 1.400001 12.180000 0.000000 -0.000000 -0.162170
50 18.130001 -0.000001 0.000000 0.000000 -0.000000 -0.171741
51 7.420000 7.070000 9.589999 -2.783900 -0.703518 1.639141
52 10.710000 -0.000001 0.000000 0.001055 0.010119 0.221224
53 -15.461514 6.205806 20.598959 0.850554 -1.121290 2.064349
54 -0.350000 0.700000 8.050000 -1.597339 -0.089228 0.160056
55 18.410002 12.180000 -26.880001 -1.759234 0.914038 1.265087
56 37.730000 0.000000 0.000000 0.170147 -0.027519 0.574311
57 32.059998 0.000000 0.000000 0.237730 0.008899 -0.300591
58 16.100000 -9.870001 18.059999 1.425690 0.639651 -1.443012
59 16.170000 -12.670000 -9.730000 1.391088 0.663779 -1.591457
60 19.670000 0.000000 -0.000001 0.074489 0.377316 1.226765
61 40.950001 -0.000000 0.000000 0.000000 -0.000000 -1.082448
62 34.019997 -1.259998 -17.640001 -2.680350 0.418240 -1.411106
63 26.389999 0.000000 0.000000 1.569206 0.480390 0.031650
64 43.820000 -0.000000 -0.000000 -1.213979 0.141531 -0.989517
65 20.090000 0.979999 9.800000 0.003808 -0.042233 0.481743
66 15.120001 0.000000 0.000000 0.000000 -0.000000 0.455477
67 20.370001 -1.119999 -0.560000 -0.000000 0.000000 0.446932
68 19.530001 0.000000 0.000000 0.000000 -0.000000 0.517095
69 20.720001 1.400000 -12.180001 0.000000 -0.000000 0.306441
70 18.130003 0.000000 0.000000 0.000000 -0.000000 0.325165
71 7.420000 7.070001 -9.589999 2.592641 0.539301 1.259876
72 10.710000 0.000000 0.000000 0.000000 -0.000000 0.537803
73 -1.260000 1.470000 0.000000 0.169108 0.034407 0.009810
time 2
0 0.000000 0.000000 0.000000 1.570796 -0.000000 0.000000
1 -50.392342 180.980835 -119.712494 -1.183406 -1.278683 -0.271770
2 67.263771 -31.996826 12.009781 -0.741643 0.182809 0.112746
3 0.000000 -0.000000 49.770000 -0.000000 -1.570796 0.000000
4 49.840000 0.000000 0.000000 0.000000 -0.000000 0.000000
5 49.840000 0.000000 0.000000 0.000000 -0.000000 0.000000
6 49.840000 0.000000 0.000000 0.000000 -0.000000 0.000000
7 49.840000 0.000000 0.000000 0.000000 -0.000000 0.000000
8 49.840000 0.000000 0.000000 0.000000 -0.000000 0.000000
9 49.770000 0.000000 0.000000 0.000000 -0.000000 0.000000
10 -76.334106 93.652771 -5.511688 1.679234 0.691183 0.991079
11 -0.000000 0.000000 49.840000 -0.000000 -1.570796 0.000000
12 49.980000 -0.000000 0.000000 0.000000 -0.000000 0.000000
13 49.770000 0.000000 0.000000 0.000000 -0.000000 0.000000
14 49.980000 0.000000 0.000000 0.000000 -0.000000 -0.000000
15 49.349998 0.000000 0.000000 0.000000 -0.000000 0.000000
16 50.049995 -0.000000 -0.000000 0.000000 -0.000000 0.000000
17 50.259998 0.000000 -0.000000 0.000000 -0.000000 0.000000
18 -33.355541 74.995392 104.591209 0.423533 0.100200 1.293023
19 346.134003 -8.190000 -35.769997 1.570796 -0.295109 -1.570796
20 289.712494 65.455734 158.082260 1.570796 0.082036 -1.570796
21 120.431435 119.455559 307.547607 1.570797 -0.154157 -1.570797
22 -127.411263 135.746155 297.566406 1.570797 -0.154157 -1.570797
23 -301.389587 101.870255 83.704826 1.570796 0.082036 -1.570796
24 -351.940796 7.523855 -63.044025 1.570796 -0.295109 -1.570796
25 0.000000 0.000000 0.000000 -1.570796 -1.570796 0.000000
26 1.960000 22.259998 0.000000 -3.020727 -0.169176 1.810181
27 13.860002 -25.129999 0.000000 3.132754 -0.086888 -2.954343
28 13.650000 -2.520000 23.590000 -0.939950 -0.426288 2.054229
29 13.650001 -2.520000 -23.590000 1.389158 0.261567 2.083538
30 17.360001 3.710000 -0.000000 0.232588 -0.162155 -0.132927
31 35.559998 0.000000 0.000000 0.024383 -0.101785 -0.116399
32 37.520000 0.000000 0.000000 0.334840 -0.181426 0.210257
33 -21.025700 -6.798237 -14.484017 0.713009 0.992559 -2.729234
34 -0.350000 0.700000 -8.050000 1.360928 0.473476 -0.658733
35 18.480000 12.180000 26.880001 1.657028 -0.308953 1.436523
36 37.730000 0.000000 -0.000000 -0.019305 -0.468712 0.035043
37 32.059998 0.000000 -0.000000 0.256561 0.244344 -0.382595
38 16.170000 -9.870001 -18.059999 -1.858509 -0.332174 -1.319219
39 16.240000 -12.670000 9.730000 -1.930689 -0.292963 -1.149005
40 19.670000 0.000000 -0.000001 -0.260042 -0.865858 -0.349547
41 40.950001 -0.000000 0.000000 0.000000 -0.000000 -0.826951
42 34.019997 -1.259999 17.639999 2.719645 -0.122217 0.252790
43 26.389999 0.000000 0.000000 0.409986 -0.405899 -0.768197
44 43.820000 0.000000 0.000000 1.747277 0.337999 -0.096150
45 20.090000 0.979999 -9.800000 -0.019000 0.038851 0.145910
46 15.120002 0.000000 0.000000 0.000000 -0.000000 0.121515
47 20.370001 -1.119999 0.560000 -0.000000 0.000000 0.112142
48 19.530001 0.000000 0.000000 0.000000 -0.000000 0.182400
49 20.720003 1.400001 12.180000 -0.000000 -0.000000 -0.028165
50 18.130001 -0.000001 0.000000 0.000000 -0.000000 -0.008215
51 7.420000 7.070000 9.589999 -2.959813 -0.615768 1.667051
52 10.710000 -0.000001 0.000000 -0.001898 -0.057471 0.139185
53 -14.829847 5.655142 21.200424 0.872299 -1.213342 2.068926
54 -0.350000 0.700000 8.050000 -1.567873 -0.137654 0.139586
55 18.410002 12.180000 -26.880001 -1.552952 0.675863 1.529396
56 37.730000 0.000000 0.000000 0.000530 -0.184189 0.554090
57 32.059998 0.000000 0.000000 0.288401 0.077903 -0.031647
58 16.100000 -9.870001 18.059999 1.412868 0.486177 -1.392226
59 16.170000 -12.670000 -9.730000 1.374387 0.550457 -1.517383
60 19.670000 0.000000 -0.000001 0.098284 -0.129040 0.963892
61 40.950001 -0.000000 0.000000 0.000000 -0.000000 -0.783785
62 34.019997 -1.259998 -17.640001 3.129687 0.330955 -1.390945
63 26.389999 0.000000 0.000000 0.880971 0.312293 0.503517
64 43.820000 -0.000000 -0.000000 -0.955375 0.217443 -0.783523
65 20.090000 0.979999 9.800000 0.005111 -0.042071 0.442503
66 15.120001 0.000000 0.000000 0.000000 -0.000000 0.417625
67 20.370001 -1.119999 -0.560000 -0.000000 0.000000 0.407693
68 19.530001 0.000000 0.000000 0.000000 -0.000000 0.477555
69 20.720001 1.400000 -12.180001 0.000000 -0.000000 0.267557
70 18.130003 0.000000 0.000000 0.000000 -0.000000 0.270721
71 7.420000 7.070001 -9.589999 2.618599 0.566106 1.310229
72 10.710000 0.000000 0.000000 0.000000 -0.000000 0.478370
73 -1.260000 1.470000 0.000000 0.199232 0.152641 0.011092
time 3
0 0.000000 0.000000 0.000000 1.570796 -0.000000 0.000000
1 -45.415611 162.173477 -106.904106 -0.904777 -1.240818 -0.567722
2 75.271126 -2.133362 24.346146 -0.202250 0.193677 0.537550
3 0.000000 0.000000 49.770000 -0.000000 -1.570796 0.000000
4 49.840000 0.000000 0.000000 0.000000 -0.000000 0.000000
5 49.840000 0.000000 0.000000 0.000000 -0.000000 0.000000
6 49.840000 0.000000 0.000000 0.000000 -0.000000 0.000000
7 49.840000 0.000000 0.000000 0.000000 -0.000000 0.000000
8 49.840000 0.000000 0.000000 0.000000 -0.000000 0.000000
9 49.770000 0.000000 0.000000 0.000000 -0.000000 0.000000
10 -97.997322 76.523254 -4.949142 1.924278 1.046755 1.572685
11 -0.000000 0.000000 49.840000 -0.000000 -1.570796 0.000000
12 49.980000 -0.000000 0.000000 0.000000 -0.000000 0.000000
13 49.770000 0.000000 0.000000 0.000000 -0.000000 0.000000
14 49.980000 0.000000 0.000000 0.000000 -0.000000 -0.000000
15 49.349998 0.000000 0.000000 0.000000 -0.000000 0.000000
16 50.049995 -0.000000 -0.000000 0.000000 -0.000000 0.000000
17 50.259998 0.000000 0.000000 0.000000 -0.000000 0.000000
18 -61.910049 73.458527 99.787598 0.296994 0.075709 1.326569
19 517.049988 -8.189999 -35.769993 1.570796 -0.295109 -1.570796
20 421.558167 107.168121 262.373291 1.570796 0.082036 -1.570796
21 190.600128 183.376404 467.104980 1.570797 -0.154157 -1.570797
22 -192.028900 186.732849 463.293213 1.570797 -0.154157 -1.570797
23 -415.486633 142.281265 189.199219 1.570796 0.082036 -1.570796
24 -496.000183 12.578789 -59.247192 1.570796 -0.295109 -1.570796
25 0.000000 0.000000 0.000000 -1.570796 -1.570796 0.000000
26 1.960000 22.259998 0.000000 -3.049492 -0.187813 1.959661
27 13.860002 -25.129999 0.000000 3.119172 -0.111477 -2.937822
28 13.650000 -2.520000 23.590000 -1.060769 -0.521391 2.238895
29 13.650001 -2.520000 -23.590000 1.355919 0.311269 2.206198
30 17.360001 3.710000 -0.000000 0.195501 -0.133801 -0.074926
31 35.559998 0.000000 0.000000 0.377465 -0.060643 -0.241973
32 37.520000 0.000000 0.000000 0.331051 -0.243184 0.137492
33 -21.603086 -7.571702 -13.000893 0.637013 0.922705 -2.745569
34 -0.350000 0.700000 -8.050000 1.444879 0.346170 -0.424360
35 18.480000 12.180000 26.880001 1.633914 -0.247759 1.481052
36 37.730000 0.000000 -0.000000 -0.293196 -0.912181 0.331360
37 32.059998 0.000000 -0.000000 0.109881 0.213503 -0.292260
38 16.170000 -9.870001 -18.059999 -1.701571 0.017434 -1.617978
39 16.240000 -12.670000 9.730000 -1.717063 0.033372 -1.610686
40 19.670000 0.000000 -0.000001 -0.094487 -0.863404 -0.304564
41 40.950001 -0.000000 0.000000 0.000000 -0.000000 -1.073219
42 34.019997 -1.259999 17.639999 2.590264 -0.132475 0.756116
43 26.389999 0.000000 0.000000 1.103745 -0.596523 -1.269970
44 43.820000 0.000000 0.000000 2.117564 0.109171 0.009070
45 20.090000 0.979999 -9.800000 -0.003572 0.041337 0.496942
46 15.120002 0.000000 0.000000 0.000000 -0.000000 0.472732
47 20.370001 -1.119999 0.560000 0.000000 -0.000000 0.462469
48 19.530001 0.000000 0.000000 0.000000 -0.000000 0.533549
49 20.720003 1.400001 12.180000 -0.000000 0.000000 0.322541
50 18.130001 -0.000001 0.000000 0.000000 -0.000000 0.325044
51 7.420000 7.070000 9.589999 3.097206 -0.485647 1.652444
52 10.710000 -0.000001 0.000000 -0.005102 -0.141187 0.053608
53 -13.500015 4.567852 22.283836 0.888857 -1.325522 2.085236
54 -0.350000 0.700000 8.050000 -1.539582 -0.199797 0.118956
55 18.410002 12.180000 -26.880001 -1.574079 0.538019 1.521352
56 37.730000 0.000000 0.000000 -0.228484 -0.564185 0.711083
57 32.059998 0.000000 0.000000 0.249176 -0.018726 0.138753
58 16.100000 -9.870001 18.059999 1.368579 0.239656 -1.216513
59 16.170000 -12.670000 -9.730000 1.348733 0.254666 -1.386055
60 19.670000 0.000000 -0.000001 0.283997 -0.246184 0.518574
61 40.950001 -0.000000 0.000000 0.000000 -0.000000 -0.536001
62 34.019997 -1.259998 -17.640001 -2.885149 0.448703 -0.969472
63 26.389999 0.000000 0.000000 0.628689 0.600331 0.940037
64 43.820000 -0.000000 -0.000000 -1.017989 0.430062 -0.454622
65 20.090000 0.979999 9.800000 0.003439 -0.042231 0.483220
66 15.120001 0.000000 0.000000 0.000000 -0.000000 0.458055
67 20.370001 -1.119999 -0.560000 0.000000 0.000000 0.448188
68 19.530001 0.000000 0.000000 0.000000 -0.000000 0.517916
69 20.720001 1.400000 -12.180001 -0.000000 0.000000 0.308435
70 18.130003 0.000000 0.000000 0.000000 -0.000000 0.317197
71 7.420000 7.070001 -9.589999 2.593925 0.540316 1.260733
72 10.710000 0.000000 0.000000 0.000014 0.000030 0.532393
73 -1.260000 1.470000 0.000000 0.099530 0.182821 -0.107927
time 4
0 0.000000 0.000000 0.000000 1.570796 -0.000000 0.000000
1 -39.997829 143.423615 -93.614250 -0.624869 -1.215939 -0.875009
2 71.581833 20.711121 42.220856 0.225869 0.079798 1.143636
3 -0.000000 0.000000 49.770000 -0.000000 -1.570796 0.000000
4 49.840000 0.000000 0.000000 0.000000 -0.000000 0.000000
5 49.840000 0.000000 0.000000 0.000000 -0.000000 0.000000
6 49.840000 0.000000 0.000000 0.000000 -0.000000 0.000000
7 49.840000 0.000000 0.000000 0.000000 -0.000000 0.000000
8 49.840000 0.000000 0.000000 0.000000 -0.000000 0.000000
9 49.770000 0.000000 0.000000 0.000000 -0.000000 0.000000
10 -107.164291 52.573273 1.354523 2.640835 1.220904 2.713837
11 -0.000000 0.000000 49.840000 -0.000000 -1.570796 0.000000
12 49.980000 -0.000000 0.000000 0.000000 -0.000000 0.000000
13 49.770000 0.000000 0.000000 0.000000 -0.000000 0.000000
14 49.980000 0.000000 0.000000 0.000000 -0.000000 -0.000000
15 49.349998 0.000000 0.000000 0.000000 -0.000000 0.000000
16 50.049995 -0.000000 -0.000000 0.000000 -0.000000 0.000000
17 50.259998 0.000000 0.000000 0.000000 -0.000000 0.000000
18 -90.879601 68.376686 92.911758 0.171841 0.042360 1.381831
19 695.707397 -8.190000 -35.769993 1.570796 -0.295109 -1.570796
20 559.407227 150.745834 371.234283 1.570796 0.082036 -1.570796
21 263.881561 250.245667 633.812073 1.570797 -0.154157 -1.570797
22 -259.553741 240.125656 636.374817 1.570797 -0.154157 -1.570797
23 -529.365234 182.270065 297.636230 1.570796 0.082036 -1.570796
24 -639.868225 17.392828 -55.312809 1.570796 -0.295109 -1.570796
25 0.000000 0.000000 0.000000 -1.570796 -1.570796 0.000000
26 1.960000 22.259998 0.000000 -3.084904 -0.204595 2.141197
27 13.860002 -25.129999 0.000000 3.105204 -0.137828 -2.907044
28 13.650000 -2.520000 23.590000 -1.206235 -0.622930 2.465979
29 13.650001 -2.520000 -23.590000 1.320434 0.362447 2.382772
30 17.360001 3.710000 -0.000000 0.150556 -0.099468 -0.006087
31 35.559998 0.000000 0.000000 0.669009 -0.008753 -0.290399
32 37.520000 0.000000 0.000000 0.327115 -0.288500 0.068114
33 -22.174911 -8.419736 -11.477896 0.602888 0.877659 -2.725888
34 -0.350000 0.700000 -8.050000 1.543033 0.192732 -0.148788
35 18.480000 12.180000 26.880001 1.612869 -0.186712 1.523329
36 37.730000 0.000000 -0.000000 -0.854387 -1.196658 0.926127
37 32.059998 0.000000 -0.000000 0.044981 -0.012024 -0.114409
38 16.170000 -9.870001 -18.059999 -1.588578 0.246004 -1.749127
39 16.240000 -12.670000 9.730000 -1.610604 0.249749 -1.803234
40 19.670000 0.000000 -0.000001 0.055707 -0.830364 -0.280650
41 40.950001 -0.000000 0.000000 0.000000 -0.000000 -1.371023
42 34.019997 -1.259999 17.639999 2.477566 -0.156132 1.422246
43 26.389999 0.000000 0.000000 1.598068 -0.693059 -1.594403
44 43.820000 0.000000 0.000000 2.464590 -0.233655 -0.014289
45 20.090000 0.979999 -9.800000 0.012665 0.040627 0.860618
46 15.120002 0.000000 0.000000 0.000000 -0.000000 0.835400
47 20.370001 -1.119999 0.560000 -0.000000 0.000000 0.825373
48 19.530001 0.000000 0.000000 0.000000 -0.000000 0.897124
49 20.720003 1.400001 12.180000 -0.000000 0.000000 0.686009
50 18.130001 -0.000001 0.000000 0.000000 -0.000000 0.696051
51 7.420000 7.070000 9.589999 2.843996 -0.334490 1.590822
52 10.710000 -0.000001 0.000000 -0.004289 -0.218413 -0.013020
53 -11.992416 3.461347 23.271980 0.742250 -1.416173 2.265748
54 -0.350000 0.700000 8.050000 -1.511678 -0.267233 0.097313
55 18.410002 12.180000 -26.880001 -1.596525 0.397803 1.512392
56 37.730000 0.000000 0.000000 -0.369298 -0.808234 0.772672
57 32.059998 0.000000 0.000000 0.147999 -0.233337 0.292608
58 16.100000 -9.870001 18.059999 1.350615 0.057507 -1.033284
59 16.170000 -12.670000 -9.730000 1.346985 0.047425 -1.186701
60 19.670000 0.000000 -0.000001 0.501511 -0.175225 0.081180
61 40.950001 -0.000000 0.000000 0.000000 -0.000000 -0.306862
62 34.019997 -1.259998 -17.640001 -2.528808 0.605484 -0.367019
63 26.389999 0.000000 0.000000 0.930127 0.933020 1.308651
64 43.820000 -0.000000 -0.000000 -1.095230 0.684904 -0.087619
65 20.090000 0.979999 9.800000 0.001401 -0.042489 0.538133
66 15.120001 0.000000 0.000000 0.000000 -0.000000 0.511890
67 20.370001 -1.119999 -0.560000 -0.000000 0.000000 0.502701
68 19.530001 0.000000 0.000000 0.000000 -0.000000 0.572398
69 20.720001 1.400000 -12.180001 -0.000000 0.000000 0.363423
70 18.130003 0.000000 0.000000 0.000000 -0.000000 0.372909
71 7.420000 7.070001 -9.589999 2.565617 0.506435 1.201997
72 10.710000 0.000000 0.000000 0.000134 0.000275 0.593657
73 -1.260000 1.470000 0.000000 0.020394 0.187152 -0.196269
time 5
0 0.000000 0.000000 0.000000 1.570796 -0.000000 0.000000
1 -34.675568 126.928329 -80.784172 -0.344800 -1.208227 -1.190783
2 65.088455 26.208313 52.145844 0.376390 -0.053405 1.642590
3 0.000000 0.000000 49.770000 -0.000000 -1.570796 0.000000
4 49.840000 0.000000 0.000000 0.000000 -0.000000 0.000000
5 49.840000 0.000000 0.000000 0.000000 -0.000000 0.000000
6 49.840000 0.000000 0.000000 0.000000 -0.000000 0.000000
7 49.840000 0.000000 0.000000 0.000000 -0.000000 0.000000
8 49.840000 0.000000 0.000000 0.000000 -0.000000 0.000000
9 49.770000 0.000000 0.000000 0.000000 -0.000000 0.000000
10 -104.141823 34.855927 8.864822 3.075265 1.102653 -2.743181
11 -0.000000 0.000000 49.840000 -0.000000 -1.570796 0.000000
12 49.980000 -0.000000 0.000000 0.000000 -0.000000 0.000000
13 49.770000 0.000000 0.000000 0.000000 -0.000000 0.000000
14 49.980000 0.000000 0.000000 0.000000 -0.000000 -0.000000
15 49.349998 0.000000 0.000000 0.000000 -0.000000 0.000000
16 50.049995 -0.000000 -0.000000 0.000000 -0.000000 0.000000
17 50.259998 0.000000 0.000000 0.000000 -0.000000 0.000000
18 -118.661728 52.829060 78.894104 0.061974 0.012177 1.443372
19 803.657898 -8.189999 -35.769993 1.570796 -0.295109 -1.570796
20 642.028320 177.710403 440.436340 1.570796 0.082036 -1.570796
21 309.644135 289.472137 736.162048 1.570797 -0.154157 -1.570797
22 -300.728790 268.584412 743.973999 1.570797 -0.154157 -1.570797
23 -639.720886 220.962387 403.284058 1.570796 0.082036 -1.570796
24 -779.308350 22.016176 -51.282120 1.570796 -0.295109 -1.570796
25 0.000000 0.000000 0.000000 -1.570796 -1.570796 0.000000
26 1.960000 22.259998 0.000000 -3.113798 -0.212832 2.320026
27 13.860002 -25.129999 0.000000 3.092116 -0.159351 -2.868773
28 13.650000 -2.520000 23.590000 -1.375841 -0.730283 2.734682
29 13.650001 -2.520000 -23.590000 1.311452 0.402553 2.544280
30 17.360001 3.710000 -0.000000 0.104838 -0.064873 0.061732
31 35.559998 0.000000 0.000000 0.899954 0.048841 -0.269011
32 37.520000 0.000000 0.000000 0.323696 -0.296385 0.016447
33 -22.522982 -9.259958 -10.329565 0.605482 0.860215 -2.674224
34 -0.350000 0.700000 -8.050000 1.608799 0.064682 0.035815
35 18.480000 12.180000 26.880001 1.597046 -0.151922 1.554008
36 37.730000 0.000000 -0.000000 -1.049474 -1.251702 1.171436
37 32.059998 0.000000 -0.000000 -0.031546 -0.390554 0.127129
38 16.170000 -9.870001 -18.059999 -1.513102 0.343264 -1.705438
39 16.240000 -12.670000 9.730000 -1.543484 0.343856 -1.798779
40 19.670000 0.000000 -0.000001 0.142975 -0.736059 -0.274344
41 40.950001 -0.000000 0.000000 0.000000 -0.000000 -1.611114
42 34.019997 -1.259999 17.639999 2.405549 -0.197625 1.931892
43 26.389999 0.000000 0.000000 1.815302 -0.864594 -1.727215
44 43.820000 0.000000 0.000000 2.738590 -0.500980 -0.130829
45 20.090000 0.979999 -9.800000 0.025563 0.035562 1.190228
46 15.120002 0.000000 0.000000 0.000000 -0.000000 1.164894
47 20.370001 -1.119999 0.560000 -0.000000 0.000000 1.154326
48 19.530001 0.000000 0.000000 0.000000 -0.000000 1.226322
49 20.720003 1.400001 12.180000 0.000000 -0.000000 1.015011
50 18.130001 -0.000001 0.000000 0.000000 -0.000000 1.024049
51 7.420000 7.070000 9.589999 2.701925 -0.250879 1.514997
52 10.710000 -0.000001 0.000000 0.000953 -0.289626 -0.057186
53 -10.646833 2.385466 24.125872 0.261201 -1.477722 2.780904
54 -0.350000 0.700000 8.050000 -1.485112 -0.320094 0.085279
55 18.410002 12.180000 -26.880001 -1.616542 0.274886 1.506117
56 37.730000 0.000000 0.000000 -0.342261 -0.771275 0.678369
57 32.059998 0.000000 0.000000 -0.009516 -0.545739 0.430620
58 16.100000 -9.870001 18.059999 1.352193 -0.108171 -0.883528
59 16.170000 -12.670000 -9.730000 1.362085 -0.129611 -0.997300
60 19.670000 0.000000 -0.000001 0.627405 -0.024616 -0.191069
61 40.950001 -0.000000 0.000000 0.000000 -0.000000 -0.155234
62 34.019997 -1.259998 -17.640001 -2.255692 0.725505 0.194662
63 26.389999 0.000000 0.000000 0.911554 1.165081 1.122911
64 43.820000 -0.000000 -0.000000 -1.137144 0.875906 0.235295
65 20.090000 0.979999 9.800000 -0.000871 -0.042746 0.599566
66 15.120001 0.000000 0.000000 0.000000 -0.000000 0.572022
67 20.370001 -1.119999 -0.560000 -0.000000 0.000000 0.563730
68 19.530001 0.000000 0.000000 0.000000 -0.000000 0.633311
69 20.720001 1.400000 -12.180001 0.000000 -0.000000 0.424896
70 18.130003 0.000000 0.000000 0.000000 -0.000000 0.432591
71 7.420000 7.070001 -9.589999 2.537432 0.471804 1.143027
72 10.710000 0.000000 0.000000 0.000201 0.000410 0.656480
73 -1.260000 1.470000 0.000000 -0.009090 0.142637 -0.216310
time 6
0 0.000000 0.000000 0.000000 1.570796 -0.000000 0.000000
1 -30.209848 120.262230 -70.472061 -0.057840 -1.225164 -1.524084
2 61.774323 22.376465 50.701172 0.394118 -0.086401 1.802502
3 0.000000 0.000000 49.770000 -0.000000 -1.570796 0.000000
4 49.840000 -0.000000 0.000000 0.000000 -0.000000 0.000000
5 49.840000 -0.000000 0.000000 0.000000 -0.000000 0.000000
6 49.840000 0.000000 0.000000 0.000000 -0.000000 0.000000
7 49.840000 0.000000 0.000000 0.000000 -0.000000 0.000000
8 49.840000 0.000000 0.000000 0.000000 -0.000000 0.000000
9 49.770000 -0.000000 0.000000 0.000000 -0.000000 0.000000
10 -98.670731 29.916046 12.664307 -3.084088 0.989087 -2.348810
11 -0.000000 0.000000 49.840000 -0.000000 -1.570796 0.000000
12 49.980000 -0.000000 0.000000 0.000000 -0.000000 0.000000
13 49.770000 0.000000 0.000000 0.000000 -0.000000 0.000000
14 49.980000 0.000000 0.000000 0.000000 -0.000000 -0.000000
15 49.349998 -0.000000 -0.000000 0.000000 -0.000000 0.000000
16 50.049995 -0.000000 -0.000000 0.000000 -0.000000 0.000000
17 50.259998 0.000000 0.000000 0.000000 -0.000000 0.000000
18 533.113647 22.205816 -1521.822632 -0.344187 -0.015386 1.515677
19 102.799316 -8.190000 -35.769997 1.570796 -0.295109 -1.570796
20 93.183472 14.345162 54.526463 1.570796 0.082036 -1.570796
21 39.983604 12.996223 101.671532 1.570797 -0.154157 -1.570797
22 -40.347225 13.847921 101.332306 1.570797 -0.154157 -1.570797
23 -92.522110 12.627117 55.209766 1.570796 0.082036 -1.570796
24 -102.745621 -9.266218 -35.340485 1.570796 -0.295109 -1.570796
25 0.000000 0.000000 0.000000 -1.570796 -1.570796 0.000000
26 1.960000 22.259998 0.000000 -3.134341 -0.212935 2.493013
27 13.860002 -25.129999 0.000000 3.081932 -0.165871 -2.824925
28 13.650000 -2.520000 23.590000 -1.499707 -0.747835 2.944238
29 13.650001 -2.520000 -23.590000 1.326109 0.433721 2.682383
30 17.360001 3.710000 -0.000000 0.069208 -0.037098 0.107676
31 35.559998 0.000000 0.000000 0.934217 0.067282 -0.194132
32 37.520000 0.000000 0.000000 0.320556 -0.286469 -0.030064
33 -22.373249 -10.094514 -10.029345 0.619320 0.850118 -2.610038
34 -0.350000 0.700000 -8.050000 1.608063 -0.005789 0.048428
35 18.480000 12.180000 26.880001 1.589477 -0.168306 1.564228
36 37.730000 0.000000 -0.000000 -0.828454 -1.106379 0.985566
37 32.059998 0.000000 -0.000000 -0.225425 -0.741878 0.417742
38 16.170000 -9.870001 -18.059999 -1.469475 0.343145 -1.582854
39 16.240000 -12.670000 9.730000 -1.499866 0.334192 -1.708425
40 19.670000 0.000000 -0.000001 0.127528 -0.655390 -0.311434
41 40.950001 -0.000000 0.000000 0.000000 -0.000000 -1.675856
42 34.019997 -1.259999 17.639999 2.406774 -0.262770 2.007463
43 26.389999 0.000000 0.000000 1.943959 -1.093765 -1.956069
44 43.820000 0.000000 0.000000 2.787973 -0.611343 -0.216981
45 20.090000 0.979999 -9.800000 0.032731 0.029487 1.423756
46 15.120002 0.000000 -0.000000 0.000000 -0.000000 1.396098
47 20.370001 -1.119999 0.560000 0.000000 -0.000000 1.387600
48 19.530001 0.000000 0.000000 0.000000 -0.000000 1.457289
49 20.720003 1.400001 12.180000 -0.000000 0.000000 1.248269
50 18.130001 -0.000001 0.000000 0.000000 -0.000000 1.255774
51 7.420000 7.070000 9.589999 2.696224 -0.234475 1.431724
52 10.710000 -0.000001 0.000000 -0.003592 -0.300061 -0.003355
53 -10.216833 1.546158 24.390341 -0.342872 -1.516222 -2.863137
54 -0.350000 0.700000 8.050000 -1.460754 -0.339291 0.092996
55 18.410002 12.180000 -26.880001 -1.630548 0.187667 1.506078
56 37.730000 0.000000 0.000000 -0.194002 -0.504366 0.511244
57 32.059998 0.000000 0.000000 -0.239958 -0.732754 0.692945
58 16.100000 -9.870001 18.059999 1.407610 -0.305814 -0.917905
59 16.170000 -12.670000 -9.730000 1.424000 -0.312903 -0.977405
60 19.670000 0.000000 -0.000001 0.594618 0.140236 -0.215735
61 40.950001 -0.000000 0.000000 0.000000 -0.000000 -0.071755
62 34.019997 -1.259998 -17.640001 -2.191315 0.742795 0.534536
63 26.389999 0.000000 -0.000000 0.485541 1.149685 0.513519
64 43.820000 -0.000000 -0.000000 -1.195968 0.918472 0.406661
65 20.090000 0.979999 9.800000 -0.003304 -0.042887 0.663540
66 15.120001 0.000000 0.000000 0.000000 -0.000000 0.634654
67 20.370001 -1.119999 -0.560000 0.000000 -0.000000 0.627421
68 19.530001 0.000000 0.000000 0.000000 -0.000000 0.696553
69 20.720001 1.400000 -12.180001 0.000000 -0.000000 0.488858
70 18.130003 0.000000 0.000000 0.000000 -0.000000 0.492833
71 7.420000 7.070001 -9.589999 2.517357 0.445866 1.099918
72 10.710000 0.000000 0.000000 -0.000016 -0.000033 0.706139
73 -1.260000 1.470000 -0.000000 0.008876 0.087858 -0.201402
time 7
0 0.000000 0.000000 0.000000 1.570796 -0.000000 0.000000
1 -26.441393 124.579674 -62.539791 0.235769 -1.265302 -1.874683
2 61.208412 14.523621 40.841934 0.340669 0.006527 1.720282
3 0.000000 0.000000 49.770000 -0.000000 -1.570796 0.000000
4 49.840000 0.000000 0.000000 0.000000 -0.000000 0.000000
5 49.840000 0.000000 0.000000 0.000000 -0.000000 0.000000
6 49.840000 0.000000 0.000000 0.000000 -0.000000 0.000000
7 49.840000 0.000000 0.000000 0.000000 -0.000000 0.000000
8 49.840000 0.000000 0.000000 0.000000 -0.000000 0.000000
9 49.770000 0.000000 0.000000 0.000000 -0.000000 0.000000
10 -90.530464 32.835449 14.223267 3.049188 0.917512 -2.350651
11 -0.000000 0.000000 49.840000 -0.000000 -1.570796 0.000000
12 49.980000 -0.000000 0.000000 0.000000 -0.000000 0.000000
13 49.770000 0.000000 0.000000 0.000000 -0.000000 0.000000
14 49.980000 0.000000 0.000000 0.000000 -0.000000 -0.000000
15 49.349998 0.000000 0.000000 0.000000 -0.000000 0.000000
16 50.049995 -0.000000 -0.000000 0.000000 -0.000000 0.000000
17 50.259998 0.000000 0.000000 0.000000 -0.000000 0.000000
18 423.381226 116.002457 -1488.948120 -0.294955 -0.058285 1.604161
19 92.030991 -8.189999 -35.769993 1.570796 -0.295109 -1.570796
20 84.764832 11.821907 48.525391 1.570796 0.082036 -1.570796
21 35.809330 8.772998 91.888901 1.570797 -0.154157 -1.570797
22 -36.338718 10.012979 91.395042 1.570797 -0.154157 -1.570797
23 -83.801987 9.320631 49.520210 1.570796 0.082036 -1.570796
24 -91.952835 -9.756849 -35.144680 1.570796 -0.295109 -1.570796
25 0.000000 0.000000 0.000000 -1.570796 -1.570796 0.000000
26 1.960000 22.259998 0.000000 3.133554 -0.201413 2.662036
27 13.860002 -25.129999 0.000000 3.077165 -0.143513 -2.775952
28 13.650000 -2.520000 23.590000 -1.589746 -0.697179 3.109904
29 13.650001 -2.520000 -23.590000 1.352902 0.459348 2.810322
30 17.360001 3.710000 -0.000000 0.043084 -0.015664 0.132365
31 35.559998 0.000000 0.000000 0.806180 0.046749 -0.077816
32 37.520000 0.000000 0.000000 0.317437 -0.265642 -0.072508
33 -21.772974 -10.919270 -10.475799 0.642392 0.845378 -2.537995
34 -0.350000 0.700000 -8.050000 1.573612 -0.049593 -0.022530
35 18.480000 12.180000 26.880001 1.591622 -0.245416 1.550511
36 37.730000 0.000000 -0.000000 -0.424091 -0.889658 0.578149
37 32.059998 0.000000 -0.000000 -0.500017 -0.847372 0.793466
38 16.170000 -9.870001 -18.059999 -1.442735 0.278413 -1.464005
39 16.240000 -12.670000 9.730000 -1.464381 0.287704 -1.607642
40 19.670000 0.000000 -0.000001 0.036168 -0.601192 -0.378873
41 40.950001 -0.000000 0.000000 0.000000 -0.000000 -1.641435
42 34.019997 -1.259999 17.639999 2.545317 -0.365376 1.706435
43 26.389999 0.000000 0.000000 2.023294 -1.332309 -2.131670
44 43.820000 0.000000 0.000000 2.665886 -0.633756 -0.239331
45 20.090000 0.979999 -9.800000 0.036428 0.023379 1.597070
46 15.120002 0.000000 0.000000 0.000000 -0.000000 1.564512
47 20.370001 -1.119999 0.560000 -0.000000 0.000000 1.560880
48 19.530001 0.000000 0.000000 0.000000 -0.000000 1.625659
49 20.720003 1.400001 12.180000 -0.000000 0.000000 1.421559
50 18.130001 -0.000001 0.000000 0.000000 -0.000000 1.418294
51 7.420000 7.070000 9.589999 2.834141 -0.273063 1.352294
52 10.710000 -0.000001 0.000000 -0.018531 -0.265197 0.123420
53 -10.514050 0.737226 24.309986 -0.622811 -1.523137 -2.547542
54 -0.350000 0.700000 8.050000 -1.439308 -0.296387 0.138251
55 18.410002 12.180000 -26.880001 -1.638155 0.137999 1.518534
56 37.730000 0.000000 0.000000 -0.057108 -0.171763 0.318705
57 32.059998 0.000000 0.000000 -0.529986 -0.732285 1.085448
58 16.100000 -9.870001 18.059999 1.470142 -0.479021 -1.000063
59 16.170000 -12.670000 -9.730000 1.473590 -0.445216 -1.002262
60 19.670000 0.000000 -0.000001 0.478799 0.295725 -0.108455
61 40.950001 -0.000000 0.000000 0.000000 -0.000000 -0.029819
62 34.019997 -1.259998 -17.640001 -2.197659 0.656049 0.809676
63 26.389999 0.000000 0.000000 0.040148 0.908066 0.006698
64 43.820000 -0.000000 -0.000000 -1.291088 0.865767 0.465912
65 20.090000 0.979999 9.800000 -0.005836 -0.042814 0.726044
66 15.120001 0.000000 0.000000 0.000000 -0.000000 0.696172
67 20.370001 -1.119999 -0.560000 0.000000 0.000000 0.689900
68 19.530001 0.000000 0.000000 0.000000 -0.000000 0.758172
69 20.720001 1.400000 -12.180001 -0.000000 0.000000 0.551273
70 18.130003 0.000000 0.000000 0.000000 -0.000000 0.550029
71 7.420000 7.070001 -9.589999 2.505784 0.433534 1.071418
72 10.710000 0.000000 0.000000 -0.000595 -0.001219 0.743317
73 -1.260000 1.470000 0.000000 0.075438 0.048516 -0.172768
time 8
0 0.000000 0.000000 0.000000 1.570796 -0.000000 0.000000
1 -22.604179 130.218719 -54.665134 0.518653 -1.303135 -2.213837
2 58.523506 4.198853 27.295700 0.277620 0.115440 1.609043
3 0.000000 0.000000 49.770000 -0.000000 -1.570796 0.000000
4 49.840000 0.000000 0.000000 0.000000 -0.000000 0.000000
5 49.840000 0.000000 0.000000 0.000000 -0.000000 0.000000
6 49.840000 0.000000 0.000000 0.000000 -0.000000 0.000000
7 49.840000 0.000000 0.000000 0.000000 -0.000000 0.000000
8 49.840000 0.000000 0.000000 0.000000 -0.000000 0.000000
9 49.770000 0.000000 0.000000 0.000000 -0.000000 0.000000
10 -81.828011 36.778381 15.298157 2.863380 0.878213 -2.439870
11 -0.000000 0.000000 49.840000 -0.000000 -1.570796 0.000000
12 49.980000 -0.000000 0.000000 0.000000 -0.000000 0.000000
13 49.770000 0.000000 0.000000 0.000000 -0.000000 0.000000
14 49.980000 0.000000 0.000000 0.000000 -0.000000 -0.000000
15 49.349998 0.000000 0.000000 0.000000 -0.000000 0.000000
16 50.049995 -0.000000 -0.000000 0.000000 -0.000000 0.000000
17 50.259998 0.000000 0.000000 0.000000 -0.000000 0.000000
18 308.011841 212.014694 -1511.549561 -0.230639 -0.112706 1.700777
19 66.647774 -8.190000 -35.769993 1.570796 -0.295109 -1.570796
20 64.920341 5.874065 34.379589 1.570796 0.082036 -1.570796
21 25.969690 -1.182030 68.829208 1.570797 -0.154157 -1.570797
22 -26.889837 0.973202 67.970825 1.570797 -0.154157 -1.570797
23 -63.246788 1.526548 36.108719 1.570796 0.082036 -1.570796
24 -66.511902 -10.913374 -34.683117 1.570796 -0.295109 -1.570796
25 0.000000 0.000000 0.000000 -1.570796 -1.570796 0.000000
26 1.960000 22.259998 0.000000 3.120557 -0.175158 2.840093
27 13.860002 -25.129999 0.000000 3.081092 -0.064905 -2.711798
28 13.650000 -2.520000 23.590000 -1.662328 -0.622167 -3.029917
29 13.650001 -2.520000 -23.590000 1.389302 0.478132 2.927299
30 17.360001 3.710000 -0.000000 0.019314 0.004348 0.150492
31 35.559998 0.000000 0.000000 0.617261 0.026232 0.054008
32 37.520000 0.000000 0.000000 0.314045 -0.239419 -0.110506
33 -21.069252 -11.579592 -11.099492 0.671680 0.843399 -2.463557
34 -0.350000 0.700000 -8.050000 1.531526 -0.084787 -0.113178
35 18.480000 12.180000 26.880001 1.598830 -0.348327 1.525390
36 37.730000 0.000000 -0.000000 -0.211582 -0.660654 0.288583
37 32.059998 0.000000 -0.000000 -0.693269 -0.845591 1.061930
38 16.170000 -9.870001 -18.059999 -1.416155 0.199291 -1.358996
39 16.240000 -12.670000 9.730000 -1.434930 0.230520 -1.508609
40 19.670000 0.000000 -0.000001 -0.066408 -0.547975 -0.455227
41 40.950001 -0.000000 0.000000 0.000000 -0.000000 -1.576949
42 34.019997 -1.259999 17.639999 2.740119 -0.478419 1.279977
43 26.389999 0.000000 0.000000 -1.217663 -1.488688 1.108038
44 43.820000 0.000000 0.000000 2.490947 -0.626574 -0.246560
45 20.090000 0.979999 -9.800000 0.038766 0.017348 1.744640
46 15.120002 0.000000 0.000000 0.000000 -0.000000 1.707494
47 20.370001 -1.119999 0.560000 0.000000 -0.000000 1.708552
48 19.530001 0.000000 0.000000 0.000000 -0.000000 1.768653
49 20.720003 1.400001 12.180000 -0.000000 0.000000 1.569241
50 18.130001 -0.000001 0.000000 0.000000 -0.000000 1.553436
51 7.420000 7.070000 9.589999 3.025530 -0.329229 1.272583
52 10.710000 -0.000001 0.000000 -0.033308 -0.212852 0.277389
53 -11.118761 -0.058331 24.085533 -0.621331 -1.505953 -2.506302
54 -0.350000 0.700000 8.050000 -1.420540 -0.211030 0.209230
55 18.410002 12.180000 -26.880001 -1.642469 0.108594 1.540627
56 37.730000 0.000000 0.000000 -0.006085 0.193660 0.105483
57 32.059998 0.000000 0.000000 -0.508703 -0.518411 1.192979
58 16.100000 -9.870001 18.059999 1.525925 -0.637548 -1.070802
59 16.170000 -12.670000 -9.730000 1.508642 -0.559767 -1.017606
60 19.670000 0.000000 -0.000001 0.337708 0.458513 0.026056
61 40.950001 -0.000000 0.000000 0.000000 -0.000000 -0.014147
62 34.019997 -1.259998 -17.640001 -2.208062 0.528405 1.087772
63 26.389999 0.000000 0.000000 -0.056783 0.687976 -0.047361
64 43.820000 -0.000000 -0.000000 -1.404139 0.777952 0.489877
65 20.090000 0.979999 9.800000 -0.008415 -0.042600 0.784096
66 15.120001 0.000000 0.000000 0.000000 -0.000000 0.755770
67 20.370001 -1.119999 -0.560000 0.000000 0.000000 0.748275
68 19.530001 0.000000 0.000000 0.000000 -0.000000 0.817199
69 20.720001 1.400000 -12.180001 0.000000 0.000000 0.609084
70 18.130003 0.000000 0.000000 0.000000 -0.000000 0.601213
71 7.420000 7.070001 -9.589999 2.497262 0.428692 1.046528
72 10.710000 0.000000 0.000000 -0.001372 -0.002805 0.778178
73 -1.260000 1.470000 0.000000 0.162227 0.011645 -0.135410
time 9
0 0.000000 0.000000 0.000000 1.570796 -0.000000 0.000000
1 -18.788837 136.532242 -46.904953 0.764901 -1.315857 -2.504508
2 52.538948 -8.837280 13.512100 0.200822 0.236216 1.470435
3 0.000000 0.000000 49.770000 -0.000000 -1.570796 0.000000
4 49.840000 0.000000 0.000000 0.000000 -0.000000 0.000000
5 49.840000 0.000000 0.000000 0.000000 -0.000000 0.000000
6 49.840000 0.000000 0.000000 0.000000 -0.000000 0.000000
7 49.840000 0.000000 0.000000 0.000000 -0.000000 0.000000
8 49.840000 0.000000 0.000000 0.000000 -0.000000 0.000000
9 49.770000 0.000000 0.000000 0.000000 -0.000000 0.000000
10 -71.592690 40.439911 14.614563 2.677738 0.857854 -2.558080
11 -0.000000 0.000000 49.840000 -0.000000 -1.570796 0.000000
12 49.980000 -0.000000 0.000000 0.000000 -0.000000 0.000000
13 49.770000 0.000000 0.000000 0.000000 -0.000000 0.000000
14 49.980000 0.000000 0.000000 0.000000 -0.000000 -0.000000
15 49.349998 0.000000 0.000000 0.000000 -0.000000 0.000000
16 50.049995 -0.000000 -0.000000 0.000000 -0.000000 0.000000
17 50.259998 0.000000 0.000000 0.000000 -0.000000 0.000000
18 185.079178 298.503357 -1529.945679 -0.171370 -0.161694 1.788915
19 48.316071 -8.190000 -35.769997 1.570796 -0.295109 -1.570796
20 50.588684 1.578552 24.163532 1.570796 0.082036 -1.570796
21 18.863525 -8.371529 52.175552 1.570797 -0.154157 -1.570797
22 -20.065874 -5.555300 51.053909 1.570797 -0.154157 -1.570797
23 -48.401875 -4.102324 26.422974 1.570796 0.082036 -1.570796
24 -48.138527 -11.748615 -34.349781 1.570796 -0.295109 -1.570796
25 0.000000 0.000000 0.000000 -1.570796 -1.570796 0.000000
26 1.960000 22.259998 0.000000 3.109063 -0.138979 3.028512
27 13.860002 -25.129999 0.000000 3.091226 0.042534 -2.639874
28 13.650000 -2.520000 23.590000 -1.720401 -0.550214 -2.906136
29 13.650001 -2.520000 -23.590000 1.439662 0.490456 3.040816
30 17.360001 3.710000 -0.000000 -0.001342 0.022174 0.161944
31 35.559998 0.000000 0.000000 0.409689 0.041751 0.189604
32 37.520000 0.000000 0.000000 0.310160 -0.212648 -0.143100
33 -20.251036 -12.156778 -11.876508 0.705019 0.842084 -2.391880
34 -0.350000 0.700000 -8.050000 1.492169 -0.111873 -0.198476
35 18.480000 12.180000 26.880001 1.606024 -0.440085 1.501970
36 37.730000 0.000000 -0.000000 -0.099369 -0.447288 0.061967
37 32.059998 0.000000 -0.000000 -0.659607 -0.750929 1.054059
38 16.170000 -9.870001 -18.059999 -1.398542 0.125366 -1.275550
39 16.240000 -12.670000 9.730000 -1.416206 0.174391 -1.432975
40 19.670000 0.000000 -0.000001 -0.136599 -0.478565 -0.531736
41 40.950001 -0.000000 0.000000 0.000000 -0.000000 -1.503617
42 34.019997 -1.259999 17.639999 2.982883 -0.598847 0.745873
43 26.389999 0.000000 0.000000 -1.007224 -1.173280 0.922794
44 43.820000 0.000000 0.000000 2.250644 -0.588162 -0.237380
45 20.090000 0.979999 -9.800000 0.040704 0.011950 1.875652
46 15.120002 0.000000 0.000000 0.000000 -0.000000 1.836847
47 20.370001 -1.119999 0.560000 -0.000000 0.000000 1.839862
48 19.530001 0.000000 0.000000 0.000000 -0.000000 1.898087
49 20.720003 1.400001 12.180000 -0.000000 0.000000 1.700563
50 18.130001 -0.000001 0.000000 0.000000 -0.000000 1.678083
51 7.420000 7.070000 9.589999 -3.051539 -0.368795 1.190726
52 10.710000 -0.000001 0.000000 -0.038194 -0.158870 0.430855
53 -11.855383 -0.735430 23.679216 -0.502127 -1.474899 -2.578657
54 -0.350000 0.700000 8.050000 -1.405327 -0.126318 0.277793
55 18.410002 12.180000 -26.880001 -1.644447 0.093564 1.564217
56 37.730000 0.000000 0.000000 -0.039884 0.354461 -0.117402
57 32.059998 0.000000 0.000000 -0.334114 -0.218958 1.020901
58 16.100000 -9.870001 18.059999 1.564366 -0.728124 -1.112046
59 16.170000 -12.670000 -9.730000 1.535383 -0.641881 -1.025742
60 19.670000 0.000000 -0.000001 0.179929 0.653367 0.151181
61 40.950001 -0.000000 0.000000 0.000000 -0.000000 -0.027191
62 34.019997 -1.259998 -17.640001 -2.219899 0.409190 1.356262
63 26.389999 0.000000 0.000000 -0.062632 0.555625 0.002993
64 43.820000 -0.000000 -0.000000 -1.534493 0.660161 0.494147
65 20.090000 0.979999 9.800000 -0.011156 -0.042229 0.842789
66 15.120001 0.000000 0.000000 0.000000 -0.000000 0.816667
67 20.370001 -1.119999 -0.560000 0.000000 0.000000 0.807522
68 19.530001 0.000000 0.000000 0.000000 -0.000000 0.877124
69 20.720001 1.400000 -12.180001 -0.000000 0.000000 0.667444
70 18.130003 0.000000 0.000000 0.000000 -0.000000 0.651168
71 7.420000 7.070001 -9.589999 2.491095 0.425738 1.026608
72 10.710000 0.000000 0.000000 -0.002240 -0.004582 0.810393
73 -1.260000 1.470000 0.000000 0.249281 -0.024895 -0.095893
time 10
0 0.000000 0.000000 0.000000 1.570796 -0.000000 0.000000
1 -15.159322 143.425095 -39.468941 1.000096 -1.293364 -2.777795
2 43.963043 -23.275330 2.088196 0.093449 0.376233 1.283858
3 0.000000 0.000000 49.770000 -0.000000 -1.570796 0.000000
4 49.840000 0.000000 0.000000 0.000000 -0.000000 0.000000
5 49.840000 0.000000 0.000000 0.000000 -0.000000 0.000000
6 49.840000 0.000000 0.000000 0.000000 -0.000000 0.000000
7 49.840000 0.000000 0.000000 0.000000 -0.000000 0.000000
8 49.840000 0.000000 0.000000 0.000000 -0.000000 0.000000
9 49.770000 0.000000 0.000000 0.000000 -0.000000 0.000000
10 -57.419525 43.455383 9.536453 2.480661 0.847733 -2.701846
11 -0.000000 0.000000 49.840000 -0.000000 -1.570796 0.000000
12 49.980000 -0.000000 0.000000 0.000000 -0.000000 0.000000
13 49.770000 0.000000 0.000000 0.000000 -0.000000 0.000000
14 49.980000 0.000000 0.000000 0.000000 -0.000000 -0.000000
15 49.349998 0.000000 0.000000 0.000000 -0.000000 0.000000
16 50.049995 -0.000000 -0.000000 0.000000 -0.000000 0.000000
17 50.259998 0.000000 0.000000 0.000000 -0.000000 0.000000
18 43.256882 357.219269 -1535.958740 -0.128161 -0.195854 1.854751
19 36.312820 -8.189999 -35.769993 1.570796 -0.295109 -1.570796
20 41.204597 -1.234070 17.474258 1.570796 0.082036 -1.570796
21 14.210552 -13.079071 41.271065 1.570797 -0.154157 -1.570797
22 -15.597675 -9.830038 39.977043 1.570797 -0.154157 -1.570797
23 -38.681717 -7.787996 20.080936 1.570796 0.082036 -1.570796
24 -36.108002 -12.295514 -34.131516 1.570796 -0.295109 -1.570796
25 0.000000 0.000000 0.000000 -1.570796 -1.570796 0.000000
26 1.960000 22.259998 0.000000 3.102765 -0.099220 -3.107921
27 13.860002 -25.129999 0.000000 3.102408 0.122031 -2.578806
28 13.650000 -2.520000 23.590000 -1.764241 -0.474344 -2.798968
29 13.650001 -2.520000 -23.590000 1.501127 0.498577 -3.129344
30 17.360001 3.710000 -0.000000 -0.018470 0.037361 0.167380
31 35.559998 0.000000 0.000000 0.158259 0.092699 0.331877
32 37.520000 0.000000 0.000000 0.304238 -0.182212 -0.169680
33 -19.385952 -12.662922 -12.748375 0.739684 0.839056 -2.327856
34 -0.350000 0.700000 -8.050000 1.456716 -0.130279 -0.270044
35 18.480000 12.180000 26.880001 1.610761 -0.508544 1.486730
36 37.730000 0.000000 -0.000000 -0.037761 -0.320350 -0.105763
37 32.059998 0.000000 -0.000000 -0.536311 -0.608087 0.932831
38 16.170000 -9.870001 -18.059999 -1.395561 0.070679 -1.238641
39 16.240000 -12.670000 9.730000 -1.415562 0.116256 -1.398280
40 19.670000 0.000000 -0.000001 -0.190258 -0.395586 -0.615717
41 40.950001 -0.000000 0.000000 0.000000 -0.000000 -1.443949
42 34.019997 -1.259999 17.639999 -3.075407 -0.697841 0.254157
43 26.389999 0.000000 0.000000 -0.610509 -0.872911 0.568244
44 43.820000 0.000000 0.000000 1.994591 -0.528729 -0.224987
45 20.090000 0.979999 -9.800000 0.042052 0.006744 1.996500
46 15.120002 0.000000 0.000000 0.000000 -0.000000 1.956562
47 20.370001 -1.119999 0.560000 -0.000000 0.000000 1.961403
48 19.530001 0.000000 0.000000 0.000000 -0.000000 2.018073
49 20.720003 1.400001 12.180000 -0.000000 0.000000 1.822155
50 18.130001 -0.000001 0.000000 0.000000 -0.000000 1.792379
51 7.420000 7.070000 9.589999 -2.818379 -0.383113 1.099598
52 10.710000 -0.000001 0.000000 -0.027174 -0.096038 0.597403
53 -12.652538 -1.376708 23.209099 -0.333874 -1.437743 -2.705269
54 -0.350000 0.700000 8.050000 -1.392681 -0.065738 0.333617
55 18.410002 12.180000 -26.880001 -1.645405 0.085198 1.580912
56 37.730000 0.000000 0.000000 -0.070793 0.383350 -0.263224
57 32.059998 0.000000 0.000000 -0.198158 -0.001864 0.734579
58 16.100000 -9.870001 18.059999 1.578911 -0.726267 -1.109102
59 16.170000 -12.670000 -9.730000 1.548340 -0.657216 -1.012952
60 19.670000 0.000000 -0.000001 -0.013866 0.874372 0.256247
61 40.950001 -0.000000 0.000000 0.000000 -0.000000 -0.068827
62 34.019997 -1.259998 -17.640001 -2.233761 0.293056 1.626678
63 26.389999 0.000000 0.000000 -0.026748 0.552851 0.086775
64 43.820000 -0.000000 -0.000000 -1.675174 0.522473 0.481904
65 20.090000 0.979999 9.800000 -0.014180 -0.041585 0.909508
66 15.120001 0.000000 0.000000 0.000000 -0.000000 0.882226
67 20.370001 -1.119999 -0.560000 0.000000 -0.000000 0.874808
68 19.530001 0.000000 0.000000 0.000000 -0.000000 0.941750
69 20.720001 1.400000 -12.180001 -0.000000 -0.000000 0.733876
70 18.130003 0.000000 0.000000 0.000000 -0.000000 0.707376
71 7.420000 7.070001 -9.589999 2.486314 0.418757 1.012429
72 10.710000 0.000000 0.000000 -0.003089 -0.006316 0.839955
73 -1.260000 1.470000 0.000000 0.315419 -0.064859 -0.061389
time 11
0 0.000000 0.000000 0.000000 1.570796 -0.000000 0.000000
1 -11.881223 150.801285 -32.568867 1.209701 -1.253366 -3.018279
2 34.180916 -36.956116 -3.425873 -0.043152 0.535577 1.041653
3 0.000000 0.000000 49.770000 -0.000000 -1.570796 0.000000
4 49.840000 0.000000 0.000000 0.000000 -0.000000 0.000000
5 49.840000 0.000000 0.000000 0.000000 -0.000000 0.000000
6 49.840000 0.000000 0.000000 0.000000 -0.000000 0.000000
7 49.840000 0.000000 0.000000 0.000000 -0.000000 0.000000
8 49.840000 0.000000 0.000000 0.000000 -0.000000 0.000000
9 49.770000 0.000000 0.000000 0.000000 -0.000000 0.000000
10 -43.318695 45.705902 2.963638 2.276610 0.848523 -2.851863
11 -0.000000 0.000000 49.840000 -0.000000 -1.570796 0.000000
12 49.980000 -0.000000 0.000000 0.000000 -0.000000 0.000000
13 49.770000 0.000000 0.000000 0.000000 -0.000000 0.000000
14 49.980000 0.000000 0.000000 0.000000 -0.000000 -0.000000
15 49.349998 0.000000 0.000000 0.000000 -0.000000 0.000000
16 50.049995 -0.000000 -0.000000 0.000000 -0.000000 0.000000
17 50.259998 0.000000 0.000000 0.000000 -0.000000 0.000000
18 -60.308590 386.553162 -1536.547241 -0.097381 -0.219643 1.902231
19 29.907623 -8.189999 -35.769993 1.570796 -0.295109 -1.570796
20 36.197044 -2.734951 13.904709 1.570796 0.082036 -1.570796
21 11.727612 -15.591125 35.452194 1.570797 -0.154157 -1.570797
22 -13.213345 -12.111135 34.066185 1.570797 -0.154157 -1.570797
23 -33.494827 -9.754761 16.696678 1.570796 0.082036 -1.570796
24 -29.688248 -12.587351 -34.015045 1.570796 -0.295109 -1.570796
25 0.000000 0.000000 0.000000 -1.570796 -1.570796 0.000000
26 1.960000 22.259998 0.000000 3.104683 -0.059621 -3.048442
27 13.860002 -25.129999 0.000000 3.113161 0.154905 -2.531967
28 13.650000 -2.520000 23.590000 -1.792803 -0.397124 -2.712629
29 13.650001 -2.520000 -23.590000 1.562090 0.503582 -3.027630
30 17.360001 3.710000 -0.000000 -0.031324 0.049180 0.166864
31 35.559998 0.000000 0.000000 -0.018856 0.136046 0.414966
32 37.520000 0.000000 0.000000 0.296256 -0.142120 -0.183472
33 -18.603851 -13.067520 -13.575851 0.788116 0.837541 -2.270825
34 -0.350000 0.700000 -8.050000 1.422853 -0.135764 -0.335496
35 18.480000 12.180000 26.880001 1.615383 -0.569880 1.473792
36 37.730000 0.000000 -0.000000 -0.018486 -0.255006 -0.222794
37 32.059998 0.000000 -0.000000 -0.409677 -0.475315 0.786196
38 16.170000 -9.870001 -18.059999 -1.408499 0.032445 -1.239928
39 16.240000 -12.670000 9.730000 -1.426053 0.060522 -1.378951
40 19.670000 0.000000 -0.000001 -0.225437 -0.317296 -0.685180
41 40.950001 -0.000000 0.000000 0.000000 -0.000000 -1.401747
42 34.019997 -1.259999 17.639999 -2.914084 -0.769988 -0.101578
43 26.389999 0.000000 0.000000 -0.412064 -0.627210 0.420489
44 43.820000 0.000000 0.000000 1.832173 -0.467068 -0.241171
45 20.090000 0.979999 -9.800000 0.042678 0.002590 2.086819
46 15.120002 0.000000 0.000000 0.000000 -0.000000 2.050988
47 20.370001 -1.119999 0.560000 -0.000000 0.000000 2.052506
48 19.530001 0.000000 0.000000 0.000000 -0.000000 2.112769
49 20.720003 1.400001 12.180000 0.000000 0.000000 1.913289
50 18.130001 -0.000001 0.000000 0.000000 -0.000000 1.896052
51 7.420000 7.070000 9.589999 -2.588141 -0.379689 1.016175
52 10.710000 -0.000001 0.000000 -0.009474 -0.032335 0.759923
53 -13.435187 -1.951489 22.738983 -0.170368 -1.401532 -2.841927
54 -0.350000 0.700000 8.050000 -1.383696 -0.014937 0.384213
55 18.410002 12.180000 -26.880001 -1.646490 0.076684 1.581866
56 37.730000 0.000000 0.000000 -0.071671 0.297905 -0.305396
57 32.059998 0.000000 0.000000 -0.137723 0.104175 0.449129
58 16.100000 -9.870001 18.059999 1.583022 -0.677060 -1.091384
59 16.170000 -12.670000 -9.730000 1.548347 -0.606887 -0.986708
60 19.670000 0.000000 -0.000001 -0.251289 1.061216 0.242948
61 40.950001 -0.000000 0.000000 0.000000 -0.000000 -0.127517
62 34.019997 -1.259998 -17.640001 -2.248453 0.196111 1.880544
63 26.389999 0.000000 0.000000 0.034935 0.597154 0.186349
64 43.820000 -0.000000 -0.000000 -1.824375 0.392987 0.461079
65 20.090000 0.979999 9.800000 -0.017721 -0.040529 0.994358
66 15.120001 0.000000 0.000000 0.000000 -0.000000 0.958635
67 20.370001 -1.119999 -0.560000 0.000000 -0.000000 0.959985
68 19.530001 0.000000 0.000000 0.000000 -0.000000 1.017916
69 20.720001 1.400000 -12.180001 0.000000 0.000000 0.818674
70 18.130003 0.000000 0.000000 0.000000 -0.000000 0.801320
71 7.420000 7.070001 -9.589999 2.482104 0.401616 1.005314
72 10.710000 0.000000 0.000000 -0.003802 -0.007772 0.866593
73 -1.260000 1.470000 0.000000 0.340667 -0.109381 -0.033036
time 12
0 0.000000 0.000000 0.000000 1.570796 -0.000000 0.000000
1 -9.120871 158.634735 -26.418568 1.345721 -1.218732 3.115262
2 26.704445 -48.487976 -3.866837 -0.123479 0.607524 0.752163
3 0.000000 0.000000 49.770000 -0.000000 -1.570796 0.000000
4 49.840000 0.000000 0.000000 0.000000 -0.000000 0.000000
5 49.840000 0.000000 0.000000 0.000000 -0.000000 0.000000
6 49.840000 0.000000 0.000000 0.000000 -0.000000 0.000000
7 49.840000 0.000000 0.000000 0.000000 -0.000000 0.000000
8 49.840000 0.000000 0.000000 0.000000 -0.000000 0.000000
9 49.770000 0.000000 0.000000 0.000000 -0.000000 0.000000
10 -30.964828 49.003265 -4.114731 2.042217 0.913676 -3.012854
11 -0.000000 0.000000 49.840000 -0.000000 -1.570796 0.000000
12 49.980000 -0.000000 0.000000 0.000000 -0.000000 0.000000
13 49.770000 0.000000 0.000000 0.000000 -0.000000 0.000000
14 49.980000 0.000000 0.000000 0.000000 -0.000000 -0.000000
15 49.349998 0.000000 0.000000 0.000000 -0.000000 0.000000
16 50.049995 -0.000000 -0.000000 0.000000 -0.000000 0.000000
17 50.259998 0.000000 0.000000 0.000000 -0.000000 0.000000
18 -99.028053 384.667694 -1544.068359 -0.080183 -0.229490 1.930894
19 28.380249 -8.190000 -35.769997 1.570796 -0.295109 -1.570796
20 35.002945 -3.092848 13.053520 1.570796 0.082036 -1.570796
21 11.135532 -16.190147 34.064629 1.570797 -0.154157 -1.570797
22 -12.644779 -12.655088 32.656677 1.570797 -0.154157 -1.570797
23 -32.257950 -10.223753 15.889671 1.570796 0.082036 -1.570796
24 -28.157379 -12.656942 -33.987270 1.570796 -0.295109 -1.570796
25 0.000000 0.000000 0.000000 -1.570796 -1.570796 0.000000
26 1.960000 22.259998 0.000000 3.112983 -0.015932 -3.047546
27 13.860002 -25.129999 0.000000 3.125326 0.169709 -2.489359
28 13.650000 -2.520000 23.590000 -1.806350 -0.340785 -2.652565
29 13.650001 -2.520000 -23.590000 1.610681 0.506463 -2.947678
30 17.360001 3.710000 -0.000000 -0.038325 0.056242 0.158965
31 35.559998 0.000000 0.000000 -0.124158 0.171451 0.440186
32 37.520000 0.000000 0.000000 0.291746 -0.109563 -0.174163
33 -18.189978 -13.132338 -14.131048 0.854063 0.838498 -2.226284
34 -0.350000 0.700000 -8.050000 1.413574 -0.130051 -0.367749
35 18.480000 12.180000 26.880001 1.619428 -0.594901 1.464933
36 37.730000 0.000000 -0.000000 0.005171 -0.213363 -0.295656
37 32.059998 0.000000 -0.000000 -0.288995 -0.374079 0.592917
38 16.170000 -9.870001 -18.059999 -1.445358 0.014370 -1.213148
39 16.240000 -12.670000 9.730000 -1.445153 0.037663 -1.334602
40 19.670000 0.000000 -0.000001 -0.177123 -0.289642 -0.654885
41 40.950001 -0.000000 0.000000 0.000000 -0.000000 -1.376438
42 34.019997 -1.259999 17.639999 -2.908742 -0.761975 -0.108694
43 26.389999 0.000000 0.000000 -0.291493 -0.312475 0.381508
44 43.820000 0.000000 0.000000 1.817854 -0.409316 -0.273300
45 20.090000 0.979999 -9.800000 0.042999 0.001255 2.118892
46 15.120002 0.000000 0.000000 0.000000 -0.000000 2.103363
47 20.370001 -1.119999 0.560000 -0.000000 -0.000000 2.084855
48 19.530001 0.000000 0.000000 0.000000 -0.000000 2.165034
49 20.720003 1.400001 12.180000 0.000000 0.000000 1.945532
50 18.130001 -0.000001 0.000000 0.000000 -0.000000 1.990622
51 7.420000 7.070000 9.589999 -2.445462 -0.343226 0.976714
52 10.710000 -0.000001 0.000000 0.002135 0.007737 0.870893
53 -14.013577 -2.155812 22.363304 -0.067056 -1.372905 -2.945037
54 -0.350000 0.700000 8.050000 -1.383391 0.015078 0.399698
55 18.410002 12.180000 -26.880001 -1.648729 0.062155 1.555566
56 37.730000 0.000000 0.000000 -0.067848 0.208786 -0.341015
57 32.059998 0.000000 0.000000 -0.098638 0.149508 0.233780
58 16.100000 -9.870001 18.059999 1.586917 -0.585271 -1.097317
59 16.170000 -12.670000 -9.730000 1.556188 -0.528030 -0.998575
60 19.670000 0.000000 -0.000001 -0.408818 1.141081 0.206108
61 40.950001 -0.000000 0.000000 0.000000 -0.000000 -0.214961
62 34.019997 -1.259998 -17.640001 -2.261693 0.162855 2.083824
63 26.389999 0.000000 0.000000 0.084640 0.638789 0.202066
64 43.820000 -0.000000 -0.000000 -1.990749 0.321843 0.429299
65 20.090000 0.979999 9.800000 -0.023867 -0.037103 1.167010
66 15.120001 0.000000 0.000000 0.000000 -0.000000 1.158302
67 20.370001 -1.119999 -0.560000 0.000000 0.000000 1.132213
68 19.530001 0.000000 0.000000 0.000000 -0.000000 1.220042
69 20.720001 1.400000 -12.180001 0.000000 -0.000000 0.992145
70 18.130003 0.000000 0.000000 0.000000 -0.000000 1.023528
71 7.420000 7.070001 -9.589999 2.477190 0.364664 1.009063
72 10.710000 0.000000 0.000000 -0.004270 -0.008731 0.890200
73 -1.260000 1.470000 0.000000 0.301985 -0.120289 -0.004253
time 13
0 0.000000 0.000000 0.000000 1.570796 -0.000000 0.000000
1 -6.978774 167.665253 -21.161495 1.351070 -1.211215 3.126868
2 27.398933 -63.615051 5.131653 0.011351 0.439052 0.187608
3 0.000000 -0.000000 49.770000 -0.000000 -1.570796 0.000000
4 49.840000 0.000000 0.000000 0.000000 -0.000000 0.000000
5 49.840000 0.000000 0.000000 0.000000 -0.000000 0.000000
6 49.840000 0.000000 0.000000 0.000000 -0.000000 0.000000
7 49.840000 0.000000 0.000000 0.000000 -0.000000 0.000000
8 49.840000 0.000000 0.000000 0.000000 -0.000000 0.000000
9 49.770000 0.000000 0.000000 0.000000 -0.000000 0.000000
10 -18.994400 64.354034 -9.208160 1.326870 1.156255 2.615429
11 -0.000000 0.000000 49.840000 -0.000000 -1.570796 0.000000
12 49.980000 -0.000000 0.000000 0.000000 -0.000000 0.000000
13 49.770000 0.000000 0.000000 0.000000 -0.000000 0.000000
14 49.980000 0.000000 0.000000 0.000000 -0.000000 -0.000000
15 49.349998 0.000000 0.000000 0.000000 -0.000000 0.000000
16 50.049995 -0.000000 -0.000000 0.000000 -0.000000 0.000000
17 50.259998 0.000000 0.000000 0.000000 -0.000000 0.000000
18 -57.411835 346.237335 -1565.233398 -0.082375 -0.216207 1.934674
19 30.998840 -8.189999 -35.769993 1.570796 -0.295109 -1.570796
20 37.050156 -2.479250 14.512840 1.570796 0.082036 -1.570796
21 12.150623 -15.163155 36.443535 1.570797 -0.154157 -1.570797
22 -13.619553 -11.722513 35.073189 1.570797 -0.154157 -1.570797
23 -34.378487 -9.419693 17.273243 1.570796 0.082036 -1.570796
24 -30.781944 -12.537632 -34.034889 1.570796 -0.295109 -1.570796
25 0.000000 0.000000 0.000000 -1.570796 -1.570796 0.000000
26 1.960000 22.259998 0.000000 3.124631 0.028393 -3.079667
27 13.860002 -25.129999 0.000000 3.137273 0.172841 -2.453611
28 13.650000 -2.520000 23.590000 -1.806927 -0.310084 -2.613705
29 13.650001 -2.520000 -23.590000 1.637872 0.507756 -2.896806
30 17.360001 3.710000 -0.000000 -0.030060 0.051117 0.128357
31 35.559998 0.000000 0.000000 -0.130424 0.157808 0.376439
32 37.520000 0.000000 0.000000 0.297342 -0.100983 -0.115619
33 -18.499437 -12.314304 -14.384819 0.917675 0.834588 -2.212225
34 -0.350000 0.700000 -8.050000 1.442679 -0.115651 -0.354048
35 18.480000 12.180000 26.880001 1.621940 -0.540464 1.463727
36 37.730000 0.000000 -0.000000 0.027558 -0.197906 -0.340036
37 32.059998 0.000000 -0.000000 -0.157565 -0.284840 0.385234
38 16.170000 -9.870001 -18.059999 -1.519231 0.025127 -1.136240
39 16.240000 -12.670000 9.730000 -1.517166 0.024498 -1.155710
40 19.670000 0.000000 -0.000001 0.036296 -0.417509 -0.301479
41 40.950001 -0.000000 0.000000 0.000000 -0.000000 -1.405638
42 34.019997 -1.259999 17.639999 -3.051574 -0.667790 0.224196
43 26.389999 0.000000 0.000000 -0.175132 0.397052 0.320259
44 43.820000 0.000000 0.000000 2.152092 -0.300623 -0.308765
45 20.090000 0.979999 -9.800000 0.042929 0.003941 2.068878
46 15.120002 0.000000 0.000000 0.000000 -0.000000 2.105751
47 20.370001 -1.119999 0.560000 0.000000 -0.000000 2.034332
48 19.530001 0.000000 0.000000 0.000000 -0.000000 2.166773
49 20.720003 1.400001 12.180000 -0.000000 0.000000 1.894682
50 18.130001 -0.000001 0.000000 0.000000 -0.000000 2.079987
51 7.420000 7.070000 9.589999 -2.425603 -0.262581 1.017615
52 10.710000 -0.000001 0.000000 0.007118 0.020081 0.922516
53 -14.604742 -1.088218 22.099659 -0.013977 -1.351424 -3.052227
54 -0.350000 0.700000 8.050000 -1.393731 0.019995 0.363920
55 18.410002 12.180000 -26.880001 -1.651220 0.048468 1.470752
56 37.730000 0.000000 0.000000 -0.061687 0.134378 -0.383395
57 32.059998 0.000000 0.000000 -0.069831 0.146110 0.091433
58 16.100000 -9.870001 18.059999 1.631626 -0.371605 -1.287025
59 16.170000 -12.670000 -9.730000 1.602782 -0.351205 -1.184902
60 19.670000 0.000000 -0.000001 -0.368454 1.027834 0.204422
61 40.950001 -0.000000 0.000000 0.000000 -0.000000 -0.411458
62 34.019997 -1.259998 -17.640001 -2.274651 0.182999 2.255217
63 26.389999 0.000000 0.000000 0.061365 0.495861 0.087446
64 43.820000 -0.000000 -0.000000 -2.218159 0.287589 0.338989
65 20.090000 0.979999 9.800000 -0.035648 -0.023511 1.573426
66 15.120001 0.000000 0.000000 0.000000 -0.000000 1.610681
67 20.370001 -1.119999 -0.560000 0.000000 0.000000 1.539028
68 19.530001 0.000000 0.000000 0.000000 -0.000000 1.672447
69 20.720001 1.400000 -12.180001 0.000000 0.000000 1.398670
70 18.130003 0.000000 0.000000 0.000000 -0.000000 1.572444
71 7.420000 7.070001 -9.589999 2.470917 0.274564 1.048617
72 10.710000 0.000000 0.000000 -0.004378 -0.008955 0.910540
73 -1.260000 1.470000 0.000000 0.055876 -0.013764 0.043454
time 14
0 0.000000 0.000000 0.000000 1.570796 -0.000000 0.000000
1 -5.303504 177.548233 -16.604979 1.180291 -1.232055 -2.925272
2 28.105000 -79.280884 19.074692 0.297547 0.169462 -0.327294
3 0.000000 0.000000 49.770000 -0.000000 -1.570796 0.000000
4 49.840000 0.000000 0.000000 0.000000 -0.000000 0.000000
5 49.840000 0.000000 0.000000 0.000000 -0.000000 0.000000
6 49.840000 0.000000 0.000000 0.000000 -0.000000 0.000000
7 49.840000 0.000000 0.000000 0.000000 -0.000000 0.000000
8 49.840000 0.000000 0.000000 0.000000 -0.000000 0.000000
9 49.770000 0.000000 0.000000 0.000000 -0.000000 0.000000
10 -4.098603 80.898193 -5.924210 0.158317 1.056674 1.523932
11 -0.000000 0.000000 49.840000 -0.000000 -1.570796 0.000000
12 49.980000 -0.000000 0.000000 0.000000 -0.000000 0.000000
13 49.770000 0.000000 0.000000 0.000000 -0.000000 0.000000
14 49.980000 0.000000 0.000000 0.000000 -0.000000 -0.000000
15 49.349998 0.000000 0.000000 0.000000 -0.000000 0.000000
16 50.049995 -0.000000 -0.000000 0.000000 -0.000000 0.000000
17 50.259998 0.000000 0.000000 0.000000 -0.000000 0.000000
18 28.032227 281.674744 -1590.608032 -0.115751 -0.163829 1.899023
19 37.043213 -8.190000 -35.769997 1.570796 -0.295109 -1.570796
20 41.775620 -1.062923 17.881306 1.570796 0.082036 -1.570796
21 14.493683 -12.792614 41.934608 1.570797 -0.154157 -1.570797
22 -15.869564 -9.569923 40.651070 1.570797 -0.154157 -1.570797
23 -39.273186 -7.563726 20.466850 1.570796 0.082036 -1.570796
24 -36.840065 -12.262236 -34.144798 1.570796 -0.295109 -1.570796
25 0.000000 0.000000 0.000000 -1.570796 -1.570796 0.000000
26 1.960000 22.259998 0.000000 3.136801 0.068112 -3.125072
27 13.860002 -25.129999 0.000000 -3.135969 0.169845 -2.427940
28 13.650000 -2.520000 23.590000 -1.798602 -0.289941 -2.585167
29 13.650001 -2.520000 -23.590000 1.652639 0.505695 -2.862622
30 17.360001 3.710000 -0.000000 -0.011349 0.037918 0.083093
31 35.559998 0.000000 0.000000 -0.028765 0.090796 0.206824
32 37.520000 0.000000 0.000000 0.308565 -0.108284 -0.024903
33 -19.210779 -10.945032 -14.533978 0.977507 0.820805 -2.248398
34 -0.350000 0.700000 -8.050000 1.495101 -0.095042 -0.313803
35 18.480000 12.180000 26.880001 1.622349 -0.370328 1.473696
36 37.730000 0.000000 -0.000000 0.047512 -0.188212 -0.387463
37 32.059998 0.000000 -0.000000 -0.031884 -0.211057 0.194222
38 16.170000 -9.870001 -18.059999 -1.588130 0.050568 -1.088312
39 16.240000 -12.670000 9.730000 -1.576414 0.051660 -1.039931
40 19.670000 0.000000 -0.000001 0.213409 -0.548256 0.060017
41 40.950001 -0.000000 0.000000 0.000000 -0.000000 -1.491453
42 34.019997 -1.259999 17.639999 3.034312 -0.539959 0.680598
43 26.389999 0.000000 0.000000 -0.184617 0.758444 0.304224
44 43.820000 0.000000 0.000000 2.544578 -0.162009 -0.247568
45 20.090000 0.979999 -9.800000 0.042322 0.008245 1.978959
46 15.120002 0.000000 0.000000 0.000000 -0.000000 2.079405
47 20.370001 -1.119999 0.560000 -0.000000 -0.000000 1.943880
48 19.530001 0.000000 0.000000 0.000000 -0.000000 2.139687
49 20.720003 1.400001 12.180000 -0.000000 -0.000000 1.803917
50 18.130001 -0.000001 0.000000 0.000000 -0.000000 2.162880
51 7.420000 7.070000 9.589999 -2.472083 -0.162617 1.107873
52 10.710000 -0.000001 0.000000 0.008914 0.018922 0.941697
53 -15.077918 0.662401 21.777641 0.018438 -1.332890 3.113808
54 -0.350000 0.700000 8.050000 -1.410458 0.010364 0.297708
55 18.410002 12.180000 -26.880001 -1.653318 0.038570 1.352823
56 37.730000 0.000000 0.000000 -0.057201 0.076320 -0.438949
57 32.059998 0.000000 0.000000 -0.049700 0.121904 -0.018156
58 16.100000 -9.870001 18.059999 1.637519 -0.157587 -1.409677
59 16.170000 -12.670000 -9.730000 1.624974 -0.173133 -1.311125
60 19.670000 0.000000 -0.000001 -0.233900 0.826448 0.214579
61 40.950001 -0.000000 0.000000 0.000000 -0.000000 -0.691923
62 34.019997 -1.259998 -17.640001 -2.287429 0.229723 2.408150
63 26.389999 0.000000 0.000000 0.031631 0.350510 -0.018677
64 43.820000 -0.000000 -0.000000 -2.489854 0.243656 0.225585
65 20.090000 0.979999 9.800000 -0.041679 -0.010176 1.931176
66 15.120001 0.000000 0.000000 0.000000 -0.000000 2.035112
67 20.370001 -1.119999 -0.560000 0.000000 -0.000000 1.896127
68 19.530001 0.000000 0.000000 0.000000 -0.000000 2.097587
69 20.720001 1.400000 -12.180001 0.000000 0.000000 1.756081
70 18.130003 0.000000 0.000000 0.000000 -0.000000 2.101027
71 7.420000 7.070001 -9.589999 2.477284 0.163210 1.111613
72 10.710000 0.000000 0.000000 -0.003852 -0.007888 0.924657
73 -1.260000 1.470000 0.000000 -0.173445 0.047461 -0.041865
time 15
0 0.000000 0.000000 0.000000 1.570796 -0.000000 0.000000
1 -3.896629 187.490189 -12.489614 0.952664 -1.259236 -2.626489
2 33.169983 -86.449585 30.590378 0.576196 0.004748 -0.605604
3 0.000000 0.000000 49.770000 -0.000000 -1.570796 0.000000
4 49.840000 0.000000 0.000000 0.000000 -0.000000 0.000000
5 49.840000 0.000000 0.000000 0.000000 -0.000000 0.000000
6 49.840000 0.000000 0.000000 0.000000 -0.000000 0.000000
7 49.840000 0.000000 0.000000 0.000000 -0.000000 0.000000
8 49.840000 0.000000 0.000000 0.000000 -0.000000 0.000000
9 49.770000 0.000000 0.000000 0.000000 -0.000000 0.000000
10 12.585322 90.597107 5.947327 -0.332598 0.753073 1.176797
11 -0.000000 -0.000000 49.840000 -0.000000 -1.570796 0.000000
12 49.980000 -0.000000 0.000000 0.000000 -0.000000 0.000000
13 49.770000 0.000000 0.000000 0.000000 -0.000000 0.000000
14 49.980000 0.000000 0.000000 0.000000 -0.000000 -0.000000
15 49.349998 0.000000 0.000000 0.000000 -0.000000 0.000000
16 50.049995 -0.000000 -0.000000 0.000000 -0.000000 0.000000
17 50.259998 0.000000 0.000000 0.000000 -0.000000 0.000000
18 135.611176 195.465912 -1603.372803 -0.168007 -0.089405 1.839023
19 45.782951 -8.190000 -35.769993 1.570796 -0.295109 -1.570796
20 48.608307 0.984983 22.751858 1.570796 0.082036 -1.570796
21 17.881582 -9.364986 49.874313 1.570797 -0.154157 -1.570797
22 -19.122923 -6.457426 48.716286 1.570797 -0.154157 -1.570797
23 -46.350571 -4.880135 25.084579 1.570796 0.082036 -1.570796
24 -45.599655 -11.864030 -34.303719 1.570796 -0.295109 -1.570796
25 0.000000 0.000000 0.000000 -1.570796 -1.570796 0.000000
26 1.960000 22.259998 0.000000 -3.136524 0.098411 3.119277
27 13.860002 -25.129999 0.000000 -3.129398 0.165272 -2.414629
28 13.650000 -2.520000 23.590000 -1.784383 -0.279065 -2.568790
29 13.650001 -2.520000 -23.590000 1.660057 0.501433 -2.839721
30 17.360001 3.710000 -0.000000 0.006800 0.025704 0.041504
31 35.559998 0.000000 0.000000 0.016913 0.051561 0.019870
32 37.520000 0.000000 0.000000 0.317459 -0.117106 0.058260
33 -19.858030 -9.413575 -14.713118 1.033562 0.803429 -2.309205
34 -0.350000 0.700000 -8.050000 1.552113 -0.069980 -0.262563
35 18.480000 12.180000 26.880001 1.622498 -0.197041 1.486421
36 37.730000 0.000000 -0.000000 0.055183 -0.176908 -0.435512
37 32.059998 0.000000 -0.000000 0.024270 -0.168843 0.074807
38 16.170000 -9.870001 -18.059999 -1.626220 0.087690 -1.125143
39 16.240000 -12.670000 9.730000 -1.614513 0.096150 -1.011373
40 19.670000 0.000000 -0.000001 0.290740 -0.549151 0.104503
41 40.950001 -0.000000 0.000000 0.000000 -0.000000 -1.477618
42 34.019997 -1.259999 17.639999 2.775406 -0.361650 1.289193
43 26.389999 0.000000 0.000000 -0.132174 0.527500 0.335971
44 43.820000 0.000000 0.000000 2.786630 -0.039823 -0.079956
45 20.090000 0.979999 -9.800000 0.040958 0.012701 1.872439
46 15.120002 0.000000 0.000000 0.000000 -0.000000 2.046999
47 20.370001 -1.119999 0.560000 -0.000000 -0.000000 1.837412
48 19.530001 0.000000 0.000000 0.000000 -0.000000 2.106970
49 20.720003 1.400001 12.180000 -0.000000 0.000000 1.697351
50 18.130001 -0.000001 0.000000 0.000000 -0.000000 2.230854
51 7.420000 7.070000 9.589999 -2.519650 -0.055982 1.194266
52 10.710000 -0.000001 0.000000 0.008831 0.017195 0.953055
53 -15.313313 2.297497 21.484989 0.047495 -1.313494 3.003720
54 -0.350000 0.700000 8.050000 -1.430200 -0.007549 0.222281
55 18.410002 12.180000 -26.880001 -1.654909 0.030871 1.248291
56 37.730000 0.000000 0.000000 -0.058603 0.049248 -0.533044
57 32.059998 0.000000 0.000000 -0.033800 0.103807 -0.118568
58 16.100000 -9.870001 18.059999 1.631192 -0.019416 -1.433972
59 16.170000 -12.670000 -9.730000 1.630122 -0.017512 -1.358318
60 19.670000 0.000000 -0.000001 -0.112924 0.627177 0.219246
61 40.950001 -0.000000 0.000000 0.000000 -0.000000 -1.035678
62 34.019997 -1.259998 -17.640001 -2.298350 0.284452 2.542499
63 26.389999 0.000000 0.000000 -0.002920 0.196950 -0.143972
64 43.820000 -0.000000 -0.000000 -2.766707 0.151834 0.319277
65 20.090000 0.979999 9.800000 -0.041869 -0.011358 1.895984
66 15.120001 0.000000 0.000000 0.000000 -0.000000 2.047176
67 20.370001 -1.119999 -0.560000 0.000000 -0.000000 1.861141
68 19.530001 0.000000 0.000000 0.000000 -0.000000 2.109365
69 20.720001 1.400000 -12.180001 -0.000000 0.000000 1.721175
70 18.130003 0.000000 0.000000 0.000000 -0.000000 2.274080
71 7.420000 7.070001 -9.589999 2.513715 0.056823 1.189420
72 10.710000 0.000000 0.000000 -0.002767 -0.005686 0.932134
73 -1.260000 1.470000 0.000000 -0.299362 -0.017675 -0.310485
time 16
0 0.000000 0.000000 0.000000 1.570796 -0.000000 0.000000
1 -2.562016 196.709534 -8.559041 0.807732 -1.272832 -2.436877
2 42.400917 -89.801697 43.027145 0.873445 -0.052585 -0.717049
3 0.000000 0.000000 49.770000 -0.000000 -1.570796 0.000000
4 49.840000 0.000000 0.000000 0.000000 -0.000000 0.000000
5 49.840000 0.000000 0.000000 0.000000 -0.000000 0.000000
6 49.840000 0.000000 0.000000 0.000000 -0.000000 0.000000
7 49.840000 0.000000 0.000000 0.000000 -0.000000 0.000000
8 49.840000 0.000000 0.000000 0.000000 -0.000000 0.000000
9 49.770000 0.000000 0.000000 0.000000 -0.000000 0.000000
10 25.483028 90.877716 24.500610 -0.688916 0.502606 1.008240
11 -0.000000 0.000000 49.840000 -0.000000 -1.570796 0.000000
12 49.980000 -0.000000 0.000000 0.000000 -0.000000 0.000000
13 49.770000 0.000000 0.000000 0.000000 -0.000000 0.000000
14 49.980000 0.000000 0.000000 0.000000 -0.000000 -0.000000
15 49.349998 0.000000 0.000000 0.000000 -0.000000 0.000000
16 50.049995 -0.000000 -0.000000 0.000000 -0.000000 0.000000
17 50.259998 0.000000 0.000000 0.000000 -0.000000 0.000000
18 241.507492 107.772072 -1611.266602 -0.211997 -0.028749 1.788544
19 56.494965 -8.190000 -35.769997 1.570796 -0.295109 -1.570796
20 56.982910 3.495043 28.721546 1.570796 0.082036 -1.570796
21 22.034019 -5.163853 59.605770 1.570797 -0.154157 -1.570797
22 -23.110456 -2.642538 58.601578 1.570797 -0.154157 -1.570797
23 -55.025101 -1.590942 30.744373 1.570796 0.082036 -1.570796
24 -56.336014 -11.375965 -34.498501 1.570796 -0.295109 -1.570796
25 0.000000 0.000000 0.000000 -1.570796 -1.570796 0.000000
26 1.960000 22.259998 0.000000 -3.128766 0.114552 3.081907
27 13.860002 -25.129999 0.000000 -3.125517 0.154409 -2.413615
28 13.650000 -2.520000 23.590000 -1.766712 -0.277882 -2.568355
29 13.650001 -2.520000 -23.590000 1.661919 0.496695 -2.827155
30 17.360001 3.710000 -0.000000 0.023855 0.015715 0.005648
31 35.559998 0.000000 0.000000 0.036618 0.027445 -0.153789
32 37.520000 0.000000 0.000000 0.326229 -0.128697 0.144144
33 -20.424059 -7.938759 -14.882103 1.071449 0.791264 -2.350477
34 -0.350000 0.700000 -8.050000 1.594977 -0.041492 -0.214774
35 18.480000 12.180000 26.880001 1.623623 -0.063994 1.498427
36 37.730000 0.000000 -0.000000 0.057387 -0.165005 -0.483635
37 32.059998 0.000000 -0.000000 0.050256 -0.141569 -0.013317
38 16.170000 -9.870001 -18.059999 -1.645564 0.099204 -1.219969
39 16.240000 -12.670000 9.730000 -1.636578 0.113674 -1.093708
40 19.670000 0.000000 -0.000001 0.308416 -0.518441 0.014090
41 40.950001 -0.000000 0.000000 0.000000 -0.000000 -1.422989
42 34.019997 -1.259999 17.639999 2.573567 -0.228362 1.759633
43 26.389999 0.000000 0.000000 0.026152 0.054325 0.206378
44 43.820000 0.000000 0.000000 2.985856 0.047783 0.171073
45 20.090000 0.979999 -9.800000 0.039096 0.017643 1.747485
46 15.120002 0.000000 0.000000 0.000000 -0.000000 1.996034
47 20.370001 -1.119999 0.560000 -0.000000 0.000000 1.712797
48 19.530001 0.000000 0.000000 0.000000 -0.000000 2.056120
49 20.720003 1.400001 12.180000 0.000000 0.000000 1.572753
50 18.130001 -0.000001 0.000000 0.000000 -0.000000 2.274157
51 7.420000 7.070000 9.589999 -2.568082 0.049235 1.276754
52 10.710000 -0.000001 0.000000 0.006413 0.012489 0.952781
53 -15.381910 4.149644 21.120262 0.069191 -1.292357 2.889091
54 -0.350000 0.700000 8.050000 -1.450036 -0.028377 0.158082
55 18.410002 12.180000 -26.880001 -1.656253 0.022756 1.159470
56 37.730000 0.000000 0.000000 -0.064808 0.047572 -0.647079
57 32.059998 0.000000 0.000000 -0.020394 0.082837 -0.208299
58 16.100000 -9.870001 18.059999 1.626982 0.098116 -1.464826
59 16.170000 -12.670000 -9.730000 1.629803 0.092021 -1.387788
60 19.670000 0.000000 -0.000001 -0.012573 0.462095 0.214835
61 40.950001 -0.000000 0.000000 0.000000 -0.000000 -1.361246
62 34.019997 -1.259998 -17.640001 -2.306156 0.328725 2.656072
63 26.389999 0.000000 0.000000 -0.047876 0.017006 -0.307783
64 43.820000 -0.000000 -0.000000 -3.033488 0.090520 0.506405
65 20.090000 0.979999 9.800000 -0.039827 -0.017823 1.720078
66 15.120001 0.000000 0.000000 0.000000 -0.000000 1.944087
67 20.370001 -1.119999 -0.560000 0.000000 -0.000000 1.685639
68 19.530001 0.000000 0.000000 0.000000 -0.000000 2.005143
69 20.720001 1.400000 -12.180001 -0.000000 0.000000 1.545629
70 18.130003 0.000000 0.000000 0.000000 -0.000000 2.276232
71 7.420000 7.070001 -9.589999 2.567961 -0.047838 1.278020
72 10.710000 0.000000 0.000000 -0.001420 -0.002947 0.935048
73 -1.260000 1.470000 0.000000 -0.267566 -0.205430 -0.720026
time 17
0 0.000000 0.000000 0.000000 1.570796 -0.000000 0.000000
1 -1.236330 203.522186 -4.858850 0.732257 -1.274116 -2.338587
2 48.007469 -89.557251 52.096649 1.067975 -0.093803 -0.763895
3 0.000000 0.000000 49.770000 -0.000000 -1.570796 0.000000
4 49.840000 0.000000 0.000000 0.000000 -0.000000 0.000000
5 49.840000 0.000000 0.000000 0.000000 -0.000000 0.000000
6 49.840000 0.000000 0.000000 0.000000 -0.000000 0.000000
7 49.840000 0.000000 0.000000 0.000000 -0.000000 0.000000
8 49.840000 0.000000 0.000000 0.000000 -0.000000 0.000000
9 49.770000 0.000000 0.000000 0.000000 -0.000000 0.000000
10 29.503788 85.827881 37.118576 -0.907415 0.313815 0.905682
11 -0.000000 0.000000 49.840000 -0.000000 -1.570796 0.000000
12 49.980000 -0.000000 0.000000 0.000000 -0.000000 0.000000
13 49.770000 0.000000 0.000000 0.000000 -0.000000 0.000000
14 49.980000 0.000000 0.000000 0.000000 -0.000000 -0.000000
15 49.349998 0.000000 0.000000 0.000000 -0.000000 0.000000
16 50.049995 -0.000000 -0.000000 0.000000 -0.000000 0.000000
17 50.259998 0.000000 0.000000 0.000000 -0.000000 0.000000
18 307.756226 46.776390 -1609.203735 -0.234392 0.000383 1.764437
19 68.452805 -8.190000 -35.769997 1.570796 -0.295109 -1.570796
20 66.331512 6.297029 35.385529 1.570796 0.082036 -1.570796
21 26.669401 -0.474113 70.469017 1.570797 -0.154157 -1.570797
22 -27.561760 1.616035 69.636551 1.570797 -0.154157 -1.570797
23 -64.708511 2.080793 37.062435 1.570796 0.082036 -1.570796
24 -68.321045 -10.831134 -34.715942 1.570796 -0.295109 -1.570796
25 0.000000 0.000000 0.000000 -1.570796 -1.570796 0.000000
26 1.960000 22.259998 0.000000 -3.121989 0.119639 3.037050
27 13.860002 -25.129999 0.000000 -3.123425 0.138391 -2.421402
28 13.650000 -2.520000 23.590000 -1.748417 -0.285630 -2.585637
29 13.650001 -2.520000 -23.590000 1.660670 0.493228 -2.822720
30 17.360001 3.710000 -0.000000 0.041050 0.006110 -0.027037
31 35.559998 0.000000 0.000000 0.049934 0.015067 -0.248951
32 37.520000 0.000000 0.000000 0.332927 -0.138478 0.211386
33 -20.702065 -7.062367 -14.986465 1.094743 0.784127 -2.372061
34 -0.350000 0.700000 -8.050000 1.612714 -0.008611 -0.176174
35 18.480000 12.180000 26.880001 1.623594 0.007518 1.511573
36 37.730000 0.000000 -0.000000 0.054726 -0.141885 -0.524248
37 32.059998 0.000000 -0.000000 0.064141 -0.133318 -0.092034
38 16.170000 -9.870001 -18.059999 -1.647949 0.103234 -1.299672
39 16.240000 -12.670000 9.730000 -1.640742 0.120236 -1.190282
40 19.670000 0.000000 -0.000001 0.302889 -0.491856 -0.090571
41 40.950001 -0.000000 0.000000 0.000000 -0.000000 -1.377782
42 34.019997 -1.259999 17.639999 2.474853 -0.160427 1.989831
43 26.389999 0.000000 0.000000 0.135134 -0.226080 0.017102
44 43.820000 0.000000 0.000000 3.099190 0.075301 0.297347
45 20.090000 0.979999 -9.800000 0.037805 0.020870 1.663683
46 15.120002 0.000000 0.000000 0.000000 -0.000000 1.949107
47 20.370001 -1.119999 0.560000 -0.000000 0.000000 1.629255
48 19.530001 0.000000 0.000000 0.000000 -0.000000 2.009467
49 20.720003 1.400001 12.180000 -0.000000 -0.000000 1.489231
50 18.130001 -0.000001 0.000000 0.000000 -0.000000 2.299649
51 7.420000 7.070000 9.589999 -2.598376 0.118994 1.330753
52 10.710000 -0.000001 0.000000 0.003033 0.005906 0.945295
53 -15.388519 5.490782 20.854769 0.076221 -1.278489 2.818763
54 -0.350000 0.700000 8.050000 -1.469089 -0.050830 0.114350
55 18.410002 12.180000 -26.880001 -1.656361 0.021565 1.098603
56 37.730000 0.000000 0.000000 -0.078036 0.066656 -0.720560
57 32.059998 0.000000 0.000000 -0.012983 0.065664 -0.285871
58 16.100000 -9.870001 18.059999 1.617902 0.057212 -1.430605
59 16.170000 -12.670000 -9.730000 1.622215 0.095437 -1.384981
60 19.670000 0.000000 -0.000001 0.066536 0.350490 0.193318
61 40.950001 -0.000000 0.000000 0.000000 -0.000000 -1.612567
62 34.019997 -1.259998 -17.640001 -2.310045 0.347144 2.707813
63 26.389999 0.000000 0.000000 -0.084590 -0.083577 -0.421064
64 43.820000 -0.000000 -0.000000 3.061202 0.070500 0.618949
65 20.090000 0.979999 9.800000 -0.037871 -0.021358 1.627915
66 15.120001 0.000000 0.000000 0.000000 -0.000000 1.875497
67 20.370001 -1.119999 -0.560000 -0.000000 -0.000000 1.593131
68 19.530001 0.000000 0.000000 0.000000 -0.000000 1.935744
69 20.720001 1.400000 -12.180001 -0.000000 -0.000000 1.453004
70 18.130003 0.000000 0.000000 0.000000 -0.000000 2.237392
71 7.420000 7.070001 -9.589999 2.601311 -0.117462 1.334651
72 10.710000 0.000000 0.000000 -0.000136 -0.000334 0.936018
73 -1.260000 1.470000 0.000000 -0.207835 -0.319030 -0.981748
time 18
0 0.000000 0.000000 0.000000 1.570796 -0.000000 0.000000
1 -0.720339 201.828491 -3.264301 0.678226 -1.271056 -2.269638
2 48.690926 -89.718262 55.900757 1.136918 -0.132341 -0.755925
3 0.000000 0.000000 49.770000 -0.000000 -1.570796 0.000000
4 49.840000 0.000000 0.000000 0.000000 -0.000000 0.000000
5 49.840000 0.000000 0.000000 0.000000 -0.000000 0.000000
6 49.840000 0.000000 0.000000 0.000000 -0.000000 0.000000
7 49.840000 0.000000 0.000000 0.000000 -0.000000 0.000000
8 49.840000 0.000000 0.000000 0.000000 -0.000000 0.000000
9 49.770000 0.000000 0.000000 0.000000 -0.000000 0.000000
10 29.792389 83.141724 41.231140 -0.977279 0.205560 0.833327
11 -0.000000 0.000000 49.840000 -0.000000 -1.570796 0.000000
12 49.980000 -0.000000 0.000000 0.000000 -0.000000 0.000000
13 49.770000 0.000000 0.000000 0.000000 -0.000000 0.000000
14 49.980000 0.000000 0.000000 0.000000 -0.000000 -0.000000
15 49.349998 0.000000 0.000000 0.000000 -0.000000 0.000000
16 50.049995 -0.000000 -0.000000 0.000000 -0.000000 0.000000
17 50.259998 0.000000 0.000000 0.000000 -0.000000 0.000000
18 331.822510 22.508671 -1603.987549 -0.247547 0.014936 1.751359
19 80.928650 -8.190000 -35.769997 1.570796 -0.295109 -1.570796
20 76.085068 9.220387 42.338173 1.570796 0.082036 -1.570796
21 31.505581 4.418781 81.802841 1.570797 -0.154157 -1.570797
22 -32.205887 6.059078 81.149551 1.570797 -0.154157 -1.570797
23 -74.811356 5.911581 43.654171 1.570796 0.082036 -1.570796
24 -80.825256 -10.262703 -34.942791 1.570796 -0.295109 -1.570796
25 0.000000 0.000000 0.000000 -1.570796 -1.570796 0.000000
26 1.960000 22.259998 0.000000 -3.117706 0.117531 2.997070
27 13.860002 -25.129999 0.000000 -3.122793 0.119776 -2.435753
28 13.650000 -2.520000 23.590000 -1.727205 -0.310312 -2.635256
29 13.650001 -2.520000 -23.590000 1.658325 0.492939 -2.825303
30 17.360001 3.710000 -0.000000 0.050694 0.000702 -0.045429
31 35.559998 0.000000 0.000000 0.057378 0.010359 -0.301243
32 37.520000 0.000000 0.000000 0.335861 -0.142545 0.241818
33 -20.780735 -6.635390 -15.041491 1.110426 0.778943 -2.387255
34 -0.350000 0.700000 -8.050000 1.611991 0.030752 -0.138923
35 18.480000 12.180000 26.880001 1.621124 -0.007314 1.525337
36 37.730000 0.000000 -0.000000 0.041849 -0.088854 -0.547020
37 32.059998 0.000000 -0.000000 0.066331 -0.161733 -0.166984
38 16.170000 -9.870001 -18.059999 -1.626916 0.105119 -1.319180
39 16.240000 -12.670000 9.730000 -1.622524 0.120573 -1.239086
40 19.670000 0.000000 -0.000001 0.306842 -0.480223 -0.118355
41 40.950001 -0.000000 0.000000 0.000000 -0.000000 -1.355873
42 34.019997 -1.259999 17.639999 2.500111 -0.171576 1.916523
43 26.389999 0.000000 0.000000 0.182551 -0.292732 -0.227198
44 43.820000 0.000000 0.000000 3.139695 0.069712 0.307169
45 20.090000 0.979999 -9.800000 0.037394 0.021929 1.634541
46 15.120002 0.000000 0.000000 0.000000 -0.000000 1.931041
47 20.370001 -1.119999 0.560000 0.000000 -0.000000 1.600210
48 19.530001 0.000000 0.000000 0.000000 -0.000000 1.991649
49 20.720003 1.400001 12.180000 0.000000 -0.000000 1.460140
50 18.130001 -0.000001 0.000000 0.000000 -0.000000 2.314601
51 7.420000 7.070000 9.589999 -2.607661 0.147309 1.351621
52 10.710000 -0.000001 0.000000 0.000410 0.000799 0.938772
53 -15.327325 5.831941 20.785315 0.071461 -1.273730 2.803030
54 -0.350000 0.700000 8.050000 -1.489429 -0.078849 0.080870
55 18.410002 12.180000 -26.880001 -1.653683 0.039021 1.117021
56 37.730000 0.000000 0.000000 -0.102546 0.122114 -0.728637
57 32.059998 0.000000 0.000000 -0.016724 0.066116 -0.350952
58 16.100000 -9.870001 18.059999 1.608627 -0.032493 -1.386020
59 16.170000 -12.670000 -9.730000 1.608218 -0.023114 -1.350060
60 19.670000 0.000000 -0.000001 0.092476 0.315786 0.182488
61 40.950001 -0.000000 0.000000 0.000000 -0.000000 -1.688568
62 34.019997 -1.259998 -17.640001 -2.276741 0.324314 2.614627
63 26.389999 0.000000 0.000000 -0.118064 -0.187426 -0.523207
64 43.820000 -0.000000 -0.000000 3.010184 0.059583 0.566055
65 20.090000 0.979999 9.800000 -0.035884 -0.023586 1.573685
66 15.120001 0.000000 0.000000 0.000000 -0.000000 1.858886
67 20.370001 -1.119999 -0.560000 0.000000 -0.000000 1.538181
68 19.530001 0.000000 0.000000 0.000000 -0.000000 1.918868
69 20.720001 1.400000 -12.180001 0.000000 0.000000 1.397913
70 18.130003 0.000000 0.000000 0.000000 -0.000000 2.245080
71 7.420000 7.070001 -9.589999 2.610818 -0.146134 1.354224
72 10.710000 0.000000 0.000000 0.000756 0.001482 0.937380
73 -1.260000 1.470000 0.000000 -0.216718 -0.347721 -1.024713
time 19
0 0.000000 0.000000 0.000000 1.570796 -0.000000 0.000000
1 -0.461232 197.304047 -2.344646 0.638524 -1.265691 -2.220116
2 48.245415 -89.624023 56.754837 1.144246 -0.177518 -0.726826
3 0.000000 0.000000 49.770000 -0.000000 -1.570796 0.000000
4 49.840000 0.000000 0.000000 0.000000 -0.000000 0.000000
5 49.840000 0.000000 0.000000 0.000000 -0.000000 0.000000
6 49.840000 0.000000 0.000000 0.000000 -0.000000 0.000000
7 49.840000 0.000000 0.000000 0.000000 -0.000000 0.000000
8 49.840000 0.000000 0.000000 0.000000 -0.000000 0.000000
9 49.770000 0.000000 0.000000 0.000000 -0.000000 0.000000
10 29.490959 82.529510 41.928864 -0.982221 0.122226 0.779175
11 -0.000000 0.000000 49.840000 -0.000000 -1.570796 0.000000
12 49.980000 -0.000000 0.000000 0.000000 -0.000000 0.000000
13 49.770000 0.000000 0.000000 0.000000 -0.000000 0.000000
14 49.980000 0.000000 0.000000 0.000000 -0.000000 -0.000000
15 49.349998 0.000000 0.000000 0.000000 -0.000000 0.000000
16 50.049995 -0.000000 -0.000000 0.000000 -0.000000 0.000000
17 50.259998 0.000000 0.000000 0.000000 -0.000000 0.000000
18 344.117126 10.060015 -1598.241211 -0.255655 0.021642 1.744241
19 93.200623 -8.189999 -35.769993 1.570796 -0.295109 -1.570796
20 85.679230 12.095976 49.177208 1.570796 0.082036 -1.570796
21 36.262726 9.231712 92.951462 1.570797 -0.154157 -1.570797
22 -36.774117 10.429517 92.474403 1.570797 -0.154157 -1.570797
23 -84.749153 9.679770 50.138199 1.570796 0.082036 -1.570796
24 -93.125107 -9.703561 -35.165943 1.570796 -0.295109 -1.570796
25 0.000000 0.000000 0.000000 -1.570796 -1.570796 0.000000
26 1.960000 22.259998 0.000000 -3.117095 0.112511 2.972960
27 13.860002 -25.129999 0.000000 -3.123113 0.101452 -2.453697
28 13.650000 -2.520000 23.590000 -1.701253 -0.352224 -2.715742
29 13.650001 -2.520000 -23.590000 1.657056 0.497431 -2.833025
30 17.360001 3.710000 -0.000000 0.054013 -0.001268 -0.052557
31 35.559998 0.000000 0.000000 0.061237 0.008406 -0.329568
32 37.520000 0.000000 0.000000 0.337049 -0.144203 0.255428
33 -20.810774 -6.481514 -15.068083 1.121568 0.774851 -2.398073
34 -0.350000 0.700000 -8.050000 1.603419 0.071271 -0.104140
35 18.480000 12.180000 26.880001 1.617943 -0.047450 1.539612
36 37.730000 0.000000 -0.000000 0.023924 -0.025315 -0.558676
37 32.059998 0.000000 -0.000000 0.057793 -0.209057 -0.233861
38 16.170000 -9.870001 -18.059999 -1.596469 0.105452 -1.320300
39 16.240000 -12.670000 9.730000 -1.595175 0.117777 -1.277664
40 19.670000 0.000000 -0.000001 0.312287 -0.473496 -0.122266
41 40.950001 -0.000000 0.000000 0.000000 -0.000000 -1.338076
42 34.019997 -1.259999 17.639999 2.561575 -0.200725 1.725170
43 26.389999 0.000000 0.000000 0.254826 -0.339133 -0.472591
44 43.820000 0.000000 0.000000 3.139402 0.056777 0.253786
45 20.090000 0.979999 -9.800000 0.037218 0.022334 1.621303
46 15.120002 0.000000 0.000000 0.000000 -0.000000 1.924104
47 20.370001 -1.119999 0.560000 0.000000 -0.000000 1.587068
48 19.530001 0.000000 0.000000 0.000000 -0.000000 1.984964
49 20.720003 1.400001 12.180000 0.000000 -0.000000 1.446913
50 18.130001 -0.000001 0.000000 0.000000 -0.000000 2.322745
51 7.420000 7.070000 9.589999 -2.609202 0.157582 1.358483
52 10.710000 -0.000001 0.000000 -0.000546 -0.001063 0.937816
53 -15.322623 5.933444 20.762825 0.063178 -1.271166 2.800527
54 -0.350000 0.700000 8.050000 -1.509568 -0.108881 0.054096
55 18.410002 12.180000 -26.880001 -1.649289 0.067631 1.181550
56 37.730000 0.000000 0.000000 -0.120388 0.173988 -0.738178
57 32.059998 0.000000 0.000000 -0.030866 0.082407 -0.405235
58 16.100000 -9.870001 18.059999 1.602970 -0.066646 -1.377457
59 16.170000 -12.670000 -9.730000 1.602210 -0.062604 -1.349304
60 19.670000 0.000000 -0.000001 0.102511 0.302544 0.176361
61 40.950001 -0.000000 0.000000 0.000000 -0.000000 -1.685279
62 34.019997 -1.259998 -17.640001 -2.188359 0.261372 2.398549
63 26.389999 0.000000 0.000000 -0.120892 -0.440015 -0.691140
64 43.820000 -0.000000 -0.000000 3.007080 0.043723 0.465747
65 20.090000 0.979999 9.800000 -0.035137 -0.024361 1.555251
66 15.120001 0.000000 0.000000 0.000000 -0.000000 1.864476
67 20.370001 -1.119999 -0.560000 -0.000000 0.000000 1.519386
68 19.530001 0.000000 0.000000 0.000000 -0.000000 1.924685
69 20.720001 1.400000 -12.180001 -0.000000 0.000000 1.379215
70 18.130003 0.000000 0.000000 0.000000 -0.000000 2.261044
71 7.420000 7.070001 -9.589999 2.612187 -0.156824 1.359753
72 10.710000 0.000000 0.000000 0.001093 0.002172 0.939870
73 -1.260000 1.470000 0.000000 -0.252255 -0.332680 -0.980570
time 20
0 0.000000 0.000000 0.000000 1.570796 -0.000000 0.000000
1 -0.289606 191.872162 -1.650667 0.607227 -1.259930 -2.181751
2 47.699085 -89.431091 57.115265 1.125656 -0.228241 -0.691298
3 0.000000 0.000000 49.770000 -0.000000 -1.570796 0.000000
4 49.840000 0.000000 0.000000 0.000000 -0.000000 0.000000
5 49.840000 0.000000 0.000000 0.000000 -0.000000 0.000000
6 49.840000 0.000000 0.000000 0.000000 -0.000000 0.000000
7 49.840000 0.000000 0.000000 0.000000 -0.000000 0.000000
8 49.840000 0.000000 0.000000 0.000000 -0.000000 0.000000
9 49.770000 0.000000 0.000000 0.000000 -0.000000 0.000000
10 29.077194 82.142975 42.183014 -0.971074 0.044828 0.729526
11 -0.000000 0.000000 49.840000 -0.000000 -1.570796 0.000000
12 49.980000 -0.000000 0.000000 0.000000 -0.000000 0.000000
13 49.770000 0.000000 0.000000 0.000000 -0.000000 0.000000
14 49.980000 0.000000 0.000000 0.000000 -0.000000 -0.000000
15 49.349998 0.000000 0.000000 0.000000 -0.000000 0.000000
16 50.049995 -0.000000 -0.000000 0.000000 -0.000000 0.000000
17 50.259998 0.000000 0.000000 0.000000 -0.000000 0.000000
18 346.934998 7.817278 -1592.382812 -0.261253 0.025010 1.740029
19 104.537529 -8.189999 -35.769993 1.570796 -0.295109 -1.570796
20 94.542397 14.752464 55.495144 1.570796 0.082036 -1.570796
21 40.657410 13.677930 103.250610 1.570797 -0.154157 -1.570797
22 -40.994274 14.466953 102.936363 1.570797 -0.154157 -1.570797
23 -93.929710 13.160847 56.128166 1.570796 0.082036 -1.570796
24 -104.487793 -9.187021 -35.372093 1.570796 -0.295109 -1.570796
25 0.000000 0.000000 0.000000 -1.570796 -1.570796 0.000000
26 1.960000 22.259998 0.000000 -3.119790 0.103685 2.961782
27 13.860002 -25.129999 0.000000 -3.124348 0.085462 -2.474305
28 13.650000 -2.520000 23.590000 -1.674406 -0.401031 -2.808218
29 13.650001 -2.520000 -23.590000 1.655136 0.510178 -2.854619
30 17.360001 3.710000 -0.000000 0.054905 -0.001874 -0.054996
31 35.559998 0.000000 0.000000 0.062852 0.006976 -0.342072
32 37.520000 0.000000 0.000000 0.337200 -0.144558 0.259200
33 -20.819956 -6.420271 -15.084929 1.130818 0.771076 -2.406147
34 -0.350000 0.700000 -8.050000 1.596056 0.107528 -0.073977
35 18.480000 12.180000 26.880001 1.614449 -0.101089 1.553815
36 37.730000 0.000000 -0.000000 0.012366 0.002083 -0.557594
37 32.059998 0.000000 -0.000000 0.052119 -0.231056 -0.294675
38 16.170000 -9.870001 -18.059999 -1.565306 0.105310 -1.314823
39 16.240000 -12.670000 9.730000 -1.566845 0.114077 -1.309308
40 19.670000 0.000000 -0.000001 0.316693 -0.467637 -0.122042
41 40.950001 -0.000000 0.000000 0.000000 -0.000000 -1.323046
42 34.019997 -1.259999 17.639999 2.632847 -0.234959 1.504937
43 26.389999 0.000000 0.000000 0.368414 -0.393679 -0.724132
44 43.820000 0.000000 0.000000 3.126627 0.040481 0.181131
45 20.090000 0.979999 -9.800000 0.037201 0.022298 1.618844
46 15.120002 0.000000 0.000000 0.000000 -0.000000 1.922583
47 20.370001 -1.119999 0.560000 -0.000000 0.000000 1.584684
48 19.530001 0.000000 0.000000 0.000000 -0.000000 1.983713
49 20.720003 1.400001 12.180000 -0.000000 0.000000 1.444438
50 18.130001 -0.000001 0.000000 0.000000 -0.000000 2.327212
51 7.420000 7.070000 9.589999 -2.610160 0.163003 1.362269
52 10.710000 -0.000001 0.000000 -0.000794 -0.001545 0.938279
53 -15.321551 5.992053 20.748711 0.052405 -1.270129 2.807221
54 -0.350000 0.700000 8.050000 -1.527838 -0.137023 0.031951
55 18.410002 12.180000 -26.880001 -1.644170 0.100966 1.266619
56 37.730000 0.000000 0.000000 -0.136543 0.225255 -0.749653
57 32.059998 0.000000 0.000000 -0.051420 0.107345 -0.451663
58 16.100000 -9.870001 18.059999 1.598190 -0.090498 -1.377023
59 16.170000 -12.670000 -9.730000 1.597588 -0.089828 -1.354375
60 19.670000 0.000000 -0.000001 0.106946 0.297294 0.171434
61 40.950001 -0.000000 0.000000 0.000000 -0.000000 -1.662319
62 34.019997 -1.259998 -17.640001 -2.080623 0.182970 2.132658
63 26.389999 0.000000 0.000000 -0.063766 -0.630209 -0.837513
64 43.820000 -0.000000 -0.000000 3.015260 0.027236 0.353692
65 20.090000 0.979999 9.800000 -0.035275 -0.024215 1.559108
66 15.120001 0.000000 0.000000 0.000000 -0.000000 1.875711
67 20.370001 -1.119999 -0.560000 -0.000000 0.000000 1.523168
68 19.530001 0.000000 0.000000 0.000000 -0.000000 1.936275
69 20.720001 1.400000 -12.180001 -0.000000 0.000000 1.383265
70 18.130003 0.000000 0.000000 0.000000 -0.000000 2.280850
71 7.420000 7.070001 -9.589999 2.612668 -0.162454 1.363043
72 10.710000 0.000000 0.000000 0.001065 0.002125 0.941262
73 -1.260000 1.470000 0.000000 -0.293476 -0.306951 -0.917029
time 21
0 0.000000 0.000000 0.000000 1.570796 -0.000000 0.000000
1 -0.155828 186.066162 -1.053921 0.578037 -1.255715 -2.145743
2 47.081429 -89.210754 57.257950 1.093812 -0.280578 -0.651394
3 0.000000 0.000000 49.770000 -0.000000 -1.570796 0.000000
4 49.840000 0.000000 0.000000 0.000000 -0.000000 0.000000
5 49.840000 0.000000 0.000000 0.000000 -0.000000 0.000000
6 49.840000 0.000000 0.000000 0.000000 -0.000000 0.000000
7 49.840000 0.000000 0.000000 0.000000 -0.000000 0.000000
8 49.840000 0.000000 0.000000 0.000000 -0.000000 0.000000
9 49.770000 0.000000 0.000000 0.000000 -0.000000 0.000000
10 28.590408 81.920349 42.127869 -0.950909 -0.028913 0.682431
11 -0.000000 0.000000 49.840000 -0.000000 -1.570796 0.000000
12 49.980000 -0.000000 0.000000 0.000000 -0.000000 0.000000
13 49.770000 0.000000 0.000000 0.000000 -0.000000 0.000000
14 49.980000 0.000000 0.000000 0.000000 -0.000000 -0.000000
15 49.349998 0.000000 0.000000 0.000000 -0.000000 0.000000
16 50.049995 -0.000000 -0.000000 0.000000 -0.000000 0.000000
17 50.259998 0.000000 0.000000 0.000000 -0.000000 0.000000
18 341.491577 14.466394 -1586.425415 -0.266392 0.028862 1.736243
19 114.219452 -8.189999 -35.769993 1.570796 -0.295109 -1.570796
20 102.111679 17.021145 60.890774 1.570796 0.082036 -1.570796
21 44.410538 17.475079 112.046272 1.570797 -0.154157 -1.570797
22 -44.598354 17.914995 111.871063 1.570797 -0.154157 -1.570797
23 -101.770073 16.133745 61.243717 1.570796 0.082036 -1.570796
24 -114.191727 -8.745888 -35.548149 1.570796 -0.295109 -1.570796
25 0.000000 0.000000 0.000000 -1.570796 -1.570796 0.000000
26 1.960000 22.259998 0.000000 -3.124535 0.091493 2.957484
27 13.860002 -25.129999 0.000000 -3.127654 0.069745 -2.502800
28 13.650000 -2.520000 23.590000 -1.650619 -0.445712 -2.892751
29 13.650001 -2.520000 -23.590000 1.649572 0.531365 -2.896317
30 17.360001 3.710000 -0.000000 0.054287 -0.001631 -0.054517
31 35.559998 0.000000 0.000000 0.062592 0.006754 -0.341884
32 37.520000 0.000000 0.000000 0.336728 -0.144128 0.257047
33 -20.814552 -6.414577 -15.095884 1.138284 0.767457 -2.410641
34 -0.350000 0.700000 -8.050000 1.590053 0.138166 -0.050010
35 18.480000 12.180000 26.880001 1.611022 -0.156475 1.567352
36 37.730000 0.000000 -0.000000 0.007219 -0.040576 -0.538895
37 32.059998 0.000000 -0.000000 0.052614 -0.217108 -0.350010
38 16.170000 -9.870001 -18.059999 -1.542274 0.105849 -1.314484
39 16.240000 -12.670000 9.730000 -1.545827 0.111816 -1.336951
40 19.670000 0.000000 -0.000001 0.319491 -0.461683 -0.122349
41 40.950001 -0.000000 0.000000 0.000000 -0.000000 -1.309621
42 34.019997 -1.259999 17.639999 2.697407 -0.265131 1.307138
43 26.389999 0.000000 0.000000 0.483233 -0.463611 -0.927050
44 43.820000 0.000000 0.000000 3.108125 0.022413 0.099498
45 20.090000 0.979999 -9.800000 0.037268 0.022027 1.622089
46 15.120002 0.000000 0.000000 0.000000 -0.000000 1.924325
47 20.370001 -1.119999 0.560000 0.000000 -0.000000 1.587959
48 19.530001 0.000000 0.000000 0.000000 -0.000000 1.985730
49 20.720003 1.400001 12.180000 0.000000 -0.000000 1.447655
50 18.130001 -0.000001 0.000000 0.000000 -0.000000 2.331336
51 7.420000 7.070000 9.589999 -2.609339 0.163350 1.362299
52 10.710000 -0.000001 0.000000 -0.000652 -0.001269 0.939334
53 -15.323558 6.022506 20.740093 0.040188 -1.269976 2.819249
54 -0.350000 0.700000 8.050000 -1.542470 -0.160248 0.015202
55 18.410002 12.180000 -26.880001 -1.639161 0.133434 1.350820
56 37.730000 0.000000 0.000000 -0.151918 0.276342 -0.760417
57 32.059998 0.000000 0.000000 -0.075109 0.138157 -0.493982
58 16.100000 -9.870001 18.059999 1.593589 -0.107696 -1.379496
59 16.170000 -12.670000 -9.730000 1.593294 -0.109531 -1.361642
60 19.670000 0.000000 -0.000001 0.108010 0.296857 0.167231
61 40.950001 -0.000000 0.000000 0.000000 -0.000000 -1.626451
62 34.019997 -1.259998 -17.640001 -1.960039 0.094380 1.832482
63 26.389999 0.000000 0.000000 0.039600 -0.774183 -0.973161
64 43.820000 -0.000000 -0.000000 3.028725 0.010935 0.236567
65 20.090000 0.979999 9.800000 -0.035760 -0.023627 1.573972
66 15.120001 0.000000 0.000000 0.000000 -0.000000 1.889936
67 20.370001 -1.119999 -0.560000 -0.000000 0.000000 1.538048
68 19.530001 0.000000 0.000000 0.000000 -0.000000 1.950922
69 20.720001 1.400000 -12.180001 -0.000000 0.000000 1.398478
70 18.130003 0.000000 0.000000 0.000000 -0.000000 2.300606
71 7.420000 7.070001 -9.589999 2.611204 -0.162966 1.362791
72 10.710000 0.000000 0.000000 0.000814 0.001626 0.941785
73 -1.260000 1.470000 0.000000 -0.336670 -0.277094 -0.846243
time 22
0 0.000000 0.000000 0.000000 1.570796 -0.000000 0.000000
1 -0.086968 179.644714 -0.622918 0.565533 -1.254102 -2.130966
2 46.431976 -88.978088 57.303543 1.055536 -0.333672 -0.609343
3 0.000000 0.000000 49.770000 -0.000000 -1.570796 0.000000
4 49.840000 -0.000000 -0.000000 0.000000 -0.000000 0.000000
5 49.840000 0.000000 0.000000 0.000000 -0.000000 0.000000
6 49.840000 0.000000 0.000000 0.000000 -0.000000 0.000000
7 49.840000 0.000000 -0.000000 0.000000 -0.000000 0.000000
8 49.840000 0.000000 -0.000000 0.000000 -0.000000 0.000000
9 49.770000 0.000000 0.000000 0.000000 -0.000000 0.000000
10 28.074364 81.763397 41.948822 -0.926692 -0.101014 0.636447
11 -0.000000 0.000000 49.840000 -0.000000 -1.570796 0.000000
12 49.980000 -0.000000 0.000000 0.000000 -0.000000 0.000000
13 49.770000 0.000000 0.000000 0.000000 -0.000000 0.000000
14 49.980000 0.000000 -0.000000 0.000000 -0.000000 -0.000000
15 49.349998 0.000000 0.000000 0.000000 -0.000000 0.000000
16 50.049995 -0.000000 -0.000000 0.000000 -0.000000 0.000000
17 50.259998 0.000000 0.000000 0.000000 -0.000000 0.000000
18 335.279419 21.914555 -1580.446045 -0.266917 0.027686 1.737699
19 121.514763 -8.190000 -35.769997 1.570796 -0.295109 -1.570796
20 107.815102 18.730598 64.956375 1.570796 0.082036 -1.570796
21 47.238510 20.336216 118.673775 1.570797 -0.154157 -1.570797
22 -47.314034 20.513086 118.603333 1.570797 -0.154157 -1.570797
23 -107.677780 18.373816 65.098259 1.570796 0.082036 -1.570796
24 -121.503609 -8.413494 -35.680801 1.570796 -0.295109 -1.570796
25 0.000000 0.000000 -0.000000 -1.570796 -1.570796 0.000000
26 1.960000 22.259998 0.000000 -3.130269 0.077675 2.956507
27 13.860002 -25.129999 -0.000000 -3.132284 0.053858 -2.536494
28 13.650000 -2.520000 23.590000 -1.634111 -0.480516 -2.958288
29 13.650001 -2.520000 -23.590000 1.642030 0.556949 -2.948627
30 17.360001 3.710000 -0.000000 0.053066 -0.001048 -0.052871
31 35.559998 0.000000 0.000000 0.061354 0.007185 -0.335088
32 37.520000 0.000000 0.000000 0.336039 -0.143425 0.252832
33 -20.802645 -6.433638 -15.104215 1.140290 0.764880 -2.408047
34 -0.350000 0.700000 -8.050000 1.582258 0.166043 -0.030306
35 18.480000 12.180000 26.880001 1.608049 -0.202050 1.579530
36 37.730000 0.000000 -0.000000 0.002838 -0.092036 -0.518031
37 32.059998 0.000000 -0.000000 0.054637 -0.187545 -0.401312
38 16.170000 -9.870001 -18.059999 -1.538463 0.108020 -1.326406
39 16.240000 -12.670000 9.730000 -1.542111 0.112978 -1.355254
40 19.670000 0.000000 -0.000001 0.321660 -0.456387 -0.119513
41 40.950001 -0.000000 0.000000 0.000000 -0.000000 -1.296654
42 34.019997 -1.259999 17.639999 2.760269 -0.293848 1.116230
43 26.389999 0.000000 -0.000000 0.578181 -0.573634 -1.006625
44 43.820000 0.000000 0.000000 3.090539 0.004134 0.018996
45 20.090000 0.979999 -9.800000 0.037346 0.021729 1.626050
46 15.120002 0.000000 0.000000 0.000000 -0.000000 1.927203
47 20.370001 -1.119999 0.560000 -0.000000 -0.000000 1.591880
48 19.530001 0.000000 0.000000 0.000000 -0.000000 1.988886
49 20.720003 1.400001 12.180000 -0.000000 0.000000 1.451588
50 18.130001 -0.000001 0.000000 0.000000 -0.000000 2.338144
51 7.420000 7.070000 9.589999 -2.607539 0.160992 1.360312
52 10.710000 -0.000001 0.000000 -0.000338 -0.000658 0.940652
53 -15.326797 6.041678 20.733683 0.027556 -1.270076 2.832804
54 -0.350000 0.700000 8.050000 -1.553488 -0.179904 0.007571
55 18.410002 12.180000 -26.880001 -1.635112 0.159324 1.413941
56 37.730000 0.000000 0.000000 -0.166323 0.325894 -0.769832
57 32.059998 0.000000 0.000000 -0.098722 0.172091 -0.535883
58 16.100000 -9.870001 18.059999 1.588582 -0.118361 -1.381278
59 16.170000 -12.670000 -9.730000 1.588464 -0.122459 -1.368685
60 19.670000 0.000000 -0.000001 0.107899 0.298095 0.163280
61 40.950001 -0.000000 0.000000 0.000000 -0.000000 -1.583749
62 34.019997 -1.259998 -17.640001 -1.860476 0.022521 1.587116
63 26.389999 0.000000 0.000000 0.132621 -0.877576 -1.078824
64 43.820000 -0.000000 -0.000000 3.041868 -0.004334 0.120700
65 20.090000 0.979999 9.800000 -0.036414 -0.022826 1.594149
66 15.120001 0.000000 -0.000000 0.000000 -0.000000 1.905494
67 20.370001 -1.119999 -0.560000 -0.000000 0.000000 1.558284
68 19.530001 0.000000 -0.000000 0.000000 -0.000000 1.966928
69 20.720001 1.400000 -12.180001 -0.000000 0.000000 1.419082
70 18.130003 0.000000 0.000000 0.000000 -0.000000 2.317096
71 7.420000 7.070001 -9.589999 2.608679 -0.160755 1.360623
72 10.710000 0.000000 0.000000 0.000464 0.000925 0.941922
73 -1.260000 1.470000 0.000000 -0.379127 -0.246538 -0.776030
time 23
0 0.000000 0.000000 0.000000 1.570796 -0.000000 0.000000
1 -0.080503 172.609100 -0.352321 0.578887 -1.253812 -2.149824
2 45.789696 -88.748169 57.371048 1.017657 -0.386751 -0.567458
3 0.000000 0.000000 49.770000 -0.000000 -1.570796 0.000000
4 49.840000 0.000000 0.000000 0.000000 -0.000000 0.000000
5 49.840000 0.000000 0.000000 0.000000 -0.000000 0.000000
6 49.840000 0.000000 0.000000 0.000000 -0.000000 0.000000
7 49.840000 0.000000 0.000000 0.000000 -0.000000 0.000000
8 49.840000 0.000000 0.000000 0.000000 -0.000000 0.000000
9 49.770000 0.000000 0.000000 0.000000 -0.000000 0.000000
10 27.572182 81.575348 41.828506 -0.903493 -0.173516 0.590236
11 -0.000000 0.000000 49.840000 -0.000000 -1.570796 0.000000
12 49.980000 -0.000000 0.000000 0.000000 -0.000000 0.000000
13 49.770000 0.000000 0.000000 0.000000 -0.000000 0.000000
14 49.980000 0.000000 0.000000 0.000000 -0.000000 -0.000000
15 49.349998 0.000000 0.000000 0.000000 -0.000000 0.000000
16 50.049995 -0.000000 -0.000000 0.000000 -0.000000 0.000000
17 50.259998 0.000000 0.000000 0.000000 -0.000000 0.000000
18 331.473328 26.708288 -1574.460205 -0.264253 0.022686 1.742808
19 125.702560 -8.190000 -35.769997 1.570796 -0.295109 -1.570796
20 111.089111 19.711887 67.290184 1.570796 0.082036 -1.570796
21 48.861889 21.978624 122.478226 1.570797 -0.154157 -1.570797
22 -48.872932 22.004494 122.467926 1.570797 -0.154157 -1.570797
23 -111.069023 19.659704 67.310928 1.570796 0.082036 -1.570796
24 -125.700928 -8.222688 -35.756950 1.570796 -0.295109 -1.570796
25 0.000000 0.000000 0.000000 -1.570796 -1.570796 0.000000
26 1.960000 22.259998 0.000000 -3.135953 0.063944 2.955354
27 13.860002 -25.129999 0.000000 -3.137176 0.037942 -2.571175
28 13.650000 -2.520000 23.590000 -1.623253 -0.511096 -3.014823
29 13.650001 -2.520000 -23.590000 1.634350 0.582906 -3.001806
30 17.360001 3.710000 -0.000000 0.052140 -0.000631 -0.051795
31 35.559998 0.000000 0.000000 0.060035 0.007669 -0.327741
32 37.520000 0.000000 0.000000 0.335538 -0.142960 0.250415
33 -20.792202 -6.447117 -15.113136 1.140179 0.762716 -2.402764
34 -0.350000 0.700000 -8.050000 1.573958 0.193159 -0.011766
35 18.480000 12.180000 26.880001 1.606611 -0.227579 1.585444
36 37.730000 0.000000 -0.000000 -0.001309 -0.145910 -0.496581
37 32.059998 0.000000 -0.000000 0.057110 -0.153705 -0.451515
38 16.170000 -9.870001 -18.059999 -1.550250 0.111276 -1.344748
39 16.240000 -12.670000 9.730000 -1.552241 0.116459 -1.361801
40 19.670000 0.000000 -0.000001 0.323656 -0.451272 -0.115815
41 40.950001 -0.000000 0.000000 0.000000 -0.000000 -1.282992
42 34.019997 -1.259999 17.639999 2.818871 -0.320901 0.937371
43 26.389999 0.000000 0.000000 0.658152 -0.708379 -1.001286
44 43.820000 0.000000 0.000000 3.077928 -0.014936 -0.055070
45 20.090000 0.979999 -9.800000 0.037362 0.021614 1.625635
46 15.120002 0.000000 0.000000 0.000000 -0.000000 1.929091
47 20.370001 -1.119999 0.560000 0.000000 -0.000000 1.591331
48 19.530001 0.000000 0.000000 0.000000 -0.000000 1.991051
49 20.720003 1.400001 12.180000 0.000000 0.000000 1.451160
50 18.130001 -0.000001 0.000000 0.000000 -0.000000 2.340557
51 7.420000 7.070000 9.589999 -2.605659 0.158408 1.358159
52 10.710000 -0.000001 0.000000 -0.000064 -0.000124 0.941908
53 -15.329454 6.066195 20.726225 0.015549 -1.269793 2.844054
54 -0.350000 0.700000 8.050000 -1.563226 -0.198353 0.003364
55 18.410002 12.180000 -26.880001 -1.632374 0.176745 1.454525
56 37.730000 0.000000 0.000000 -0.179490 0.372456 -0.777134
57 32.059998 0.000000 0.000000 -0.121559 0.221696 -0.575821
58 16.100000 -9.870001 18.059999 1.583341 -0.111247 -1.386529
59 16.170000 -12.670000 -9.730000 1.583462 -0.116029 -1.378705
60 19.670000 0.000000 -0.000001 0.108812 0.297873 0.159108
61 40.950001 -0.000000 0.000000 0.000000 -0.000000 -1.540475
62 34.019997 -1.259998 -17.640001 -1.792240 -0.027020 1.420469
63 26.389999 0.000000 0.000000 0.118130 -0.850952 -1.057871
64 43.820000 -0.000000 -0.000000 3.061113 -0.016120 0.001993
65 20.090000 0.979999 9.800000 -0.037059 -0.022037 1.614043
66 15.120001 0.000000 0.000000 0.000000 -0.000000 1.920738
67 20.370001 -1.119999 -0.560000 -0.000000 0.000000 1.578236
68 19.530001 0.000000 0.000000 0.000000 -0.000000 1.982613
69 20.720001 1.400000 -12.180001 -0.000000 0.000000 1.439399
70 18.130003 0.000000 0.000000 0.000000 -0.000000 2.331819
71 7.420000 7.070001 -9.589999 2.606065 -0.158317 1.358292
72 10.710000 0.000000 0.000000 0.000137 0.000272 0.942149
73 -1.260000 1.470000 0.000000 -0.416878 -0.215453 -0.713215
time 24
0 0.000000 0.000000 0.000000 1.570796 -0.000000 0.000000
1 0.000000 169.190002 0.000000 0.585606 -1.253583 -2.159440
2 45.430000 -88.619995 57.469955 0.997899 -0.417713 -0.543542
3 0.000000 0.000000 49.770000 -0.000000 -1.570796 0.000000
4 49.840000 0.000000 0.000000 0.000000 -0.000000 0.000000
5 49.840000 0.000000 0.000000 0.000000 -0.000000 0.000000
6 49.840000 0.000000 0.000000 0.000000 -0.000000 0.000000
7 49.840000 0.000000 0.000000 0.000000 -0.000000 0.000000
8 49.840000 0.000000 0.000000 0.000000 -0.000000 0.000000
9 49.770000 0.000000 0.000000 0.000000 -0.000000 0.000000
10 27.300022 81.410034 41.860016 -0.891961 -0.217194 0.562260
11 -0.000000 0.000000 49.840000 -0.000000 -1.570796 0.000000
12 49.980000 -0.000000 0.000000 0.000000 -0.000000 0.000000
13 49.770000 0.000000 0.000000 0.000000 -0.000000 0.000000
14 49.980000 0.000000 0.000000 0.000000 -0.000000 -0.000000
15 49.349998 0.000000 0.000000 0.000000 -0.000000 0.000000
16 50.049995 -0.000000 -0.000000 0.000000 -0.000000 0.000000
17 50.259998 0.000000 0.000000 0.000000 -0.000000 0.000000
18 331.729980 26.809999 -1571.010010 -0.263141 0.020286 1.745297
19 126.419998 -8.190000 -35.769997 1.570796 -0.295109 -1.570796
20 111.650009 19.880001 67.690002 1.570796 0.082036 -1.570796
21 49.140003 22.259998 123.130005 1.570797 -0.154157 -1.570797
22 -49.140003 22.259996 123.130005 1.570797 -0.154157 -1.570797
23 -111.650009 19.880001 67.690002 1.570796 0.082036 -1.570796
24 -126.419998 -8.190000 -35.769997 1.570796 -0.295109 -1.570796
25 0.000000 0.000000 0.000000 -1.570796 -1.570796 0.000000
26 1.960000 22.259998 0.000000 -3.138891 0.056521 2.953284
27 13.860002 -25.129999 0.000000 -3.139747 0.028582 -2.590463
28 13.650000 -2.520000 23.590000 -1.616545 -0.529302 -3.048591
29 13.650001 -2.520000 -23.590000 1.630382 0.596848 -3.029924
30 17.360001 3.710000 -0.000000 0.052057 -0.000646 -0.052057
31 35.559998 0.000000 0.000000 0.059560 0.007753 -0.325460
32 37.520000 0.000000 0.000000 0.335476 -0.142979 0.251202
33 -20.790001 -6.440000 -15.120001 1.140753 0.761314 -2.400458
34 -0.350000 0.700000 -8.050000 1.569360 0.209606 -0.000151
35 18.480000 12.180000 26.880001 1.606033 -0.239942 1.587706
36 37.730000 0.000000 -0.000000 -0.003913 -0.176302 -0.484255
37 32.059998 0.000000 -0.000000 0.058277 -0.136213 -0.481774
38 16.170000 -9.870001 -18.059999 -1.556531 0.113145 -1.355308
39 16.240000 -12.670000 9.730000 -1.557618 0.118413 -1.366190
40 19.670000 0.000000 -0.000001 0.324935 -0.448149 -0.114132
41 40.950001 -0.000000 0.000000 0.000000 -0.000000 -1.274205
42 34.019997 -1.259999 17.639999 2.831158 -0.326968 0.894515
43 26.389999 0.000000 0.000000 0.673634 -0.785851 -0.946825
44 43.820000 0.000000 0.000000 3.070847 -0.027557 -0.099141
45 20.090000 0.979999 -9.800000 0.037369 0.021660 1.623560
46 15.120002 0.000000 0.000000 0.000000 -0.000000 1.928986
47 20.370001 -1.119999 0.560000 -0.000000 0.000000 1.587769
48 19.530001 0.000000 0.000000 0.000000 -0.000000 1.991106
49 20.720003 1.400001 12.180000 -0.000000 0.000000 1.449133
50 18.130001 -0.000001 0.000000 0.000000 -0.000000 2.340474
51 7.420000 7.070000 9.589999 -2.604852 0.157724 1.357514
52 10.710000 -0.000001 0.000000 0.000000 -0.000000 0.942501
53 -15.330002 6.090000 20.720001 0.009118 -1.269226 2.848275
54 -0.350000 0.700000 8.050000 -1.569360 -0.209606 -0.000151
55 18.410002 12.180000 -26.880001 -1.630786 0.186732 1.477752
56 37.730000 0.000000 0.000000 -0.173432 0.370707 -0.759466
57 32.059998 0.000000 0.000000 -0.136185 0.263306 -0.596326
58 16.100000 -9.870001 18.059999 1.580242 -0.106335 -1.389798
59 16.170000 -12.670000 -9.730000 1.580509 -0.111452 -1.384759
60 19.670000 0.000000 -0.000001 0.110611 0.295943 0.156377
61 40.950001 -0.000000 0.000000 0.000000 -0.000000 -1.517061
62 34.019997 -1.259998 -17.640001 -1.776237 -0.040170 1.377601
63 26.389999 0.000000 0.000000 0.058593 -0.762394 -0.979699
64 43.820000 -0.000000 -0.000000 3.074326 -0.022351 -0.069289
65 20.090000 0.979999 9.800000 -0.037369 -0.021660 1.623560
66 15.120001 0.000000 0.000000 0.000000 -0.000000 1.928986
67 20.370001 -1.119999 -0.560000 0.000000 -0.000000 1.587769
68 19.530001 0.000000 0.000000 0.000000 -0.000000 1.991106
69 20.720001 1.400000 -12.180001 0.000000 -0.000000 1.449133
70 18.130003 0.000000 0.000000 0.000000 -0.000000 2.340474
71 7.420000 7.070001 -9.589999 2.604852 -0.157724 1.357514
72 10.710000 0.000000 0.000000 0.000000 -0.000000 0.942501
73 -1.260000 1.470000 0.000000 -0.436908 -0.195274 -0.678156
end
