version 1
nodes
0 "b_046" -1
1 "S_GC" 0
2 "Bip001" 1
3 "Bone007(mirrored)" 2
4 "Bone008(mirrored)" 3
5 "Bone009(mirrored)" 4
6 "Bone010(mirrored)" 5
7 "Bone011(mirrored)" 6
8 "Bone012(mirrored)" 7
9 "Bone013(mirrored)" 8
10 "Bone007" 2
11 "Bone008" 10
12 "Bone009" 11
13 "Bone010" 12
14 "Bone011" 13
15 "Bone012" 14
16 "Bone013" 15
17 "Bone001" 2
18 "Bone002" 17
19 "Bone003" 18
20 "Bone004" 19
21 "Bone005" 20
22 "Bone006" 21
23 "Bip001 Pelvis" 2
24 "Bip001 Spine" 23
25 "Bip001 R Thigh" 24
26 "Bip001 R Calf" 25
27 "Bip001 R HorseLink" 26
28 "Bip001 R Foot" 27
29 "Bip001 R Toe0" 28
30 "Bip001 L Thigh" 24
31 "Bip001 L Calf" 30
32 "Bip001 L HorseLink" 31
33 "Bip001 L Foot" 32
34 "Bip001 L Toe0" 33
35 "Bip001 Spine1" 24
36 "Bip001 Neck" 35
37 "Bip001 R Clavicle" 36
38 "Bip001 R UpperArm" 37
39 "Bip001 R Forearm" 38
40 "Bip001 R Hand" 39
41 "Bip001 R Finger1" 40
42 "Bip001 R Finger0" 40
43 "Bip001 L Clavicle" 36
44 "Bip001 L UpperArm" 43
45 "Bip001 L Forearm" 44
46 "Bip001 L Hand" 45
47 "Bip001 L Finger1" 46
48 "Bip001 L Finger0" 46
49 "Bip001 Head" 36
end
skeleton
time 0
0 0.000000 0.000000 0.000000 1.570796 -0.000000 0.000000
1 0.000000 0.000000 0.000001 0.000000 -0.000000 0.000000
2 -0.429296 132.983902 -1.107502 -1.570796 -1.570794 0.000000
3 -27.514357 17.090467 22.904945 -1.941635 0.745209 1.774608
4 38.339050 0.036428 0.000000 -0.003895 0.030161 0.121624
5 40.888317 0.025451 -0.000004 0.002861 -0.032247 -0.291669
6 37.840919 0.015299 0.000006 0.029567 -0.135136 -0.384934
7 48.571720 0.685606 -0.000022 0.120138 -0.195945 -0.928802
8 44.261993 0.465025 0.000035 0.112131 -0.166876 -0.629236
9 47.723759 0.024180 -0.000015 0.075353 -0.100874 -0.035124
10 -26.517460 -15.956991 21.321764 -1.852606 0.662223 -2.896230
11 37.914181 -0.000000 0.000003 -0.002409 0.016331 0.177806
12 41.189346 0.000000 0.000003 0.001281 -0.065259 -0.203598
13 38.203541 0.000000 0.000003 0.017090 -0.163997 -0.304677
14 50.162155 0.000231 0.000003 0.088202 -0.217642 -0.924909
15 45.618237 -0.000009 0.000003 0.074146 -0.177653 -0.671005
16 48.074074 -0.000010 0.000002 0.022466 -0.071504 -0.122946
17 -20.379938 11.336824 -14.731089 -1.957028 0.799172 2.345166
18 43.390297 -0.000000 0.000004 0.027558 0.015390 -0.148958
19 47.998016 0.000000 0.000004 0.048152 -0.078961 -0.351460
20 50.215260 -0.000009 0.000004 0.087993 -0.244233 -0.354442
21 41.153103 0.000001 0.000003 0.114335 -0.251199 -0.295664
22 66.351677 0.000000 0.000005 0.092759 -0.284344 0.061051
23 0.000000 0.000000 0.000000 2.949260 -1.544502 1.208759
24 28.803448 1.926018 0.317545 0.178384 0.005937 0.262948
25 -28.170425 2.629114 -16.578531 -2.921548 0.699922 2.628493
26 85.581322 -0.000000 -0.000001 0.000000 0.000000 -1.588873
27 53.650108 0.000000 -0.000000 0.000000 -0.000000 1.195834
28 33.201389 0.000003 -0.000004 0.055534 0.578809 -0.102501
29 21.348549 28.691181 -0.000004 -0.142107 -0.253836 1.715631
30 -28.443922 8.350790 13.352247 2.874894 -0.656180 2.228161
31 85.581306 0.000016 -0.000005 -0.000000 -0.000000 -1.570132
32 53.650124 0.000006 0.000011 0.000000 -0.000000 1.511265
33 33.201401 0.000005 -0.000008 0.163638 -0.325565 -0.826354
34 21.348547 28.691181 -0.000005 -0.001089 0.004698 1.664852
35 32.417919 -0.045702 0.010450 -0.180753 -0.175298 0.691227
36 67.584396 6.189940 -0.001608 0.134774 -0.312518 0.744610
37 -23.900705 1.912460 -26.375368 0.552283 1.039956 2.881351
38 38.227745 -0.000007 -0.000001 1.167413 -0.841202 -0.724331
39 89.093887 0.000000 -0.000008 -0.000000 -0.000000 -1.149692
40 59.561543 0.000004 0.000000 1.428389 -0.153443 -0.020317
41 31.086212 -3.122431 -0.002491 -0.034476 -0.202253 0.160344
42 11.272802 -0.349144 24.738409 -2.931380 -0.778681 1.664845
43 -4.253403 10.009336 33.947514 -0.013742 -1.389544 2.365968
44 38.227757 0.000001 -0.000001 -1.015499 0.873051 -0.443137
45 89.093895 -0.000012 0.000001 0.000000 -0.000000 -1.164383
46 59.561523 0.000007 -0.000002 -1.472095 0.101510 -0.229622
47 31.086197 -3.122438 0.002494 -0.040760 0.073639 0.176041
48 11.272788 -0.349162 -24.738400 3.043238 0.807052 1.785133
49 15.788321 0.000012 -0.000001 -0.293077 -0.047716 0.032651
end
triangles
MRinSpiritualFinfameOn.jpg
23 -21.3258 -32.4687 129.5997 0.1063 0.1225 0.9868 0.0602 0.8262
23 -25.9018 -39.9283 131.0189 0.1063 0.1225 0.9868 0.0893 0.8277
23 -21.0747 -42.7209 137.2230 -0.5752 0.4790 0.6631 0.0919 0.7976
MRinSpiritualFinfameOn.jpg
9 189.9636 145.5104 186.7096 -0.6021 0.7151 -0.3551 0.2626 0.7403
9 179.3765 140.6504 195.5801 0.2928 0.6471 0.7039 0.2382 0.7705
9 191.7138 141.8765 177.2723 0.6117 -0.6911 0.3850 0.2496 0.7133
MRinSpiritualFinfameOn.jpg
49 9.1075 -128.0752 217.6386 0.1267 -0.9843 0.1229 0.1971 0.8288
49 2.6922 -127.8071 212.2012 -0.1199 -0.8744 0.4701 0.2465 0.7923
49 -1.9829 -131.0928 204.8956 0.3703 -0.8983 -0.2366 0.2975 0.7445
MRinSpiritualFinfameOn.jpg
23 -21.3258 -32.4687 129.5997 0.1063 0.1225 0.9868 0.0602 0.8262
23 -30.2669 -37.0288 137.5021 0.7138 -0.3193 0.6234 0.0919 0.7976
23 -25.9018 -39.9283 131.0189 0.1063 0.1225 0.9868 0.0893 0.8277
MRinSpiritualFinfameOn.jpg
16 -167.9604 145.7803 153.1461 0.1081 0.9281 0.3563 0.2626 0.7403
16 -164.3102 148.5529 143.9636 -0.1387 -0.9333 -0.3313 0.2496 0.7133
16 -159.7403 140.3872 163.9967 -0.8142 -0.0860 0.5741 0.2382 0.7705
MRinSpiritualFinfameOn.jpg
49 -38.7836 -130.6429 233.6794 0.0700 -0.9873 0.1427 0.1971 0.8288
49 -37.3472 -132.9888 216.7406 -0.3492 -0.9370 0.0046 0.2975 0.7445
49 -36.9932 -129.9348 225.4936 0.4631 -0.8425 0.2752 0.2465 0.7923
MRinSpiritualFinfameOn.jpg
44 61.0248 -35.8981 164.1833 -0.4837 0.1397 -0.8640 0.3365 0.4088
44 55.9788 -22.6855 174.9003 -0.5551 0.5623 -0.6129 0.3787 0.3948
44 71.6746 -28.2335 159.4615 -0.7155 -0.0661 -0.6955 0.3251 0.3755
MRinSpiritualFinfameOn.jpg
44 69.0254 -18.5372 167.5111 -0.8045 0.4193 -0.4207 0.3568 0.3594
44 71.6746 -28.2335 159.4615 -0.7155 -0.0661 -0.6955 0.3251 0.3755
44 55.9788 -22.6855 174.9003 -0.5551 0.5623 -0.6129 0.3787 0.3948
MRinSpiritualFinfameOn.jpg
44 69.0254 -18.5372 167.5111 -0.8045 0.4193 -0.4207 0.3568 0.3594
44 71.9966 -12.9761 157.3157 -0.9680 0.1675 -0.1869 0.3334 0.3365
44 71.6746 -28.2335 159.4615 -0.7155 -0.0661 -0.6955 0.3251 0.3755
MRinSpiritualFinfameOn.jpg
44 74.3789 -22.8897 150.0612 -0.8673 -0.2823 -0.4100 0.3063 0.3542
44 71.6746 -28.2335 159.4615 -0.7155 -0.0661 -0.6955 0.3251 0.3755
44 71.9966 -12.9761 157.3157 -0.9680 0.1675 -0.1869 0.3334 0.3365
MRinSpiritualFinfameOn.jpg
44 69.0254 -18.5372 167.5111 -0.8045 0.4193 -0.4207 0.3568 0.3594
44 55.9788 -22.6855 174.9003 -0.5551 0.5623 -0.6129 0.3787 0.3948
44 70.9578 -11.3553 177.3101 -0.6994 0.6834 -0.2090 0.3896 0.3417
MRinSpiritualFinfameOn.jpg
44 69.0254 -18.5372 167.5111 -0.8045 0.4193 -0.4207 0.3568 0.3594
44 70.9578 -11.3553 177.3101 -0.6994 0.6834 -0.2090 0.3896 0.3417
44 71.9966 -12.9761 157.3157 -0.9680 0.1675 -0.1869 0.3334 0.3365
MRinSpiritualFinfameOn.jpg
44 75.1611 -1.7529 168.3526 -0.7572 0.6241 0.1929 0.3662 0.3115
44 71.9966 -12.9761 157.3157 -0.9680 0.1675 -0.1869 0.3334 0.3365
44 70.9578 -11.3553 177.3101 -0.6994 0.6834 -0.2090 0.3896 0.3417
MRinSpiritualFinfameOn.jpg
44 55.9788 -22.6855 174.9003 -0.5551 0.5623 -0.6129 0.3787 0.3948
44 49.4475 -12.6740 192.1119 -0.2261 0.9210 -0.3173 0.4323 0.4031
44 70.9578 -11.3553 177.3101 -0.6994 0.6834 -0.2090 0.3896 0.3417
MRinSpiritualFinfameOn.jpg
44 43.8276 -19.2439 192.8773 -0.6638 0.4002 -0.6318 0.4250 0.4276
44 49.4475 -12.6740 192.1119 -0.2261 0.9210 -0.3173 0.4323 0.4031
44 55.9788 -22.6855 174.9003 -0.5551 0.5623 -0.6129 0.3787 0.3948
MRinSpiritualFinfameOn.jpg
44 70.9578 -11.3553 177.3101 -0.6994 0.6834 -0.2090 0.3896 0.3417
44 49.4475 -12.6740 192.1119 -0.2261 0.9210 -0.3173 0.4323 0.4031
44 77.8325 -7.3076 186.2696 -0.3038 0.8977 0.3191 0.4187 0.3188
MRinSpiritualFinfameOn.jpg
44 70.9578 -11.3553 177.3101 -0.6994 0.6834 -0.2090 0.3896 0.3417
44 77.8325 -7.3076 186.2696 -0.3038 0.8977 0.3191 0.4187 0.3188
44 75.1611 -1.7529 168.3526 -0.7572 0.6241 0.1929 0.3662 0.3115
MRinSpiritualFinfameOn.jpg
44 86.6829 2.1974 174.7531 -0.2176 0.8385 0.4995 0.3854 0.2834
44 75.1611 -1.7529 168.3526 -0.7572 0.6241 0.1929 0.3662 0.3115
44 77.8325 -7.3076 186.2696 -0.3038 0.8977 0.3191 0.4187 0.3188
MRinSpiritualFinfameOn.jpg
44 86.6829 2.1974 174.7531 -0.2176 0.8385 0.4995 0.3854 0.2834
44 77.8325 -7.3076 186.2696 -0.3038 0.8977 0.3191 0.4187 0.3188
44 91.1359 -9.1464 191.6971 0.1014 0.8207 0.5624 0.4453 0.2808
MRinSpiritualFinfameOn.jpg
44 86.6829 2.1974 174.7531 -0.2176 0.8385 0.4995 0.3854 0.2834
44 91.1359 -9.1464 191.6971 0.1014 0.8207 0.5624 0.4453 0.2808
44 100.6016 -0.0454 179.3074 0.1611 0.5725 0.8039 0.4042 0.2501
MRinSpiritualFinfameOn.jpg
44 91.1359 -9.1464 191.6971 0.1014 0.8207 0.5624 0.4453 0.2808
44 104.2547 -14.2266 189.3962 0.4170 0.6664 0.6180 0.4552 0.2356
44 100.6016 -0.0454 179.3074 0.1611 0.5725 0.8039 0.4042 0.2501
MRinSpiritualFinfameOn.jpg
44 91.1359 -9.1464 191.6971 0.1014 0.8207 0.5624 0.4453 0.2808
44 77.8325 -7.3076 186.2696 -0.3038 0.8977 0.3191 0.4187 0.3188
44 71.0171 -20.3907 213.8632 0.1546 0.9553 0.2519 0.5015 0.3542
MRinSpiritualFinfameOn.jpg
44 49.4475 -12.6740 192.1119 -0.2261 0.9210 -0.3173 0.4323 0.4031
44 71.0171 -20.3907 213.8632 0.1546 0.9553 0.2519 0.5015 0.3542
44 77.8325 -7.3076 186.2696 -0.3038 0.8977 0.3191 0.4187 0.3188
MRinSpiritualFinfameOn.jpg
44 49.4475 -12.6740 192.1119 -0.2261 0.9210 -0.3173 0.4323 0.4031
44 43.8276 -19.2439 192.8773 -0.6638 0.4002 -0.6318 0.4250 0.4276
44 43.9224 -11.1488 196.9380 -0.4838 0.8427 -0.2363 0.4442 0.4177
MRinSpiritualFinfameOn.jpg
44 41.0858 -14.7463 198.7702 -0.8166 0.5396 -0.2048 0.4463 0.4297
44 43.9224 -11.1488 196.9380 -0.4838 0.8427 -0.2363 0.4442 0.4177
44 43.8276 -19.2439 192.8773 -0.6638 0.4002 -0.6318 0.4250 0.4276
MRinSpiritualFinfameOn.jpg
44 45.2290 -14.0773 210.5013 -0.3592 0.8908 0.2782 0.4765 0.4208
44 43.9224 -11.1488 196.9380 -0.4838 0.8427 -0.2363 0.4442 0.4177
44 41.0858 -14.7463 198.7702 -0.8166 0.5396 -0.2048 0.4463 0.4297
MRinSpiritualFinfameOn.jpg
44 43.9224 -11.1488 196.9380 -0.4838 0.8427 -0.2363 0.4442 0.4177
44 45.2290 -14.0773 210.5013 -0.3592 0.8908 0.2782 0.4765 0.4208
44 58.8647 -14.2557 218.4752 0.1629 0.9585 0.2341 0.5015 0.3906
MRinSpiritualFinfameOn.jpg
44 71.0171 -20.3907 213.8632 0.1546 0.9553 0.2519 0.5015 0.3542
44 49.4475 -12.6740 192.1119 -0.2261 0.9210 -0.3173 0.4323 0.4031
44 58.8647 -14.2557 218.4752 0.1629 0.9585 0.2341 0.5015 0.3906
MRinSpiritualFinfameOn.jpg
44 58.8647 -14.2557 218.4752 0.1629 0.9585 0.2341 0.5015 0.3906
44 49.4475 -12.6740 192.1119 -0.2261 0.9210 -0.3173 0.4323 0.4031
44 43.9224 -11.1488 196.9380 -0.4838 0.8427 -0.2363 0.4442 0.4177
MRinSpiritualFinfameOn.jpg
44 55.8755 -15.6440 220.3136 -0.0690 0.8469 0.5273 0.5062 0.3990
44 58.8647 -14.2557 218.4752 0.1629 0.9585 0.2341 0.5015 0.3906
44 45.2290 -14.0773 210.5013 -0.3592 0.8908 0.2782 0.4765 0.4208
MRinSpiritualFinfameOn.jpg
44 67.3618 -20.5236 224.6209 0.1925 0.9244 0.3294 0.5254 0.3724
44 71.0171 -20.3907 213.8632 0.1546 0.9553 0.2519 0.5015 0.3542
44 58.8647 -14.2557 218.4752 0.1629 0.9585 0.2341 0.5015 0.3906
MRinSpiritualFinfameOn.jpg
44 58.8647 -14.2557 218.4752 0.1629 0.9585 0.2341 0.5015 0.3906
44 55.8755 -15.6440 220.3136 -0.0690 0.8469 0.5273 0.5062 0.3990
44 67.3618 -20.5236 224.6209 0.1925 0.9244 0.3294 0.5254 0.3724
MRinSpiritualFinfameOn.jpg
44 71.0171 -20.3907 213.8632 0.1546 0.9553 0.2519 0.5015 0.3542
44 87.4114 -20.8652 212.5397 0.5019 0.7628 0.4076 0.5134 0.3095
44 91.1359 -9.1464 191.6971 0.1014 0.8207 0.5624 0.4453 0.2808
MRinSpiritualFinfameOn.jpg
44 91.1359 -9.1464 191.6971 0.1014 0.8207 0.5624 0.4453 0.2808
44 87.4114 -20.8652 212.5397 0.5019 0.7628 0.4076 0.5134 0.3095
44 104.2547 -14.2266 189.3962 0.4170 0.6664 0.6180 0.4552 0.2356
MRinSpiritualFinfameOn.jpg
44 87.4114 -20.8652 212.5397 0.5019 0.7628 0.4076 0.5134 0.3095
44 71.0171 -20.3907 213.8632 0.1546 0.9553 0.2519 0.5015 0.3542
44 67.3618 -20.5236 224.6209 0.1925 0.9244 0.3294 0.5254 0.3724
MRinSpiritualFinfameOn.jpg
44 87.4114 -20.8652 212.5397 0.5019 0.7628 0.4076 0.5134 0.3095
44 67.3618 -20.5236 224.6209 0.1925 0.9244 0.3294 0.5254 0.3724
44 90.8504 -25.7064 227.1432 0.7477 0.5878 0.3089 0.5514 0.3219
MRinSpiritualFinfameOn.jpg
44 67.3618 -20.5236 224.6209 0.1925 0.9244 0.3294 0.5254 0.3724
44 78.2212 -26.5502 233.1749 0.2016 0.8194 0.5366 0.5582 0.3532
44 90.8504 -25.7064 227.1432 0.7477 0.5878 0.3089 0.5514 0.3219
MRinSpiritualFinfameOn.jpg
44 78.2212 -26.5502 233.1749 0.2016 0.8194 0.5366 0.5582 0.3532
44 85.9355 -36.7945 242.1208 0.8724 0.2098 0.4415 0.5936 0.3334
44 90.8504 -25.7064 227.1432 0.7477 0.5878 0.3089 0.5514 0.3219
MRinSpiritualFinfameOn.jpg
44 85.9355 -36.7945 242.1208 0.8724 0.2098 0.4415 0.5936 0.3334
44 86.9052 -32.3771 219.7717 0.9421 0.2711 0.1975 0.5525 0.2985
44 90.8504 -25.7064 227.1432 0.7477 0.5878 0.3089 0.5514 0.3219
MRinSpiritualFinfameOn.jpg
44 86.9052 -32.3771 219.7717 0.9421 0.2711 0.1975 0.5525 0.2985
44 87.4114 -20.8652 212.5397 0.5019 0.7628 0.4076 0.5134 0.3095
44 90.8504 -25.7064 227.1432 0.7477 0.5878 0.3089 0.5514 0.3219
MRinSpiritualFinfameOn.jpg
44 104.2547 -14.2266 189.3962 0.4170 0.6664 0.6180 0.4552 0.2356
44 87.4114 -20.8652 212.5397 0.5019 0.7628 0.4076 0.5134 0.3095
44 103.3963 -29.8686 203.7671 0.8777 0.3054 0.3693 0.5171 0.2517
MRinSpiritualFinfameOn.jpg
44 87.4114 -20.8652 212.5397 0.5019 0.7628 0.4076 0.5134 0.3095
44 86.9052 -32.3771 219.7717 0.9421 0.2711 0.1975 0.5525 0.2985
44 103.3963 -29.8686 203.7671 0.8777 0.3054 0.3693 0.5171 0.2517
MRinSpiritualFinfameOn.jpg
44 103.3963 -29.8686 203.7671 0.8777 0.3054 0.3693 0.5171 0.2517
44 86.9052 -32.3771 219.7717 0.9421 0.2711 0.1975 0.5525 0.2985
44 95.1499 -34.1427 229.1826 0.1465 0.9396 0.3093 0.5759 0.2819
MRinSpiritualFinfameOn.jpg
44 109.4600 -36.8788 227.7383 0.8960 0.4161 0.1550 0.5889 0.2501
44 103.3963 -29.8686 203.7671 0.8777 0.3054 0.3693 0.5171 0.2517
44 95.1499 -34.1427 229.1826 0.1465 0.9396 0.3093 0.5759 0.2819
MRinSpiritualFinfameOn.jpg
35 102.5133 -97.4540 201.5078 0.8711 -0.4831 -0.0882 0.6175 0.2730
44 109.4600 -36.8788 227.7383 0.8960 0.4161 0.1550 0.5889 0.2501
44 95.1499 -34.1427 229.1826 0.1465 0.9396 0.3093 0.5759 0.2819
MRinSpiritualFinfameOn.jpg
44 107.2378 -24.6851 196.4149 0.4867 -0.1220 0.8650 0.4957 0.2350
44 104.2547 -14.2266 189.3962 0.4170 0.6664 0.6180 0.4552 0.2356
44 103.3963 -29.8686 203.7671 0.8777 0.3054 0.3693 0.5171 0.2517
MRinSpiritualFinfameOn.jpg
44 107.2378 -24.6851 196.4149 0.4867 -0.1220 0.8650 0.4957 0.2350
44 121.3435 -20.2632 203.8721 0.8345 0.2402 0.4959 0.5015 0.1945
44 104.2547 -14.2266 189.3962 0.4170 0.6664 0.6180 0.4552 0.2356
MRinSpiritualFinfameOn.jpg
44 121.3435 -20.2632 203.8721 0.8345 0.2402 0.4959 0.5015 0.1945
44 111.4424 -16.6173 182.6202 0.8977 0.3993 0.1862 0.4437 0.2069
44 104.2547 -14.2266 189.3962 0.4170 0.6664 0.6180 0.4552 0.2356
MRinSpiritualFinfameOn.jpg
44 100.6016 -0.0454 179.3074 0.1611 0.5725 0.8039 0.4042 0.2501
44 104.2547 -14.2266 189.3962 0.4170 0.6664 0.6180 0.4552 0.2356
44 113.7275 -13.3191 177.6668 0.1175 -0.3690 0.9220 0.4281 0.2012
MRinSpiritualFinfameOn.jpg
44 111.4424 -16.6173 182.6202 0.8977 0.3993 0.1862 0.4437 0.2069
44 113.7275 -13.3191 177.6668 0.1175 -0.3690 0.9220 0.4281 0.2012
44 104.2547 -14.2266 189.3962 0.4170 0.6664 0.6180 0.4552 0.2356
MRinSpiritualFinfameOn.jpg
44 109.7936 -5.7222 182.7485 -0.2018 0.0395 0.9786 0.4099 0.2194
44 100.6016 -0.0454 179.3074 0.1611 0.5725 0.8039 0.4042 0.2501
44 113.7275 -13.3191 177.6668 0.1175 -0.3690 0.9220 0.4281 0.2012
MRinSpiritualFinfameOn.jpg
44 116.4311 -13.9784 182.7125 0.6110 -0.0365 0.7908 0.4151 0.1913
44 109.7936 -5.7222 182.7485 -0.2018 0.0395 0.9786 0.4099 0.2194
44 113.7275 -13.3191 177.6668 0.1175 -0.3690 0.9220 0.4281 0.2012
MRinSpiritualFinfameOn.jpg
44 116.4311 -13.9784 182.7125 0.6110 -0.0365 0.7908 0.4151 0.1913
44 109.9995 -1.6215 177.5735 0.5277 0.6377 0.5612 0.3932 0.2252
44 109.7936 -5.7222 182.7485 -0.2018 0.0395 0.9786 0.4099 0.2194
MRinSpiritualFinfameOn.jpg
44 109.7936 -5.7222 182.7485 -0.2018 0.0395 0.9786 0.4099 0.2194
44 109.9995 -1.6215 177.5735 0.5277 0.6377 0.5612 0.3932 0.2252
44 100.6016 -0.0454 179.3074 0.1611 0.5725 0.8039 0.4042 0.2501
MRinSpiritualFinfameOn.jpg
44 118.7156 -10.1605 176.4948 0.8500 0.2481 0.4647 0.3948 0.1919
44 109.9995 -1.6215 177.5735 0.5277 0.6377 0.5612 0.3932 0.2252
44 116.4311 -13.9784 182.7125 0.6110 -0.0365 0.7908 0.4151 0.1913
MRinSpiritualFinfameOn.jpg
46 140.6286 -26.3527 102.8054 -0.6891 0.7245 0.0163 0.0451 0.7476
46 129.9668 -50.6793 126.8168 -0.8369 0.4563 0.3022 0.0456 0.7481
46 141.1955 -28.0425 127.3265 -0.8240 0.5373 0.1797 0.0097 0.7684
MRinSpiritualFinfameOn.jpg
46 136.5488 -40.9819 137.0942 -0.8819 0.4706 -0.0295 0.0462 0.7663
46 141.1955 -28.0425 127.3265 -0.8240 0.5373 0.1797 0.0097 0.7684
46 129.9668 -50.6793 126.8168 -0.8369 0.4563 0.3022 0.0456 0.7481
MRinSpiritualFinfameOn.jpg
46 136.5488 -40.9819 137.0942 -0.8819 0.4706 -0.0295 0.0462 0.7663
46 129.9668 -50.6793 126.8168 -0.8369 0.4563 0.3022 0.0456 0.7481
46 133.3918 -61.5856 129.6834 -0.9852 0.1661 -0.0420 0.0675 0.7434
MRinSpiritualFinfameOn.jpg
46 126.3582 -59.6212 137.8283 -0.7780 0.4065 -0.4791 0.0821 0.7518
46 136.5488 -40.9819 137.0942 -0.8819 0.4706 -0.0295 0.0462 0.7663
46 133.3918 -61.5856 129.6834 -0.9852 0.1661 -0.0420 0.0675 0.7434
MRinSpiritualFinfameOn.jpg
46 126.8699 -51.3607 149.8799 -0.8411 0.4821 -0.2453 0.0862 0.7679
46 136.5488 -40.9819 137.0942 -0.8819 0.4706 -0.0295 0.0462 0.7663
46 126.3582 -59.6212 137.8283 -0.7780 0.4065 -0.4791 0.0821 0.7518
MRinSpiritualFinfameOn.jpg
46 130.1389 -44.2378 154.1171 -0.7142 0.6736 -0.1903 0.0800 0.7767
46 136.5488 -40.9819 137.0942 -0.8819 0.4706 -0.0295 0.0462 0.7663
46 126.8699 -51.3607 149.8799 -0.8411 0.4821 -0.2453 0.0862 0.7679
MRinSpiritualFinfameOn.jpg
46 154.9260 -22.9466 153.5701 -0.7885 0.6134 0.0442 0.0316 0.8012
46 136.5488 -40.9819 137.0942 -0.8819 0.4706 -0.0295 0.0462 0.7663
46 130.1389 -44.2378 154.1171 -0.7142 0.6736 -0.1903 0.0800 0.7767
MRinSpiritualFinfameOn.jpg
46 154.9260 -22.9466 153.5701 -0.7885 0.6134 0.0442 0.0316 0.8012
46 141.1955 -28.0425 127.3265 -0.8240 0.5373 0.1797 0.0097 0.7684
46 136.5488 -40.9819 137.0942 -0.8819 0.4706 -0.0295 0.0462 0.7663
MRinSpiritualFinfameOn.jpg
46 144.5636 -29.0430 162.0898 -0.6185 0.7570 -0.2105 0.0607 0.7996
46 154.9260 -22.9466 153.5701 -0.7885 0.6134 0.0442 0.0316 0.8012
46 130.1389 -44.2378 154.1171 -0.7142 0.6736 -0.1903 0.0800 0.7767
MRinSpiritualFinfameOn.jpg
46 156.6938 -18.5825 167.1052 -0.6012 0.7801 -0.1730 0.0446 0.8158
46 154.9260 -22.9466 153.5701 -0.7885 0.6134 0.0442 0.0316 0.8012
46 144.5636 -29.0430 162.0898 -0.6185 0.7570 -0.2105 0.0607 0.7996
MRinSpiritualFinfameOn.jpg
46 154.9260 -22.9466 153.5701 -0.7885 0.6134 0.0442 0.0316 0.8012
46 154.9914 -16.5338 144.2722 -0.8804 0.4664 0.0857 0.0097 0.7976
46 141.1955 -28.0425 127.3265 -0.8240 0.5373 0.1797 0.0097 0.7684
MRinSpiritualFinfameOn.jpg
46 158.7917 -10.2756 163.5189 -0.9406 0.3302 0.0784 0.0253 0.8194
46 154.9914 -16.5338 144.2722 -0.8804 0.4664 0.0857 0.0097 0.7976
46 154.9260 -22.9466 153.5701 -0.7885 0.6134 0.0442 0.0316 0.8012
MRinSpiritualFinfameOn.jpg
46 165.0386 1.7074 166.1992 -0.8989 0.4354 0.0498 0.0097 0.8314
46 154.9914 -16.5338 144.2722 -0.8804 0.4664 0.0857 0.0097 0.7976
46 158.7917 -10.2756 163.5189 -0.9406 0.3302 0.0784 0.0253 0.8194
MRinSpiritualFinfameOn.jpg
46 158.0481 -49.6219 113.5912 0.9006 -0.4344 -0.0154 0.2923 0.2075
46 159.9783 -57.5639 120.5633 0.7364 -0.6253 0.2582 0.3074 0.2095
46 147.4070 -65.9940 102.4159 0.6992 -0.7128 -0.0560 0.3095 0.1679
MRinSpiritualFinfameOn.jpg
46 158.0316 -45.3908 131.4252 0.7747 -0.5156 0.3662 0.3115 0.2350
46 159.9783 -57.5639 120.5633 0.7364 -0.6253 0.2582 0.3074 0.2095
46 158.0481 -49.6219 113.5912 0.9006 -0.4344 -0.0154 0.2923 0.2075
MRinSpiritualFinfameOn.jpg
46 158.0481 -49.6219 113.5912 0.9006 -0.4344 -0.0154 0.2923 0.2075
46 165.1128 -31.4711 134.1908 0.9522 -0.2581 0.1636 0.2923 0.2585
46 158.0316 -45.3908 131.4252 0.7747 -0.5156 0.3662 0.3115 0.2350
MRinSpiritualFinfameOn.jpg
46 147.3826 -56.1656 122.7978 0.7666 -0.6281 0.1332 0.3251 0.2064
46 159.9783 -57.5639 120.5633 0.7364 -0.6253 0.2582 0.3074 0.2095
46 158.0316 -45.3908 131.4252 0.7747 -0.5156 0.3662 0.3115 0.2350
MRinSpiritualFinfameOn.jpg
46 147.4070 -65.9940 102.4159 0.6992 -0.7128 -0.0560 0.3095 0.1679
46 159.9783 -57.5639 120.5633 0.7364 -0.6253 0.2582 0.3074 0.2095
46 147.3826 -56.1656 122.7978 0.7666 -0.6281 0.1332 0.3251 0.2064
MRinSpiritualFinfameOn.jpg
46 149.3469 -50.9837 138.6572 0.5260 -0.6604 0.5359 0.3370 0.2345
46 147.3826 -56.1656 122.7978 0.7666 -0.6281 0.1332 0.3251 0.2064
46 158.0316 -45.3908 131.4252 0.7747 -0.5156 0.3662 0.3115 0.2350
MRinSpiritualFinfameOn.jpg
46 158.0316 -45.3908 131.4252 0.7747 -0.5156 0.3662 0.3115 0.2350
46 165.1128 -31.4711 134.1908 0.9522 -0.2581 0.1636 0.2923 0.2585
46 154.1115 -33.6798 150.3893 0.6953 -0.5092 0.5072 0.3298 0.2741
MRinSpiritualFinfameOn.jpg
46 149.3469 -50.9837 138.6572 0.5260 -0.6604 0.5359 0.3370 0.2345
46 158.0316 -45.3908 131.4252 0.7747 -0.5156 0.3662 0.3115 0.2350
46 154.1115 -33.6798 150.3893 0.6953 -0.5092 0.5072 0.3298 0.2741
MRinSpiritualFinfameOn.jpg
46 147.3826 -56.1656 122.7978 0.7666 -0.6281 0.1332 0.3251 0.2064
46 149.9414 -63.7284 128.6494 0.7569 -0.5829 0.2956 0.3396 0.2085
46 140.5531 -73.2977 113.0712 0.7806 -0.6157 0.1072 0.3422 0.1716
MRinSpiritualFinfameOn.jpg
46 149.3469 -50.9837 138.6572 0.5260 -0.6604 0.5359 0.3370 0.2345
46 149.9414 -63.7284 128.6494 0.7569 -0.5829 0.2956 0.3396 0.2085
46 147.3826 -56.1656 122.7978 0.7666 -0.6281 0.1332 0.3251 0.2064
MRinSpiritualFinfameOn.jpg
46 140.5531 -73.2977 113.0712 0.7806 -0.6157 0.1072 0.3422 0.1716
46 149.9414 -63.7284 128.6494 0.7569 -0.5829 0.2956 0.3396 0.2085
46 133.3918 -61.5856 129.6834 0.1590 -0.7595 0.6308 0.3657 0.2064
MRinSpiritualFinfameOn.jpg
46 133.3918 -61.5856 129.6834 0.1590 -0.7595 0.6308 0.3657 0.2064
46 149.9414 -63.7284 128.6494 0.7569 -0.5829 0.2956 0.3396 0.2085
46 149.3469 -50.9837 138.6572 0.5260 -0.6604 0.5359 0.3370 0.2345
MRinSpiritualFinfameOn.jpg
46 149.3469 -50.9837 138.6572 0.5260 -0.6604 0.5359 0.3370 0.2345
46 126.3582 -59.6212 137.8283 0.2894 -0.8179 0.4973 0.3813 0.2194
46 133.3918 -61.5856 129.6834 0.1590 -0.7595 0.6308 0.3657 0.2064
MRinSpiritualFinfameOn.jpg
46 126.3582 -59.6212 137.8283 0.2894 -0.8179 0.4973 0.3813 0.2194
46 149.3469 -50.9837 138.6572 0.5260 -0.6604 0.5359 0.3370 0.2345
46 126.8699 -51.3607 149.8799 0.3271 -0.7030 0.6315 0.3833 0.2455
MRinSpiritualFinfameOn.jpg
46 149.3469 -50.9837 138.6572 0.5260 -0.6604 0.5359 0.3370 0.2345
46 130.1389 -44.2378 154.1171 0.3800 -0.6273 0.6798 0.3776 0.2600
46 126.8699 -51.3607 149.8799 0.3271 -0.7030 0.6315 0.3833 0.2455
MRinSpiritualFinfameOn.jpg
46 154.1115 -33.6798 150.3893 0.6953 -0.5092 0.5072 0.3298 0.2741
46 130.1389 -44.2378 154.1171 0.3800 -0.6273 0.6798 0.3776 0.2600
46 149.3469 -50.9837 138.6572 0.5260 -0.6604 0.5359 0.3370 0.2345
MRinSpiritualFinfameOn.jpg
46 144.5636 -29.0430 162.0898 0.3865 -0.7050 0.5947 0.3537 0.2918
46 130.1389 -44.2378 154.1171 0.3800 -0.6273 0.6798 0.3776 0.2600
46 154.1115 -33.6798 150.3893 0.6953 -0.5092 0.5072 0.3298 0.2741
MRinSpiritualFinfameOn.jpg
46 156.6938 -18.5825 167.1052 0.8373 -0.4638 0.2896 0.3350 0.3152
46 144.5636 -29.0430 162.0898 0.3865 -0.7050 0.5947 0.3537 0.2918
46 154.1115 -33.6798 150.3893 0.6953 -0.5092 0.5072 0.3298 0.2741
MRinSpiritualFinfameOn.jpg
46 154.1115 -33.6798 150.3893 0.6953 -0.5092 0.5072 0.3298 0.2741
46 154.9260 -22.9466 153.5701 0.7420 -0.4791 0.4689 0.3214 0.2933
46 156.6938 -18.5825 167.1052 0.8373 -0.4638 0.2896 0.3350 0.3152
MRinSpiritualFinfameOn.jpg
46 165.1128 -31.4711 134.1908 0.9522 -0.2581 0.1636 0.2923 0.2585
46 154.9260 -22.9466 153.5701 0.7420 -0.4791 0.4689 0.3214 0.2933
46 154.1115 -33.6798 150.3893 0.6953 -0.5092 0.5072 0.3298 0.2741
MRinSpiritualFinfameOn.jpg
46 165.1128 -31.4711 134.1908 0.9522 -0.2581 0.1636 0.2923 0.2585
46 170.8806 -16.7958 150.7776 0.9553 -0.1958 0.2217 0.2923 0.2996
46 154.9260 -22.9466 153.5701 0.7420 -0.4791 0.4689 0.3214 0.2933
MRinSpiritualFinfameOn.jpg
46 158.7917 -10.2756 163.5189 0.4513 -0.5447 0.7069 0.3152 0.3230
46 154.9260 -22.9466 153.5701 0.7420 -0.4791 0.4689 0.3214 0.2933
46 170.8806 -16.7958 150.7776 0.9553 -0.1958 0.2217 0.2923 0.2996
MRinSpiritualFinfameOn.jpg
46 165.0386 1.7074 166.1992 0.9248 -0.0245 0.3797 0.2923 0.3433
46 158.7917 -10.2756 163.5189 0.4513 -0.5447 0.7069 0.3152 0.3230
46 170.8806 -16.7958 150.7776 0.9553 -0.1958 0.2217 0.2923 0.2996
MRinSpiritualFinfameOn.jpg
44 83.7808 -11.5141 134.5511 -0.2325 0.2995 -0.9253 0.9942 0.3063
44 72.2196 -18.0064 135.3534 -0.5140 0.1101 -0.8507 0.9625 0.3063
44 77.6414 -2.5445 146.1902 -0.5319 0.6260 -0.5703 0.9942 0.3480
MRinSpiritualFinfameOn.jpg
44 77.6414 -2.5445 146.1902 -0.5319 0.6260 -0.5703 0.9942 0.3480
44 72.2196 -18.0064 135.3534 -0.5140 0.1101 -0.8507 0.9625 0.3063
44 65.9409 -7.7309 153.5382 -0.9920 0.1263 -0.0057 0.9500 0.3480
MRinSpiritualFinfameOn.jpg
44 68.3543 -22.5427 141.3867 -0.8880 -0.4543 -0.0714 0.9276 0.3063
44 65.9409 -7.7309 153.5382 -0.9920 0.1263 -0.0057 0.9500 0.3480
44 72.2196 -18.0064 135.3534 -0.5140 0.1101 -0.8507 0.9625 0.3063
MRinSpiritualFinfameOn.jpg
44 65.9409 -7.7309 153.5382 -0.9920 0.1263 -0.0057 0.9500 0.3480
44 68.3543 -22.5427 141.3867 -0.8880 -0.4543 -0.0714 0.9276 0.3063
44 74.3789 -22.8897 150.0612 -0.6850 -0.5814 0.4392 0.9073 0.3063
MRinSpiritualFinfameOn.jpg
44 71.9966 -12.9761 157.3157 -0.6548 -0.4961 0.5702 0.9344 0.3480
44 65.9409 -7.7309 153.5382 -0.9920 0.1263 -0.0057 0.9500 0.3480
44 74.3789 -22.8897 150.0612 -0.6850 -0.5814 0.4392 0.9073 0.3063
MRinSpiritualFinfameOn.jpg
44 77.5058 6.7582 159.2568 -0.6420 0.7657 -0.0391 0.9942 0.3891
44 77.6414 -2.5445 146.1902 -0.5319 0.6260 -0.5703 0.9942 0.3480
44 65.9409 -7.7309 153.5382 -0.9920 0.1263 -0.0057 0.9500 0.3480
MRinSpiritualFinfameOn.jpg
44 71.8630 1.2052 168.2442 -0.8243 -0.0010 0.5662 0.9625 0.3891
44 77.5058 6.7582 159.2568 -0.6420 0.7657 -0.0391 0.9942 0.3891
44 65.9409 -7.7309 153.5382 -0.9920 0.1263 -0.0057 0.9500 0.3480
MRinSpiritualFinfameOn.jpg
44 65.9409 -7.7309 153.5382 -0.9920 0.1263 -0.0057 0.9500 0.3480
44 71.9966 -12.9761 157.3157 -0.6548 -0.4961 0.5702 0.9344 0.3480
44 71.8630 1.2052 168.2442 -0.8243 -0.0010 0.5662 0.9625 0.3891
MRinSpiritualFinfameOn.jpg
44 75.1611 -1.7529 168.3526 -0.3509 -0.6509 0.6731 0.9500 0.3891
44 71.8630 1.2052 168.2442 -0.8243 -0.0010 0.5662 0.9625 0.3891
44 71.9966 -12.9761 157.3157 -0.6548 -0.4961 0.5702 0.9344 0.3480
MRinSpiritualFinfameOn.jpg
44 83.9349 5.8770 180.0931 -0.5364 0.0737 0.8408 0.9625 0.4302
44 71.8630 1.2052 168.2442 -0.8243 -0.0010 0.5662 0.9625 0.3891
44 75.1611 -1.7529 168.3526 -0.3509 -0.6509 0.6731 0.9500 0.3891
MRinSpiritualFinfameOn.jpg
44 71.8630 1.2052 168.2442 -0.8243 -0.0010 0.5662 0.9625 0.3891
44 83.9349 5.8770 180.0931 -0.5364 0.0737 0.8408 0.9625 0.4302
44 77.5058 6.7582 159.2568 -0.6420 0.7657 -0.0391 0.9942 0.3891
MRinSpiritualFinfameOn.jpg
44 88.6698 12.0965 170.0975 -0.1478 0.8584 0.4912 0.9942 0.4302
44 77.5058 6.7582 159.2568 -0.6420 0.7657 -0.0391 0.9942 0.3891
44 83.9349 5.8770 180.0931 -0.5364 0.0737 0.8408 0.9625 0.4302
MRinSpiritualFinfameOn.jpg
44 86.6829 2.1974 174.7531 -0.1897 -0.8256 0.5314 0.9500 0.4302
44 83.9349 5.8770 180.0931 -0.5364 0.0737 0.8408 0.9625 0.4302
44 75.1611 -1.7529 168.3526 -0.3509 -0.6509 0.6731 0.9500 0.3891
MRinSpiritualFinfameOn.jpg
44 83.9349 5.8770 180.0931 -0.5364 0.0737 0.8408 0.9625 0.4302
44 95.5882 3.3472 181.2752 -0.1430 0.1563 0.9773 0.9625 0.4572
44 88.6698 12.0965 170.0975 -0.1478 0.8584 0.4912 0.9942 0.4302
MRinSpiritualFinfameOn.jpg
44 95.5882 3.3472 181.2752 -0.1430 0.1563 0.9773 0.9625 0.4572
44 83.9349 5.8770 180.0931 -0.5364 0.0737 0.8408 0.9625 0.4302
44 86.6829 2.1974 174.7531 -0.1897 -0.8256 0.5314 0.9500 0.4302
MRinSpiritualFinfameOn.jpg
44 104.4300 10.7769 170.5939 0.1321 0.8863 0.4438 0.9942 0.4755
44 88.6698 12.0965 170.0975 -0.1478 0.8584 0.4912 0.9942 0.4302
44 95.5882 3.3472 181.2752 -0.1430 0.1563 0.9773 0.9625 0.4572
MRinSpiritualFinfameOn.jpg
44 100.6016 -0.0454 179.3074 -0.0596 -0.5404 0.8393 0.9500 0.4755
44 95.5882 3.3472 181.2752 -0.1430 0.1563 0.9773 0.9625 0.4572
44 86.6829 2.1974 174.7531 -0.1897 -0.8256 0.5314 0.9500 0.4302
MRinSpiritualFinfameOn.jpg
44 95.5882 3.3472 181.2752 -0.1430 0.1563 0.9773 0.9625 0.4572
44 100.6016 -0.0454 179.3074 -0.0596 -0.5404 0.8393 0.9500 0.4755
44 105.1643 6.7394 180.8281 0.2788 0.5477 0.7889 0.9625 0.4755
MRinSpiritualFinfameOn.jpg
44 105.1643 6.7394 180.8281 0.2788 0.5477 0.7889 0.9625 0.4755
44 104.4300 10.7769 170.5939 0.1321 0.8863 0.4438 0.9942 0.4755
44 95.5882 3.3472 181.2752 -0.1430 0.1563 0.9773 0.9625 0.4572
MRinSpiritualFinfameOn.jpg
44 113.3675 5.3639 165.1324 0.5937 0.7671 0.2430 0.9942 0.4963
44 104.4300 10.7769 170.5939 0.1321 0.8863 0.4438 0.9942 0.4755
44 105.1643 6.7394 180.8281 0.2788 0.5477 0.7889 0.9625 0.4755
MRinSpiritualFinfameOn.jpg
44 100.6016 -0.0454 179.3074 -0.0596 -0.5404 0.8393 0.9500 0.4755
44 113.4658 0.7629 180.3249 0.2600 -0.0748 0.9627 0.9625 0.4963
44 105.1643 6.7394 180.8281 0.2788 0.5477 0.7889 0.9625 0.4755
MRinSpiritualFinfameOn.jpg
44 113.3675 5.3639 165.1324 0.5937 0.7671 0.2430 0.9942 0.4963
44 105.1643 6.7394 180.8281 0.2788 0.5477 0.7889 0.9625 0.4755
44 113.4658 0.7629 180.3249 0.2600 -0.0748 0.9627 0.9625 0.4963
MRinSpiritualFinfameOn.jpg
44 100.6016 -0.0454 179.3074 -0.0596 -0.5404 0.8393 0.9500 0.4755
44 109.9995 -1.6215 177.5735 -0.0048 -0.7527 0.6583 0.9500 0.4963
44 113.4658 0.7629 180.3249 0.2600 -0.0748 0.9627 0.9625 0.4963
MRinSpiritualFinfameOn.jpg
23 33.8041 -3.6974 145.3251 0.9902 -0.0934 0.1035 0.9412 0.6274
23 26.6513 -19.4466 139.9076 0.9052 -0.4235 0.0359 0.9453 0.6602
23 33.2217 -7.2740 117.8574 0.9641 -0.1205 -0.2366 0.8756 0.6326
MRinSpiritualFinfameOn.jpg
23 34.9374 12.6906 122.9387 0.8747 0.4338 -0.2160 0.8860 0.5936
23 33.8041 -3.6974 145.3251 0.9902 -0.0934 0.1035 0.9412 0.6274
23 33.2217 -7.2740 117.8574 0.9641 -0.1205 -0.2366 0.8756 0.6326
MRinSpiritualFinfameOn.jpg
23 34.9374 12.6906 122.9387 0.8747 0.4338 -0.2160 0.8860 0.5936
23 34.1098 13.8583 136.9880 0.8130 0.5609 0.1565 0.9162 0.5884
23 33.8041 -3.6974 145.3251 0.9902 -0.0934 0.1035 0.9412 0.6274
MRinSpiritualFinfameOn.jpg
23 30.5150 12.1843 148.3210 0.8363 0.4379 0.3299 0.9412 0.5863
23 33.8041 -3.6974 145.3251 0.9902 -0.0934 0.1035 0.9412 0.6274
23 34.1098 13.8583 136.9880 0.8130 0.5609 0.1565 0.9162 0.5884
MRinSpiritualFinfameOn.jpg
23 30.5150 12.1843 148.3210 0.8363 0.4379 0.3299 0.9412 0.5863
23 34.1098 13.8583 136.9880 0.8130 0.5609 0.1565 0.9162 0.5884
23 14.7394 24.6053 153.4282 0.5222 0.8321 0.1866 0.9412 0.5358
MRinSpiritualFinfameOn.jpg
23 14.9472 26.1964 127.8253 0.5237 0.8491 -0.0690 0.8907 0.5363
23 14.7394 24.6053 153.4282 0.5222 0.8321 0.1866 0.9412 0.5358
23 34.1098 13.8583 136.9880 0.8130 0.5609 0.1565 0.9162 0.5884
MRinSpiritualFinfameOn.jpg
23 34.9374 12.6906 122.9387 0.8747 0.4338 -0.2160 0.8860 0.5936
23 14.9472 26.1964 127.8253 0.5237 0.8491 -0.0690 0.8907 0.5363
23 34.1098 13.8583 136.9880 0.8130 0.5609 0.1565 0.9162 0.5884
MRinSpiritualFinfameOn.jpg
23 14.9472 26.1964 127.8253 0.5237 0.8491 -0.0690 0.8907 0.5363
23 34.9374 12.6906 122.9387 0.8747 0.4338 -0.2160 0.8860 0.5936
23 23.5578 17.3353 114.5490 0.5147 0.6706 -0.5343 0.8621 0.5707
MRinSpiritualFinfameOn.jpg
23 33.2217 -7.2740 117.8574 0.9641 -0.1205 -0.2366 0.8756 0.6326
23 29.9255 9.6787 112.4330 0.7208 0.3282 -0.6105 0.8610 0.5951
23 34.9374 12.6906 122.9387 0.8747 0.4338 -0.2160 0.8860 0.5936
MRinSpiritualFinfameOn.jpg
23 23.5578 17.3353 114.5490 0.5147 0.6706 -0.5343 0.8621 0.5707
23 34.9374 12.6906 122.9387 0.8747 0.4338 -0.2160 0.8860 0.5936
23 29.9255 9.6787 112.4330 0.7208 0.3282 -0.6105 0.8610 0.5951
MRinSpiritualFinfameOn.jpg
23 25.3237 -4.5246 103.8297 0.5785 0.4371 -0.6887 0.8361 0.6201
23 29.9255 9.6787 112.4330 0.7208 0.3282 -0.6105 0.8610 0.5951
23 33.2217 -7.2740 117.8574 0.9641 -0.1205 -0.2366 0.8756 0.6326
MRinSpiritualFinfameOn.jpg
23 25.3237 -4.5246 103.8297 0.5785 0.4371 -0.6887 0.8361 0.6201
23 18.0544 8.0865 103.3591 0.3456 0.4040 -0.8469 0.8324 0.5858
23 29.9255 9.6787 112.4330 0.7208 0.3282 -0.6105 0.8610 0.5951
MRinSpiritualFinfameOn.jpg
23 23.5578 17.3353 114.5490 0.5147 0.6706 -0.5343 0.8621 0.5707
23 29.9255 9.6787 112.4330 0.7208 0.3282 -0.6105 0.8610 0.5951
23 18.0544 8.0865 103.3591 0.3456 0.4040 -0.8469 0.8324 0.5858
MRinSpiritualFinfameOn.jpg
23 9.8326 18.9475 107.2108 0.2823 0.4961 -0.8211 0.8277 0.5514
23 23.5578 17.3353 114.5490 0.5147 0.6706 -0.5343 0.8621 0.5707
23 18.0544 8.0865 103.3591 0.3456 0.4040 -0.8469 0.8324 0.5858
MRinSpiritualFinfameOn.jpg
23 9.8326 18.9475 107.2108 0.2823 0.4961 -0.8211 0.8277 0.5514
23 18.0544 8.0865 103.3591 0.3456 0.4040 -0.8469 0.8324 0.5858
23 -1.0295 1.8337 98.4899 0.0272 0.0928 -0.9953 0.7788 0.5743
MRinSpiritualFinfameOn.jpg
23 -3.9480 -15.0703 102.3721 -0.0317 -0.2186 -0.9753 0.7471 0.6071
23 -1.0295 1.8337 98.4899 0.0272 0.0928 -0.9953 0.7788 0.5743
23 8.9767 -2.5737 98.1231 0.1516 0.4015 -0.9032 0.7939 0.5977
MRinSpiritualFinfameOn.jpg
23 -11.2689 -14.8674 101.8604 -0.1110 -0.1308 -0.9852 0.7320 0.5957
23 -1.0295 1.8337 98.4899 0.0272 0.0928 -0.9953 0.7788 0.5743
23 -3.9480 -15.0703 102.3721 -0.0317 -0.2186 -0.9753 0.7471 0.6071
MRinSpiritualFinfameOn.jpg
48 110.9417 -66.8150 114.2731 -0.4130 0.4846 -0.7711 0.4645 0.1710
46 119.9287 -63.0230 110.5733 -0.6290 0.4277 -0.6492 0.4421 0.1768
48 111.6812 -77.7371 115.0871 -0.3451 -0.6551 -0.6721 0.4682 0.1861
MRinSpiritualFinfameOn.jpg
48 76.2859 -92.9445 118.0132 -0.6946 -0.6606 -0.2849 0.5483 0.2028
48 89.0000 -75.5333 127.1306 -0.7019 0.3386 0.6266 0.5270 0.1606
48 97.6296 -66.2208 123.1522 -0.3974 0.8561 -0.3306 0.4983 0.1539
MRinSpiritualFinfameOn.jpg
48 116.6282 -62.0865 116.5735 -0.2286 0.9623 -0.1471 0.4494 0.1544
46 119.9287 -63.0230 110.5733 -0.6290 0.4277 -0.6492 0.4421 0.1768
48 110.9417 -66.8150 114.2731 -0.4130 0.4846 -0.7711 0.4645 0.1710
MRinSpiritualFinfameOn.jpg
46 120.6864 -56.1854 121.0428 -0.7293 0.6773 0.0970 0.4323 0.1544
46 119.9287 -63.0230 110.5733 -0.6290 0.4277 -0.6492 0.4421 0.1768
48 116.6282 -62.0865 116.5735 -0.2286 0.9623 -0.1471 0.4494 0.1544
MRinSpiritualFinfameOn.jpg
48 120.4261 -63.4036 123.3974 0.0361 0.7855 0.6177 0.4500 0.1377
46 129.9668 -50.6793 126.8168 -0.5492 0.3974 0.7352 0.4135 0.1377
48 116.6282 -62.0865 116.5735 -0.2286 0.9623 -0.1471 0.4494 0.1544
MRinSpiritualFinfameOn.jpg
9 179.3765 140.6504 195.5801 0.2928 0.6471 0.7039 0.2382 0.7705
9 189.9636 145.5104 186.7096 -0.6021 0.7151 -0.3551 0.2626 0.7403
9 188.8732 140.0667 178.1883 -0.6112 0.6954 -0.3779 0.2371 0.7169
MRinSpiritualFinfameOn.jpg
9 191.1241 134.4588 164.5755 -0.6613 0.6970 -0.2772 0.2257 0.6768
9 188.8732 140.0667 178.1883 -0.6112 0.6954 -0.3779 0.2371 0.7169
9 199.4943 142.8156 166.5249 -0.5994 0.6936 -0.3996 0.2767 0.6805
MRinSpiritualFinfameOn.jpg
9 188.8732 140.0667 178.1883 -0.6112 0.6954 -0.3779 0.2371 0.7169
9 189.9636 145.5104 186.7096 -0.6021 0.7151 -0.3551 0.2626 0.7403
9 197.1833 145.7534 175.3033 -0.6086 0.6961 -0.3808 0.2746 0.7065
MRinSpiritualFinfameOn.jpg
9 199.4943 142.8156 166.5249 -0.5994 0.6936 -0.3996 0.2767 0.6805
9 188.8732 140.0667 178.1883 -0.6112 0.6954 -0.3779 0.2371 0.7169
9 197.1833 145.7534 175.3033 -0.6086 0.6961 -0.3808 0.2746 0.7065
MRinSpiritualFinfameOn.jpg
9 109.9447 177.3170 175.8644 -0.8094 0.4906 -0.3228 0.2257 0.6768
9 106.6175 183.6276 188.9373 -0.5373 -0.8434 -0.0069 0.2371 0.7169
9 116.1278 187.5552 176.6748 -0.7510 0.4868 -0.4461 0.2767 0.6805
MRinSpiritualFinfameOn.jpg
9 116.1278 187.5552 176.6748 -0.7510 0.4868 -0.4461 0.2767 0.6805
9 106.6175 183.6276 188.9373 -0.5373 -0.8434 -0.0069 0.2371 0.7169
9 113.2764 190.7858 185.1877 -0.7621 0.4829 -0.4314 0.2746 0.7065
MRinSpiritualFinfameOn.jpg
9 106.6175 183.6276 188.9373 -0.5373 -0.8434 -0.0069 0.2371 0.7169
9 106.3782 190.1136 196.7755 -0.7695 0.4802 -0.4209 0.2626 0.7403
9 113.2764 190.7858 185.1877 -0.7621 0.4829 -0.4314 0.2746 0.7065
MRinSpiritualFinfameOn.jpg
9 97.3640 183.8545 206.4694 -0.4303 -0.8765 -0.2158 0.2382 0.7705
9 106.3782 190.1136 196.7755 -0.7695 0.4802 -0.4209 0.2626 0.7403
9 106.6175 183.6276 188.9373 -0.5373 -0.8434 -0.0069 0.2371 0.7169
MRinSpiritualFinfameOn.jpg
46 140.6286 -26.3527 102.8054 -0.6891 0.7245 0.0163 0.0451 0.7476
46 122.9069 -46.4053 101.8353 -0.9242 0.3521 -0.1480 0.0097 0.7278
46 129.9668 -50.6793 126.8168 -0.8369 0.4563 0.3022 0.0456 0.7481
MRinSpiritualFinfameOn.jpg
46 131.9700 -31.2514 88.8218 -0.5489 0.6988 -0.4587 0.0456 0.7299
46 122.9069 -46.4053 101.8353 -0.9242 0.3521 -0.1480 0.0097 0.7278
46 140.6286 -26.3527 102.8054 -0.6891 0.7245 0.0163 0.0451 0.7476
MRinSpiritualFinfameOn.jpg
46 140.6286 -26.3527 102.8054 -0.6891 0.7245 0.0163 0.0451 0.7476
46 149.0069 -25.9666 94.5181 -0.5345 0.7511 -0.3876 0.0675 0.7434
46 131.9700 -31.2514 88.8218 -0.5489 0.6988 -0.4587 0.0456 0.7299
MRinSpiritualFinfameOn.jpg
46 133.1064 -59.0182 81.9886 -0.4869 -0.2792 -0.8276 0.0326 0.7018
46 122.9069 -46.4053 101.8353 -0.9242 0.3521 -0.1480 0.0097 0.7278
46 137.7133 -47.0071 77.3269 -0.5819 0.0663 -0.8106 0.0560 0.7096
MRinSpiritualFinfameOn.jpg
46 140.6286 -26.3527 102.8054 -0.6891 0.7245 0.0163 0.0451 0.7476
46 146.4705 -18.3192 114.7668 -0.9285 0.3637 0.0751 0.0462 0.7663
46 149.0069 -25.9666 94.5181 -0.5345 0.7511 -0.3876 0.0675 0.7434
MRinSpiritualFinfameOn.jpg
46 146.4705 -18.3192 114.7668 -0.9285 0.3637 0.0751 0.0462 0.7663
46 140.6286 -26.3527 102.8054 -0.6891 0.7245 0.0163 0.0451 0.7476
46 141.1955 -28.0425 127.3265 -0.8240 0.5373 0.1797 0.0097 0.7684
MRinSpiritualFinfameOn.jpg
46 146.4705 -18.3192 114.7668 -0.9285 0.3637 0.0751 0.0462 0.7663
46 145.7727 -15.3033 94.1130 -0.9963 -0.0835 0.0214 0.0821 0.7518
46 149.0069 -25.9666 94.5181 -0.5345 0.7511 -0.3876 0.0675 0.7434
MRinSpiritualFinfameOn.jpg
46 146.4705 -18.3192 114.7668 -0.9285 0.3637 0.0751 0.0462 0.7663
46 147.7519 -3.4267 102.7132 -0.9844 0.1539 0.0855 0.0862 0.7679
46 145.7727 -15.3033 94.1130 -0.9963 -0.0835 0.0214 0.0821 0.7518
MRinSpiritualFinfameOn.jpg
46 146.4705 -18.3192 114.7668 -0.9285 0.3637 0.0751 0.0462 0.7663
46 149.3500 0.0248 110.6233 -0.9313 0.1698 0.3223 0.0800 0.7767
46 147.7519 -3.4267 102.7132 -0.9844 0.1539 0.0855 0.0862 0.7679
MRinSpiritualFinfameOn.jpg
46 146.4705 -18.3192 114.7668 -0.9285 0.3637 0.0751 0.0462 0.7663
46 161.2649 -8.3991 139.2724 -0.8783 0.4050 0.2541 0.0316 0.8012
46 149.3500 0.0248 110.6233 -0.9313 0.1698 0.3223 0.0800 0.7767
MRinSpiritualFinfameOn.jpg
46 154.9914 -16.5338 144.2722 -0.8804 0.4664 0.0857 0.0097 0.7976
46 161.2649 -8.3991 139.2724 -0.8783 0.4050 0.2541 0.0316 0.8012
46 141.1955 -28.0425 127.3265 -0.8240 0.5373 0.1797 0.0097 0.7684
MRinSpiritualFinfameOn.jpg
46 141.1955 -28.0425 127.3265 -0.8240 0.5373 0.1797 0.0097 0.7684
46 161.2649 -8.3991 139.2724 -0.8783 0.4050 0.2541 0.0316 0.8012
46 146.4705 -18.3192 114.7668 -0.9285 0.3637 0.0751 0.0462 0.7663
MRinSpiritualFinfameOn.jpg
46 161.2649 -8.3991 139.2724 -0.8783 0.4050 0.2541 0.0316 0.8012
46 158.4595 3.3757 130.3812 -0.8917 0.1175 0.4370 0.0607 0.7996
46 149.3500 0.0248 110.6233 -0.9313 0.1698 0.3223 0.0800 0.7767
MRinSpiritualFinfameOn.jpg
46 161.2649 -8.3991 139.2724 -0.8783 0.4050 0.2541 0.0316 0.8012
46 166.3835 4.2749 144.8389 -0.8713 0.1461 0.4685 0.0446 0.8158
46 158.4595 3.3757 130.3812 -0.8917 0.1175 0.4370 0.0607 0.7996
MRinSpiritualFinfameOn.jpg
46 154.9914 -16.5338 144.2722 -0.8804 0.4664 0.0857 0.0097 0.7976
46 163.4870 0.6423 152.8485 -0.8804 0.4693 -0.0678 0.0253 0.8194
46 161.2649 -8.3991 139.2724 -0.8783 0.4050 0.2541 0.0316 0.8012
MRinSpiritualFinfameOn.jpg
46 165.0386 1.7074 166.1992 -0.8989 0.4354 0.0498 0.0097 0.8314
46 163.4870 0.6423 152.8485 -0.8804 0.4693 -0.0678 0.0253 0.8194
46 154.9914 -16.5338 144.2722 -0.8804 0.4664 0.0857 0.0097 0.7976
MRinSpiritualFinfameOn.jpg
23 -24.1541 -34.7960 83.9130 -0.5154 -0.8404 0.1673 0.9937 0.2288
23 -24.4079 -34.2678 64.7847 -0.5268 -0.8499 -0.0165 0.9937 0.2699
23 -13.6605 -35.9712 87.6001 -0.1724 -0.9681 0.1820 0.9729 0.2278
MRinSpiritualFinfameOn.jpg
23 -24.1541 -34.7960 83.9130 -0.5154 -0.8404 0.1673 0.9937 0.2288
23 -13.6605 -35.9712 87.6001 -0.1724 -0.9681 0.1820 0.9729 0.2278
23 -16.1511 -32.5672 94.0587 -0.1224 -0.9785 -0.1663 0.9766 0.2106
MRinSpiritualFinfameOn.jpg
23 -24.1541 -34.7960 83.9130 -0.5154 -0.8404 0.1673 0.9937 0.2288
23 -16.1511 -32.5672 94.0587 -0.1224 -0.9785 -0.1663 0.9766 0.2106
23 -23.2003 -34.0560 100.2370 -0.5203 -0.8458 0.1179 0.9937 0.1939
MRinSpiritualFinfameOn.jpg
23 -16.4880 -37.5929 102.4774 -0.5331 -0.8357 0.1321 0.9734 0.1887
23 -23.2003 -34.0560 100.2370 -0.5203 -0.8458 0.1179 0.9937 0.1939
23 -16.1511 -32.5672 94.0587 -0.1224 -0.9785 -0.1663 0.9766 0.2106
MRinSpiritualFinfameOn.jpg
23 -16.1511 -32.5672 94.0587 -0.1224 -0.9785 -0.1663 0.9766 0.2106
23 -9.8790 -35.9282 97.4729 0.1188 -0.9514 -0.2840 0.9573 0.2064
23 -16.4880 -37.5929 102.4774 -0.5331 -0.8357 0.1321 0.9734 0.1887
MRinSpiritualFinfameOn.jpg
23 -16.4880 -37.5929 102.4774 -0.5331 -0.8357 0.1321 0.9734 0.1887
23 -21.1335 -30.8948 103.8358 -0.4947 -0.8139 0.3046 0.9937 0.1830
23 -23.2003 -34.0560 100.2370 -0.5203 -0.8458 0.1179 0.9937 0.1939
MRinSpiritualFinfameOn.jpg
23 -16.4880 -37.5929 102.4774 -0.5331 -0.8357 0.1321 0.9734 0.1887
23 -9.8790 -35.9282 97.4729 0.1188 -0.9514 -0.2840 0.9573 0.2064
23 -9.5551 -38.7888 115.7113 -0.4388 -0.8981 -0.0298 0.9542 0.1617
MRinSpiritualFinfameOn.jpg
23 -9.8790 -35.9282 97.4729 0.1188 -0.9514 -0.2840 0.9573 0.2064
23 -4.7804 -37.3967 119.5754 0.2627 -0.9611 -0.0848 0.9422 0.1560
23 -9.5551 -38.7888 115.7113 -0.4388 -0.8981 -0.0298 0.9542 0.1617
MRinSpiritualFinfameOn.jpg
23 -12.5330 -34.7850 109.6471 -0.4524 -0.8803 0.1426 0.9693 0.1716
23 -16.4880 -37.5929 102.4774 -0.5331 -0.8357 0.1321 0.9734 0.1887
23 -9.5551 -38.7888 115.7113 -0.4388 -0.8981 -0.0298 0.9542 0.1617
MRinSpiritualFinfameOn.jpg
23 -12.5330 -34.7850 109.6471 -0.4524 -0.8803 0.1426 0.9693 0.1716
23 -21.1335 -30.8948 103.8358 -0.4947 -0.8139 0.3046 0.9937 0.1830
23 -16.4880 -37.5929 102.4774 -0.5331 -0.8357 0.1321 0.9734 0.1887
MRinSpiritualFinfameOn.jpg
23 -21.1335 -30.8948 103.8358 -0.4947 -0.8139 0.3046 0.9937 0.1830
23 -12.5330 -34.7850 109.6471 -0.4524 -0.8803 0.1426 0.9693 0.1716
23 -22.7977 -33.7695 107.6529 -0.5037 -0.7971 -0.3330 0.9937 0.1716
MRinSpiritualFinfameOn.jpg
23 -12.5330 -34.7850 109.6471 -0.4524 -0.8803 0.1426 0.9693 0.1716
23 -22.5163 -33.6831 115.1566 -0.5015 -0.7925 -0.3471 0.9937 0.1544
23 -22.7977 -33.7695 107.6529 -0.5037 -0.7971 -0.3330 0.9937 0.1716
MRinSpiritualFinfameOn.jpg
23 -13.0242 -39.1307 120.8198 -0.3031 -0.9463 -0.1128 0.9578 0.1492
23 -9.5551 -38.7888 115.7113 -0.4388 -0.8981 -0.0298 0.9542 0.1617
23 -4.7804 -37.3967 119.5754 0.2627 -0.9611 -0.0848 0.9422 0.1560
MRinSpiritualFinfameOn.jpg
23 -13.0242 -39.1307 120.8198 -0.3031 -0.9463 -0.1128 0.9578 0.1492
23 -4.7804 -37.3967 119.5754 0.2627 -0.9611 -0.0848 0.9422 0.1560
23 1.7013 -37.5343 126.4779 0.2139 -0.9717 0.1001 0.9297 0.1435
MRinSpiritualFinfameOn.jpg
23 -13.0242 -39.1307 120.8198 -0.3031 -0.9463 -0.1128 0.9578 0.1492
23 1.7013 -37.5343 126.4779 0.2139 -0.9717 0.1001 0.9297 0.1435
23 -1.9723 -37.0143 133.1846 0.1908 -0.9672 -0.1677 0.9349 0.1247
MRinSpiritualFinfameOn.jpg
23 -11.9446 -33.8813 115.1444 -0.5962 -0.7553 -0.2723 0.9661 0.1612
23 -9.5551 -38.7888 115.7113 -0.4388 -0.8981 -0.0298 0.9542 0.1617
23 -13.0242 -39.1307 120.8198 -0.3031 -0.9463 -0.1128 0.9578 0.1492
MRinSpiritualFinfameOn.jpg
23 -12.5330 -34.7850 109.6471 -0.4524 -0.8803 0.1426 0.9693 0.1716
23 -9.5551 -38.7888 115.7113 -0.4388 -0.8981 -0.0298 0.9542 0.1617
23 -11.9446 -33.8813 115.1444 -0.5962 -0.7553 -0.2723 0.9661 0.1612
MRinSpiritualFinfameOn.jpg
23 -17.3840 -34.2307 119.2387 0.0066 -0.9501 -0.3118 0.9740 0.1487
23 -13.0242 -39.1307 120.8198 -0.3031 -0.9463 -0.1128 0.9578 0.1492
23 -1.9723 -37.0143 133.1846 0.1908 -0.9672 -0.1677 0.9349 0.1247
MRinSpiritualFinfameOn.jpg
23 -11.9446 -33.8813 115.1444 -0.5962 -0.7553 -0.2723 0.9661 0.1612
23 -17.3840 -34.2307 119.2387 0.0066 -0.9501 -0.3118 0.9740 0.1487
23 -12.5330 -34.7850 109.6471 -0.4524 -0.8803 0.1426 0.9693 0.1716
MRinSpiritualFinfameOn.jpg
23 -11.9446 -33.8813 115.1444 -0.5962 -0.7553 -0.2723 0.9661 0.1612
23 -13.0242 -39.1307 120.8198 -0.3031 -0.9463 -0.1128 0.9578 0.1492
23 -17.3840 -34.2307 119.2387 0.0066 -0.9501 -0.3118 0.9740 0.1487
MRinSpiritualFinfameOn.jpg
23 -12.5330 -34.7850 109.6471 -0.4524 -0.8803 0.1426 0.9693 0.1716
23 -17.3840 -34.2307 119.2387 0.0066 -0.9501 -0.3118 0.9740 0.1487
23 -22.5163 -33.6831 115.1566 -0.5015 -0.7925 -0.3471 0.9937 0.1544
MRinSpiritualFinfameOn.jpg
23 -12.9093 -39.6874 126.1534 0.2562 -0.8685 -0.4243 0.9641 0.1299
23 -17.3840 -34.2307 119.2387 0.0066 -0.9501 -0.3118 0.9740 0.1487
23 -1.9723 -37.0143 133.1846 0.1908 -0.9672 -0.1677 0.9349 0.1247
MRinSpiritualFinfameOn.jpg
23 -22.5163 -33.6831 115.1566 -0.5015 -0.7925 -0.3471 0.9937 0.1544
23 -17.3840 -34.2307 119.2387 0.0066 -0.9501 -0.3118 0.9740 0.1487
23 -12.9093 -39.6874 126.1534 0.2562 -0.8685 -0.4243 0.9641 0.1299
MRinSpiritualFinfameOn.jpg
23 -22.5163 -33.6831 115.1566 -0.5015 -0.7925 -0.3471 0.9937 0.1544
23 -12.9093 -39.6874 126.1534 0.2562 -0.8685 -0.4243 0.9641 0.1299
23 -25.9018 -39.9283 131.0189 -0.4949 -0.7801 -0.3827 0.9937 0.1143
MRinSpiritualFinfameOn.jpg
23 -12.9093 -39.6874 126.1534 0.2562 -0.8685 -0.4243 0.9641 0.1299
23 -21.0747 -42.7209 137.2230 0.0783 -0.9747 -0.2094 0.9766 0.1013
23 -25.9018 -39.9283 131.0189 -0.4949 -0.7801 -0.3827 0.9937 0.1143
MRinSpiritualFinfameOn.jpg
23 -12.9093 -39.6874 126.1534 0.2562 -0.8685 -0.4243 0.9641 0.1299
23 -1.9723 -37.0143 133.1846 0.1908 -0.9672 -0.1677 0.9349 0.1247
23 -9.7999 -39.8924 140.3073 0.0306 -0.9642 -0.2634 0.9500 0.1024
MRinSpiritualFinfameOn.jpg
23 -12.9093 -39.6874 126.1534 0.2562 -0.8685 -0.4243 0.9641 0.1299
23 -9.7999 -39.8924 140.3073 0.0306 -0.9642 -0.2634 0.9500 0.1024
23 -21.0747 -42.7209 137.2230 0.0783 -0.9747 -0.2094 0.9766 0.1013
MRinSpiritualFinfameOn.jpg
23 -1.9723 -37.0143 133.1846 0.1908 -0.9672 -0.1677 0.9349 0.1247
23 1.7013 -37.5343 126.4779 0.2139 -0.9717 0.1001 0.9297 0.1435
23 12.7395 -30.6986 139.4819 0.4760 -0.8684 -0.1393 0.8928 0.1117
MRinSpiritualFinfameOn.jpg
23 15.1541 -31.6140 132.6374 0.4542 -0.8478 0.2736 0.8923 0.1294
23 12.7395 -30.6986 139.4819 0.4760 -0.8684 -0.1393 0.8928 0.1117
23 1.7013 -37.5343 126.4779 0.2139 -0.9717 0.1001 0.9297 0.1435
MRinSpiritualFinfameOn.jpg
23 15.1541 -31.6140 132.6374 0.4542 -0.8478 0.2736 0.8923 0.1294
23 26.6513 -19.4466 139.9076 0.7164 -0.6108 -0.3372 0.8517 0.1154
23 12.7395 -30.6986 139.4819 0.4760 -0.8684 -0.1393 0.8928 0.1117
MRinSpiritualFinfameOn.jpg
23 -1.9723 -37.0143 133.1846 0.1908 -0.9672 -0.1677 0.9349 0.1247
23 -4.9752 -43.2365 144.7265 -0.0672 -0.9865 -0.1496 0.9375 0.0925
23 -9.7999 -39.8924 140.3073 0.0306 -0.9642 -0.2634 0.9500 0.1024
MRinSpiritualFinfameOn.jpg
23 -9.7999 -39.8924 140.3073 0.0306 -0.9642 -0.2634 0.9500 0.1024
23 -4.9752 -43.2365 144.7265 -0.0672 -0.9865 -0.1496 0.9375 0.0925
23 -11.9131 -41.0988 145.0304 -0.2956 -0.9548 -0.0305 0.9531 0.0904
MRinSpiritualFinfameOn.jpg
23 -3.3683 -40.0276 156.0140 -0.1015 -0.9921 0.0736 0.9328 0.0659
23 -11.9131 -41.0988 145.0304 -0.2956 -0.9548 -0.0305 0.9531 0.0904
23 -4.9752 -43.2365 144.7265 -0.0672 -0.9865 -0.1496 0.9375 0.0925
MRinSpiritualFinfameOn.jpg
23 -1.9723 -37.0143 133.1846 0.1908 -0.9672 -0.1677 0.9349 0.1247
23 1.8108 -41.9664 147.2961 0.4744 -0.8801 -0.0200 0.9209 0.0883
23 -4.9752 -43.2365 144.7265 -0.0672 -0.9865 -0.1496 0.9375 0.0925
MRinSpiritualFinfameOn.jpg
23 -4.9752 -43.2365 144.7265 -0.0672 -0.9865 -0.1496 0.9375 0.0925
23 1.8108 -41.9664 147.2961 0.4744 -0.8801 -0.0200 0.9209 0.0883
23 -3.3683 -40.0276 156.0140 -0.1015 -0.9921 0.0736 0.9328 0.0659
MRinSpiritualFinfameOn.jpg
23 12.7395 -30.6986 139.4819 0.4760 -0.8684 -0.1393 0.8928 0.1117
23 1.8108 -41.9664 147.2961 0.4744 -0.8801 -0.0200 0.9209 0.0883
23 -1.9723 -37.0143 133.1846 0.1908 -0.9672 -0.1677 0.9349 0.1247
MRinSpiritualFinfameOn.jpg
23 12.7395 -30.6986 139.4819 0.4760 -0.8684 -0.1393 0.8928 0.1117
23 18.5836 -34.8529 149.1836 0.5058 -0.8245 0.2538 0.8808 0.0899
23 1.8108 -41.9664 147.2961 0.4744 -0.8801 -0.0200 0.9209 0.0883
MRinSpiritualFinfameOn.jpg
23 12.7395 -30.6986 139.4819 0.4760 -0.8684 -0.1393 0.8928 0.1117
23 26.6513 -19.4466 139.9076 0.7164 -0.6108 -0.3372 0.8517 0.1154
23 18.5836 -34.8529 149.1836 0.5058 -0.8245 0.2538 0.8808 0.0899
MRinSpiritualFinfameOn.jpg
23 31.6089 -22.7455 150.5803 0.8858 -0.4460 0.1284 0.8470 0.0899
23 18.5836 -34.8529 149.1836 0.5058 -0.8245 0.2538 0.8808 0.0899
23 26.6513 -19.4466 139.9076 0.7164 -0.6108 -0.3372 0.8517 0.1154
MRinSpiritualFinfameOn.jpg
23 31.6089 -22.7455 150.5803 0.8858 -0.4460 0.1284 0.8470 0.0899
23 26.6513 -19.4466 139.9076 0.7164 -0.6108 -0.3372 0.8517 0.1154
23 33.8041 -3.6974 145.3251 0.9783 0.0236 -0.2058 0.8090 0.1154
MRinSpiritualFinfameOn.jpg
23 34.1257 -4.1089 155.2057 0.8814 -0.0637 0.4680 0.8074 0.0800
23 31.6089 -22.7455 150.5803 0.8858 -0.4460 0.1284 0.8470 0.0899
23 33.8041 -3.6974 145.3251 0.9783 0.0236 -0.2058 0.8090 0.1154
MRinSpiritualFinfameOn.jpg
23 34.1257 -4.1089 155.2057 0.8814 -0.0637 0.4680 0.8074 0.0800
23 33.8041 -3.6974 145.3251 0.9783 0.0236 -0.2058 0.8090 0.1154
23 31.4951 13.1019 155.9334 0.7697 0.4521 0.4507 0.7674 0.0899
MRinSpiritualFinfameOn.jpg
23 34.1257 -4.1089 155.2057 0.8814 -0.0637 0.4680 0.8074 0.0800
23 31.4951 13.1019 155.9334 0.7697 0.4521 0.4507 0.7674 0.0899
23 29.1306 11.6169 157.0134 0.5442 0.5099 0.6662 0.7679 0.0800
MRinSpiritualFinfameOn.jpg
23 28.1577 17.5596 149.0796 0.8008 0.5956 0.0632 0.7554 0.1174
23 31.4951 13.1019 155.9334 0.7697 0.4521 0.4507 0.7674 0.0899
23 33.8041 -3.6974 145.3251 0.9783 0.0236 -0.2058 0.8090 0.1154
MRinSpiritualFinfameOn.jpg
23 31.4951 13.1019 155.9334 0.7697 0.4521 0.4507 0.7674 0.0899
23 28.1577 17.5596 149.0796 0.8008 0.5956 0.0632 0.7554 0.1174
23 29.1306 11.6169 157.0134 0.5442 0.5099 0.6662 0.7679 0.0800
MRinSpiritualFinfameOn.jpg
23 29.1306 11.6169 157.0134 0.5442 0.5099 0.6662 0.7679 0.0800
23 28.1577 17.5596 149.0796 0.8008 0.5956 0.0632 0.7554 0.1174
23 20.5404 34.2581 147.6224 0.5269 0.8481 0.0566 0.7138 0.1164
MRinSpiritualFinfameOn.jpg
23 29.1306 11.6169 157.0134 0.5442 0.5099 0.6662 0.7679 0.0800
23 20.5404 34.2581 147.6224 0.5269 0.8481 0.0566 0.7138 0.1164
23 16.0471 26.2890 162.1597 0.4574 0.7126 0.5320 0.7138 0.0670
MRinSpiritualFinfameOn.jpg
23 20.5404 34.2581 147.6224 0.5269 0.8481 0.0566 0.7138 0.1164
23 28.1577 17.5596 149.0796 0.8008 0.5956 0.0632 0.7554 0.1174
23 25.5697 20.3761 143.3053 0.8564 0.4686 -0.2169 0.7486 0.1341
MRinSpiritualFinfameOn.jpg
23 25.5697 20.3761 143.3053 0.8564 0.4686 -0.2169 0.7486 0.1341
23 28.1577 17.5596 149.0796 0.8008 0.5956 0.0632 0.7554 0.1174
23 29.1332 15.8612 146.5194 0.8089 0.5827 -0.0783 0.7611 0.1242
MRinSpiritualFinfameOn.jpg
23 20.5404 34.2581 147.6224 0.5269 0.8481 0.0566 0.7138 0.1164
23 25.5697 20.3761 143.3053 0.8564 0.4686 -0.2169 0.7486 0.1341
23 18.4513 31.2994 139.1570 0.5104 0.8346 -0.2073 0.7107 0.1398
MRinSpiritualFinfameOn.jpg
23 25.5697 20.3761 143.3053 0.8564 0.4686 -0.2169 0.7486 0.1341
23 19.0052 27.5414 133.2059 0.9242 0.3558 -0.1387 0.7117 0.1674
23 18.4513 31.2994 139.1570 0.5104 0.8346 -0.2073 0.7107 0.1398
MRinSpiritualFinfameOn.jpg
23 18.8062 27.4190 129.1486 0.9290 0.3683 -0.0364 0.7028 0.1762
23 18.4513 31.2994 139.1570 0.5104 0.8346 -0.2073 0.7107 0.1398
23 19.0052 27.5414 133.2059 0.9242 0.3558 -0.1387 0.7117 0.1674
MRinSpiritualFinfameOn.jpg
23 18.8062 27.4190 129.1486 0.9290 0.3683 -0.0364 0.7028 0.1762
23 17.3284 30.1966 124.6680 0.5261 0.8503 -0.0156 0.6867 0.1830
23 18.4513 31.2994 139.1570 0.5104 0.8346 -0.2073 0.7107 0.1398
MRinSpiritualFinfameOn.jpg
23 17.3284 30.1966 124.6680 0.5261 0.8503 -0.0156 0.6867 0.1830
23 18.8062 27.4190 129.1486 0.9290 0.3683 -0.0364 0.7028 0.1762
23 20.4359 24.8251 128.5835 0.8503 0.5244 0.0447 0.7049 0.1799
MRinSpiritualFinfameOn.jpg
7 118.2140 88.6819 75.8448 0.8018 -0.4597 0.3818 0.6867 0.0399
6 114.0054 83.4890 77.6353 0.6920 -0.6324 0.3482 0.6482 0.0399
7 121.9415 88.8938 68.4441 0.7932 -0.4680 0.3896 0.6867 0.0113
MRinSpiritualFinfameOn.jpg
7 121.9415 88.8938 68.4441 0.7932 -0.4680 0.3896 0.6867 0.0113
6 114.0054 83.4890 77.6353 0.6920 -0.6324 0.3482 0.6482 0.0399
6 109.3743 72.6727 67.1250 0.6953 -0.6334 0.3395 0.6196 0.0113
MRinSpiritualFinfameOn.jpg
6 109.3743 72.6727 67.1250 0.6953 -0.6334 0.3395 0.6196 0.0113
6 114.0054 83.4890 77.6353 0.6920 -0.6324 0.3482 0.6482 0.0399
6 106.7179 74.2484 75.4681 0.7007 -0.6300 0.3348 0.6196 0.0399
MRinSpiritualFinfameOn.jpg
3 26.0042 37.2762 142.6273 0.5143 -0.8082 0.2867 0.3105 0.0399
23 19.7303 20.2411 155.4116 0.1395 -0.9818 0.1286 0.2507 0.0399
3 22.8882 33.4549 137.3808 0.5091 -0.8112 0.2878 0.3105 0.0113
MRinSpiritualFinfameOn.jpg
3 22.8882 33.4549 137.3808 0.5091 -0.8112 0.2878 0.3105 0.0113
23 19.7303 20.2411 155.4116 0.1395 -0.9818 0.1286 0.2507 0.0399
23 14.9805 18.8870 150.1900 0.1390 -0.9820 0.1283 0.2507 0.0113
MRinSpiritualFinfameOn.jpg
6 113.9909 83.9134 77.6324 -0.6919 0.6325 -0.3482 0.6482 0.0399
6 109.3598 73.0971 67.1221 -0.6955 0.6335 -0.3391 0.6196 0.0113
6 106.7037 74.6638 75.4653 -0.7009 0.6300 -0.3344 0.6196 0.0399
MRinSpiritualFinfameOn.jpg
6 97.3183 66.0781 79.0307 -0.7001 0.6356 -0.3253 0.5842 0.0399
6 106.7037 74.6638 75.4653 -0.7009 0.6300 -0.3344 0.6196 0.0399
6 109.3598 73.0971 67.1221 -0.6955 0.6335 -0.3391 0.6196 0.0113
MRinSpiritualFinfameOn.jpg
6 97.3183 66.0781 79.0307 -0.7001 0.6356 -0.3253 0.5842 0.0399
6 103.3036 74.7902 83.1401 -0.7027 0.6345 -0.3218 0.6196 0.0638
6 106.7037 74.6638 75.4653 -0.7009 0.6300 -0.3344 0.6196 0.0399
MRinSpiritualFinfameOn.jpg
6 97.3183 66.0781 79.0307 -0.7001 0.6356 -0.3253 0.5842 0.0399
6 109.3598 73.0971 67.1221 -0.6955 0.6335 -0.3391 0.6196 0.0113
6 92.9743 58.3398 72.9881 -0.6926 0.6495 -0.3138 0.5629 0.0113
MRinSpiritualFinfameOn.jpg
5 62.8207 47.3828 104.4333 -0.5698 0.7591 -0.3148 0.4500 0.0399
5 77.6242 57.0552 99.7682 -0.5867 0.7455 -0.3163 0.5035 0.0638
5 78.3444 54.4682 92.3360 -0.6011 0.7295 -0.3265 0.5035 0.0399
MRinSpiritualFinfameOn.jpg
46 120.6864 -56.1854 121.0428 -0.8661 0.4788 0.1437 0.0524 0.7382
46 129.9668 -50.6793 126.8168 -0.8369 0.4563 0.3022 0.0456 0.7481
46 122.9069 -46.4053 101.8353 -0.9242 0.3521 -0.1480 0.0097 0.7278
MRinSpiritualFinfameOn.jpg
46 120.6864 -56.1854 121.0428 -0.8661 0.4788 0.1437 0.0524 0.7382
46 122.9069 -46.4053 101.8353 -0.9242 0.3521 -0.1480 0.0097 0.7278
46 119.9287 -63.0230 110.5733 -0.9793 0.0066 -0.2025 0.0467 0.7247
MRinSpiritualFinfameOn.jpg
7 161.6923 56.9464 74.3728 -0.6404 0.6482 -0.4120 0.6867 0.0638
6 143.8170 39.2225 62.3503 0.0120 -0.3913 -0.9202 0.6196 0.0113
6 141.1779 40.8545 69.5753 -0.4807 0.8063 -0.3448 0.6196 0.0399
MRinSpiritualFinfameOn.jpg
6 129.7037 35.9586 74.4638 -0.4860 0.8091 -0.3304 0.5842 0.0399
6 141.1779 40.8545 69.5753 -0.4807 0.8063 -0.3448 0.6196 0.0399
6 143.8170 39.2225 62.3503 0.0120 -0.3913 -0.9202 0.6196 0.0113
MRinSpiritualFinfameOn.jpg
6 129.7037 35.9586 74.4638 -0.4860 0.8091 -0.3304 0.5842 0.0399
6 137.5016 41.4187 76.5244 0.1742 0.4607 0.8703 0.6196 0.0638
6 141.1779 40.8545 69.5753 -0.4807 0.8063 -0.3448 0.6196 0.0399
MRinSpiritualFinfameOn.jpg
6 129.7037 35.9586 74.4638 -0.4860 0.8091 -0.3304 0.5842 0.0399
6 143.8170 39.2225 62.3503 0.0120 -0.3913 -0.9202 0.6196 0.0113
6 123.8345 30.8210 70.2677 -0.2501 -0.4535 -0.8554 0.5629 0.0113
MRinSpiritualFinfameOn.jpg
4 41.6801 25.8172 139.0236 0.1729 -0.9281 0.3297 0.3105 0.0399
23 30.5150 12.1843 148.3210 -0.0862 0.1917 0.9777 0.2507 0.0399
4 38.5702 23.2021 133.1340 0.1604 -0.9313 0.3270 0.3105 0.0113
MRinSpiritualFinfameOn.jpg
4 38.5702 23.2021 133.1340 0.1604 -0.9313 0.3270 0.3105 0.0113
23 30.5150 12.1843 148.3210 -0.0862 0.1917 0.9777 0.2507 0.0399
23 25.8273 12.2770 142.9483 -0.7230 0.2710 0.6355 0.2507 0.0113
MRinSpiritualFinfameOn.jpg
49 17.5279 -97.1361 198.5644 0.7512 -0.4161 -0.5124 0.2205 0.3605
49 8.9991 -123.1633 212.8311 0.7445 -0.6211 -0.2450 0.1299 0.3391
49 -1.1796 -113.7470 191.8683 0.5565 -0.4921 -0.6694 0.1700 0.4302
MRinSpiritualFinfameOn.jpg
49 20.3078 -104.2191 215.2445 0.8918 -0.4273 -0.1486 0.1820 0.3058
49 17.2171 -114.6548 224.0871 0.7879 -0.5969 0.1515 0.1377 0.2834
49 8.9991 -123.1633 212.8311 0.7445 -0.6211 -0.2450 0.1299 0.3391
MRinSpiritualFinfameOn.jpg
49 23.3809 -101.4298 232.8705 0.7838 -0.5007 0.3675 0.1768 0.2449
49 17.2171 -114.6548 224.0871 0.7879 -0.5969 0.1515 0.1377 0.2834
49 20.3078 -104.2191 215.2445 0.8918 -0.4273 -0.1486 0.1820 0.3058
MRinSpiritualFinfameOn.jpg
49 14.4413 -111.4818 231.8323 0.6581 -0.5365 0.5283 0.1336 0.2543
49 17.2171 -114.6548 224.0871 0.7879 -0.5969 0.1515 0.1377 0.2834
49 23.3809 -101.4298 232.8705 0.7838 -0.5007 0.3675 0.1768 0.2449
MRinSpiritualFinfameOn.jpg
49 17.8383 -100.3580 235.1238 0.5953 -0.5564 0.5797 0.1648 0.2288
49 14.4413 -111.4818 231.8323 0.6581 -0.5365 0.5283 0.1336 0.2543
49 23.3809 -101.4298 232.8705 0.7838 -0.5007 0.3675 0.1768 0.2449
MRinSpiritualFinfameOn.jpg
49 17.2171 -114.6548 224.0871 0.7879 -0.5969 0.1515 0.1377 0.2834
49 14.4413 -111.4818 231.8323 0.6581 -0.5365 0.5283 0.1336 0.2543
49 2.4841 -125.5975 231.1046 0.6860 -0.6947 0.2163 0.0732 0.2767
MRinSpiritualFinfameOn.jpg
49 2.4841 -125.5975 231.1046 0.6860 -0.6947 0.2163 0.0732 0.2767
49 8.9991 -123.1633 212.8311 0.7445 -0.6211 -0.2450 0.1299 0.3391
49 17.2171 -114.6548 224.0871 0.7879 -0.5969 0.1515 0.1377 0.2834
MRinSpiritualFinfameOn.jpg
49 8.8232 -114.9854 239.4802 0.7718 -0.5108 0.3788 0.1070 0.2356
49 14.4413 -111.4818 231.8323 0.6581 -0.5365 0.5283 0.1336 0.2543
49 17.8383 -100.3580 235.1238 0.5953 -0.5564 0.5797 0.1648 0.2288
MRinSpiritualFinfameOn.jpg
49 14.4413 -111.4818 231.8323 0.6581 -0.5365 0.5283 0.1336 0.2543
49 8.8232 -114.9854 239.4802 0.7718 -0.5108 0.3788 0.1070 0.2356
49 2.4841 -125.5975 231.1046 0.6860 -0.6947 0.2163 0.0732 0.2767
MRinSpiritualFinfameOn.jpg
49 8.0075 -102.4608 250.0735 0.7825 -0.4513 0.4290 0.1279 0.1825
49 8.8232 -114.9854 239.4802 0.7718 -0.5108 0.3788 0.1070 0.2356
49 12.0711 -103.8289 247.5445 0.4839 -0.7395 0.4679 0.1383 0.1955
MRinSpiritualFinfameOn.jpg
49 8.8232 -114.9854 239.4802 0.7718 -0.5108 0.3788 0.1070 0.2356
49 2.5043 -124.1916 246.6013 0.8171 -0.5177 0.2536 0.0581 0.2288
49 2.4841 -125.5975 231.1046 0.6860 -0.6947 0.2163 0.0732 0.2767
MRinSpiritualFinfameOn.jpg
49 2.5043 -124.1916 246.6013 0.8171 -0.5177 0.2536 0.0581 0.2288
49 8.8232 -114.9854 239.4802 0.7718 -0.5108 0.3788 0.1070 0.2356
49 8.0075 -102.4608 250.0735 0.7825 -0.4513 0.4290 0.1279 0.1825
MRinSpiritualFinfameOn.jpg
49 -0.3884 -131.9660 221.4803 0.5523 -0.8332 0.0258 0.0810 0.3230
49 8.9991 -123.1633 212.8311 0.7445 -0.6211 -0.2450 0.1299 0.3391
49 2.4841 -125.5975 231.1046 0.6860 -0.6947 0.2163 0.0732 0.2767
MRinSpiritualFinfameOn.jpg
49 2.4841 -125.5975 231.1046 0.6860 -0.6947 0.2163 0.0732 0.2767
49 2.5043 -124.1916 246.6013 0.8171 -0.5177 0.2536 0.0581 0.2288
49 -10.5154 -132.5853 238.0622 0.1608 -0.9297 0.3314 0.0134 0.2668
MRinSpiritualFinfameOn.jpg
49 -0.3884 -131.9660 221.4803 0.5523 -0.8332 0.0258 0.0810 0.3230
49 2.4841 -125.5975 231.1046 0.6860 -0.6947 0.2163 0.0732 0.2767
49 -10.5154 -132.5853 238.0622 0.1608 -0.9297 0.3314 0.0134 0.2668
MRinSpiritualFinfameOn.jpg
49 2.5043 -124.1916 246.6013 0.8171 -0.5177 0.2536 0.0581 0.2288
49 -3.4191 -124.6613 260.5174 0.1100 -0.9790 0.1717 0.0134 0.1950
49 -10.5154 -132.5853 238.0622 0.1608 -0.9297 0.3314 0.0134 0.2668
MRinSpiritualFinfameOn.jpg
49 -14.7691 -137.7435 224.5368 0.0799 -0.9936 0.0794 0.0134 0.3245
49 -0.3884 -131.9660 221.4803 0.5523 -0.8332 0.0258 0.0810 0.3230
49 -10.5154 -132.5853 238.0622 0.1608 -0.9297 0.3314 0.0134 0.2668
MRinSpiritualFinfameOn.jpg
49 -1.1796 -113.7470 191.8683 0.5565 -0.4921 -0.6694 0.1700 0.4302
49 8.9991 -123.1633 212.8311 0.7445 -0.6211 -0.2450 0.1299 0.3391
49 -1.0050 -126.9669 203.5761 0.5706 -0.6519 -0.4994 0.1164 0.4026
MRinSpiritualFinfameOn.jpg
49 -1.0050 -126.9669 203.5761 0.5706 -0.6519 -0.4994 0.1164 0.4026
49 8.9991 -123.1633 212.8311 0.7445 -0.6211 -0.2450 0.1299 0.3391
49 -0.3884 -131.9660 221.4803 0.5523 -0.8332 0.0258 0.0810 0.3230
MRinSpiritualFinfameOn.jpg
49 -0.3884 -131.9660 221.4803 0.5523 -0.8332 0.0258 0.0810 0.3230
49 -9.7830 -134.1574 207.0678 0.3957 -0.8770 -0.2727 0.0722 0.4047
49 -1.0050 -126.9669 203.5761 0.5706 -0.6519 -0.4994 0.1164 0.4026
MRinSpiritualFinfameOn.jpg
49 -9.7830 -134.1574 207.0678 0.3957 -0.8770 -0.2727 0.0722 0.4047
49 -0.3884 -131.9660 221.4803 0.5523 -0.8332 0.0258 0.0810 0.3230
49 -14.7691 -137.7435 224.5368 0.0799 -0.9936 0.0794 0.0134 0.3245
MRinSpiritualFinfameOn.jpg
49 -9.7830 -134.1574 207.0678 0.3957 -0.8770 -0.2727 0.0722 0.4047
49 -14.7691 -137.7435 224.5368 0.0799 -0.9936 0.0794 0.0134 0.3245
49 -23.8249 -135.7129 197.8251 -0.0130 -0.9806 -0.1955 0.0144 0.4442
MRinSpiritualFinfameOn.jpg
49 -23.8249 -135.7129 197.8251 -0.0130 -0.9806 -0.1955 0.0144 0.4442
49 -15.2873 -129.8635 193.8285 0.4876 -0.6703 -0.5594 0.0862 0.4578
49 -9.7830 -134.1574 207.0678 0.3957 -0.8770 -0.2727 0.0722 0.4047
MRinSpiritualFinfameOn.jpg
49 -1.0050 -126.9669 203.5761 0.5706 -0.6519 -0.4994 0.1164 0.4026
49 -9.7830 -134.1574 207.0678 0.3957 -0.8770 -0.2727 0.0722 0.4047
49 -15.2873 -129.8635 193.8285 0.4876 -0.6703 -0.5594 0.0862 0.4578
MRinSpiritualFinfameOn.jpg
49 -14.2509 -125.6217 192.7590 0.5118 -0.4241 -0.7471 0.1200 0.4796
49 -1.1796 -113.7470 191.8683 0.5565 -0.4921 -0.6694 0.1700 0.4302
49 -1.0050 -126.9669 203.5761 0.5706 -0.6519 -0.4994 0.1164 0.4026
MRinSpiritualFinfameOn.jpg
49 -15.2873 -129.8635 193.8285 0.4876 -0.6703 -0.5594 0.0862 0.4578
49 -14.2509 -125.6217 192.7590 0.5118 -0.4241 -0.7471 0.1200 0.4796
49 -1.0050 -126.9669 203.5761 0.5706 -0.6519 -0.4994 0.1164 0.4026
MRinSpiritualFinfameOn.jpg
49 -14.2509 -125.6217 192.7590 0.5118 -0.4241 -0.7471 0.1200 0.4796
49 -9.4114 -112.6799 189.3678 0.4875 -0.3873 -0.7825 0.1658 0.4765
49 -1.1796 -113.7470 191.8683 0.5565 -0.4921 -0.6694 0.1700 0.4302
MRinSpiritualFinfameOn.jpg
49 -18.2766 -121.2324 184.8325 0.6982 -0.4141 -0.5839 0.1903 0.5145
49 -9.4114 -112.6799 189.3678 0.4875 -0.3873 -0.7825 0.1658 0.4765
49 -14.2509 -125.6217 192.7590 0.5118 -0.4241 -0.7471 0.1200 0.4796
MRinSpiritualFinfameOn.jpg
49 1.2409 -122.4474 257.6645 0.9964 -0.0405 0.0747 0.0420 0.1950
49 -3.4191 -124.6613 260.5174 0.1100 -0.9790 0.1717 0.0134 0.1950
49 2.5043 -124.1916 246.6013 0.8171 -0.5177 0.2536 0.0581 0.2288
MRinSpiritualFinfameOn.jpg
49 1.2409 -122.4474 257.6645 0.9964 -0.0405 0.0747 0.0420 0.1950
49 0.3632 -125.9169 271.6087 0.3062 -0.4411 0.8436 0.0134 0.1580
49 -3.4191 -124.6613 260.5174 0.1100 -0.9790 0.1717 0.0134 0.1950
MRinSpiritualFinfameOn.jpg
49 2.5043 -124.1916 246.6013 0.8171 -0.5177 0.2536 0.0581 0.2288
49 -4.4354 -119.1149 258.3709 0.2699 0.4094 0.8715 0.0560 0.1783
49 1.2409 -122.4474 257.6645 0.9964 -0.0405 0.0747 0.0420 0.1950
MRinSpiritualFinfameOn.jpg
49 1.2409 -122.4474 257.6645 0.9964 -0.0405 0.0747 0.0420 0.1950
49 -4.4354 -119.1149 258.3709 0.2699 0.4094 0.8715 0.0560 0.1783
49 0.3632 -125.9169 271.6087 0.3062 -0.4411 0.8436 0.0134 0.1580
MRinSpiritualFinfameOn.jpg
44 83.7808 -11.5141 134.5511 0.8765 0.4814 -0.0048 0.0462 0.0108
44 86.5115 -16.3342 149.8721 0.6594 0.5839 -0.4735 0.0717 0.0087
44 90.1665 -25.4499 135.3824 0.8291 0.5431 -0.1325 0.0581 0.0321
MRinSpiritualFinfameOn.jpg
44 90.1665 -25.4499 135.3824 0.8291 0.5431 -0.1325 0.0581 0.0321
44 86.5115 -16.3342 149.8721 0.6594 0.5839 -0.4735 0.0717 0.0087
44 100.8934 -35.9941 139.0871 0.4732 0.5385 -0.6972 0.0753 0.0508
MRinSpiritualFinfameOn.jpg
44 114.2836 -7.3249 163.9717 -0.0834 0.3951 -0.9149 0.1226 0.0087
44 100.8934 -35.9941 139.0871 0.4732 0.5385 -0.6972 0.0753 0.0508
44 86.5115 -16.3342 149.8721 0.6594 0.5839 -0.4735 0.0717 0.0087
MRinSpiritualFinfameOn.jpg
44 114.2836 -7.3249 163.9717 -0.0834 0.3951 -0.9149 0.1226 0.0087
44 118.4171 -28.3167 152.1035 0.2761 0.4386 -0.8552 0.1112 0.0456
44 100.8934 -35.9941 139.0871 0.4732 0.5385 -0.6972 0.0753 0.0508
MRinSpiritualFinfameOn.jpg
44 114.8995 -35.7837 147.5119 0.4924 0.2756 -0.8255 0.1003 0.0560
44 100.8934 -35.9941 139.0871 0.4732 0.5385 -0.6972 0.0753 0.0508
44 118.4171 -28.3167 152.1035 0.2761 0.4386 -0.8552 0.1112 0.0456
MRinSpiritualFinfameOn.jpg
44 118.4171 -28.3167 152.1035 0.2761 0.4386 -0.8552 0.1112 0.0456
44 114.2836 -7.3249 163.9717 -0.0834 0.3951 -0.9149 0.1226 0.0087
44 123.6425 -24.2867 154.0521 -0.3943 0.2920 -0.8713 0.1216 0.0430
MRinSpiritualFinfameOn.jpg
44 123.6425 -24.2867 154.0521 -0.3943 0.2920 -0.8713 0.1216 0.0430
44 114.2836 -7.3249 163.9717 -0.0834 0.3951 -0.9149 0.1226 0.0087
44 124.4434 1.7168 155.2175 -0.6526 -0.0002 -0.7577 0.1476 0.0103
MRinSpiritualFinfameOn.jpg
35 40.7784 -10.5275 235.0402 -0.5165 0.1927 0.8343 0.8184 0.4010
35 60.9763 -37.5604 229.4121 -0.7740 -0.4323 -0.4626 0.8277 0.5114
35 46.2882 -23.6118 241.4727 0.1820 0.8381 -0.5143 0.7923 0.4432
MRinSpiritualFinfameOn.jpg
35 60.9763 -37.5604 229.4121 -0.7740 -0.4323 -0.4626 0.8277 0.5114
35 54.9447 -39.0878 241.0577 -0.7408 -0.3600 -0.5671 0.7866 0.4999
35 46.2882 -23.6118 241.4727 0.1820 0.8381 -0.5143 0.7923 0.4432
MRinSpiritualFinfameOn.jpg
35 60.9763 -37.5604 229.4121 -0.7740 -0.4323 -0.4626 0.8277 0.5114
35 59.7841 -49.9464 240.7973 -0.6649 -0.0097 0.7469 0.7804 0.5384
35 54.9447 -39.0878 241.0577 -0.7408 -0.3600 -0.5671 0.7866 0.4999
MRinSpiritualFinfameOn.jpg
35 60.9763 -37.5604 229.4121 -0.7740 -0.4323 -0.4626 0.8277 0.5114
35 64.4927 -53.4142 237.5049 -0.7025 -0.3862 -0.5978 0.7913 0.5571
35 59.7841 -49.9464 240.7973 -0.6649 -0.0097 0.7469 0.7804 0.5384
MRinSpiritualFinfameOn.jpg
35 64.4927 -53.4142 237.5049 -0.7025 -0.3862 -0.5978 0.7913 0.5571
35 60.6770 -60.2995 245.1897 -0.7223 0.2164 0.6568 0.7564 0.5670
35 59.7841 -49.9464 240.7973 -0.6649 -0.0097 0.7469 0.7804 0.5384
MRinSpiritualFinfameOn.jpg
35 46.2882 -23.6118 241.4727 0.1820 0.8381 -0.5143 0.7923 0.4432
35 54.9447 -39.0878 241.0577 -0.7408 -0.3600 -0.5671 0.7866 0.4999
35 40.8283 -35.7754 253.7886 -0.6559 -0.2817 -0.7003 0.7361 0.4609
MRinSpiritualFinfameOn.jpg
35 53.3570 -42.7836 244.2797 -0.6442 -0.1510 -0.7498 0.7705 0.5062
35 40.8283 -35.7754 253.7886 -0.6559 -0.2817 -0.7003 0.7361 0.4609
35 54.9447 -39.0878 241.0577 -0.7408 -0.3600 -0.5671 0.7866 0.4999
MRinSpiritualFinfameOn.jpg
35 40.8283 -35.7754 253.7886 -0.6559 -0.2817 -0.7003 0.7361 0.4609
35 33.9486 -26.2307 254.5120 -0.6198 -0.3695 -0.6923 0.7372 0.4234
35 46.2882 -23.6118 241.4727 0.1820 0.8381 -0.5143 0.7923 0.4432
MRinSpiritualFinfameOn.jpg
35 46.2882 -23.6118 241.4727 0.1820 0.8381 -0.5143 0.7923 0.4432
35 33.9486 -26.2307 254.5120 -0.6198 -0.3695 -0.6923 0.7372 0.4234
35 34.4294 -12.9241 247.2074 -0.6254 -0.3580 -0.6933 0.7736 0.3917
MRinSpiritualFinfameOn.jpg
35 33.9486 -26.2307 254.5120 -0.6198 -0.3695 -0.6923 0.7372 0.4234
35 23.5501 -13.5695 256.8798 0.6008 0.4802 0.6391 0.7320 0.3698
35 34.4294 -12.9241 247.2074 -0.6254 -0.3580 -0.6933 0.7736 0.3917
MRinSpiritualFinfameOn.jpg
35 31.1439 -29.8439 258.7329 -0.6827 -0.2401 0.6901 0.7169 0.4271
35 23.5501 -13.5695 256.8798 0.6008 0.4802 0.6391 0.7320 0.3698
35 33.9486 -26.2307 254.5120 -0.6198 -0.3695 -0.6923 0.7372 0.4234
MRinSpiritualFinfameOn.jpg
35 39.6713 -48.6724 255.7570 -0.7157 0.6396 0.2806 0.7107 0.4937
35 40.8283 -35.7754 253.7886 -0.6559 -0.2817 -0.7003 0.7361 0.4609
35 53.3570 -42.7836 244.2797 -0.6442 -0.1510 -0.7498 0.7705 0.5062
MRinSpiritualFinfameOn.jpg
35 39.6713 -48.6724 255.7570 -0.7157 0.6396 0.2806 0.7107 0.4937
35 53.3570 -42.7836 244.2797 -0.6442 -0.1510 -0.7498 0.7705 0.5062
35 57.5642 -63.3705 243.3596 -0.7170 -0.3796 -0.5847 0.7492 0.5722
MRinSpiritualFinfameOn.jpg
35 39.6713 -48.6724 255.7570 -0.7157 0.6396 0.2806 0.7107 0.4937
35 57.5642 -63.3705 243.3596 -0.7170 -0.3796 -0.5847 0.7492 0.5722
35 55.5010 -62.1984 245.8309 -0.6995 -0.2253 -0.6782 0.7414 0.5639
MRinSpiritualFinfameOn.jpg
35 40.6830 -59.4963 256.3682 -0.6162 -0.0954 -0.7818 0.7065 0.5296
35 39.6713 -48.6724 255.7570 -0.7157 0.6396 0.2806 0.7107 0.4937
35 55.5010 -62.1984 245.8309 -0.6995 -0.2253 -0.6782 0.7414 0.5639
MRinSpiritualFinfameOn.jpg
35 35.9627 -58.3967 261.2104 -0.6187 0.5504 0.5607 0.6753 0.5129
35 39.6713 -48.6724 255.7570 -0.7157 0.6396 0.2806 0.7107 0.4937
35 40.6830 -59.4963 256.3682 -0.6162 -0.0954 -0.7818 0.7065 0.5296
MRinSpiritualFinfameOn.jpg
35 40.6830 -59.4963 256.3682 -0.6162 -0.0954 -0.7818 0.7065 0.5296
35 55.5010 -62.1984 245.8309 -0.6995 -0.2253 -0.6782 0.7414 0.5639
35 53.7265 -64.6587 247.6884 -0.6466 -0.0035 -0.7628 0.7304 0.5670
MRinSpiritualFinfameOn.jpg
35 53.7265 -64.6587 247.6884 -0.6466 -0.0035 -0.7628 0.7304 0.5670
35 55.5010 -62.1984 245.8309 -0.6995 -0.2253 -0.6782 0.7414 0.5639
35 55.1718 -67.4119 245.9314 0.3928 -0.7750 -0.4950 0.7325 0.5785
MRinSpiritualFinfameOn.jpg
35 49.6551 -73.4493 250.1948 0.4467 -0.6295 -0.6358 0.7008 0.6045
35 40.6830 -59.4963 256.3682 -0.6162 -0.0954 -0.7818 0.7065 0.5296
35 53.7265 -64.6587 247.6884 -0.6466 -0.0035 -0.7628 0.7304 0.5670
MRinSpiritualFinfameOn.jpg
35 51.3066 -77.1497 248.1429 -0.6453 -0.5701 0.5085 0.7018 0.6196
35 49.6551 -73.4493 250.1948 0.4467 -0.6295 -0.6358 0.7008 0.6045
35 53.7265 -64.6587 247.6884 -0.6466 -0.0035 -0.7628 0.7304 0.5670
MRinSpiritualFinfameOn.jpg
35 45.5950 -74.6383 254.5556 -0.6268 -0.0618 -0.7767 0.6784 0.5920
35 40.6830 -59.4963 256.3682 -0.6162 -0.0954 -0.7818 0.7065 0.5296
35 49.6551 -73.4493 250.1948 0.4467 -0.6295 -0.6358 0.7008 0.6045
MRinSpiritualFinfameOn.jpg
35 47.2079 -79.9817 252.4033 0.5802 -0.4474 -0.6806 0.6643 0.6024
35 45.5950 -74.6383 254.5556 -0.6268 -0.0618 -0.7767 0.6784 0.5920
35 49.6551 -73.4493 250.1948 0.4467 -0.6295 -0.6358 0.7008 0.6045
MRinSpiritualFinfameOn.jpg
35 40.6830 -59.4963 256.3682 -0.6162 -0.0954 -0.7818 0.7065 0.5296
35 45.5950 -74.6383 254.5556 -0.6268 -0.0618 -0.7767 0.6784 0.5920
35 34.0207 -66.8230 260.9259 -0.8126 0.5001 0.2993 0.6555 0.5504
MRinSpiritualFinfameOn.jpg
35 34.0207 -66.8230 260.9259 -0.8126 0.5001 0.2993 0.6555 0.5504
35 45.5950 -74.6383 254.5556 -0.6268 -0.0618 -0.7767 0.6784 0.5920
35 43.1963 -80.0925 256.5699 -0.6361 -0.1923 -0.7472 0.6550 0.6014
MRinSpiritualFinfameOn.jpg
35 27.3479 -64.8105 266.9235 -0.4011 0.9135 0.0684 0.5931 0.5332
35 34.0207 -66.8230 260.9259 -0.8126 0.5001 0.2993 0.6555 0.5504
35 43.1963 -80.0925 256.5699 -0.6361 -0.1923 -0.7472 0.6550 0.6014
MRinSpiritualFinfameOn.jpg
35 27.3479 -64.8105 266.9235 -0.4011 0.9135 0.0684 0.5931 0.5332
35 43.1963 -80.0925 256.5699 -0.6361 -0.1923 -0.7472 0.6550 0.6014
35 26.9769 -83.8108 273.7651 -0.6747 -0.3361 -0.6571 0.5670 0.6014
MRinSpiritualFinfameOn.jpg
35 19.5331 -82.1717 280.6002 -0.7142 0.5429 0.4417 0.5395 0.5597
35 27.3479 -64.8105 266.9235 -0.4011 0.9135 0.0684 0.5931 0.5332
35 26.9769 -83.8108 273.7651 -0.6747 -0.3361 -0.6571 0.5670 0.6014
MRinSpiritualFinfameOn.jpg
35 19.5331 -82.1717 280.6002 -0.7142 0.5429 0.4417 0.5395 0.5597
35 26.9769 -83.8108 273.7651 -0.6747 -0.3361 -0.6571 0.5670 0.6014
35 19.2946 -99.4231 296.8772 -0.7752 0.4392 0.4541 0.4833 0.6185
MRinSpiritualFinfameOn.jpg
35 59.7841 -49.9464 240.7973 -0.6649 -0.0097 0.7469 0.7804 0.5384
35 61.0105 -37.5258 229.5020 0.7716 0.4329 0.4661 0.8277 0.5114
35 54.9790 -39.0531 241.1476 0.7408 0.3609 0.5666 0.7866 0.4999
MRinSpiritualFinfameOn.jpg
35 54.9790 -39.0531 241.1476 0.7408 0.3609 0.5666 0.7866 0.4999
35 61.0105 -37.5258 229.5020 0.7716 0.4329 0.4661 0.8277 0.5114
35 46.2882 -23.6118 241.4727 0.1820 0.8381 -0.5143 0.7923 0.4432
MRinSpiritualFinfameOn.jpg
35 60.6770 -60.2995 245.1897 -0.7223 0.2164 0.6568 0.7564 0.5670
35 64.5270 -53.3795 237.5948 0.6921 0.3893 0.6078 0.7913 0.5571
35 59.7841 -49.9464 240.7973 -0.6649 -0.0097 0.7469 0.7804 0.5384
MRinSpiritualFinfameOn.jpg
35 64.5270 -53.3795 237.5948 0.6921 0.3893 0.6078 0.7913 0.5571
35 61.0105 -37.5258 229.5020 0.7716 0.4329 0.4661 0.8277 0.5114
35 59.7841 -49.9464 240.7973 -0.6649 -0.0097 0.7469 0.7804 0.5384
MRinSpiritualFinfameOn.jpg
35 46.2882 -23.6118 241.4727 0.1820 0.8381 -0.5143 0.7923 0.4432
35 40.8618 -35.7373 253.8701 0.6562 0.2825 0.6998 0.7361 0.4609
35 54.9790 -39.0531 241.1476 0.7408 0.3609 0.5666 0.7866 0.4999
MRinSpiritualFinfameOn.jpg
35 53.3913 -42.7490 244.3695 0.6423 0.1488 0.7519 0.7705 0.5062
35 54.9790 -39.0531 241.1476 0.7408 0.3609 0.5666 0.7866 0.4999
35 40.8618 -35.7373 253.8701 0.6562 0.2825 0.6998 0.7361 0.4609
MRinSpiritualFinfameOn.jpg
35 40.8618 -35.7373 253.8701 0.6562 0.2825 0.6998 0.7361 0.4609
35 39.6713 -48.6724 255.7570 -0.7157 0.6396 0.2806 0.7107 0.4937
35 53.3913 -42.7490 244.3695 0.6423 0.1488 0.7519 0.7705 0.5062
MRinSpiritualFinfameOn.jpg
35 33.9821 -26.1926 254.5936 0.6175 0.3691 0.6946 0.7372 0.4234
35 40.8618 -35.7373 253.8701 0.6562 0.2825 0.6998 0.7361 0.4609
35 46.2882 -23.6118 241.4727 0.1820 0.8381 -0.5143 0.7923 0.4432
MRinSpiritualFinfameOn.jpg
35 23.5501 -13.5695 256.8798 0.6008 0.4802 0.6391 0.7320 0.3698
35 31.1439 -29.8439 258.7329 -0.6827 -0.2401 0.6901 0.7169 0.4271
35 33.9821 -26.1926 254.5936 0.6175 0.3691 0.6946 0.7372 0.4234
MRinSpiritualFinfameOn.jpg
35 53.3913 -42.7490 244.3695 0.6423 0.1488 0.7519 0.7705 0.5062
35 39.6713 -48.6724 255.7570 -0.7157 0.6396 0.2806 0.7107 0.4937
35 57.5984 -63.3359 243.4495 0.7149 0.3831 0.5849 0.7492 0.5722
MRinSpiritualFinfameOn.jpg
35 23.5501 -13.5695 256.8798 0.6008 0.4802 0.6391 0.7320 0.3698
35 33.9821 -26.1926 254.5936 0.6175 0.3691 0.6946 0.7372 0.4234
35 34.4636 -12.8895 247.2972 0.5972 0.4234 0.6812 0.7736 0.3917
MRinSpiritualFinfameOn.jpg
35 33.9821 -26.1926 254.5936 0.6175 0.3691 0.6946 0.7372 0.4234
35 46.2882 -23.6118 241.4727 0.1820 0.8381 -0.5143 0.7923 0.4432
35 34.4636 -12.8895 247.2972 0.5972 0.4234 0.6812 0.7736 0.3917
MRinSpiritualFinfameOn.jpg
35 57.5984 -63.3359 243.4495 0.7149 0.3831 0.5849 0.7492 0.5722
35 39.6713 -48.6724 255.7570 -0.7157 0.6396 0.2806 0.7107 0.4937
35 55.5352 -62.1638 245.9208 0.7026 0.2247 0.6752 0.7414 0.5639
MRinSpiritualFinfameOn.jpg
35 23.5501 -13.5695 256.8798 0.6008 0.4802 0.6391 0.7320 0.3698
35 34.4636 -12.8895 247.2972 0.5972 0.4234 0.6812 0.7736 0.3917
35 29.7570 -3.6254 243.3178 0.6539 0.4963 0.5710 0.7882 0.3584
MRinSpiritualFinfameOn.jpg
35 29.7570 -3.6254 243.3178 0.6539 0.4963 0.5710 0.7882 0.3584
35 22.6431 4.0968 246.0540 0.7093 0.4661 0.5288 0.7840 0.3240
35 23.5501 -13.5695 256.8798 0.6008 0.4802 0.6391 0.7320 0.3698
MRinSpiritualFinfameOn.jpg
35 29.7570 -3.6254 243.3178 0.6539 0.4963 0.5710 0.7882 0.3584
35 25.1546 14.4029 229.7859 0.7324 0.5184 0.4414 0.8381 0.3032
35 22.6431 4.0968 246.0540 0.7093 0.4661 0.5288 0.7840 0.3240
MRinSpiritualFinfameOn.jpg
35 39.6713 -48.6724 255.7570 -0.7157 0.6396 0.2806 0.7107 0.4937
35 35.9627 -58.3967 261.2104 -0.6187 0.5504 0.5607 0.6753 0.5129
35 40.7173 -59.4617 256.4581 0.6151 0.0967 0.7825 0.7065 0.5296
MRinSpiritualFinfameOn.jpg
35 39.6713 -48.6724 255.7570 -0.7157 0.6396 0.2806 0.7107 0.4937
35 40.7173 -59.4617 256.4581 0.6151 0.0967 0.7825 0.7065 0.5296
35 55.5352 -62.1638 245.9208 0.7026 0.2247 0.6752 0.7414 0.5639
MRinSpiritualFinfameOn.jpg
35 55.5352 -62.1638 245.9208 0.7026 0.2247 0.6752 0.7414 0.5639
35 40.7173 -59.4617 256.4581 0.6151 0.0967 0.7825 0.7065 0.5296
35 53.7600 -64.6207 247.7700 0.6472 -0.0046 0.7623 0.7304 0.5670
MRinSpiritualFinfameOn.jpg
35 55.5352 -62.1638 245.9208 0.7026 0.2247 0.6752 0.7414 0.5639
35 53.7600 -64.6207 247.7700 0.6472 -0.0046 0.7623 0.7304 0.5670
35 55.1718 -67.4119 245.9314 0.3928 -0.7750 -0.4950 0.7325 0.5785
MRinSpiritualFinfameOn.jpg
35 40.7173 -59.4617 256.4581 0.6151 0.0967 0.7825 0.7065 0.5296
35 49.6551 -73.4493 250.1948 0.4467 -0.6295 -0.6358 0.7008 0.6045
35 53.7600 -64.6207 247.7700 0.6472 -0.0046 0.7623 0.7304 0.5670
MRinSpiritualFinfameOn.jpg
35 49.6551 -73.4493 250.1948 0.4467 -0.6295 -0.6358 0.7008 0.6045
35 51.3066 -77.1497 248.1429 -0.6453 -0.5701 0.5085 0.7018 0.6196
35 53.7600 -64.6207 247.7700 0.6472 -0.0046 0.7623 0.7304 0.5670
MRinSpiritualFinfameOn.jpg
35 45.6293 -74.6036 254.6455 0.6298 0.0610 0.7744 0.6784 0.5920
35 47.2079 -79.9817 252.4033 0.5802 -0.4474 -0.6806 0.6643 0.6024
35 49.6551 -73.4493 250.1948 0.4467 -0.6295 -0.6358 0.7008 0.6045
MRinSpiritualFinfameOn.jpg
35 45.6293 -74.6036 254.6455 0.6298 0.0610 0.7744 0.6784 0.5920
35 40.7173 -59.4617 256.4581 0.6151 0.0967 0.7825 0.7065 0.5296
35 34.0207 -66.8230 260.9259 -0.8126 0.5001 0.2993 0.6555 0.5504
MRinSpiritualFinfameOn.jpg
35 40.7173 -59.4617 256.4581 0.6151 0.0967 0.7825 0.7065 0.5296
35 45.6293 -74.6036 254.6455 0.6298 0.0610 0.7744 0.6784 0.5920
35 49.6551 -73.4493 250.1948 0.4467 -0.6295 -0.6358 0.7008 0.6045
MRinSpiritualFinfameOn.jpg
35 34.0207 -66.8230 260.9259 -0.8126 0.5001 0.2993 0.6555 0.5504
35 27.3479 -64.8105 266.9235 -0.4011 0.9135 0.0684 0.5931 0.5332
35 43.2306 -80.0578 256.6597 0.6342 0.1977 0.7475 0.6550 0.6014
MRinSpiritualFinfameOn.jpg
35 45.6293 -74.6036 254.6455 0.6298 0.0610 0.7744 0.6784 0.5920
35 34.0207 -66.8230 260.9259 -0.8126 0.5001 0.2993 0.6555 0.5504
35 43.2306 -80.0578 256.6597 0.6342 0.1977 0.7475 0.6550 0.6014
MRinSpiritualFinfameOn.jpg
35 43.2306 -80.0578 256.6597 0.6342 0.1977 0.7475 0.6550 0.6014
35 27.3479 -64.8105 266.9235 -0.4011 0.9135 0.0684 0.5931 0.5332
35 27.0111 -83.7762 273.8549 0.6693 0.3413 0.6599 0.5670 0.6014
MRinSpiritualFinfameOn.jpg
35 27.3479 -64.8105 266.9235 -0.4011 0.9135 0.0684 0.5931 0.5332
35 19.5331 -82.1717 280.6002 -0.7142 0.5429 0.4417 0.5395 0.5597
35 27.0111 -83.7762 273.8549 0.6693 0.3413 0.6599 0.5670 0.6014
MRinSpiritualFinfameOn.jpg
35 27.0111 -83.7762 273.8549 0.6693 0.3413 0.6599 0.5670 0.6014
35 19.5331 -82.1717 280.6002 -0.7142 0.5429 0.4417 0.5395 0.5597
35 19.2946 -99.4231 296.8772 -0.7752 0.4392 0.4541 0.4833 0.6185
MRinSpiritualFinfameOn.jpg
44 118.7156 -10.1605 176.4948 0.8500 0.2481 0.4647 0.3948 0.1919
44 116.4311 -13.9784 182.7125 0.6110 -0.0365 0.7908 0.4151 0.1913
44 120.0280 -19.9470 168.9238 0.9593 -0.1832 0.2150 0.3932 0.2252
MRinSpiritualFinfameOn.jpg
44 116.4311 -13.9784 182.7125 0.6110 -0.0365 0.7908 0.4151 0.1913
44 113.7275 -13.3191 177.6668 0.1175 -0.3690 0.9220 0.4281 0.2012
44 118.4809 -21.5929 175.2615 0.2199 -0.7559 0.6166 0.4099 0.2194
MRinSpiritualFinfameOn.jpg
44 116.4311 -13.9784 182.7125 0.6110 -0.0365 0.7908 0.4151 0.1913
44 118.4809 -21.5929 175.2615 0.2199 -0.7559 0.6166 0.4099 0.2194
44 120.0280 -19.9470 168.9238 0.9593 -0.1832 0.2150 0.3932 0.2252
MRinSpiritualFinfameOn.jpg
44 113.7275 -13.3191 177.6668 0.1175 -0.3690 0.9220 0.4281 0.2012
44 116.0138 -28.2129 166.0234 0.7580 -0.5722 0.3132 0.4042 0.2501
44 118.4809 -21.5929 175.2615 0.2199 -0.7559 0.6166 0.4099 0.2194
MRinSpiritualFinfameOn.jpg
44 118.4809 -21.5929 175.2615 0.2199 -0.7559 0.6166 0.4099 0.2194
44 116.0138 -28.2129 166.0234 0.7580 -0.5722 0.3132 0.4042 0.2501
44 120.0280 -19.9470 168.9238 0.9593 -0.1832 0.2150 0.3932 0.2252
MRinSpiritualFinfameOn.jpg
44 110.9223 -26.4145 183.6431 0.9314 -0.3038 0.2005 0.4552 0.2356
44 116.0138 -28.2129 166.0234 0.7580 -0.5722 0.3132 0.4042 0.2501
44 113.7275 -13.3191 177.6668 0.1175 -0.3690 0.9220 0.4281 0.2012
MRinSpiritualFinfameOn.jpg
44 111.4424 -16.6173 182.6202 0.8977 0.3993 0.1862 0.4437 0.2069
44 110.9223 -26.4145 183.6431 0.9314 -0.3038 0.2005 0.4552 0.2356
44 113.7275 -13.3191 177.6668 0.1175 -0.3690 0.9220 0.4281 0.2012
MRinSpiritualFinfameOn.jpg
44 111.4424 -16.6173 182.6202 0.8977 0.3993 0.1862 0.4437 0.2069
44 121.3435 -20.2632 203.8721 0.8345 0.2402 0.4959 0.5015 0.1945
44 110.9223 -26.4145 183.6431 0.9314 -0.3038 0.2005 0.4552 0.2356
MRinSpiritualFinfameOn.jpg
44 110.9223 -26.4145 183.6431 0.9314 -0.3038 0.2005 0.4552 0.2356
44 121.3435 -20.2632 203.8721 0.8345 0.2402 0.4959 0.5015 0.1945
44 107.2378 -24.6851 196.4149 0.4867 -0.1220 0.8650 0.4957 0.2350
MRinSpiritualFinfameOn.jpg
44 107.2378 -24.6851 196.4149 0.4867 -0.1220 0.8650 0.4957 0.2350
44 103.3963 -29.8686 203.7671 0.8777 0.3054 0.3693 0.5171 0.2517
44 110.9223 -26.4145 183.6431 0.9314 -0.3038 0.2005 0.4552 0.2356
MRinSpiritualFinfameOn.jpg
44 107.4000 -38.8699 177.6764 0.8325 -0.5537 -0.0196 0.4453 0.2808
44 116.0138 -28.2129 166.0234 0.7580 -0.5722 0.3132 0.4042 0.2501
44 110.9223 -26.4145 183.6431 0.9314 -0.3038 0.2005 0.4552 0.2356
MRinSpiritualFinfameOn.jpg
44 107.8205 -36.4402 156.5341 0.6330 -0.7554 -0.1692 0.3854 0.2834
44 116.0138 -28.2129 166.0234 0.7580 -0.5722 0.3132 0.4042 0.2501
44 107.4000 -38.8699 177.6764 0.8325 -0.5537 -0.0196 0.4453 0.2808
MRinSpiritualFinfameOn.jpg
44 107.4000 -38.8699 177.6764 0.8325 -0.5537 -0.0196 0.4453 0.2808
44 110.9223 -26.4145 183.6431 0.9314 -0.3038 0.2005 0.4552 0.2356
44 103.0353 -49.3978 199.0741 0.9887 -0.1491 0.0162 0.5134 0.3095
MRinSpiritualFinfameOn.jpg
44 110.9223 -26.4145 183.6431 0.9314 -0.3038 0.2005 0.4552 0.2356
44 103.3963 -29.8686 203.7671 0.8777 0.3054 0.3693 0.5171 0.2517
44 103.0353 -49.3978 199.0741 0.9887 -0.1491 0.0162 0.5134 0.3095
MRinSpiritualFinfameOn.jpg
44 107.8205 -36.4402 156.5341 0.6330 -0.7554 -0.1692 0.3854 0.2834
44 107.4000 -38.8699 177.6764 0.8325 -0.5537 -0.0196 0.4453 0.2808
44 99.0084 -46.0042 168.0086 0.5714 -0.7324 -0.3703 0.4187 0.3188
MRinSpiritualFinfameOn.jpg
44 107.8205 -36.4402 156.5341 0.6330 -0.7554 -0.1692 0.3854 0.2834
44 99.0084 -46.0042 168.0086 0.5714 -0.7324 -0.3703 0.4187 0.3188
44 95.9749 -39.7972 150.4098 0.0535 -0.8956 -0.4416 0.3662 0.3115
MRinSpiritualFinfameOn.jpg
44 107.4000 -38.8699 177.6764 0.8325 -0.5537 -0.0196 0.4453 0.2808
44 93.8448 -62.1017 194.1759 0.8739 -0.3699 -0.3154 0.5015 0.3542
44 99.0084 -46.0042 168.0086 0.5714 -0.7324 -0.3703 0.4187 0.3188
MRinSpiritualFinfameOn.jpg
44 93.8448 -62.1017 194.1759 0.8739 -0.3699 -0.3154 0.5015 0.3542
44 107.4000 -38.8699 177.6764 0.8325 -0.5537 -0.0196 0.4453 0.2808
44 103.0353 -49.3978 199.0741 0.9887 -0.1491 0.0162 0.5134 0.3095
MRinSpiritualFinfameOn.jpg
44 79.6547 -67.8589 166.0702 0.3352 -0.3015 -0.8926 0.4323 0.4031
44 99.0084 -46.0042 168.0086 0.5714 -0.7324 -0.3703 0.4187 0.3188
44 93.8448 -62.1017 194.1759 0.8739 -0.3699 -0.3154 0.5015 0.3542
MRinSpiritualFinfameOn.jpg
44 89.1122 -44.5308 161.6638 -0.0018 -0.6289 -0.7775 0.3896 0.3417
44 95.9749 -39.7972 150.4098 0.0535 -0.8956 -0.4416 0.3662 0.3115
44 99.0084 -46.0042 168.0086 0.5714 -0.7324 -0.3703 0.4187 0.3188
MRinSpiritualFinfameOn.jpg
44 89.1122 -44.5308 161.6638 -0.0018 -0.6289 -0.7775 0.3896 0.3417
44 99.0084 -46.0042 168.0086 0.5714 -0.7324 -0.3703 0.4187 0.3188
44 79.6547 -67.8589 166.0702 0.3352 -0.3015 -0.8926 0.4323 0.4031
MRinSpiritualFinfameOn.jpg
44 95.9749 -39.7972 150.4098 0.0535 -0.8956 -0.4416 0.3662 0.3115
44 89.1122 -44.5308 161.6638 -0.0018 -0.6289 -0.7775 0.3896 0.3417
44 82.4398 -32.0618 148.3158 -0.5350 -0.6567 -0.5315 0.3334 0.3365
MRinSpiritualFinfameOn.jpg
44 74.3789 -22.8897 150.0612 -0.8673 -0.2823 -0.4100 0.3063 0.3542
44 82.4398 -32.0618 148.3158 -0.5350 -0.6567 -0.5315 0.3334 0.3365
44 71.6746 -28.2335 159.4615 -0.7155 -0.0661 -0.6955 0.3251 0.3755
MRinSpiritualFinfameOn.jpg
44 79.6525 -37.9681 158.3446 -0.3344 -0.4780 -0.8122 0.3568 0.3594
44 71.6746 -28.2335 159.4615 -0.7155 -0.0661 -0.6955 0.3251 0.3755
44 82.4398 -32.0618 148.3158 -0.5350 -0.6567 -0.5315 0.3334 0.3365
MRinSpiritualFinfameOn.jpg
44 79.6525 -37.9681 158.3446 -0.3344 -0.4780 -0.8122 0.3568 0.3594
44 82.4398 -32.0618 148.3158 -0.5350 -0.6567 -0.5315 0.3334 0.3365
44 89.1122 -44.5308 161.6638 -0.0018 -0.6289 -0.7775 0.3896 0.3417
MRinSpiritualFinfameOn.jpg
44 70.9636 -50.0643 161.9865 -0.1504 -0.2216 -0.9635 0.3787 0.3948
44 89.1122 -44.5308 161.6638 -0.0018 -0.6289 -0.7775 0.3896 0.3417
44 79.6547 -67.8589 166.0702 0.3352 -0.3015 -0.8926 0.4323 0.4031
MRinSpiritualFinfameOn.jpg
44 79.6525 -37.9681 158.3446 -0.3344 -0.4780 -0.8122 0.3568 0.3594
44 89.1122 -44.5308 161.6638 -0.0018 -0.6289 -0.7775 0.3896 0.3417
44 70.9636 -50.0643 161.9865 -0.1504 -0.2216 -0.9635 0.3787 0.3948
MRinSpiritualFinfameOn.jpg
44 79.6525 -37.9681 158.3446 -0.3344 -0.4780 -0.8122 0.3568 0.3594
44 70.9636 -50.0643 161.9865 -0.1504 -0.2216 -0.9635 0.3787 0.3948
44 71.6746 -28.2335 159.4615 -0.7155 -0.0661 -0.6955 0.3251 0.3755
MRinSpiritualFinfameOn.jpg
44 61.0248 -35.8981 164.1833 -0.4837 0.1397 -0.8640 0.3365 0.4088
44 71.6746 -28.2335 159.4615 -0.7155 -0.0661 -0.6955 0.3251 0.3755
44 70.9636 -50.0643 161.9865 -0.1504 -0.2216 -0.9635 0.3787 0.3948
MRinSpiritualFinfameOn.jpg
44 74.0448 -63.4727 166.0773 -0.2516 -0.3202 -0.9133 0.4135 0.4094
44 70.9636 -50.0643 161.9865 -0.1504 -0.2216 -0.9635 0.3787 0.3948
44 79.6547 -67.8589 166.0702 0.3352 -0.3015 -0.8926 0.4323 0.4031
MRinSpiritualFinfameOn.jpg
44 71.6633 -70.1058 168.8789 -0.3385 -0.2220 -0.9144 0.4250 0.4276
44 74.0448 -63.4727 166.0773 -0.2516 -0.3202 -0.9133 0.4135 0.4094
44 79.6547 -67.8589 166.0702 0.3352 -0.3015 -0.8926 0.4323 0.4031
MRinSpiritualFinfameOn.jpg
44 79.6547 -67.8589 166.0702 0.3352 -0.3015 -0.8926 0.4323 0.4031
44 78.9050 -75.0852 166.7692 0.2385 -0.5062 -0.8288 0.4442 0.4177
44 71.6633 -70.1058 168.8789 -0.3385 -0.2220 -0.9144 0.4250 0.4276
MRinSpiritualFinfameOn.jpg
44 75.1255 -76.9327 169.4303 -0.1852 -0.6642 -0.7242 0.4463 0.4297
44 71.6633 -70.1058 168.8789 -0.3385 -0.2220 -0.9144 0.4250 0.4276
44 78.9050 -75.0852 166.7692 0.2385 -0.5062 -0.8288 0.4442 0.4177
MRinSpiritualFinfameOn.jpg
44 81.7825 -80.8464 178.9896 0.5199 -0.7447 -0.4184 0.4765 0.4208
44 75.1255 -76.9327 169.4303 -0.1852 -0.6642 -0.7242 0.4463 0.4297
44 78.9050 -75.0852 166.7692 0.2385 -0.5062 -0.8288 0.4442 0.4177
MRinSpiritualFinfameOn.jpg
44 78.9050 -75.0852 166.7692 0.2385 -0.5062 -0.8288 0.4442 0.4177
44 92.4092 -75.5273 189.5507 0.8754 -0.3528 -0.3305 0.5015 0.3906
44 81.7825 -80.8464 178.9896 0.5199 -0.7447 -0.4184 0.4765 0.4208
MRinSpiritualFinfameOn.jpg
44 92.4092 -75.5273 189.5507 0.8754 -0.3528 -0.3305 0.5015 0.3906
44 78.9050 -75.0852 166.7692 0.2385 -0.5062 -0.8288 0.4442 0.4177
44 79.6547 -67.8589 166.0702 0.3352 -0.3015 -0.8926 0.4323 0.4031
MRinSpiritualFinfameOn.jpg
44 93.8448 -62.1017 194.1759 0.8739 -0.3699 -0.3154 0.5015 0.3542
44 92.4092 -75.5273 189.5507 0.8754 -0.3528 -0.3305 0.5015 0.3906
44 79.6547 -67.8589 166.0702 0.3352 -0.3015 -0.8926 0.4323 0.4031
MRinSpiritualFinfameOn.jpg
44 90.1509 -78.2735 190.7601 0.7394 -0.6620 -0.1224 0.5062 0.3990
44 81.7825 -80.8464 178.9896 0.5199 -0.7447 -0.4184 0.4765 0.4208
44 92.4092 -75.5273 189.5507 0.8754 -0.3528 -0.3305 0.5015 0.3906
MRinSpiritualFinfameOn.jpg
44 92.4092 -75.5273 189.5507 0.8754 -0.3528 -0.3305 0.5015 0.3906
44 94.9096 -70.8398 200.8757 0.8964 -0.3772 -0.2329 0.5254 0.3724
44 90.1509 -78.2735 190.7601 0.7394 -0.6620 -0.1224 0.5062 0.3990
MRinSpiritualFinfameOn.jpg
44 94.9096 -70.8398 200.8757 0.8964 -0.3772 -0.2329 0.5254 0.3724
44 92.4092 -75.5273 189.5507 0.8754 -0.3528 -0.3305 0.5015 0.3906
44 93.8448 -62.1017 194.1759 0.8739 -0.3699 -0.3154 0.5015 0.3542
MRinSpiritualFinfameOn.jpg
44 103.0353 -49.3978 199.0741 0.9887 -0.1491 0.0162 0.5134 0.3095
44 94.9096 -70.8398 200.8757 0.8964 -0.3772 -0.2329 0.5254 0.3724
44 93.8448 -62.1017 194.1759 0.8739 -0.3699 -0.3154 0.5015 0.3542
MRinSpiritualFinfameOn.jpg
44 103.0353 -49.3978 199.0741 0.9887 -0.1491 0.0162 0.5134 0.3095
44 106.1485 -53.6613 213.9544 0.9804 0.1551 0.1218 0.5514 0.3219
44 94.9096 -70.8398 200.8757 0.8964 -0.3772 -0.2329 0.5254 0.3724
MRinSpiritualFinfameOn.jpg
44 94.9096 -70.8398 200.8757 0.8964 -0.3772 -0.2329 0.5254 0.3724
44 106.1485 -53.6613 213.9544 0.9804 0.1551 0.1218 0.5514 0.3219
44 99.7868 -65.9189 214.5809 0.8870 -0.4613 -0.0188 0.5582 0.3532
MRinSpiritualFinfameOn.jpg
44 99.7868 -65.9189 214.5809 0.8870 -0.4613 -0.0188 0.5582 0.3532
44 106.1485 -53.6613 213.9544 0.9804 0.1551 0.1218 0.5514 0.3219
35 81.5264 -103.6094 201.1032 0.8929 -0.4498 0.0202 0.5936 0.3334
MRinSpiritualFinfameOn.jpg
44 103.0353 -49.3978 199.0741 0.9887 -0.1491 0.0162 0.5134 0.3095
44 103.3963 -29.8686 203.7671 0.8777 0.3054 0.3693 0.5171 0.2517
44 96.5635 -50.0227 211.4484 0.8359 0.4704 0.2829 0.5525 0.2985
MRinSpiritualFinfameOn.jpg
44 96.5635 -50.0227 211.4484 0.8359 0.4704 0.2829 0.5525 0.2985
44 106.1485 -53.6613 213.9544 0.9804 0.1551 0.1218 0.5514 0.3219
44 103.0353 -49.3978 199.0741 0.9887 -0.1491 0.0162 0.5134 0.3095
MRinSpiritualFinfameOn.jpg
35 81.5264 -103.6094 201.1032 0.8929 -0.4498 0.0202 0.5936 0.3334
44 106.1485 -53.6613 213.9544 0.9804 0.1551 0.1218 0.5514 0.3219
44 96.5635 -50.0227 211.4484 0.8359 0.4704 0.2829 0.5525 0.2985
MRinSpiritualFinfameOn.jpg
44 109.4600 -36.8788 227.7383 0.8960 0.4161 0.1550 0.5889 0.2501
44 103.2387 -48.9081 222.2124 0.8729 -0.4052 -0.2717 0.5759 0.2819
44 103.3963 -29.8686 203.7671 0.8777 0.3054 0.3693 0.5171 0.2517
MRinSpiritualFinfameOn.jpg
44 103.3963 -29.8686 203.7671 0.8777 0.3054 0.3693 0.5171 0.2517
44 103.2387 -48.9081 222.2124 0.8729 -0.4052 -0.2717 0.5759 0.2819
44 96.5635 -50.0227 211.4484 0.8359 0.4704 0.2829 0.5525 0.2985
MRinSpiritualFinfameOn.jpg
35 102.5133 -97.4540 201.5078 0.8711 -0.4831 -0.0882 0.6175 0.2730
44 103.2387 -48.9081 222.2124 0.8729 -0.4052 -0.2717 0.5759 0.2819
44 109.4600 -36.8788 227.7383 0.8960 0.4161 0.1550 0.5889 0.2501
MRinSpiritualFinfameOn.jpg
9 106.4709 190.0511 196.8222 0.7628 -0.4943 0.4169 0.2626 0.7403
9 97.3640 183.8545 206.4694 -0.4303 -0.8765 -0.2158 0.2382 0.7705
9 106.6175 183.6276 188.9373 -0.5373 -0.8434 -0.0069 0.2371 0.7169
MRinSpiritualFinfameOn.jpg
9 106.4709 190.0511 196.8222 0.7628 -0.4943 0.4169 0.2626 0.7403
9 106.6175 183.6276 188.9373 -0.5373 -0.8434 -0.0069 0.2371 0.7169
9 113.3691 190.7231 185.2344 0.7555 -0.4947 0.4294 0.2746 0.7065
MRinSpiritualFinfameOn.jpg
9 106.6175 183.6276 188.9373 -0.5373 -0.8434 -0.0069 0.2371 0.7169
9 116.2163 187.5003 176.7190 0.7504 -0.4911 0.4424 0.2767 0.6805
9 113.3691 190.7231 185.2344 0.7555 -0.4947 0.4294 0.2746 0.7065
MRinSpiritualFinfameOn.jpg
9 121.0385 172.8490 166.5735 0.6502 -0.5018 0.5705 0.2616 0.6295
9 110.0333 177.2620 175.9086 0.6932 -0.4608 0.5541 0.2257 0.6768
9 110.6214 170.0797 167.1786 -0.6024 -0.7010 0.3817 0.2725 0.6524
MRinSpiritualFinfameOn.jpg
9 106.6175 183.6276 188.9373 -0.5373 -0.8434 -0.0069 0.2371 0.7169
9 110.0333 177.2620 175.9086 0.6932 -0.4608 0.5541 0.2257 0.6768
9 116.2163 187.5003 176.7190 0.7504 -0.4911 0.4424 0.2767 0.6805
MRinSpiritualFinfameOn.jpg
9 117.3373 182.2054 169.0209 0.1624 0.8127 0.5596 0.2725 0.6524
9 116.2163 187.5003 176.7190 0.7504 -0.4911 0.4424 0.2767 0.6805
9 110.0333 177.2620 175.9086 0.6932 -0.4608 0.5541 0.2257 0.6768
MRinSpiritualFinfameOn.jpg
9 181.7610 132.2400 175.7737 0.6135 -0.6909 0.3825 0.2371 0.7169
9 175.0999 136.0146 194.1217 -0.7830 -0.5131 0.3516 0.2382 0.7705
9 174.2491 128.5562 181.3431 -0.7694 -0.6237 0.1377 0.2626 0.7403
MRinSpiritualFinfameOn.jpg
9 181.7610 132.2400 175.7737 0.6135 -0.6909 0.3825 0.2371 0.7169
9 174.2491 128.5562 181.3431 -0.7694 -0.6237 0.1377 0.2626 0.7403
9 178.1432 125.1445 168.8073 -0.7593 -0.6479 0.0613 0.2746 0.7065
MRinSpiritualFinfameOn.jpg
9 181.7610 132.2400 175.7737 0.6135 -0.6909 0.3825 0.2371 0.7169
9 178.1432 125.1445 168.8073 -0.7593 -0.6479 0.0613 0.2746 0.7065
9 183.7174 125.6531 161.1501 0.6112 -0.6866 0.3938 0.2767 0.6805
MRinSpiritualFinfameOn.jpg
9 201.1718 128.4606 154.9743 0.4954 -0.6951 0.5209 0.2616 0.6295
9 191.1882 134.3770 164.6114 0.5448 -0.6693 0.5052 0.2257 0.6768
9 190.3875 128.1662 155.1787 -0.7616 -0.5747 0.2995 0.2725 0.6524
MRinSpiritualFinfameOn.jpg
9 191.1882 134.3770 164.6114 0.5448 -0.6693 0.5052 0.2257 0.6768
9 181.7610 132.2400 175.7737 0.6135 -0.6909 0.3825 0.2371 0.7169
9 183.7174 125.6531 161.1501 0.6112 -0.6866 0.3938 0.2767 0.6805
MRinSpiritualFinfameOn.jpg
9 190.3875 128.1662 155.1787 -0.7616 -0.5747 0.2995 0.2725 0.6524
9 191.1882 134.3770 164.6114 0.5448 -0.6693 0.5052 0.2257 0.6768
9 183.7174 125.6531 161.1501 0.6112 -0.6866 0.3938 0.2767 0.6805
MRinSpiritualFinfameOn.jpg
9 191.7138 141.8765 177.2723 0.6117 -0.6911 0.3850 0.2496 0.7133
9 191.1882 134.3770 164.6114 0.5448 -0.6693 0.5052 0.2257 0.6768
9 207.8108 143.7949 156.2779 0.5969 -0.7203 0.3534 0.2991 0.6519
MRinSpiritualFinfameOn.jpg
9 101.4734 174.1781 187.5412 0.7621 -0.4850 0.4291 0.2371 0.7169
9 94.2771 178.2178 205.6285 -0.6373 -0.6413 0.4273 0.2382 0.7705
9 95.0900 169.4626 193.7039 -0.6002 -0.7673 0.2259 0.2626 0.7403
MRinSpiritualFinfameOn.jpg
9 101.4734 174.1781 187.5412 0.7621 -0.4850 0.4291 0.2371 0.7169
9 95.0900 169.4626 193.7039 -0.6002 -0.7673 0.2259 0.2626 0.7403
9 99.5554 165.7373 181.4492 -0.5859 -0.7957 0.1537 0.2746 0.7065
MRinSpiritualFinfameOn.jpg
9 101.4734 174.1781 187.5412 0.7621 -0.4850 0.4291 0.2371 0.7169
9 99.5554 165.7373 181.4492 -0.5859 -0.7957 0.1537 0.2746 0.7065
9 104.7831 166.7207 173.5952 0.7591 -0.4800 0.4396 0.2767 0.6805
MRinSpiritualFinfameOn.jpg
9 110.6214 170.0797 167.1786 -0.6024 -0.7010 0.3817 0.2725 0.6524
9 110.0333 177.2620 175.9086 0.6932 -0.4608 0.5541 0.2257 0.6768
9 104.7831 166.7207 173.5952 0.7591 -0.4800 0.4396 0.2767 0.6805
MRinSpiritualFinfameOn.jpg
9 110.0333 177.2620 175.9086 0.6932 -0.4608 0.5541 0.2257 0.6768
9 101.4734 174.1781 187.5412 0.7621 -0.4850 0.4291 0.2371 0.7169
9 104.7831 166.7207 173.5952 0.7591 -0.4800 0.4396 0.2767 0.6805
MRinSpiritualFinfameOn.jpg
44 72.2196 -18.0064 135.3534 -0.5140 0.1101 -0.8507 0.9625 0.3063
44 83.7808 -11.5141 134.5511 -0.2325 0.2995 -0.9253 0.9942 0.3063
44 90.1665 -25.4499 135.3824 -0.0691 -0.2563 -0.9641 0.9942 0.3480
MRinSpiritualFinfameOn.jpg
44 81.4700 -36.1276 140.1476 -0.5079 -0.7679 -0.3904 0.9500 0.3480
44 68.3543 -22.5427 141.3867 -0.8880 -0.4543 -0.0714 0.9276 0.3063
44 72.2196 -18.0064 135.3534 -0.5140 0.1101 -0.8507 0.9625 0.3063
MRinSpiritualFinfameOn.jpg
44 68.3543 -22.5427 141.3867 -0.8880 -0.4543 -0.0714 0.9276 0.3063
44 81.4700 -36.1276 140.1476 -0.5079 -0.7679 -0.3904 0.9500 0.3480
44 74.3789 -22.8897 150.0612 -0.6850 -0.5814 0.4392 0.9073 0.3063
MRinSpiritualFinfameOn.jpg
44 81.4700 -36.1276 140.1476 -0.5079 -0.7679 -0.3904 0.9500 0.3480
44 72.2196 -18.0064 135.3534 -0.5140 0.1101 -0.8507 0.9625 0.3063
44 90.1665 -25.4499 135.3824 -0.0691 -0.2563 -0.9641 0.9942 0.3480
MRinSpiritualFinfameOn.jpg
44 81.4700 -36.1276 140.1476 -0.5079 -0.7679 -0.3904 0.9500 0.3480
44 82.4398 -32.0618 148.3158 -0.5567 -0.6673 0.4948 0.9349 0.3480
44 74.3789 -22.8897 150.0612 -0.6850 -0.5814 0.4392 0.9073 0.3063
MRinSpiritualFinfameOn.jpg
44 100.8934 -35.9941 139.0871 0.1502 -0.7279 -0.6690 0.9942 0.3891
44 81.4700 -36.1276 140.1476 -0.5079 -0.7679 -0.3904 0.9500 0.3480
44 90.1665 -25.4499 135.3824 -0.0691 -0.2563 -0.9641 0.9942 0.3480
MRinSpiritualFinfameOn.jpg
44 81.4700 -36.1276 140.1476 -0.5079 -0.7679 -0.3904 0.9500 0.3480
44 96.1055 -43.1247 147.3340 -0.2973 -0.9421 0.1553 0.9625 0.3891
44 82.4398 -32.0618 148.3158 -0.5567 -0.6673 0.4948 0.9349 0.3480
MRinSpiritualFinfameOn.jpg
44 100.8934 -35.9941 139.0871 0.1502 -0.7279 -0.6690 0.9942 0.3891
44 96.1055 -43.1247 147.3340 -0.2973 -0.9421 0.1553 0.9625 0.3891
44 81.4700 -36.1276 140.1476 -0.5079 -0.7679 -0.3904 0.9500 0.3480
MRinSpiritualFinfameOn.jpg
44 95.9749 -39.7972 150.4098 -0.4565 -0.4606 0.7612 0.9500 0.3891
44 82.4398 -32.0618 148.3158 -0.5567 -0.6673 0.4948 0.9349 0.3480
44 96.1055 -43.1247 147.3340 -0.2973 -0.9421 0.1553 0.9625 0.3891
MRinSpiritualFinfameOn.jpg
44 96.1055 -43.1247 147.3340 -0.2973 -0.9421 0.1553 0.9625 0.3891
44 110.4968 -42.6512 157.2048 0.0035 -0.9131 0.4077 0.9625 0.4302
44 95.9749 -39.7972 150.4098 -0.4565 -0.4606 0.7612 0.9500 0.3891
MRinSpiritualFinfameOn.jpg
44 96.1055 -43.1247 147.3340 -0.2973 -0.9421 0.1553 0.9625 0.3891
44 100.8934 -35.9941 139.0871 0.1502 -0.7279 -0.6690 0.9942 0.3891
44 110.4968 -42.6512 157.2048 0.0035 -0.9131 0.4077 0.9625 0.4302
MRinSpiritualFinfameOn.jpg
44 114.8995 -35.7837 147.5119 0.6860 -0.7090 -0.1635 0.9942 0.4302
44 110.4968 -42.6512 157.2048 0.0035 -0.9131 0.4077 0.9625 0.4302
44 100.8934 -35.9941 139.0871 0.1502 -0.7279 -0.6690 0.9942 0.3891
MRinSpiritualFinfameOn.jpg
44 110.4968 -42.6512 157.2048 0.0035 -0.9131 0.4077 0.9625 0.4302
44 107.8205 -36.4402 156.5341 -0.5418 -0.1983 0.8168 0.9500 0.4302
44 95.9749 -39.7972 150.4098 -0.4565 -0.4606 0.7612 0.9500 0.3891
MRinSpiritualFinfameOn.jpg
44 110.4968 -42.6512 157.2048 0.0035 -0.9131 0.4077 0.9625 0.4302
44 114.8995 -35.7837 147.5119 0.6860 -0.7090 -0.1635 0.9942 0.4302
44 116.0701 -34.0762 163.6169 0.3307 -0.7474 0.5762 0.9625 0.4572
MRinSpiritualFinfameOn.jpg
44 110.4968 -42.6512 157.2048 0.0035 -0.9131 0.4077 0.9625 0.4302
44 116.0701 -34.0762 163.6169 0.3307 -0.7474 0.5762 0.9625 0.4572
44 107.8205 -36.4402 156.5341 -0.5418 -0.1983 0.8168 0.9500 0.4302
MRinSpiritualFinfameOn.jpg
44 123.6425 -24.2867 154.0521 0.8655 -0.4845 -0.1273 0.9942 0.4755
44 116.0701 -34.0762 163.6169 0.3307 -0.7474 0.5762 0.9625 0.4572
44 114.8995 -35.7837 147.5119 0.6860 -0.7090 -0.1635 0.9942 0.4302
MRinSpiritualFinfameOn.jpg
44 116.0701 -34.0762 163.6169 0.3307 -0.7474 0.5762 0.9625 0.4572
44 116.0138 -28.2129 166.0234 -0.1464 -0.3906 0.9088 0.9500 0.4755
44 107.8205 -36.4402 156.5341 -0.5418 -0.1983 0.8168 0.9500 0.4302
MRinSpiritualFinfameOn.jpg
44 116.0138 -28.2129 166.0234 -0.1464 -0.3906 0.9088 0.9500 0.4755
44 116.0701 -34.0762 163.6169 0.3307 -0.7474 0.5762 0.9625 0.4572
44 124.2447 -28.0768 164.4059 0.8128 -0.4680 0.3469 0.9625 0.4755
MRinSpiritualFinfameOn.jpg
44 124.2447 -28.0768 164.4059 0.8128 -0.4680 0.3469 0.9625 0.4755
44 116.0701 -34.0762 163.6169 0.3307 -0.7474 0.5762 0.9625 0.4572
44 123.6425 -24.2867 154.0521 0.8655 -0.4845 -0.1273 0.9942 0.4755
MRinSpiritualFinfameOn.jpg
44 123.6425 -24.2867 154.0521 0.8655 -0.4845 -0.1273 0.9942 0.4755
44 123.4096 -13.0004 156.4776 0.9975 0.0196 -0.0678 0.9942 0.4963
44 124.2447 -28.0768 164.4059 0.8128 -0.4680 0.3469 0.9625 0.4755
MRinSpiritualFinfameOn.jpg
44 124.2447 -28.0768 164.4059 0.8128 -0.4680 0.3469 0.9625 0.4755
44 123.4096 -13.0004 156.4776 0.9975 0.0196 -0.0678 0.9942 0.4963
44 124.7273 -19.8208 170.6184 0.4201 -0.3831 0.8227 0.9625 0.4963
MRinSpiritualFinfameOn.jpg
44 124.7273 -19.8208 170.6184 0.4201 -0.3831 0.8227 0.9625 0.4963
44 116.0138 -28.2129 166.0234 -0.1464 -0.3906 0.9088 0.9500 0.4755
44 124.2447 -28.0768 164.4059 0.8128 -0.4680 0.3469 0.9625 0.4755
MRinSpiritualFinfameOn.jpg
44 120.0280 -19.9470 168.9238 -0.3306 -0.1655 0.9291 0.9500 0.4963
44 116.0138 -28.2129 166.0234 -0.1464 -0.3906 0.9088 0.9500 0.4755
44 124.7273 -19.8208 170.6184 0.4201 -0.3831 0.8227 0.9625 0.4963
MRinSpiritualFinfameOn.jpg
44 114.2836 -7.3249 163.9717 -0.0834 0.3951 -0.9149 0.1226 0.0087
44 104.4300 10.7769 170.5939 -0.3262 0.1631 -0.9311 0.1216 0.0430
44 124.4434 1.7168 155.2175 -0.6526 -0.0002 -0.7577 0.1476 0.0103
MRinSpiritualFinfameOn.jpg
44 114.2836 -7.3249 163.9717 -0.0834 0.3951 -0.9149 0.1226 0.0087
44 97.7232 9.4767 169.9359 0.2158 0.5452 -0.8100 0.1112 0.0456
44 104.4300 10.7769 170.5939 -0.3262 0.1631 -0.9311 0.1216 0.0430
MRinSpiritualFinfameOn.jpg
44 114.2836 -7.3249 163.9717 -0.0834 0.3951 -0.9149 0.1226 0.0087
44 86.5115 -16.3342 149.8721 0.6594 0.5839 -0.4735 0.0717 0.0087
44 97.7232 9.4767 169.9359 0.2158 0.5452 -0.8100 0.1112 0.0456
MRinSpiritualFinfameOn.jpg
44 77.5058 6.7582 159.2568 0.5045 0.6061 -0.6150 0.0753 0.0508
44 97.7232 9.4767 169.9359 0.2158 0.5452 -0.8100 0.1112 0.0456
44 86.5115 -16.3342 149.8721 0.6594 0.5839 -0.4735 0.0717 0.0087
MRinSpiritualFinfameOn.jpg
44 77.5058 6.7582 159.2568 0.5045 0.6061 -0.6150 0.0753 0.0508
44 88.6698 12.0965 170.0975 0.2127 0.7719 -0.5991 0.1003 0.0560
44 97.7232 9.4767 169.9359 0.2158 0.5452 -0.8100 0.1112 0.0456
MRinSpiritualFinfameOn.jpg
44 86.5115 -16.3342 149.8721 0.6594 0.5839 -0.4735 0.0717 0.0087
44 83.7808 -11.5141 134.5511 0.8765 0.4814 -0.0048 0.0462 0.0108
44 77.6414 -2.5445 146.1902 0.8493 0.5067 -0.1481 0.0581 0.0321
MRinSpiritualFinfameOn.jpg
44 86.5115 -16.3342 149.8721 0.6594 0.5839 -0.4735 0.0717 0.0087
44 77.6414 -2.5445 146.1902 0.8493 0.5067 -0.1481 0.0581 0.0321
44 77.5058 6.7582 159.2568 0.5045 0.6061 -0.6150 0.0753 0.0508
MRinSpiritualFinfameOn.jpg
9 174.2491 128.5562 181.3431 -0.7694 -0.6237 0.1377 0.2626 0.7403
9 181.6857 132.3246 175.7326 -0.6224 0.6837 -0.3810 0.2371 0.7169
9 178.1432 125.1445 168.8073 -0.7593 -0.6479 0.0613 0.2746 0.7065
MRinSpiritualFinfameOn.jpg
9 175.0999 136.0146 194.1217 -0.7830 -0.5131 0.3516 0.2382 0.7705
9 181.6857 132.3246 175.7326 -0.6224 0.6837 -0.3810 0.2371 0.7169
9 174.2491 128.5562 181.3431 -0.7694 -0.6237 0.1377 0.2626 0.7403
MRinSpiritualFinfameOn.jpg
9 178.1432 125.1445 168.8073 -0.7593 -0.6479 0.0613 0.2746 0.7065
9 181.6857 132.3246 175.7326 -0.6224 0.6837 -0.3810 0.2371 0.7169
9 183.6461 125.7301 161.1115 -0.6112 0.6841 -0.3981 0.2767 0.6805
MRinSpiritualFinfameOn.jpg
9 181.6857 132.3246 175.7326 -0.6224 0.6837 -0.3810 0.2371 0.7169
9 191.1241 134.4588 164.5755 -0.6613 0.6970 -0.2772 0.2257 0.6768
9 183.6461 125.7301 161.1115 -0.6112 0.6841 -0.3981 0.2767 0.6805
MRinSpiritualFinfameOn.jpg
9 94.2771 178.2178 205.6285 -0.6373 -0.6413 0.4273 0.2382 0.7705
9 101.3807 174.2407 187.4945 -0.7691 0.4759 -0.4265 0.2371 0.7169
9 95.0900 169.4626 193.7039 -0.6002 -0.7673 0.2259 0.2626 0.7403
MRinSpiritualFinfameOn.jpg
9 95.0900 169.4626 193.7039 -0.6002 -0.7673 0.2259 0.2626 0.7403
9 101.3807 174.2407 187.4945 -0.7691 0.4759 -0.4265 0.2371 0.7169
9 99.5554 165.7373 181.4492 -0.5859 -0.7957 0.1537 0.2746 0.7065
MRinSpiritualFinfameOn.jpg
9 99.5554 165.7373 181.4492 -0.5859 -0.7957 0.1537 0.2746 0.7065
9 101.3807 174.2407 187.4945 -0.7691 0.4759 -0.4265 0.2371 0.7169
9 104.6945 166.7757 173.5511 -0.7586 0.4771 -0.4438 0.2767 0.6805
MRinSpiritualFinfameOn.jpg
9 101.3807 174.2407 187.4945 -0.7691 0.4759 -0.4265 0.2371 0.7169
9 109.9447 177.3170 175.8644 -0.8094 0.4906 -0.3228 0.2257 0.6768
9 104.6945 166.7757 173.5511 -0.7586 0.4771 -0.4438 0.2767 0.6805
MRinSpiritualFinfameOn.jpg
49 -1.9829 -131.0928 204.8956 0.3703 -0.8983 -0.2366 0.2975 0.7445
49 2.2077 -124.6814 203.3644 0.4615 -0.4798 -0.7461 0.3204 0.7783
49 9.1075 -128.0752 217.6386 0.1267 -0.9843 0.1229 0.1971 0.8288
MRinSpiritualFinfameOn.jpg
49 2.2077 -124.6814 203.3644 0.4615 -0.4798 -0.7461 0.3204 0.7783
49 -1.9829 -131.0928 204.8956 0.3703 -0.8983 -0.2366 0.2975 0.7445
49 -1.1699 -126.9896 203.5645 0.4779 -0.3553 -0.8033 0.3193 0.7564
MRinSpiritualFinfameOn.jpg
49 -1.1699 -126.9896 203.5645 0.4779 -0.3553 -0.8033 0.3193 0.7564
49 -1.9829 -131.0928 204.8956 0.3703 -0.8983 -0.2366 0.2975 0.7445
49 -6.4551 -127.0737 197.1150 0.5271 -0.4783 -0.7024 0.3428 0.7263
MRinSpiritualFinfameOn.jpg
49 -6.4551 -127.0737 197.1150 0.5271 -0.4783 -0.7024 0.3428 0.7263
49 -1.9829 -131.0928 204.8956 0.3703 -0.8983 -0.2366 0.2975 0.7445
49 -12.5168 -133.8365 198.6724 0.2777 -0.8869 -0.3692 0.3443 0.6826
MRinSpiritualFinfameOn.jpg
49 -6.4551 -127.0737 197.1150 0.5271 -0.4783 -0.7024 0.3428 0.7263
49 -12.5168 -133.8365 198.6724 0.2777 -0.8869 -0.3692 0.3443 0.6826
49 -11.3491 -129.0286 196.4903 0.5345 -0.4535 -0.7132 0.3662 0.7133
MRinSpiritualFinfameOn.jpg
49 -18.7332 -133.4489 189.6607 0.3245 -0.9086 -0.2629 0.4177 0.6950
49 -11.3491 -129.0286 196.4903 0.5345 -0.4535 -0.7132 0.3662 0.7133
49 -12.5168 -133.8365 198.6724 0.2777 -0.8869 -0.3692 0.3443 0.6826
MRinSpiritualFinfameOn.jpg
49 -12.5168 -133.8365 198.6724 0.2777 -0.8869 -0.3692 0.3443 0.6826
49 -15.9363 -133.0013 198.3675 -0.2086 -0.9454 -0.2503 0.3542 0.6675
49 -18.7332 -133.4489 189.6607 0.3245 -0.9086 -0.2629 0.4177 0.6950
MRinSpiritualFinfameOn.jpg
49 -12.5168 -133.8365 198.6724 0.2777 -0.8869 -0.3692 0.3443 0.6826
49 -17.5607 -134.1461 200.2850 -0.0508 -0.9394 -0.3391 0.3474 0.6550
49 -15.9363 -133.0013 198.3675 -0.2086 -0.9454 -0.2503 0.3542 0.6675
MRinSpiritualFinfameOn.jpg
49 -17.5607 -134.1461 200.2850 -0.0508 -0.9394 -0.3391 0.3474 0.6550
49 -12.5168 -133.8365 198.6724 0.2777 -0.8869 -0.3692 0.3443 0.6826
49 -9.9359 -134.1744 207.0643 0.3060 -0.9428 -0.1321 0.3011 0.6779
MRinSpiritualFinfameOn.jpg
49 -12.5168 -133.8365 198.6724 0.2777 -0.8869 -0.3692 0.3443 0.6826
49 -6.9037 -131.7130 205.2879 0.2846 -0.9563 0.0670 0.2938 0.7080
49 -9.9359 -134.1744 207.0643 0.3060 -0.9428 -0.1321 0.3011 0.6779
MRinSpiritualFinfameOn.jpg
49 -12.5168 -133.8365 198.6724 0.2777 -0.8869 -0.3692 0.3443 0.6826
49 -1.9829 -131.0928 204.8956 0.3703 -0.8983 -0.2366 0.2975 0.7445
49 -6.9037 -131.7130 205.2879 0.2846 -0.9563 0.0670 0.2938 0.7080
MRinSpiritualFinfameOn.jpg
49 2.6922 -127.8071 212.2012 -0.1199 -0.8744 0.4701 0.2465 0.7923
49 -2.2830 -130.1629 209.6463 0.2367 -0.9506 0.2010 0.2704 0.7611
49 -1.9829 -131.0928 204.8956 0.3703 -0.8983 -0.2366 0.2975 0.7445
MRinSpiritualFinfameOn.jpg
49 -6.9037 -131.7130 205.2879 0.2846 -0.9563 0.0670 0.2938 0.7080
49 -1.9829 -131.0928 204.8956 0.3703 -0.8983 -0.2366 0.2975 0.7445
49 -2.2830 -130.1629 209.6463 0.2367 -0.9506 0.2010 0.2704 0.7611
MRinSpiritualFinfameOn.jpg
35 -12.2582 -80.0643 158.9164 -0.0305 -0.8558 -0.5164 0.3807 0.5837
35 1.9786 -81.9316 161.1715 -0.1209 -0.8552 -0.5039 0.4104 0.5915
35 17.4189 -89.5688 172.9178 -0.1649 -0.9092 -0.3823 0.4604 0.5665
MRinSpiritualFinfameOn.jpg
35 14.4733 -84.1753 163.3492 0.1581 -0.7722 -0.6154 0.4458 0.5936
35 1.9786 -81.9316 161.1715 -0.1209 -0.8552 -0.5039 0.4104 0.5915
35 11.2765 -80.9973 156.1913 0.2418 -0.6045 -0.7590 0.4317 0.6071
MRinSpiritualFinfameOn.jpg
35 11.2765 -80.9973 156.1913 0.2418 -0.6045 -0.7590 0.4317 0.6071
35 1.9786 -81.9316 161.1715 -0.1209 -0.8552 -0.5039 0.4104 0.5915
35 -18.9782 -67.7268 153.9818 -0.2392 -0.6633 -0.7091 0.3396 0.6050
MRinSpiritualFinfameOn.jpg
35 11.2765 -80.9973 156.1913 0.2418 -0.6045 -0.7590 0.4317 0.6071
35 -18.9782 -67.7268 153.9818 -0.2392 -0.6633 -0.7091 0.3396 0.6050
35 -2.0992 -68.1182 149.7768 0.0552 -0.4364 -0.8981 0.3870 0.6404
MRinSpiritualFinfameOn.jpg
35 9.4658 -69.4101 152.5525 0.1260 -0.3659 -0.9221 0.4151 0.6378
35 11.2765 -80.9973 156.1913 0.2418 -0.6045 -0.7590 0.4317 0.6071
35 -2.0992 -68.1182 149.7768 0.0552 -0.4364 -0.8981 0.3870 0.6404
MRinSpiritualFinfameOn.jpg
35 7.0610 -60.1574 147.9179 0.0594 -0.4346 -0.8986 0.4016 0.6560
35 9.4658 -69.4101 152.5525 0.1260 -0.3659 -0.9221 0.4151 0.6378
35 -2.0992 -68.1182 149.7768 0.0552 -0.4364 -0.8981 0.3870 0.6404
MRinSpiritualFinfameOn.jpg
35 7.0610 -60.1574 147.9179 0.0594 -0.4346 -0.8986 0.4016 0.6560
35 15.4573 -59.5767 147.1243 -0.0676 -0.4503 -0.8903 0.4260 0.6555
35 9.4658 -69.4101 152.5525 0.1260 -0.3659 -0.9221 0.4151 0.6378
MRinSpiritualFinfameOn.jpg
35 15.4573 -59.5767 147.1243 -0.0676 -0.4503 -0.8903 0.4260 0.6555
35 21.4560 -64.2681 148.8918 -0.0829 -0.4424 -0.8930 0.4453 0.6446
35 9.4658 -69.4101 152.5525 0.1260 -0.3659 -0.9221 0.4151 0.6378
MRinSpiritualFinfameOn.jpg
35 16.5916 -73.9002 156.7271 0.5829 -0.3825 -0.7169 0.4416 0.6295
35 11.2765 -80.9973 156.1913 0.2418 -0.6045 -0.7590 0.4317 0.6071
35 9.4658 -69.4101 152.5525 0.1260 -0.3659 -0.9221 0.4151 0.6378
MRinSpiritualFinfameOn.jpg
35 16.5916 -73.9002 156.7271 0.5829 -0.3825 -0.7169 0.4416 0.6295
35 19.1637 -77.2399 164.3164 0.6613 -0.3861 -0.6431 0.4614 0.6154
35 11.2765 -80.9973 156.1913 0.2418 -0.6045 -0.7590 0.4317 0.6071
MRinSpiritualFinfameOn.jpg
35 14.4733 -84.1753 163.3492 0.1581 -0.7722 -0.6154 0.4458 0.5936
35 11.2765 -80.9973 156.1913 0.2418 -0.6045 -0.7590 0.4317 0.6071
35 19.1637 -77.2399 164.3164 0.6613 -0.3861 -0.6431 0.4614 0.6154
MRinSpiritualFinfameOn.jpg
35 14.4733 -84.1753 163.3492 0.1581 -0.7722 -0.6154 0.4458 0.5936
35 19.1637 -77.2399 164.3164 0.6613 -0.3861 -0.6431 0.4614 0.6154
35 31.4006 -95.8582 174.5549 -0.2627 -0.9056 -0.3328 0.5072 0.5681
MRinSpiritualFinfameOn.jpg
35 17.1957 -94.0714 185.6184 0.0573 -0.9283 -0.3674 0.4656 0.5306
35 6.9114 -93.1302 175.8545 0.2232 -0.7933 -0.5665 0.4297 0.5452
35 12.3841 -90.1453 173.8311 0.1659 -0.8537 -0.4937 0.4458 0.5577
MRinSpiritualFinfameOn.jpg
35 12.3841 -90.1453 173.8311 0.1659 -0.8537 -0.4937 0.4458 0.5577
35 6.9114 -93.1302 175.8545 0.2232 -0.7933 -0.5665 0.4297 0.5452
35 -9.7240 -84.2148 163.9329 0.1248 -0.7032 -0.7000 0.3886 0.5712
MRinSpiritualFinfameOn.jpg
44 86.4222 -78.9374 208.1498 0.6128 -0.7812 -0.1197 0.5597 0.5186
44 90.0409 -73.3486 216.6628 0.7861 -0.6182 0.0008 0.5878 0.5124
35 34.3271 -101.2377 204.4385 -0.1113 -0.9934 -0.0283 0.5140 0.4827
MRinSpiritualFinfameOn.jpg
44 90.0409 -73.3486 216.6628 0.7861 -0.6182 0.0008 0.5878 0.5124
44 71.3648 -93.9746 224.2320 0.7270 -0.6742 -0.1303 0.5421 0.4494
35 34.3271 -101.2377 204.4385 -0.1113 -0.9934 -0.0283 0.5140 0.4827
MRinSpiritualFinfameOn.jpg
44 90.0409 -73.3486 216.6628 0.7861 -0.6182 0.0008 0.5878 0.5124
44 84.5466 -81.5092 233.1810 0.7638 -0.6358 -0.1117 0.5951 0.4614
44 71.3648 -93.9746 224.2320 0.7270 -0.6742 -0.1303 0.5421 0.4494
MRinSpiritualFinfameOn.jpg
44 90.8363 -72.7083 235.8323 0.8868 -0.4602 -0.0421 0.6222 0.4744
44 84.5466 -81.5092 233.1810 0.7638 -0.6358 -0.1117 0.5951 0.4614
44 90.0409 -73.3486 216.6628 0.7861 -0.6182 0.0008 0.5878 0.5124
MRinSpiritualFinfameOn.jpg
44 84.5466 -81.5092 233.1810 0.7638 -0.6358 -0.1117 0.5951 0.4614
44 82.1712 -87.0085 240.9740 0.7333 -0.6633 -0.1493 0.5967 0.4354
44 71.3648 -93.9746 224.2320 0.7270 -0.6742 -0.1303 0.5421 0.4494
MRinSpiritualFinfameOn.jpg
44 68.9051 -99.5501 237.1530 0.7025 -0.6906 -0.1720 0.5519 0.4130
44 71.3648 -93.9746 224.2320 0.7270 -0.6742 -0.1303 0.5421 0.4494
44 82.1712 -87.0085 240.9740 0.7333 -0.6633 -0.1493 0.5967 0.4354
MRinSpiritualFinfameOn.jpg
44 82.1712 -87.0085 240.9740 0.7333 -0.6633 -0.1493 0.5967 0.4354
44 74.5305 -96.7498 248.4679 0.7483 -0.6597 -0.0693 0.5743 0.3932
44 68.9051 -99.5501 237.1530 0.7025 -0.6906 -0.1720 0.5519 0.4130
MRinSpiritualFinfameOn.jpg
44 90.8363 -72.7083 235.8323 0.8868 -0.4602 -0.0421 0.6222 0.4744
44 90.0409 -73.3486 216.6628 0.7861 -0.6182 0.0008 0.5878 0.5124
44 93.2985 -65.5520 216.8510 0.9410 -0.3212 -0.1062 0.6055 0.5264
MRinSpiritualFinfameOn.jpg
44 82.1712 -87.0085 240.9740 0.7333 -0.6633 -0.1493 0.5967 0.4354
44 84.6010 -84.6652 253.0430 0.8298 -0.5509 -0.0895 0.6243 0.4166
44 74.5305 -96.7498 248.4679 0.7483 -0.6597 -0.0693 0.5743 0.3932
MRinSpiritualFinfameOn.jpg
44 90.8363 -72.7083 235.8323 0.8868 -0.4602 -0.0421 0.6222 0.4744
44 93.2985 -65.5520 216.8510 0.9410 -0.3212 -0.1062 0.6055 0.5264
44 99.2493 -55.2376 235.0205 0.9465 -0.3033 -0.1101 0.6607 0.5098
MRinSpiritualFinfameOn.jpg
44 99.2493 -55.2376 235.0205 0.9465 -0.3033 -0.1101 0.6607 0.5098
44 93.2985 -65.5520 216.8510 0.9410 -0.3212 -0.1062 0.6055 0.5264
44 96.6517 -52.9951 223.4520 0.9595 -0.0852 -0.2684 0.6435 0.5369
MRinSpiritualFinfameOn.jpg
44 90.8363 -72.7083 235.8323 0.8868 -0.4602 -0.0421 0.6222 0.4744
44 99.2493 -55.2376 235.0205 0.9465 -0.3033 -0.1101 0.6607 0.5098
44 95.8307 -64.1076 244.9561 0.9472 -0.3169 0.0493 0.6581 0.4728
MRinSpiritualFinfameOn.jpg
44 99.3704 -51.5395 232.3617 0.9574 -0.0624 -0.2819 0.6633 0.5218
44 99.2493 -55.2376 235.0205 0.9465 -0.3033 -0.1101 0.6607 0.5098
44 96.6517 -52.9951 223.4520 0.9595 -0.0852 -0.2684 0.6435 0.5369
MRinSpiritualFinfameOn.jpg
44 99.3704 -51.5395 232.3617 0.9574 -0.0624 -0.2819 0.6633 0.5218
44 96.6517 -52.9951 223.4520 0.9595 -0.0852 -0.2684 0.6435 0.5369
44 100.5830 -45.7231 237.8578 0.9484 0.0896 -0.3040 0.6846 0.5244
MRinSpiritualFinfameOn.jpg
44 99.2493 -55.2376 235.0205 0.9465 -0.3033 -0.1101 0.6607 0.5098
44 99.9804 -48.7916 248.7628 0.9547 -0.2821 0.0945 0.6976 0.4926
44 95.8307 -64.1076 244.9561 0.9472 -0.3169 0.0493 0.6581 0.4728
MRinSpiritualFinfameOn.jpg
44 95.8307 -64.1076 244.9561 0.9472 -0.3169 0.0493 0.6581 0.4728
44 99.9804 -48.7916 248.7628 0.9547 -0.2821 0.0945 0.6976 0.4926
44 98.0460 -50.6267 260.8557 0.9585 -0.2689 0.0944 0.7133 0.4640
MRinSpiritualFinfameOn.jpg
44 95.8307 -64.1076 244.9561 0.9472 -0.3169 0.0493 0.6581 0.4728
44 98.0460 -50.6267 260.8557 0.9585 -0.2689 0.0944 0.7133 0.4640
44 94.1274 -65.8178 258.6387 0.9435 -0.3147 0.1035 0.6732 0.4479
MRinSpiritualFinfameOn.jpg
44 98.0460 -50.6267 260.8557 0.9585 -0.2689 0.0944 0.7133 0.4640
44 94.0644 -63.3011 266.8618 0.9332 -0.3415 0.1117 0.6961 0.4286
44 94.1274 -65.8178 258.6387 0.9435 -0.3147 0.1035 0.6732 0.4479
MRinSpiritualFinfameOn.jpg
44 94.0644 -63.3011 266.8618 0.9332 -0.3415 0.1117 0.6961 0.4286
44 90.3676 -72.5685 262.6561 0.8976 -0.4195 0.1353 0.6685 0.4193
44 94.1274 -65.8178 258.6387 0.9435 -0.3147 0.1035 0.6732 0.4479
MRinSpiritualFinfameOn.jpg
44 77.2188 -95.8613 262.2034 0.7299 -0.6723 -0.1235 0.6123 0.3745
44 74.5305 -96.7498 248.4679 0.7483 -0.6597 -0.0693 0.5743 0.3932
44 84.6010 -84.6652 253.0430 0.8298 -0.5509 -0.0895 0.6243 0.4166
MRinSpiritualFinfameOn.jpg
44 69.9989 -101.8143 260.2165 0.7769 -0.6296 -0.0013 0.5977 0.3636
44 74.5305 -96.7498 248.4679 0.7483 -0.6597 -0.0693 0.5743 0.3932
44 77.2188 -95.8613 262.2034 0.7299 -0.6723 -0.1235 0.6123 0.3745
MRinSpiritualFinfameOn.jpg
44 69.9989 -101.8143 260.2165 0.7769 -0.6296 -0.0013 0.5977 0.3636
44 68.1365 -104.9973 254.1769 0.8306 -0.5557 0.0368 0.5795 0.3589
44 74.5305 -96.7498 248.4679 0.7483 -0.6597 -0.0693 0.5743 0.3932
MRinSpiritualFinfameOn.jpg
44 65.9424 -108.3042 263.5085 0.8511 -0.5248 0.0141 0.5998 0.3417
44 68.1365 -104.9973 254.1769 0.8306 -0.5557 0.0368 0.5795 0.3589
44 69.9989 -101.8143 260.2165 0.7769 -0.6296 -0.0013 0.5977 0.3636
MRinSpiritualFinfameOn.jpg
44 77.2188 -95.8613 262.2034 0.7299 -0.6723 -0.1235 0.6123 0.3745
44 84.6010 -84.6652 253.0430 0.8298 -0.5509 -0.0895 0.6243 0.4166
44 82.8439 -92.6000 274.2232 0.9165 -0.3784 -0.1299 0.6456 0.3599
MRinSpiritualFinfameOn.jpg
44 84.6010 -84.6652 253.0430 0.8298 -0.5509 -0.0895 0.6243 0.4166
44 88.3472 -73.4680 267.0340 0.9509 -0.2950 -0.0934 0.6721 0.4099
44 82.8439 -92.6000 274.2232 0.9165 -0.3784 -0.1299 0.6456 0.3599
MRinSpiritualFinfameOn.jpg
44 82.8439 -92.6000 274.2232 0.9165 -0.3784 -0.1299 0.6456 0.3599
44 88.3472 -73.4680 267.0340 0.9509 -0.2950 -0.0934 0.6721 0.4099
44 88.5544 -84.5051 294.7474 0.9476 -0.2804 -0.1533 0.7013 0.3360
MRinSpiritualFinfameOn.jpg
44 88.3472 -73.4680 267.0340 0.9509 -0.2950 -0.0934 0.6721 0.4099
44 91.5685 -69.3670 283.4489 0.9492 -0.2864 -0.1305 0.7112 0.3859
44 88.5544 -84.5051 294.7474 0.9476 -0.2804 -0.1533 0.7013 0.3360
MRinSpiritualFinfameOn.jpg
44 91.5685 -69.3670 283.4489 0.9492 -0.2864 -0.1305 0.7112 0.3859
44 91.2030 -77.1860 297.1338 0.9412 -0.2778 -0.1924 0.7257 0.3495
44 88.5544 -84.5051 294.7474 0.9476 -0.2804 -0.1533 0.7013 0.3360
MRinSpiritualFinfameOn.jpg
44 88.5544 -84.5051 294.7474 0.9476 -0.2804 -0.1533 0.7013 0.3360
44 91.2030 -77.1860 297.1338 0.9412 -0.2778 -0.1924 0.7257 0.3495
44 89.8847 -86.4075 301.9614 0.9351 -0.2598 -0.2410 0.7190 0.3219
MRinSpiritualFinfameOn.jpg
44 82.6437 -99.6336 283.0480 0.9352 -0.3079 -0.1748 0.6477 0.3298
44 82.8439 -92.6000 274.2232 0.9165 -0.3784 -0.1299 0.6456 0.3599
44 88.5544 -84.5051 294.7474 0.9476 -0.2804 -0.1533 0.7013 0.3360
MRinSpiritualFinfameOn.jpg
44 78.6405 -120.5244 302.4195 0.9191 -0.3285 -0.2176 0.6597 0.2548
44 82.6437 -99.6336 283.0480 0.9352 -0.3079 -0.1748 0.6477 0.3298
44 88.5544 -84.5051 294.7474 0.9476 -0.2804 -0.1533 0.7013 0.3360
MRinSpiritualFinfameOn.jpg
44 78.6405 -120.5244 302.4195 0.9191 -0.3285 -0.2176 0.6597 0.2548
44 77.4801 -115.8828 290.5527 0.9019 -0.3650 -0.2309 0.6347 0.2855
44 82.6437 -99.6336 283.0480 0.9352 -0.3079 -0.1748 0.6477 0.3298
MRinSpiritualFinfameOn.jpg
44 77.4801 -115.8828 290.5527 0.9019 -0.3650 -0.2309 0.6347 0.2855
44 78.6405 -120.5244 302.4195 0.9191 -0.3285 -0.2176 0.6597 0.2548
44 76.1667 -125.4972 299.7436 0.9132 -0.3154 -0.2580 0.6420 0.2418
MRinSpiritualFinfameOn.jpg
44 77.5494 -130.2699 308.7805 0.9093 -0.2940 -0.2944 0.6628 0.2241
44 76.1667 -125.4972 299.7436 0.9132 -0.3154 -0.2580 0.6420 0.2418
44 78.6405 -120.5244 302.4195 0.9191 -0.3285 -0.2176 0.6597 0.2548
MRinSpiritualFinfameOn.jpg
48 116.4023 -68.6828 128.3093 0.1476 0.2143 0.9656 0.4635 0.1544
46 133.3918 -61.5856 129.6834 -0.0028 -0.2645 0.9644 0.4146 0.1544
48 120.4261 -63.4036 123.3974 0.0361 0.7855 0.6177 0.4500 0.1377
MRinSpiritualFinfameOn.jpg
46 127.2515 -74.9442 118.8749 0.2814 -0.8763 0.3911 0.4421 0.1768
46 133.3918 -61.5856 129.6834 -0.0028 -0.2645 0.9644 0.4146 0.1544
48 116.4023 -68.6828 128.3093 0.1476 0.2143 0.9656 0.4635 0.1544
MRinSpiritualFinfameOn.jpg
46 129.3909 -78.1844 115.4690 -0.3134 -0.7785 0.5437 0.4297 0.1814
46 127.2515 -74.9442 118.8749 0.2814 -0.8763 0.3911 0.4421 0.1768
46 123.6451 -75.6605 104.5010 -0.5646 -0.7762 -0.2807 0.4421 0.1971
MRinSpiritualFinfameOn.jpg
48 100.7097 -64.2032 131.5625 0.5515 0.7319 0.4002 0.5088 0.1377
48 89.0000 -75.5333 127.1306 -0.7019 0.3386 0.6266 0.5270 0.1606
48 101.4412 -73.6804 131.1923 0.1965 -0.2574 0.9461 0.4983 0.1539
MRinSpiritualFinfameOn.jpg
48 102.8240 -79.1917 126.0260 0.2144 -0.9434 0.2530 0.4911 0.1690
46 127.2515 -74.9442 118.8749 0.2814 -0.8763 0.3911 0.4421 0.1768
48 101.4412 -73.6804 131.1923 0.1965 -0.2574 0.9461 0.4983 0.1539
MRinSpiritualFinfameOn.jpg
49 -6.7762 -104.7322 179.1942 0.5797 -0.6222 -0.5261 0.2408 0.0571
49 -9.4114 -112.6799 189.3678 0.4405 -0.7592 -0.4791 0.2127 0.0300
49 -18.2766 -121.2324 184.8325 0.7371 -0.6118 -0.2870 0.2293 0.0040
MRinSpiritualFinfameOn.jpg
49 -6.7762 -104.7322 179.1942 0.5797 -0.6222 -0.5261 0.2408 0.0571
49 -1.1796 -113.7470 191.8683 0.5079 -0.5597 -0.6548 0.2012 0.0644
49 -9.4114 -112.6799 189.3678 0.4405 -0.7592 -0.4791 0.2127 0.0300
MRinSpiritualFinfameOn.jpg
44 57.9359 -15.6997 192.5680 -0.6415 0.7643 -0.0654 0.5166 0.9896
44 61.9514 -21.3478 173.4387 -0.7365 0.5910 -0.3291 0.4879 0.9896
35 46.3682 -46.5899 163.4745 0.3726 0.6584 -0.6539 0.4671 0.9896
MRinSpiritualFinfameOn.jpg
35 62.8880 -38.3096 182.2340 0.4822 0.8204 -0.3072 0.4999 0.9433
44 57.9359 -15.6997 192.5680 -0.6415 0.7643 -0.0654 0.5166 0.9896
35 46.3682 -46.5899 163.4745 0.3726 0.6584 -0.6539 0.4671 0.9896
MRinSpiritualFinfameOn.jpg
35 62.8880 -38.3096 182.2340 0.4822 0.8204 -0.3072 0.4999 0.9433
44 75.4136 -17.1210 203.4410 0.0821 0.6732 0.7349 0.5582 0.9896
44 57.9359 -15.6997 192.5680 -0.6415 0.7643 -0.0654 0.5166 0.9896
MRinSpiritualFinfameOn.jpg
44 60.0212 -24.7451 212.8390 0.1804 0.8910 0.4166 0.5384 0.9490
44 75.4136 -17.1210 203.4410 0.0821 0.6732 0.7349 0.5582 0.9896
35 62.8880 -38.3096 182.2340 0.4822 0.8204 -0.3072 0.4999 0.9433
MRinSpiritualFinfameOn.jpg
44 60.0212 -24.7451 212.8390 0.1804 0.8910 0.4166 0.5384 0.9490
44 89.8973 -32.3650 202.3947 0.6358 0.1857 0.7492 0.6196 0.9896
44 75.4136 -17.1210 203.4410 0.0821 0.6732 0.7349 0.5582 0.9896
MRinSpiritualFinfameOn.jpg
44 89.8973 -32.3650 202.3947 0.6358 0.1857 0.7492 0.6196 0.9896
44 96.2844 -23.6335 196.9587 0.5829 0.0772 0.8089 0.6196 0.9896
44 75.4136 -17.1210 203.4410 0.0821 0.6732 0.7349 0.5582 0.9896
MRinSpiritualFinfameOn.jpg
44 96.2844 -23.6335 196.9587 0.5829 0.0772 0.8089 0.6196 0.9896
44 89.8973 -32.3650 202.3947 0.6358 0.1857 0.7492 0.6196 0.9896
44 103.5893 -42.3071 184.6575 0.8476 -0.4088 0.3384 0.6826 0.9896
MRinSpiritualFinfameOn.jpg
44 97.2073 -51.0446 190.0892 0.8878 -0.4548 -0.0705 0.6826 0.9896
44 103.5893 -42.3071 184.6575 0.8476 -0.4088 0.3384 0.6826 0.9896
44 89.8973 -32.3650 202.3947 0.6358 0.1857 0.7492 0.6196 0.9896
MRinSpiritualFinfameOn.jpg
44 103.5893 -42.3071 184.6575 0.8476 -0.4088 0.3384 0.6826 0.9896
44 97.2073 -51.0446 190.0892 0.8878 -0.4548 -0.0705 0.6826 0.9896
44 88.8076 -43.4994 171.0895 0.5171 -0.6922 -0.5034 0.7471 0.9896
MRinSpiritualFinfameOn.jpg
44 82.4103 -52.2187 176.5343 0.6191 -0.4608 -0.6359 0.7471 0.9896
44 88.8076 -43.4994 171.0895 0.5171 -0.6922 -0.5034 0.7471 0.9896
44 97.2073 -51.0446 190.0892 0.8878 -0.4548 -0.0705 0.6826 0.9896
MRinSpiritualFinfameOn.jpg
44 82.4103 -52.2187 176.5343 0.6191 -0.4608 -0.6359 0.7471 0.9896
44 97.2073 -51.0446 190.0892 0.8878 -0.4548 -0.0705 0.6826 0.9896
44 82.0715 -60.7963 178.5033 0.7328 -0.4836 -0.4786 0.7471 0.9641
MRinSpiritualFinfameOn.jpg
44 85.9584 -38.3712 211.0190 0.8066 0.3496 0.4766 0.6123 0.9641
44 89.8973 -32.3650 202.3947 0.6358 0.1857 0.7492 0.6196 0.9896
44 60.0212 -24.7451 212.8390 0.1804 0.8910 0.4166 0.5384 0.9490
MRinSpiritualFinfameOn.jpg
44 89.8973 -32.3650 202.3947 0.6358 0.1857 0.7492 0.6196 0.9896
44 85.9584 -38.3712 211.0190 0.8066 0.3496 0.4766 0.6123 0.9641
44 97.2073 -51.0446 190.0892 0.8878 -0.4548 -0.0705 0.6826 0.9896
MRinSpiritualFinfameOn.jpg
44 85.9584 -38.3712 211.0190 0.8066 0.3496 0.4766 0.6123 0.9641
44 91.9189 -58.8567 196.3840 0.9228 -0.3719 -0.1004 0.6810 0.9641
44 97.2073 -51.0446 190.0892 0.8878 -0.4548 -0.0705 0.6826 0.9896
MRinSpiritualFinfameOn.jpg
44 91.9189 -58.8567 196.3840 0.9228 -0.3719 -0.1004 0.6810 0.9641
44 82.0715 -60.7963 178.5033 0.7328 -0.4836 -0.4786 0.7471 0.9641
44 97.2073 -51.0446 190.0892 0.8878 -0.4548 -0.0705 0.6826 0.9896
MRinSpiritualFinfameOn.jpg
35 43.3686 -99.7918 181.9891 -0.0472 -0.9860 -0.1602 0.7039 0.9058
35 29.2922 -97.5577 190.5854 -0.1613 -0.9849 -0.0631 0.7361 0.8673
35 34.7535 -92.3879 173.7994 -0.1970 -0.8681 -0.4557 0.7471 0.9058
MRinSpiritualFinfameOn.jpg
44 89.8754 -63.2776 210.3150 0.9435 -0.1385 0.3011 0.6623 0.9318
44 91.9189 -58.8567 196.3840 0.9228 -0.3719 -0.1004 0.6810 0.9641
44 85.9584 -38.3712 211.0190 0.8066 0.3496 0.4766 0.6123 0.9641
MRinSpiritualFinfameOn.jpg
35 43.3686 -99.7918 181.9891 -0.0472 -0.9860 -0.1602 0.7039 0.9058
44 91.9189 -58.8567 196.3840 0.9228 -0.3719 -0.1004 0.6810 0.9641
44 89.8754 -63.2776 210.3150 0.9435 -0.1385 0.3011 0.6623 0.9318
MRinSpiritualFinfameOn.jpg
35 43.3686 -99.7918 181.9891 -0.0472 -0.9860 -0.1602 0.7039 0.9058
44 89.8754 -63.2776 210.3150 0.9435 -0.1385 0.3011 0.6623 0.9318
43 69.9606 -86.6238 220.1460 0.4414 -0.7415 0.5053 0.6586 0.8985
MRinSpiritualFinfameOn.jpg
35 48.2868 -75.8771 229.1881 0.5212 -0.4493 0.7255 0.6003 0.8184
35 41.5284 -34.8700 246.3048 0.6394 0.1139 0.7604 0.4869 0.7689
35 29.7713 -80.6722 247.9209 0.6209 -0.4474 0.6437 0.6331 0.7658
MRinSpiritualFinfameOn.jpg
35 -2.2095 -56.5051 274.1242 0.3645 0.4702 0.8038 0.5363 0.6404
35 0.5384 -54.0551 281.8271 0.3990 0.7445 0.5352 0.5332 0.6185
35 11.9515 -72.7096 262.3711 0.6377 -0.2101 0.7411 0.6024 0.6904
MRinSpiritualFinfameOn.jpg
35 11.9515 -72.7096 262.3711 0.6377 -0.2101 0.7411 0.6024 0.6904
35 21.3493 -48.4538 258.9797 0.7003 0.0433 0.7125 0.5129 0.7013
35 -2.2095 -56.5051 274.1242 0.3645 0.4702 0.8038 0.5363 0.6404
MRinSpiritualFinfameOn.jpg
35 11.9515 -72.7096 262.3711 0.6377 -0.2101 0.7411 0.6024 0.6904
35 41.5284 -34.8700 246.3048 0.6394 0.1139 0.7604 0.4869 0.7689
35 21.3493 -48.4538 258.9797 0.7003 0.0433 0.7125 0.5129 0.7013
MRinSpiritualFinfameOn.jpg
35 4.3444 -37.8405 273.2312 0.2631 0.0857 0.9610 0.4650 0.6472
35 -2.2095 -56.5051 274.1242 0.3645 0.4702 0.8038 0.5363 0.6404
35 21.3493 -48.4538 258.9797 0.7003 0.0433 0.7125 0.5129 0.7013
MRinSpiritualFinfameOn.jpg
35 10.9545 -14.8747 266.1089 0.3970 0.6974 0.5967 0.4130 0.6742
35 4.3444 -37.8405 273.2312 0.2631 0.0857 0.9610 0.4650 0.6472
35 21.3493 -48.4538 258.9797 0.7003 0.0433 0.7125 0.5129 0.7013
MRinSpiritualFinfameOn.jpg
35 8.1746 -16.6736 257.2951 0.3855 0.5918 0.7079 0.4380 0.7034
35 10.9545 -14.8747 266.1089 0.3970 0.6974 0.5967 0.4130 0.6742
35 21.3493 -48.4538 258.9797 0.7003 0.0433 0.7125 0.5129 0.7013
MRinSpiritualFinfameOn.jpg
35 41.5284 -34.8700 246.3048 0.6394 0.1139 0.7604 0.4869 0.7689
35 8.1746 -16.6736 257.2951 0.3855 0.5918 0.7079 0.4380 0.7034
35 21.3493 -48.4538 258.9797 0.7003 0.0433 0.7125 0.5129 0.7013
MRinSpiritualFinfameOn.jpg
35 12.3670 3.3576 244.5658 0.3766 0.5351 0.7562 0.3693 0.7507
35 8.1746 -16.6736 257.2951 0.3855 0.5918 0.7079 0.4380 0.7034
35 41.5284 -34.8700 246.3048 0.6394 0.1139 0.7604 0.4869 0.7689
MRinSpiritualFinfameOn.jpg
23 14.7394 24.6053 153.4282 0.5251 0.8500 -0.0406 0.2595 0.8600
23 15.4310 24.9402 169.3734 0.5170 0.8424 -0.1522 0.2808 0.8366
23 29.1306 11.6169 157.0134 0.8135 0.5349 -0.2285 0.3017 0.8943
MRinSpiritualFinfameOn.jpg
35 48.2868 -75.8771 229.1881 0.5212 -0.4493 0.7255 0.6003 0.8184
35 52.4610 -46.8511 234.4303 0.6873 0.0686 0.7231 0.5238 0.8173
35 41.5284 -34.8700 246.3048 0.6394 0.1139 0.7604 0.4869 0.7689
MRinSpiritualFinfameOn.jpg
43 69.9606 -86.6238 220.1460 0.4414 -0.7415 0.5053 0.6586 0.8985
44 89.8754 -63.2776 210.3150 0.9435 -0.1385 0.3011 0.6623 0.9318
43 74.8253 -66.7094 230.8171 0.6829 -0.2379 0.6907 0.6092 0.8923
MRinSpiritualFinfameOn.jpg
44 89.8754 -63.2776 210.3150 0.9435 -0.1385 0.3011 0.6623 0.9318
44 85.9584 -38.3712 211.0190 0.8066 0.3496 0.4766 0.6123 0.9641
44 82.7130 -47.0385 222.2944 0.7690 0.2428 0.5913 0.6102 0.9287
MRinSpiritualFinfameOn.jpg
44 60.0212 -24.7451 212.8390 0.1804 0.8910 0.4166 0.5384 0.9490
44 65.6192 -32.8643 228.6717 0.4448 0.6369 0.6297 0.5660 0.9172
44 85.9584 -38.3712 211.0190 0.8066 0.3496 0.4766 0.6123 0.9641
MRinSpiritualFinfameOn.jpg
44 65.6192 -32.8643 228.6717 0.4448 0.6369 0.6297 0.5660 0.9172
44 82.7130 -47.0385 222.2944 0.7690 0.2428 0.5913 0.6102 0.9287
44 85.9584 -38.3712 211.0190 0.8066 0.3496 0.4766 0.6123 0.9641
MRinSpiritualFinfameOn.jpg
44 82.7130 -47.0385 222.2944 0.7690 0.2428 0.5913 0.6102 0.9287
44 65.6192 -32.8643 228.6717 0.4448 0.6369 0.6297 0.5660 0.9172
43 74.8253 -66.7094 230.8171 0.6829 -0.2379 0.6907 0.6092 0.8923
MRinSpiritualFinfameOn.jpg
35 73.6752 -40.4116 199.2962 0.8264 0.5435 0.1470 0.5218 0.9016
44 65.6192 -32.8643 228.6717 0.4448 0.6369 0.6297 0.5660 0.9172
44 60.0212 -24.7451 212.8390 0.1804 0.8910 0.4166 0.5384 0.9490
MRinSpiritualFinfameOn.jpg
43 71.5884 -44.9059 233.1618 0.5314 0.3139 0.7868 0.5655 0.8891
44 65.6192 -32.8643 228.6717 0.4448 0.6369 0.6297 0.5660 0.9172
35 73.6752 -40.4116 199.2962 0.8264 0.5435 0.1470 0.5218 0.9016
MRinSpiritualFinfameOn.jpg
35 64.6760 -40.0229 216.6324 0.7392 0.5037 0.4471 0.5150 0.8579
35 52.4610 -46.8511 234.4303 0.6873 0.0686 0.7231 0.5238 0.8173
43 71.5884 -44.9059 233.1618 0.5314 0.3139 0.7868 0.5655 0.8891
MRinSpiritualFinfameOn.jpg
46 165.6336 -44.6697 107.8319 0.9728 -0.0800 -0.2176 0.3074 0.2095
46 158.0481 -49.6219 113.5912 0.9006 -0.4344 -0.0154 0.2923 0.2075
46 152.8584 -57.3570 90.9968 0.8671 -0.3385 -0.3655 0.3095 0.1679
MRinSpiritualFinfameOn.jpg
46 155.6128 -37.4099 104.2731 0.9330 -0.3010 -0.1972 0.3251 0.2064
46 165.6336 -44.6697 107.8319 0.9728 -0.0800 -0.2176 0.3074 0.2095
46 152.8584 -57.3570 90.9968 0.8671 -0.3385 -0.3655 0.3095 0.1679
MRinSpiritualFinfameOn.jpg
46 163.7181 -32.7372 118.7855 0.9901 -0.0274 -0.1375 0.3115 0.2350
46 165.1128 -31.4711 134.1908 0.9522 -0.2581 0.1636 0.2923 0.2585
46 158.0481 -49.6219 113.5912 0.9006 -0.4344 -0.0154 0.2923 0.2075
MRinSpiritualFinfameOn.jpg
46 163.7181 -32.7372 118.7855 0.9901 -0.0274 -0.1375 0.3115 0.2350
46 165.6336 -44.6697 107.8319 0.9728 -0.0800 -0.2176 0.3074 0.2095
46 155.6128 -37.4099 104.2731 0.9330 -0.3010 -0.1972 0.3251 0.2064
MRinSpiritualFinfameOn.jpg
46 158.0481 -49.6219 113.5912 0.9006 -0.4344 -0.0154 0.2923 0.2075
46 165.6336 -44.6697 107.8319 0.9728 -0.0800 -0.2176 0.3074 0.2095
46 163.7181 -32.7372 118.7855 0.9901 -0.0274 -0.1375 0.3115 0.2350
MRinSpiritualFinfameOn.jpg
46 163.7181 -32.7372 118.7855 0.9901 -0.0274 -0.1375 0.3115 0.2350
46 155.6128 -37.4099 104.2731 0.9330 -0.3010 -0.1972 0.3251 0.2064
46 161.5999 -22.9916 111.0666 0.9086 0.2093 -0.3614 0.3370 0.2345
MRinSpiritualFinfameOn.jpg
46 157.6251 -39.0477 93.3051 0.9100 -0.0740 -0.4080 0.3407 0.1934
46 163.0983 -33.7134 99.0140 0.9620 -0.1259 -0.2424 0.3396 0.2085
46 155.6128 -37.4099 104.2731 0.9330 -0.3010 -0.1972 0.3251 0.2064
MRinSpiritualFinfameOn.jpg
46 149.0069 -25.9666 94.5181 0.6335 0.4534 -0.6270 0.3657 0.2064
46 163.0983 -33.7134 99.0140 0.9620 -0.1259 -0.2424 0.3396 0.2085
46 157.6251 -39.0477 93.3051 0.9100 -0.0740 -0.4080 0.3407 0.1934
MRinSpiritualFinfameOn.jpg
46 155.6128 -37.4099 104.2731 0.9330 -0.3010 -0.1972 0.3251 0.2064
46 163.0983 -33.7134 99.0140 0.9620 -0.1259 -0.2424 0.3396 0.2085
46 161.5999 -22.9916 111.0666 0.9086 0.2093 -0.3614 0.3370 0.2345
MRinSpiritualFinfameOn.jpg
46 161.5999 -22.9916 111.0666 0.9086 0.2093 -0.3614 0.3370 0.2345
46 163.0983 -33.7134 99.0140 0.9620 -0.1259 -0.2424 0.3396 0.2085
46 149.0069 -25.9666 94.5181 0.6335 0.4534 -0.6270 0.3657 0.2064
MRinSpiritualFinfameOn.jpg
46 145.7727 -15.3033 94.1130 0.7617 0.2499 -0.5978 0.3813 0.2194
46 161.5999 -22.9916 111.0666 0.9086 0.2093 -0.3614 0.3370 0.2345
46 149.0069 -25.9666 94.5181 0.6335 0.4534 -0.6270 0.3657 0.2064
MRinSpiritualFinfameOn.jpg
46 161.5999 -22.9916 111.0666 0.9086 0.2093 -0.3614 0.3370 0.2345
46 145.7727 -15.3033 94.1130 0.7617 0.2499 -0.5978 0.3813 0.2194
46 147.7519 -3.4267 102.7132 0.8020 0.3662 -0.4719 0.3833 0.2455
MRinSpiritualFinfameOn.jpg
46 149.3500 0.0248 110.6233 0.8352 0.3941 -0.3835 0.3776 0.2600
46 161.5999 -22.9916 111.0666 0.9086 0.2093 -0.3614 0.3370 0.2345
46 147.7519 -3.4267 102.7132 0.8020 0.3662 -0.4719 0.3833 0.2455
MRinSpiritualFinfameOn.jpg
46 149.3500 0.0248 110.6233 0.8352 0.3941 -0.3835 0.3776 0.2600
46 163.5307 -12.0996 129.1535 0.9791 0.1320 -0.1546 0.3298 0.2741
46 161.5999 -22.9916 111.0666 0.9086 0.2093 -0.3614 0.3370 0.2345
MRinSpiritualFinfameOn.jpg
46 163.7181 -32.7372 118.7855 0.9901 -0.0274 -0.1375 0.3115 0.2350
46 161.5999 -22.9916 111.0666 0.9086 0.2093 -0.3614 0.3370 0.2345
46 163.5307 -12.0996 129.1535 0.9791 0.1320 -0.1546 0.3298 0.2741
MRinSpiritualFinfameOn.jpg
46 165.1128 -31.4711 134.1908 0.9522 -0.2581 0.1636 0.2923 0.2585
46 163.7181 -32.7372 118.7855 0.9901 -0.0274 -0.1375 0.3115 0.2350
46 163.5307 -12.0996 129.1535 0.9791 0.1320 -0.1546 0.3298 0.2741
MRinSpiritualFinfameOn.jpg
46 149.3500 0.0248 110.6233 0.8352 0.3941 -0.3835 0.3776 0.2600
46 158.4595 3.3757 130.3812 0.8341 0.3096 -0.4564 0.3537 0.2918
46 163.5307 -12.0996 129.1535 0.9791 0.1320 -0.1546 0.3298 0.2741
MRinSpiritualFinfameOn.jpg
46 158.4595 3.3757 130.3812 0.8341 0.3096 -0.4564 0.3537 0.2918
46 166.3835 4.2749 144.8389 0.9920 -0.1046 -0.0711 0.3350 0.3152
46 163.5307 -12.0996 129.1535 0.9791 0.1320 -0.1546 0.3298 0.2741
MRinSpiritualFinfameOn.jpg
46 161.2649 -8.3991 139.2724 0.9904 0.0843 -0.1095 0.3214 0.2933
46 165.1128 -31.4711 134.1908 0.9522 -0.2581 0.1636 0.2923 0.2585
46 163.5307 -12.0996 129.1535 0.9791 0.1320 -0.1546 0.3298 0.2741
MRinSpiritualFinfameOn.jpg
46 161.2649 -8.3991 139.2724 0.9904 0.0843 -0.1095 0.3214 0.2933
46 163.5307 -12.0996 129.1535 0.9791 0.1320 -0.1546 0.3298 0.2741
46 166.3835 4.2749 144.8389 0.9920 -0.1046 -0.0711 0.3350 0.3152
MRinSpiritualFinfameOn.jpg
46 170.8806 -16.7958 150.7776 0.9553 -0.1958 0.2217 0.2923 0.2996
46 165.1128 -31.4711 134.1908 0.9522 -0.2581 0.1636 0.2923 0.2585
46 161.2649 -8.3991 139.2724 0.9904 0.0843 -0.1095 0.3214 0.2933
MRinSpiritualFinfameOn.jpg
46 161.2649 -8.3991 139.2724 0.9904 0.0843 -0.1095 0.3214 0.2933
46 163.4870 0.6423 152.8485 0.8742 0.4028 -0.2712 0.3152 0.3230
46 170.8806 -16.7958 150.7776 0.9553 -0.1958 0.2217 0.2923 0.2996
MRinSpiritualFinfameOn.jpg
46 163.4870 0.6423 152.8485 0.8742 0.4028 -0.2712 0.3152 0.3230
46 165.0386 1.7074 166.1992 0.9248 -0.0245 0.3797 0.2923 0.3433
46 170.8806 -16.7958 150.7776 0.9553 -0.1958 0.2217 0.2923 0.2996
MRinSpiritualFinfameOn.jpg
21 91.3077 197.3105 38.6114 0.0226 0.4427 -0.8964 0.8173 0.2434
21 89.5414 223.9760 59.1349 -0.0328 0.9988 -0.0353 0.8673 0.2855
21 101.8490 199.8055 48.2071 0.9308 0.3653 0.0162 0.8095 0.2725
MRinSpiritualFinfameOn.jpg
21 101.8490 199.8055 48.2071 0.9308 0.3653 0.0162 0.8095 0.2725
21 89.5414 223.9760 59.1349 -0.0328 0.9988 -0.0353 0.8673 0.2855
21 91.3090 170.2161 60.2897 -0.0305 -0.2932 0.9556 0.7247 0.3011
MRinSpiritualFinfameOn.jpg
44 95.1499 -34.1427 229.1826 -0.7016 -0.5321 0.4740 0.4047 0.4328
44 86.9052 -32.3771 219.7717 -0.7163 -0.6918 0.0909 0.3958 0.4333
44 90.7926 -42.3385 217.0786 -0.7853 -0.5570 0.2703 0.3979 0.4406
MRinSpiritualFinfameOn.jpg
44 90.4811 -35.9929 202.5420 -0.5573 -0.8125 0.1708 0.3870 0.4411
44 90.7926 -42.3385 217.0786 -0.7853 -0.5570 0.2703 0.3979 0.4406
44 86.9052 -32.3771 219.7717 -0.7163 -0.6918 0.0909 0.3958 0.4333
MRinSpiritualFinfameOn.jpg
44 90.4811 -35.9929 202.5420 -0.5573 -0.8125 0.1708 0.3870 0.4411
44 86.9052 -32.3771 219.7717 -0.7163 -0.6918 0.0909 0.3958 0.4333
44 55.8755 -15.6440 220.3136 -0.4437 -0.8843 0.1453 0.3854 0.4109
MRinSpiritualFinfameOn.jpg
44 78.2212 -26.5502 233.1749 -0.6044 -0.7954 -0.0458 0.4010 0.4229
44 55.8755 -15.6440 220.3136 -0.4437 -0.8843 0.1453 0.3854 0.4109
44 86.9052 -32.3771 219.7717 -0.7163 -0.6918 0.0909 0.3958 0.4333
MRinSpiritualFinfameOn.jpg
44 85.9355 -36.7945 242.1208 -0.7129 -0.6814 -0.1656 0.4104 0.4281
44 78.2212 -26.5502 233.1749 -0.6044 -0.7954 -0.0458 0.4010 0.4229
44 86.9052 -32.3771 219.7717 -0.7163 -0.6918 0.0909 0.3958 0.4333
MRinSpiritualFinfameOn.jpg
44 90.4811 -35.9929 202.5420 -0.5573 -0.8125 0.1708 0.3870 0.4411
44 55.8755 -15.6440 220.3136 -0.4437 -0.8843 0.1453 0.3854 0.4109
44 45.2290 -14.0773 210.5013 -0.4666 -0.8399 0.2773 0.3761 0.4078
MRinSpiritualFinfameOn.jpg
44 90.4811 -35.9929 202.5420 -0.5573 -0.8125 0.1708 0.3870 0.4411
44 45.2290 -14.0773 210.5013 -0.4666 -0.8399 0.2773 0.3761 0.4078
44 43.8276 -19.2439 192.8773 -0.4563 -0.8726 0.1742 0.3651 0.4135
MRinSpiritualFinfameOn.jpg
44 41.0858 -14.7463 198.7702 -0.6301 -0.7302 0.2642 0.3677 0.4088
44 43.8276 -19.2439 192.8773 -0.4563 -0.8726 0.1742 0.3651 0.4135
44 45.2290 -14.0773 210.5013 -0.4666 -0.8399 0.2773 0.3761 0.4078
MRinSpiritualFinfameOn.jpg
44 90.4811 -35.9929 202.5420 -0.5573 -0.8125 0.1708 0.3870 0.4411
44 43.8276 -19.2439 192.8773 -0.4563 -0.8726 0.1742 0.3651 0.4135
44 55.9788 -22.6855 174.9003 -0.5052 -0.8318 0.2300 0.3584 0.4271
MRinSpiritualFinfameOn.jpg
44 90.4811 -35.9929 202.5420 -0.5573 -0.8125 0.1708 0.3870 0.4411
44 55.9788 -22.6855 174.9003 -0.5052 -0.8318 0.2300 0.3584 0.4271
44 61.0248 -35.8981 164.1833 -0.6438 -0.5849 0.4933 0.3537 0.4385
MRinSpiritualFinfameOn.jpg
49 -15.9080 -95.3717 158.4709 0.4741 -0.7859 -0.3971 0.1336 0.5171
49 -20.1999 -100.0826 165.2419 0.4303 -0.6580 -0.6179 0.1065 0.5587
49 -25.8206 -99.4315 150.0748 0.5302 -0.8157 -0.2314 0.0847 0.4968
MRinSpiritualFinfameOn.jpg
49 -15.9080 -95.3717 158.4709 0.4741 -0.7859 -0.3971 0.1336 0.5171
49 -15.9980 -99.5719 165.0215 0.4120 -0.6863 -0.5994 0.1279 0.5530
49 -20.1999 -100.0826 165.2419 0.4303 -0.6580 -0.6179 0.1065 0.5587
MRinSpiritualFinfameOn.jpg
49 -11.6948 -95.2658 167.0502 0.6763 -0.4951 -0.5455 0.1565 0.5556
49 -15.9980 -99.5719 165.0215 0.4120 -0.6863 -0.5994 0.1279 0.5530
49 -15.9080 -95.3717 158.4709 0.4741 -0.7859 -0.3971 0.1336 0.5171
MRinSpiritualFinfameOn.jpg
49 -15.9980 -99.5719 165.0215 0.4120 -0.6863 -0.5994 0.1279 0.5530
49 -10.9133 -103.0971 170.7221 0.6395 -0.4398 -0.6305 0.1341 0.6014
49 -20.1999 -100.0826 165.2419 0.4303 -0.6580 -0.6179 0.1065 0.5587
MRinSpiritualFinfameOn.jpg
49 -15.9980 -99.5719 165.0215 0.4120 -0.6863 -0.5994 0.1279 0.5530
49 -11.6948 -95.2658 167.0502 0.6763 -0.4951 -0.5455 0.1565 0.5556
49 -10.9133 -103.0971 170.7221 0.6395 -0.4398 -0.6305 0.1341 0.6014
MRinSpiritualFinfameOn.jpg
49 -20.5715 -113.3860 169.1813 0.5728 -0.4674 -0.6733 0.0815 0.6118
49 -20.1999 -100.0826 165.2419 0.4303 -0.6580 -0.6179 0.1065 0.5587
49 -10.9133 -103.0971 170.7221 0.6395 -0.4398 -0.6305 0.1341 0.6014
MRinSpiritualFinfameOn.jpg
49 -20.1999 -100.0826 165.2419 0.4303 -0.6580 -0.6179 0.1065 0.5587
49 -20.5715 -113.3860 169.1813 0.5728 -0.4674 -0.6733 0.0815 0.6118
49 -24.5630 -98.4204 158.1502 0.7320 -0.2669 -0.6269 0.0852 0.5197
MRinSpiritualFinfameOn.jpg
49 -20.5715 -113.3860 169.1813 0.5728 -0.4674 -0.6733 0.0815 0.6118
49 -31.3759 -100.2205 152.8468 0.2686 -0.5562 -0.7865 0.0644 0.4885
49 -24.5630 -98.4204 158.1502 0.7320 -0.2669 -0.6269 0.0852 0.5197
MRinSpiritualFinfameOn.jpg
49 -10.9133 -103.0971 170.7221 0.6395 -0.4398 -0.6305 0.1341 0.6014
49 -11.6948 -95.2658 167.0502 0.6763 -0.4951 -0.5455 0.1565 0.5556
49 -8.3353 -94.3173 170.1675 0.7240 -0.4621 -0.5122 0.1768 0.5665
MRinSpiritualFinfameOn.jpg
49 -6.3140 -91.3085 166.0303 0.5209 -0.7910 -0.3208 0.1908 0.5421
49 -8.3353 -94.3173 170.1675 0.7240 -0.4621 -0.5122 0.1768 0.5665
49 -11.6948 -95.2658 167.0502 0.6763 -0.4951 -0.5455 0.1565 0.5556
MRinSpiritualFinfameOn.jpg
49 -5.8666 -97.0012 176.2823 0.8523 -0.3561 -0.3831 0.1794 0.5998
49 -10.9133 -103.0971 170.7221 0.6395 -0.4398 -0.6305 0.1341 0.6014
49 -8.3353 -94.3173 170.1675 0.7240 -0.4621 -0.5122 0.1768 0.5665
MRinSpiritualFinfameOn.jpg
49 -14.1554 -116.5755 180.9046 0.6106 -0.7013 -0.3678 0.1195 0.6701
49 -20.5715 -113.3860 169.1813 0.5728 -0.4674 -0.6733 0.0815 0.6118
49 -10.9133 -103.0971 170.7221 0.6395 -0.4398 -0.6305 0.1341 0.6014
MRinSpiritualFinfameOn.jpg
49 -20.5715 -113.3860 169.1813 0.5728 -0.4674 -0.6733 0.0815 0.6118
49 -35.8606 -118.2407 164.6883 -0.2219 -0.6104 -0.7603 0.0139 0.5837
49 -31.3759 -100.2205 152.8468 0.2686 -0.5562 -0.7865 0.0644 0.4885
MRinSpiritualFinfameOn.jpg
49 -31.3759 -100.2205 152.8468 0.2686 -0.5562 -0.7865 0.0644 0.4885
49 -35.8606 -118.2407 164.6883 -0.2219 -0.6104 -0.7603 0.0139 0.5837
49 -33.1472 -106.0606 158.9296 0.1321 -0.5918 -0.7952 0.0399 0.5322
MRinSpiritualFinfameOn.jpg
49 -31.3759 -100.2205 152.8468 0.2686 -0.5562 -0.7865 0.0644 0.4885
49 -33.1472 -106.0606 158.9296 0.1321 -0.5918 -0.7952 0.0399 0.5322
49 -37.8032 -101.6927 145.6425 0.6323 -0.6426 -0.4328 0.0279 0.4578
MRinSpiritualFinfameOn.jpg
49 -33.1472 -106.0606 158.9296 0.1321 -0.5918 -0.7952 0.0399 0.5322
49 -35.8606 -118.2407 164.6883 -0.2219 -0.6104 -0.7603 0.0139 0.5837
49 -41.8735 -102.0363 149.3302 -0.1886 -0.7115 -0.6769 0.0139 0.4697
MRinSpiritualFinfameOn.jpg
49 -35.8606 -118.2407 164.6883 -0.2219 -0.6104 -0.7603 0.0139 0.5837
49 -20.5715 -113.3860 169.1813 0.5728 -0.4674 -0.6733 0.0815 0.6118
49 -27.9714 -118.8011 168.1554 0.3831 -0.6774 -0.6280 0.0441 0.6133
MRinSpiritualFinfameOn.jpg
49 -27.9714 -118.8011 168.1554 0.3831 -0.6774 -0.6280 0.0441 0.6133
49 -31.8775 -125.0141 175.4958 -0.2148 -0.6343 -0.7426 0.0139 0.6560
49 -35.8606 -118.2407 164.6883 -0.2219 -0.6104 -0.7603 0.0139 0.5837
MRinSpiritualFinfameOn.jpg
49 -20.5715 -113.3860 169.1813 0.5728 -0.4674 -0.6733 0.0815 0.6118
49 -26.3684 -122.0351 174.6172 0.4998 -0.6378 -0.5860 0.0482 0.6539
49 -27.9714 -118.8011 168.1554 0.3831 -0.6774 -0.6280 0.0441 0.6133
MRinSpiritualFinfameOn.jpg
49 -20.5715 -113.3860 169.1813 0.5728 -0.4674 -0.6733 0.0815 0.6118
49 -14.1554 -116.5755 180.9046 0.6106 -0.7013 -0.3678 0.1195 0.6701
49 -26.3684 -122.0351 174.6172 0.4998 -0.6378 -0.5860 0.0482 0.6539
MRinSpiritualFinfameOn.jpg
49 -26.3684 -122.0351 174.6172 0.4998 -0.6378 -0.5860 0.0482 0.6539
49 -31.8775 -125.0141 175.4958 -0.2148 -0.6343 -0.7426 0.0139 0.6560
49 -27.9714 -118.8011 168.1554 0.3831 -0.6774 -0.6280 0.0441 0.6133
MRinSpiritualFinfameOn.jpg
49 -26.3684 -122.0351 174.6172 0.4998 -0.6378 -0.5860 0.0482 0.6539
49 -14.1554 -116.5755 180.9046 0.6106 -0.7013 -0.3678 0.1195 0.6701
49 -22.7158 -120.3863 179.2060 0.7255 -0.5558 -0.4059 0.0717 0.6695
MRinSpiritualFinfameOn.jpg
49 -14.1554 -116.5755 180.9046 0.6106 -0.7013 -0.3678 0.1195 0.6701
49 -18.2766 -121.2324 184.8325 0.5669 -0.6215 -0.5408 0.0945 0.6914
49 -22.7158 -120.3863 179.2060 0.7255 -0.5558 -0.4059 0.0717 0.6695
MRinSpiritualFinfameOn.jpg
49 -22.7158 -120.3863 179.2060 0.7255 -0.5558 -0.4059 0.0717 0.6695
49 -18.2766 -121.2324 184.8325 0.5669 -0.6215 -0.5408 0.0945 0.6914
49 -23.8117 -123.8884 180.5578 0.7572 -0.4276 -0.4938 0.0638 0.6820
MRinSpiritualFinfameOn.jpg
49 -23.8117 -123.8884 180.5578 0.7572 -0.4276 -0.4938 0.0638 0.6820
49 -24.8987 -124.6037 178.9641 0.8931 -0.3167 -0.3196 0.0540 0.6773
49 -22.7158 -120.3863 179.2060 0.7255 -0.5558 -0.4059 0.0717 0.6695
MRinSpiritualFinfameOn.jpg
49 -26.4372 -125.8165 175.1452 0.5511 -0.4137 -0.7247 0.0389 0.6664
49 -31.8775 -125.0141 175.4958 -0.2148 -0.6343 -0.7426 0.0139 0.6560
49 -26.3684 -122.0351 174.6172 0.4998 -0.6378 -0.5860 0.0482 0.6539
MRinSpiritualFinfameOn.jpg
49 -22.7158 -120.3863 179.2060 0.7255 -0.5558 -0.4059 0.0717 0.6695
49 -26.4372 -125.8165 175.1452 0.5511 -0.4137 -0.7247 0.0389 0.6664
49 -26.3684 -122.0351 174.6172 0.4998 -0.6378 -0.5860 0.0482 0.6539
MRinSpiritualFinfameOn.jpg
49 -22.7158 -120.3863 179.2060 0.7255 -0.5558 -0.4059 0.0717 0.6695
49 -24.8987 -124.6037 178.9641 0.8931 -0.3167 -0.3196 0.0540 0.6773
49 -26.4372 -125.8165 175.1452 0.5511 -0.4137 -0.7247 0.0389 0.6664
MRinSpiritualFinfameOn.jpg
49 -26.4372 -125.8165 175.1452 0.5511 -0.4137 -0.7247 0.0389 0.6664
49 -31.1917 -128.4627 176.9915 -0.1884 -0.7123 -0.6761 0.0139 0.6727
49 -31.8775 -125.0141 175.4958 -0.2148 -0.6343 -0.7426 0.0139 0.6560
MRinSpiritualFinfameOn.jpg
49 -25.9041 -126.5571 176.7608 0.7005 -0.5323 -0.4753 0.0410 0.6737
49 -26.4372 -125.8165 175.1452 0.5511 -0.4137 -0.7247 0.0389 0.6664
49 -24.8987 -124.6037 178.9641 0.8931 -0.3167 -0.3196 0.0540 0.6773
MRinSpiritualFinfameOn.jpg
49 -25.9041 -126.5571 176.7608 0.7005 -0.5323 -0.4753 0.0410 0.6737
49 -31.1917 -128.4627 176.9915 -0.1884 -0.7123 -0.6761 0.0139 0.6727
49 -26.4372 -125.8165 175.1452 0.5511 -0.4137 -0.7247 0.0389 0.6664
MRinSpiritualFinfameOn.jpg
44 96.5046 -52.8192 223.5787 -0.9596 0.0858 0.2678 0.6435 0.5369
44 99.2182 -51.3575 232.4928 -0.9576 0.0631 0.2812 0.6633 0.5218
44 100.4358 -45.5472 237.9845 -0.9488 -0.0878 0.3033 0.6846 0.5244
MRinSpiritualFinfameOn.jpg
44 99.0970 -55.0556 235.1516 -0.9465 0.3034 0.1099 0.6607 0.5098
44 99.2182 -51.3575 232.4928 -0.9576 0.0631 0.2812 0.6633 0.5218
44 96.5046 -52.8192 223.5787 -0.9596 0.0858 0.2678 0.6435 0.5369
MRinSpiritualFinfameOn.jpg
44 93.1463 -65.3700 216.9821 -0.9411 0.3212 0.1059 0.6055 0.5264
44 99.0970 -55.0556 235.1516 -0.9465 0.3034 0.1099 0.6607 0.5098
44 96.5046 -52.8192 223.5787 -0.9596 0.0858 0.2678 0.6435 0.5369
MRinSpiritualFinfameOn.jpg
44 93.1463 -65.3700 216.9821 -0.9411 0.3212 0.1059 0.6055 0.5264
44 90.6841 -72.5263 235.9634 -0.8869 0.4601 0.0419 0.6222 0.4744
44 99.0970 -55.0556 235.1516 -0.9465 0.3034 0.1099 0.6607 0.5098
MRinSpiritualFinfameOn.jpg
44 89.8938 -73.1727 216.7896 -0.8700 0.4931 0.0016 0.5878 0.5124
44 90.6841 -72.5263 235.9634 -0.8869 0.4601 0.0419 0.6222 0.4744
44 93.1463 -65.3700 216.9821 -0.9411 0.3212 0.1059 0.6055 0.5264
MRinSpiritualFinfameOn.jpg
44 99.0970 -55.0556 235.1516 -0.9465 0.3034 0.1099 0.6607 0.5098
44 90.6841 -72.5263 235.9634 -0.8869 0.4601 0.0419 0.6222 0.4744
44 95.6785 -63.9256 245.0872 -0.9472 0.3169 -0.0493 0.6581 0.4728
MRinSpiritualFinfameOn.jpg
44 99.8281 -48.6096 248.8938 -0.9547 0.2821 -0.0945 0.6976 0.4926
44 99.0970 -55.0556 235.1516 -0.9465 0.3034 0.1099 0.6607 0.5098
44 95.6785 -63.9256 245.0872 -0.9472 0.3169 -0.0493 0.6581 0.4728
MRinSpiritualFinfameOn.jpg
44 99.8281 -48.6096 248.8938 -0.9547 0.2821 -0.0945 0.6976 0.4926
44 95.6785 -63.9256 245.0872 -0.9472 0.3169 -0.0493 0.6581 0.4728
44 97.8938 -50.4447 260.9867 -0.9585 0.2689 -0.0944 0.7133 0.4640
MRinSpiritualFinfameOn.jpg
44 97.8938 -50.4447 260.9867 -0.9585 0.2689 -0.0944 0.7133 0.4640
44 95.6785 -63.9256 245.0872 -0.9472 0.3169 -0.0493 0.6581 0.4728
44 93.9752 -65.6358 258.7698 -0.9435 0.3147 -0.1035 0.6732 0.4479
MRinSpiritualFinfameOn.jpg
44 93.9122 -63.1191 266.9929 -0.9332 0.3415 -0.1117 0.6961 0.4286
44 97.8938 -50.4447 260.9867 -0.9585 0.2689 -0.0944 0.7133 0.4640
44 93.9752 -65.6358 258.7698 -0.9435 0.3147 -0.1035 0.6732 0.4479
MRinSpiritualFinfameOn.jpg
44 90.2154 -72.3865 262.7872 -0.8976 0.4195 -0.1353 0.6685 0.4193
44 93.9122 -63.1191 266.9929 -0.9332 0.3415 -0.1117 0.6961 0.4286
44 93.9752 -65.6358 258.7698 -0.9435 0.3147 -0.1035 0.6732 0.4479
MRinSpiritualFinfameOn.jpg
44 84.3944 -81.3272 233.3120 -0.7858 0.6161 0.0541 0.5951 0.4614
44 90.6841 -72.5263 235.9634 -0.8869 0.4601 0.0419 0.6222 0.4744
44 89.8938 -73.1727 216.7896 -0.8700 0.4931 0.0016 0.5878 0.5124
MRinSpiritualFinfameOn.jpg
44 87.0097 -78.3378 212.3346 -0.7405 0.6687 0.0675 0.5681 0.5114
44 84.3944 -81.3272 233.3120 -0.7858 0.6161 0.0541 0.5951 0.4614
44 89.8938 -73.1727 216.7896 -0.8700 0.4931 0.0016 0.5878 0.5124
MRinSpiritualFinfameOn.jpg
44 84.3944 -81.3272 233.3120 -0.7858 0.6161 0.0541 0.5951 0.4614
44 71.2126 -93.7926 224.3631 -0.7091 0.6964 0.1100 0.5421 0.4494
44 82.0190 -86.8265 241.1051 -0.7333 0.6633 0.1493 0.5967 0.4354
MRinSpiritualFinfameOn.jpg
44 68.7529 -99.3681 237.2840 -0.7025 0.6906 0.1720 0.5519 0.4130
44 82.0190 -86.8265 241.1051 -0.7333 0.6633 0.1493 0.5967 0.4354
44 71.2126 -93.7926 224.3631 -0.7091 0.6964 0.1100 0.5421 0.4494
MRinSpiritualFinfameOn.jpg
44 74.3783 -96.5678 248.5990 -0.7483 0.6597 0.0693 0.5743 0.3932
44 82.0190 -86.8265 241.1051 -0.7333 0.6633 0.1493 0.5967 0.4354
44 68.7529 -99.3681 237.2840 -0.7025 0.6906 0.1720 0.5519 0.4130
MRinSpiritualFinfameOn.jpg
44 84.4488 -84.4832 253.1741 -0.8298 0.5509 0.0896 0.6243 0.4166
44 82.0190 -86.8265 241.1051 -0.7333 0.6633 0.1493 0.5967 0.4354
44 74.3783 -96.5678 248.5990 -0.7483 0.6597 0.0693 0.5743 0.3932
MRinSpiritualFinfameOn.jpg
44 74.3783 -96.5678 248.5990 -0.7483 0.6597 0.0693 0.5743 0.3932
44 77.0666 -95.6793 262.3344 -0.7298 0.6724 0.1236 0.6123 0.3745
44 84.4488 -84.4832 253.1741 -0.8298 0.5509 0.0896 0.6243 0.4166
MRinSpiritualFinfameOn.jpg
44 74.3783 -96.5678 248.5990 -0.7483 0.6597 0.0693 0.5743 0.3932
44 69.8466 -101.6323 260.3476 -0.7769 0.6296 0.0013 0.5977 0.3636
44 77.0666 -95.6793 262.3344 -0.7298 0.6724 0.1236 0.6123 0.3745
MRinSpiritualFinfameOn.jpg
44 67.9843 -104.8153 254.3080 -0.8306 0.5557 -0.0368 0.5795 0.3589
44 69.8466 -101.6323 260.3476 -0.7769 0.6296 0.0013 0.5977 0.3636
44 74.3783 -96.5678 248.5990 -0.7483 0.6597 0.0693 0.5743 0.3932
MRinSpiritualFinfameOn.jpg
44 67.9843 -104.8153 254.3080 -0.8306 0.5557 -0.0368 0.5795 0.3589
44 65.7902 -108.1222 263.6396 -0.8511 0.5248 -0.0141 0.5998 0.3417
44 69.8466 -101.6323 260.3476 -0.7769 0.6296 0.0013 0.5977 0.3636
MRinSpiritualFinfameOn.jpg
44 84.4488 -84.4832 253.1741 -0.8298 0.5509 0.0896 0.6243 0.4166
44 77.0666 -95.6793 262.3344 -0.7298 0.6724 0.1236 0.6123 0.3745
44 82.6967 -92.4240 274.3499 -0.9165 0.3784 0.1299 0.6456 0.3599
MRinSpiritualFinfameOn.jpg
44 88.1949 -73.2860 267.1651 -0.9509 0.2950 0.0935 0.6721 0.4099
44 84.4488 -84.4832 253.1741 -0.8298 0.5509 0.0896 0.6243 0.4166
44 82.6967 -92.4240 274.3499 -0.9165 0.3784 0.1299 0.6456 0.3599
MRinSpiritualFinfameOn.jpg
44 88.1949 -73.2860 267.1651 -0.9509 0.2950 0.0935 0.6721 0.4099
44 82.6967 -92.4240 274.3499 -0.9165 0.3784 0.1299 0.6456 0.3599
44 88.4021 -84.3231 294.8784 -0.9474 0.2808 0.1534 0.7013 0.3360
MRinSpiritualFinfameOn.jpg
44 91.4214 -69.1910 283.5756 -0.9489 0.2871 0.1309 0.7112 0.3859
44 88.1949 -73.2860 267.1651 -0.9509 0.2950 0.0935 0.6721 0.4099
44 88.4021 -84.3231 294.8784 -0.9474 0.2808 0.1534 0.7013 0.3360
MRinSpiritualFinfameOn.jpg
44 91.0559 -77.0101 297.2605 -0.9408 0.2787 0.1928 0.7257 0.3495
44 91.4214 -69.1910 283.5756 -0.9489 0.2871 0.1309 0.7112 0.3859
44 88.4021 -84.3231 294.8784 -0.9474 0.2808 0.1534 0.7013 0.3360
MRinSpiritualFinfameOn.jpg
44 91.0559 -77.0101 297.2605 -0.9408 0.2787 0.1928 0.7257 0.3495
44 88.4021 -84.3231 294.8784 -0.9474 0.2808 0.1534 0.7013 0.3360
44 89.7325 -86.2255 302.0924 -0.9348 0.2607 0.2411 0.7190 0.3219
MRinSpiritualFinfameOn.jpg
44 82.6967 -92.4240 274.3499 -0.9165 0.3784 0.1299 0.6456 0.3599
44 82.4915 -99.4516 283.1790 -0.9352 0.3081 0.1747 0.6477 0.3298
44 88.4021 -84.3231 294.8784 -0.9474 0.2808 0.1534 0.7013 0.3360
MRinSpiritualFinfameOn.jpg
44 82.4915 -99.4516 283.1790 -0.9352 0.3081 0.1747 0.6477 0.3298
44 78.4883 -120.3424 302.5505 -0.9194 0.3279 0.2172 0.6597 0.2548
44 88.4021 -84.3231 294.8784 -0.9474 0.2808 0.1534 0.7013 0.3360
MRinSpiritualFinfameOn.jpg
44 77.3279 -115.7008 290.6838 -0.9022 0.3644 0.2308 0.6347 0.2855
44 78.4883 -120.3424 302.5505 -0.9194 0.3279 0.2172 0.6597 0.2548
44 82.4915 -99.4516 283.1790 -0.9352 0.3081 0.1747 0.6477 0.3298
MRinSpiritualFinfameOn.jpg
44 78.4883 -120.3424 302.5505 -0.9194 0.3279 0.2172 0.6597 0.2548
44 77.3279 -115.7008 290.6838 -0.9022 0.3644 0.2308 0.6347 0.2855
44 76.0196 -125.3212 299.8702 -0.9137 0.3146 0.2573 0.6420 0.2418
MRinSpiritualFinfameOn.jpg
44 76.0196 -125.3212 299.8702 -0.9137 0.3146 0.2573 0.6420 0.2418
44 77.3972 -130.0879 308.9116 -0.9099 0.2932 0.2933 0.6628 0.2241
44 78.4883 -120.3424 302.5505 -0.9194 0.3279 0.2172 0.6597 0.2548
MRinSpiritualFinfameOn.jpg
47 149.7368 -87.6991 57.8415 -0.9389 0.1361 -0.3161 0.8506 0.3932
47 144.5001 -99.9374 44.4619 0.0591 -0.5618 -0.8252 0.8579 0.3006
47 153.4445 -97.5751 55.9276 -0.2531 -0.8462 0.4690 0.8808 0.3480
MRinSpiritualFinfameOn.jpg
47 153.4445 -97.5751 55.9276 -0.2531 -0.8462 0.4690 0.8808 0.3480
47 144.5001 -99.9374 44.4619 0.0591 -0.5618 -0.8252 0.8579 0.3006
47 160.8052 -94.6150 55.4586 0.8578 -0.4475 -0.2529 0.9110 0.3480
MRinSpiritualFinfameOn.jpg
24 4.3873 -37.3838 155.8949 -0.4644 0.6762 0.5719 0.9802 0.6576
23 -1.1265 -35.1831 146.4543 -0.6895 0.6973 0.1960 0.9693 0.6477
23 -3.3683 -40.0276 156.0140 -0.8240 0.5636 -0.0586 0.9833 0.6565
MRinSpiritualFinfameOn.jpg
23 -1.1265 -35.1831 146.4543 -0.6895 0.6973 0.1960 0.9693 0.6477
23 -11.9131 -41.0988 145.0304 -0.4907 0.8572 0.1561 0.9859 0.6404
23 -3.3683 -40.0276 156.0140 -0.8240 0.5636 -0.0586 0.9833 0.6565
MRinSpiritualFinfameOn.jpg
23 -1.1265 -35.1831 146.4543 -0.6895 0.6973 0.1960 0.9693 0.6477
23 -9.7999 -39.8924 140.3073 -0.5172 0.7740 0.3653 0.9786 0.6368
23 -11.9131 -41.0988 145.0304 -0.4907 0.8572 0.1561 0.9859 0.6404
MRinSpiritualFinfameOn.jpg
23 -1.1265 -35.1831 146.4543 -0.6895 0.6973 0.1960 0.9693 0.6477
23 -10.3172 -37.2025 136.3369 -0.4219 0.6572 0.6245 0.9734 0.6326
23 -9.7999 -39.8924 140.3073 -0.5172 0.7740 0.3653 0.9786 0.6368
MRinSpiritualFinfameOn.jpg
23 -10.3172 -37.2025 136.3369 -0.4219 0.6572 0.6245 0.9734 0.6326
23 -21.0747 -42.7209 137.2230 -0.2903 0.6749 0.6785 0.9901 0.6253
23 -9.7999 -39.8924 140.3073 -0.5172 0.7740 0.3653 0.9786 0.6368
MRinSpiritualFinfameOn.jpg
23 -10.3172 -37.2025 136.3369 -0.4219 0.6572 0.6245 0.9734 0.6326
23 -21.3258 -32.4687 129.5997 0.2473 0.3548 0.9016 0.9724 0.6165
23 -21.0747 -42.7209 137.2230 -0.2903 0.6749 0.6785 0.9901 0.6253
MRinSpiritualFinfameOn.jpg
44 90.7926 -42.3385 217.0786 -0.7853 -0.5570 0.2703 0.3979 0.4406
44 103.2387 -48.9081 222.2124 -0.6456 -0.6315 0.4294 0.4047 0.4328
44 95.1499 -34.1427 229.1826 -0.7016 -0.5321 0.4740 0.4047 0.4328
MRinSpiritualFinfameOn.jpg
44 95.1499 -34.1427 229.1826 -0.7016 -0.5321 0.4740 0.4047 0.4328
44 103.2387 -48.9081 222.2124 -0.6456 -0.6315 0.4294 0.4047 0.4328
35 102.5133 -97.4540 201.5078 -0.6652 0.2672 0.6972 0.4177 0.4375
MRinSpiritualFinfameOn.jpg
44 103.2387 -48.9081 222.2124 -0.6456 -0.6315 0.4294 0.4047 0.4328
44 90.7926 -42.3385 217.0786 -0.7853 -0.5570 0.2703 0.3979 0.4406
44 96.5635 -50.0227 211.4484 -0.9059 -0.3486 0.2406 0.3958 0.4333
MRinSpiritualFinfameOn.jpg
44 90.7009 -36.3856 202.3522 -0.8746 -0.2422 0.4199 0.3870 0.4411
44 96.5635 -50.0227 211.4484 -0.9059 -0.3486 0.2406 0.3958 0.4333
44 90.7926 -42.3385 217.0786 -0.7853 -0.5570 0.2703 0.3979 0.4406
MRinSpiritualFinfameOn.jpg
44 90.7009 -36.3856 202.3522 -0.8746 -0.2422 0.4199 0.3870 0.4411
44 90.1509 -78.2735 190.7601 -0.8685 -0.1207 0.4808 0.3854 0.4109
44 96.5635 -50.0227 211.4484 -0.9059 -0.3486 0.2406 0.3958 0.4333
MRinSpiritualFinfameOn.jpg
44 99.7868 -65.9189 214.5809 -0.9601 -0.1479 0.2373 0.4010 0.4229
44 96.5635 -50.0227 211.4484 -0.9059 -0.3486 0.2406 0.3958 0.4333
44 90.1509 -78.2735 190.7601 -0.8685 -0.1207 0.4808 0.3854 0.4109
MRinSpiritualFinfameOn.jpg
35 81.5264 -103.6094 201.1032 -0.6316 0.6411 0.4360 0.4104 0.4281
44 96.5635 -50.0227 211.4484 -0.9059 -0.3486 0.2406 0.3958 0.4333
44 99.7868 -65.9189 214.5809 -0.9601 -0.1479 0.2373 0.4010 0.4229
MRinSpiritualFinfameOn.jpg
44 90.7009 -36.3856 202.3522 -0.8746 -0.2422 0.4199 0.3870 0.4411
44 81.7825 -80.8464 178.9896 -0.8049 -0.2359 0.5444 0.3761 0.4078
44 90.1509 -78.2735 190.7601 -0.8685 -0.1207 0.4808 0.3854 0.4109
MRinSpiritualFinfameOn.jpg
44 90.7009 -36.3856 202.3522 -0.8746 -0.2422 0.4199 0.3870 0.4411
44 71.6633 -70.1058 168.8789 -0.8590 -0.1501 0.4895 0.3651 0.4135
44 81.7825 -80.8464 178.9896 -0.8049 -0.2359 0.5444 0.3761 0.4078
MRinSpiritualFinfameOn.jpg
44 75.1255 -76.9327 169.4303 -0.8239 -0.3843 0.4165 0.3677 0.4088
44 81.7825 -80.8464 178.9896 -0.8049 -0.2359 0.5444 0.3761 0.4078
44 71.6633 -70.1058 168.8789 -0.8590 -0.1501 0.4895 0.3651 0.4135
MRinSpiritualFinfameOn.jpg
44 90.7009 -36.3856 202.3522 -0.8746 -0.2422 0.4199 0.3870 0.4411
44 70.9636 -50.0643 161.9865 -0.8399 -0.2337 0.4899 0.3584 0.4271
44 71.6633 -70.1058 168.8789 -0.8590 -0.1501 0.4895 0.3651 0.4135
MRinSpiritualFinfameOn.jpg
44 90.7009 -36.3856 202.3522 -0.8746 -0.2422 0.4199 0.3870 0.4411
44 61.0248 -35.8981 164.1833 -0.6438 -0.5849 0.4933 0.3537 0.4385
44 70.9636 -50.0643 161.9865 -0.8399 -0.2337 0.4899 0.3584 0.4271
MRinSpiritualFinfameOn.jpg
44 88.8076 -43.4994 171.0895 0.0782 -0.5687 -0.8188 0.9870 0.6878
44 82.4103 -52.2187 176.5343 0.1009 -0.4614 -0.8814 0.9745 0.7226
44 75.2923 -37.9502 165.9441 -0.1378 -0.4304 -0.8921 0.9256 0.6732
MRinSpiritualFinfameOn.jpg
44 64.7695 -50.6384 173.6599 -0.1142 -0.1239 -0.9857 0.9021 0.7226
44 75.2923 -37.9502 165.9441 -0.1378 -0.4304 -0.8921 0.9256 0.6732
44 82.4103 -52.2187 176.5343 0.1009 -0.4614 -0.8814 0.9745 0.7226
MRinSpiritualFinfameOn.jpg
44 75.2923 -37.9502 165.9441 -0.1378 -0.4304 -0.8921 0.9256 0.6732
44 64.7695 -50.6384 173.6599 -0.1142 -0.1239 -0.9857 0.9021 0.7226
44 61.9514 -21.3478 173.4387 -0.4786 -0.0527 -0.8765 0.8730 0.6534
MRinSpiritualFinfameOn.jpg
44 82.4103 -52.2187 176.5343 0.1009 -0.4614 -0.8814 0.9745 0.7226
44 82.0715 -60.7963 178.5033 0.2355 -0.2119 -0.9485 0.9573 0.7466
44 64.7695 -50.6384 173.6599 -0.1142 -0.1239 -0.9857 0.9021 0.7226
MRinSpiritualFinfameOn.jpg
35 28.7084 -72.8915 164.9464 -0.0703 -0.3843 -0.9205 0.8813 0.7564
44 64.7695 -50.6384 173.6599 -0.1142 -0.1239 -0.9857 0.9021 0.7226
44 82.0715 -60.7963 178.5033 0.2355 -0.2119 -0.9485 0.9573 0.7466
MRinSpiritualFinfameOn.jpg
35 46.3682 -46.5899 163.4745 -0.1039 0.0919 -0.9903 0.8439 0.6966
44 61.9514 -21.3478 173.4387 -0.4786 -0.0527 -0.8765 0.8730 0.6534
44 64.7695 -50.6384 173.6599 -0.1142 -0.1239 -0.9857 0.9021 0.7226
MRinSpiritualFinfameOn.jpg
35 34.7535 -92.3879 173.7994 -0.4011 -0.6248 -0.6699 0.9375 0.7939
35 29.2922 -97.5577 190.5854 -0.2722 -0.9244 -0.2673 0.9537 0.8449
35 22.3758 -87.1572 174.1102 -0.0411 -0.7839 -0.6195 0.9016 0.8116
MRinSpiritualFinfameOn.jpg
23 -19.5582 -30.5916 149.5305 -0.5268 -0.8479 -0.0592 0.7008 0.7887
23 -1.1265 -35.1831 146.4543 -0.2358 -0.9711 0.0361 0.7127 0.7668
24 4.3873 -37.3838 155.8949 0.2232 -0.8326 -0.5069 0.7398 0.7788
MRinSpiritualFinfameOn.jpg
23 -10.3172 -37.2025 136.3369 -0.3191 -0.9178 0.2364 0.6883 0.7632
23 -1.1265 -35.1831 146.4543 -0.2358 -0.9711 0.0361 0.7127 0.7668
23 -19.5582 -30.5916 149.5305 -0.5268 -0.8479 -0.0592 0.7008 0.7887
MRinSpiritualFinfameOn.jpg
49 -30.6380 -129.3860 178.4969 -0.3208 0.1011 -0.9417 0.1481 0.6576
49 -26.8850 -128.1361 177.5104 -0.3641 0.4495 -0.8157 0.1591 0.6649
49 -25.8593 -129.1140 176.5137 -0.0212 0.0657 -0.9976 0.1513 0.6805
MRinSpiritualFinfameOn.jpg
49 -30.6380 -129.3860 178.4969 -0.3208 0.1011 -0.9417 0.1481 0.6576
49 -25.8593 -129.1140 176.5137 -0.0212 0.0657 -0.9976 0.1513 0.6805
49 -29.7375 -136.0164 180.1240 -0.0782 -0.9213 -0.3809 0.1050 0.6950
MRinSpiritualFinfameOn.jpg
49 -26.2300 -133.9365 180.3607 0.5491 -0.7540 -0.3605 0.1289 0.7107
49 -29.7375 -136.0164 180.1240 -0.0782 -0.9213 -0.3809 0.1050 0.6950
49 -25.8593 -129.1140 176.5137 -0.0212 0.0657 -0.9976 0.1513 0.6805
MRinSpiritualFinfameOn.jpg
49 -26.2300 -133.9365 180.3607 0.5491 -0.7540 -0.3605 0.1289 0.7107
49 -23.2208 -132.1809 186.6633 0.4114 -0.7763 -0.4776 0.1388 0.7549
49 -29.7375 -136.0164 180.1240 -0.0782 -0.9213 -0.3809 0.1050 0.6950
MRinSpiritualFinfameOn.jpg
49 -27.2704 -134.0649 187.8021 0.0189 -0.9945 -0.1028 0.1050 0.7575
49 -29.7375 -136.0164 180.1240 -0.0782 -0.9213 -0.3809 0.1050 0.6950
49 -23.2208 -132.1809 186.6633 0.4114 -0.7763 -0.4776 0.1388 0.7549
MRinSpiritualFinfameOn.jpg
49 -23.7105 -129.9170 177.4168 0.5679 -0.0911 -0.8181 0.1549 0.6971
49 -26.2300 -133.9365 180.3607 0.5491 -0.7540 -0.3605 0.1289 0.7107
49 -25.8593 -129.1140 176.5137 -0.0212 0.0657 -0.9976 0.1513 0.6805
MRinSpiritualFinfameOn.jpg
49 -22.9858 -125.4541 181.0068 0.0163 0.6021 -0.7983 0.1971 0.7049
49 -23.7105 -129.9170 177.4168 0.5679 -0.0911 -0.8181 0.1549 0.6971
49 -25.8593 -129.1140 176.5137 -0.0212 0.0657 -0.9976 0.1513 0.6805
MRinSpiritualFinfameOn.jpg
49 -22.9858 -125.4541 181.0068 0.0163 0.6021 -0.7983 0.1971 0.7049
49 -25.8593 -129.1140 176.5137 -0.0212 0.0657 -0.9976 0.1513 0.6805
49 -25.2480 -127.5408 178.9325 -0.3494 0.8234 -0.4472 0.1710 0.6747
MRinSpiritualFinfameOn.jpg
49 -22.9858 -125.4541 181.0068 0.0163 0.6021 -0.7983 0.1971 0.7049
49 -20.9275 -123.5436 181.8462 0.6223 0.0450 -0.7815 0.2231 0.7237
49 -23.7105 -129.9170 177.4168 0.5679 -0.0911 -0.8181 0.1549 0.6971
MRinSpiritualFinfameOn.jpg
49 -23.2354 -123.7234 181.3079 0.2081 0.1967 -0.9581 0.2189 0.7008
49 -20.9275 -123.5436 181.8462 0.6223 0.0450 -0.7815 0.2231 0.7237
49 -22.9858 -125.4541 181.0068 0.0163 0.6021 -0.7983 0.1971 0.7049
MRinSpiritualFinfameOn.jpg
49 -20.9275 -123.5436 181.8462 0.6223 0.0450 -0.7815 0.2231 0.7237
49 -21.2415 -129.7914 184.2101 0.6493 -0.4252 -0.6306 0.1710 0.7351
49 -23.7105 -129.9170 177.4168 0.5679 -0.0911 -0.8181 0.1549 0.6971
MRinSpiritualFinfameOn.jpg
49 -21.2415 -129.7914 184.2101 0.6493 -0.4252 -0.6306 0.1710 0.7351
49 -26.2300 -133.9365 180.3607 0.5491 -0.7540 -0.3605 0.1289 0.7107
49 -23.7105 -129.9170 177.4168 0.5679 -0.0911 -0.8181 0.1549 0.6971
MRinSpiritualFinfameOn.jpg
49 -22.1564 -131.3167 186.1341 0.4507 -0.7971 -0.4019 0.1492 0.7486
49 -26.2300 -133.9365 180.3607 0.5491 -0.7540 -0.3605 0.1289 0.7107
49 -21.2415 -129.7914 184.2101 0.6493 -0.4252 -0.6306 0.1710 0.7351
MRinSpiritualFinfameOn.jpg
49 -22.1564 -131.3167 186.1341 0.4507 -0.7971 -0.4019 0.1492 0.7486
49 -23.2208 -132.1809 186.6633 0.4114 -0.7763 -0.4776 0.1388 0.7549
49 -26.2300 -133.9365 180.3607 0.5491 -0.7540 -0.3605 0.1289 0.7107
MRinSpiritualFinfameOn.jpg
49 -16.1400 -122.9163 188.7486 0.8712 -0.0475 -0.4886 0.2226 0.7700
49 -21.2415 -129.7914 184.2101 0.6493 -0.4252 -0.6306 0.1710 0.7351
49 -20.9275 -123.5436 181.8462 0.6223 0.0450 -0.7815 0.2231 0.7237
MRinSpiritualFinfameOn.jpg
49 -20.9275 -123.5436 181.8462 0.6223 0.0450 -0.7815 0.2231 0.7237
49 -18.2766 -121.2324 184.8325 0.8093 -0.2299 -0.5404 0.2236 0.7419
49 -16.1400 -122.9163 188.7486 0.8712 -0.0475 -0.4886 0.2226 0.7700
MRinSpiritualFinfameOn.jpg
49 -23.2208 -132.1809 186.6633 0.4114 -0.7763 -0.4776 0.1388 0.7549
49 -24.6761 -134.9294 187.3762 0.1464 -0.6115 -0.7776 0.1216 0.7653
49 -27.2704 -134.0649 187.8021 0.0189 -0.9945 -0.1028 0.1050 0.7575
MRinSpiritualFinfameOn.jpg
49 -19.6704 -131.6125 187.9256 0.4388 -0.4071 -0.8011 0.1617 0.7721
49 -24.6761 -134.9294 187.3762 0.1464 -0.6115 -0.7776 0.1216 0.7653
49 -23.2208 -132.1809 186.6633 0.4114 -0.7763 -0.4776 0.1388 0.7549
MRinSpiritualFinfameOn.jpg
49 -23.2208 -132.1809 186.6633 0.4114 -0.7763 -0.4776 0.1388 0.7549
49 -22.1564 -131.3167 186.1341 0.4507 -0.7971 -0.4019 0.1492 0.7486
49 -19.6704 -131.6125 187.9256 0.4388 -0.4071 -0.8011 0.1617 0.7721
MRinSpiritualFinfameOn.jpg
49 -19.6704 -131.6125 187.9256 0.4388 -0.4071 -0.8011 0.1617 0.7721
49 -19.5417 -134.0609 188.8579 0.5206 -0.7980 -0.3037 0.1492 0.7845
49 -24.6761 -134.9294 187.3762 0.1464 -0.6115 -0.7776 0.1216 0.7653
MRinSpiritualFinfameOn.jpg
49 -24.6761 -134.9294 187.3762 0.1464 -0.6115 -0.7776 0.1216 0.7653
49 -19.5417 -134.0609 188.8579 0.5206 -0.7980 -0.3037 0.1492 0.7845
49 -27.2704 -134.0649 187.8021 0.0189 -0.9945 -0.1028 0.1050 0.7575
MRinSpiritualFinfameOn.jpg
49 -27.2704 -134.0649 187.8021 0.0189 -0.9945 -0.1028 0.1050 0.7575
49 -19.5417 -134.0609 188.8579 0.5206 -0.7980 -0.3037 0.1492 0.7845
49 -23.8249 -135.7129 197.8251 0.0786 -0.9940 0.0757 0.1050 0.8335
MRinSpiritualFinfameOn.jpg
49 -23.8249 -135.7129 197.8251 0.0786 -0.9940 0.0757 0.1050 0.8335
49 -19.5417 -134.0609 188.8579 0.5206 -0.7980 -0.3037 0.1492 0.7845
49 -15.2873 -129.8635 193.8285 0.8472 -0.4890 -0.2076 0.1939 0.8225
MRinSpiritualFinfameOn.jpg
49 -15.2873 -129.8635 193.8285 0.8472 -0.4890 -0.2076 0.1939 0.8225
49 -17.0987 -129.4325 189.0875 0.8043 -0.4709 -0.3623 0.1960 0.7903
49 -16.1400 -122.9163 188.7486 0.8712 -0.0475 -0.4886 0.2226 0.7700
MRinSpiritualFinfameOn.jpg
49 -17.0987 -129.4325 189.0875 0.8043 -0.4709 -0.3623 0.1960 0.7903
49 -19.6704 -131.6125 187.9256 0.4388 -0.4071 -0.8011 0.1617 0.7721
49 -22.1564 -131.3167 186.1341 0.4507 -0.7971 -0.4019 0.1492 0.7486
MRinSpiritualFinfameOn.jpg
49 -17.0987 -129.4325 189.0875 0.8043 -0.4709 -0.3623 0.1960 0.7903
49 -19.5417 -134.0609 188.8579 0.5206 -0.7980 -0.3037 0.1492 0.7845
49 -19.6704 -131.6125 187.9256 0.4388 -0.4071 -0.8011 0.1617 0.7721
MRinSpiritualFinfameOn.jpg
49 -15.2873 -129.8635 193.8285 0.8472 -0.4890 -0.2076 0.1939 0.8225
49 -19.5417 -134.0609 188.8579 0.5206 -0.7980 -0.3037 0.1492 0.7845
49 -17.0987 -129.4325 189.0875 0.8043 -0.4709 -0.3623 0.1960 0.7903
MRinSpiritualFinfameOn.jpg
49 -16.1400 -122.9163 188.7486 0.8712 -0.0475 -0.4886 0.2226 0.7700
49 -17.0987 -129.4325 189.0875 0.8043 -0.4709 -0.3623 0.1960 0.7903
49 -15.7364 -126.4205 186.3731 0.7848 -0.2309 -0.5751 0.2101 0.7695
MRinSpiritualFinfameOn.jpg
49 -21.2415 -129.7914 184.2101 0.6493 -0.4252 -0.6306 0.1710 0.7351
49 -16.1400 -122.9163 188.7486 0.8712 -0.0475 -0.4886 0.2226 0.7700
49 -15.7364 -126.4205 186.3731 0.7848 -0.2309 -0.5751 0.2101 0.7695
MRinSpiritualFinfameOn.jpg
49 -22.1564 -131.3167 186.1341 0.4507 -0.7971 -0.4019 0.1492 0.7486
49 -20.4724 -131.0132 185.5417 0.3983 -0.8038 -0.4418 0.1700 0.7471
49 -17.0987 -129.4325 189.0875 0.8043 -0.4709 -0.3623 0.1960 0.7903
MRinSpiritualFinfameOn.jpg
49 -15.7364 -126.4205 186.3731 0.7848 -0.2309 -0.5751 0.2101 0.7695
49 -20.4724 -131.0132 185.5417 0.3983 -0.8038 -0.4418 0.1700 0.7471
49 -21.2415 -129.7914 184.2101 0.6493 -0.4252 -0.6306 0.1710 0.7351
MRinSpiritualFinfameOn.jpg
49 -17.0987 -129.4325 189.0875 0.8043 -0.4709 -0.3623 0.1960 0.7903
49 -20.4724 -131.0132 185.5417 0.3983 -0.8038 -0.4418 0.1700 0.7471
49 -15.7364 -126.4205 186.3731 0.7848 -0.2309 -0.5751 0.2101 0.7695
MRinSpiritualFinfameOn.jpg
49 -21.2415 -129.7914 184.2101 0.6493 -0.4252 -0.6306 0.1710 0.7351
49 -20.4724 -131.0132 185.5417 0.3983 -0.8038 -0.4418 0.1700 0.7471
49 -22.1564 -131.3167 186.1341 0.4507 -0.7971 -0.4019 0.1492 0.7486
MRinSpiritualFinfameOn.jpg
23 23.5578 17.3353 114.5490 0.9520 -0.2675 0.1487 0.2730 0.1034
23 9.8326 18.9475 107.2108 -0.4332 -0.6700 -0.6028 0.2730 0.0821
18 41.2147 37.3454 90.0823 0.8208 -0.5343 0.2020 0.3719 0.1034
MRinSpiritualFinfameOn.jpg
23 14.9472 26.1964 127.8253 0.4340 0.6714 0.6008 0.2730 0.1268
23 23.5578 17.3353 114.5490 0.9520 -0.2675 0.1487 0.2730 0.1034
18 34.9939 50.4606 94.5950 0.2218 0.7056 0.6730 0.3719 0.1268
MRinSpiritualFinfameOn.jpg
49 -31.1917 -128.4627 176.9915 0.2442 -0.7552 0.6083 0.9625 0.5124
49 -25.9041 -126.5571 176.7608 0.3042 -0.7775 0.5505 0.9849 0.5249
49 -24.8987 -124.6037 178.9641 -0.0837 -0.7581 0.6468 0.9828 0.5410
MRinSpiritualFinfameOn.jpg
49 -31.1917 -128.4627 176.9915 0.2442 -0.7552 0.6083 0.9625 0.5124
49 -24.8987 -124.6037 178.9641 -0.0837 -0.7581 0.6468 0.9828 0.5410
49 -29.5809 -122.8738 182.6952 0.0581 -0.9982 0.0137 0.9563 0.5530
MRinSpiritualFinfameOn.jpg
49 -24.8987 -124.6037 178.9641 -0.0837 -0.7581 0.6468 0.9828 0.5410
49 -23.2354 -123.7234 181.3079 -0.7017 -0.5650 -0.4340 0.9844 0.5613
49 -29.5809 -122.8738 182.6952 0.0581 -0.9982 0.0137 0.9563 0.5530
MRinSpiritualFinfameOn.jpg
49 -23.2354 -123.7234 181.3079 -0.7017 -0.5650 -0.4340 0.9844 0.5613
49 -24.8987 -124.6037 178.9641 -0.0837 -0.7581 0.6468 0.9828 0.5410
49 -23.6151 -125.5704 180.4483 -0.7881 -0.1190 0.6040 0.9885 0.5473
MRinSpiritualFinfameOn.jpg
49 -29.1641 -126.3160 183.3887 -0.2852 0.5868 -0.7578 0.9573 0.5712
49 -29.5809 -122.8738 182.6952 0.0581 -0.9982 0.0137 0.9563 0.5530
49 -23.2354 -123.7234 181.3079 -0.7017 -0.5650 -0.4340 0.9844 0.5613
MRinSpiritualFinfameOn.jpg
49 -23.2354 -123.7234 181.3079 -0.7017 -0.5650 -0.4340 0.9844 0.5613
49 -22.9858 -125.4541 181.0068 -0.3166 0.7807 -0.5388 0.9849 0.5696
49 -29.1641 -126.3160 183.3887 -0.2852 0.5868 -0.7578 0.9573 0.5712
MRinSpiritualFinfameOn.jpg
49 -22.9858 -125.4541 181.0068 -0.3166 0.7807 -0.5388 0.9849 0.5696
49 -24.3503 -125.1271 178.5521 -0.3648 0.8705 -0.3304 0.9901 0.5884
49 -29.1641 -126.3160 183.3887 -0.2852 0.5868 -0.7578 0.9573 0.5712
MRinSpiritualFinfameOn.jpg
49 -30.6380 -129.3860 178.4969 -0.2521 0.7290 -0.6364 0.9589 0.5998
49 -29.1641 -126.3160 183.3887 -0.2852 0.5868 -0.7578 0.9573 0.5712
49 -24.3503 -125.1271 178.5521 -0.3648 0.8705 -0.3304 0.9901 0.5884
MRinSpiritualFinfameOn.jpg
49 -26.8850 -128.1361 177.5104 -0.3815 0.5726 -0.7257 0.9698 0.6045
49 -30.6380 -129.3860 178.4969 -0.2521 0.7290 -0.6364 0.9589 0.5998
49 -24.3503 -125.1271 178.5521 -0.3648 0.8705 -0.3304 0.9901 0.5884
MRinSpiritualFinfameOn.jpg
49 -33.1472 -106.0606 158.9296 -0.2377 0.9276 -0.2881 0.6107 0.3251
49 -41.8735 -102.0363 149.3302 -0.0600 0.9980 -0.0194 0.6118 0.3417
49 -36.8715 -101.4440 164.3589 -0.1928 0.8796 -0.4349 0.6029 0.3266
MRinSpiritualFinfameOn.jpg
49 -33.1472 -106.0606 158.9296 -0.2377 0.9276 -0.2881 0.6107 0.3251
49 -36.8715 -101.4440 164.3589 -0.1928 0.8796 -0.4349 0.6029 0.3266
49 -26.7330 -96.7971 166.3167 -0.1481 0.9170 -0.3703 0.6071 0.3131
MRinSpiritualFinfameOn.jpg
49 -26.7330 -96.7971 166.3167 -0.1481 0.9170 -0.3703 0.6071 0.3131
49 -37.8032 -101.6927 145.6425 -0.5836 0.8028 0.1224 0.6284 0.3287
49 -33.1472 -106.0606 158.9296 -0.2377 0.9276 -0.2881 0.6107 0.3251
MRinSpiritualFinfameOn.jpg
49 -24.5630 -98.4204 158.1502 0.2039 0.9692 -0.1385 0.6170 0.3121
49 -37.8032 -101.6927 145.6425 -0.5836 0.8028 0.1224 0.6284 0.3287
49 -26.7330 -96.7971 166.3167 -0.1481 0.9170 -0.3703 0.6071 0.3131
MRinSpiritualFinfameOn.jpg
49 -26.7330 -96.7971 166.3167 -0.1481 0.9170 -0.3703 0.6071 0.3131
49 -36.8715 -101.4440 164.3589 -0.1928 0.8796 -0.4349 0.6029 0.3266
49 -33.2747 -94.7378 176.1709 -0.2275 0.8032 -0.5506 0.5931 0.3188
MRinSpiritualFinfameOn.jpg
49 -20.1999 -100.0826 165.2419 -0.1913 0.9296 -0.3152 0.6097 0.3043
49 -24.5630 -98.4204 158.1502 0.2039 0.9692 -0.1385 0.6170 0.3121
49 -26.7330 -96.7971 166.3167 -0.1481 0.9170 -0.3703 0.6071 0.3131
MRinSpiritualFinfameOn.jpg
49 -18.0445 -96.1459 167.9204 -0.2434 0.9441 -0.2224 0.6050 0.2996
49 -26.7330 -96.7971 166.3167 -0.1481 0.9170 -0.3703 0.6071 0.3131
49 -20.0915 -93.2437 175.3197 -0.0011 0.9371 -0.3491 0.5946 0.3001
MRinSpiritualFinfameOn.jpg
49 -18.0445 -96.1459 167.9204 -0.2434 0.9441 -0.2224 0.6050 0.2996
49 -20.1999 -100.0826 165.2419 -0.1913 0.9296 -0.3152 0.6097 0.3043
49 -26.7330 -96.7971 166.3167 -0.1481 0.9170 -0.3703 0.6071 0.3131
MRinSpiritualFinfameOn.jpg
49 -25.8206 -99.4315 150.0748 -0.7187 0.6689 0.1900 0.6274 0.2985
49 -20.1999 -100.0826 165.2419 -0.1913 0.9296 -0.3152 0.6097 0.3043
49 -18.0445 -96.1459 167.9204 -0.2434 0.9441 -0.2224 0.6050 0.2996
MRinSpiritualFinfameOn.jpg
49 -15.9080 -95.3717 158.4709 -0.2537 0.9670 0.0219 0.6149 0.2923
49 -25.8206 -99.4315 150.0748 -0.7187 0.6689 0.1900 0.6274 0.2985
49 -18.0445 -96.1459 167.9204 -0.2434 0.9441 -0.2224 0.6050 0.2996
MRinSpiritualFinfameOn.jpg
49 -11.6948 -95.2658 167.0502 -0.3004 0.9535 -0.0228 0.6045 0.2912
49 -15.9080 -95.3717 158.4709 -0.2537 0.9670 0.0219 0.6149 0.2923
49 -18.0445 -96.1459 167.9204 -0.2434 0.9441 -0.2224 0.6050 0.2996
MRinSpiritualFinfameOn.jpg
49 -10.6072 -94.4463 172.5935 -0.1401 0.9895 -0.0348 0.5983 0.2907
49 -11.6948 -95.2658 167.0502 -0.3004 0.9535 -0.0228 0.6045 0.2912
49 -18.0445 -96.1459 167.9204 -0.2434 0.9441 -0.2224 0.6050 0.2996
MRinSpiritualFinfameOn.jpg
49 -20.0915 -93.2437 175.3197 -0.0011 0.9371 -0.3491 0.5946 0.3001
49 -10.6072 -94.4463 172.5935 -0.1401 0.9895 -0.0348 0.5983 0.2907
49 -18.0445 -96.1459 167.9204 -0.2434 0.9441 -0.2224 0.6050 0.2996
MRinSpiritualFinfameOn.jpg
49 -5.8666 -97.0012 176.2823 0.2167 0.9105 0.3521 0.5884 0.2918
49 -10.6072 -94.4463 172.5935 -0.1401 0.9895 -0.0348 0.5983 0.2907
49 -20.0915 -93.2437 175.3197 -0.0011 0.9371 -0.3491 0.5946 0.3001
MRinSpiritualFinfameOn.jpg
49 -6.3140 -91.3085 166.0303 -0.5928 0.8054 -0.0028 0.6040 0.2829
49 -11.6948 -95.2658 167.0502 -0.3004 0.9535 -0.0228 0.6045 0.2912
49 -10.6072 -94.4463 172.5935 -0.1401 0.9895 -0.0348 0.5983 0.2907
MRinSpiritualFinfameOn.jpg
49 -7.1119 -125.2268 193.6265 0.2903 -0.3761 -0.8799 0.2481 0.6139
49 -14.4272 -125.6418 192.7423 0.1167 -0.7977 -0.5916 0.2049 0.5722
49 -16.3254 -122.9453 188.7315 0.4562 -0.2755 -0.8461 0.1919 0.5894
MRinSpiritualFinfameOn.jpg
49 -16.3254 -122.9453 188.7315 0.4562 -0.2755 -0.8461 0.1919 0.5894
49 -12.1383 -122.9929 191.5397 0.3155 -0.2880 -0.9042 0.2142 0.6154
49 -7.1119 -125.2268 193.6265 0.2903 -0.3761 -0.8799 0.2481 0.6139
MRinSpiritualFinfameOn.jpg
49 -13.8776 -118.2684 188.3850 0.2691 -0.4644 -0.8438 0.1841 0.6310
49 -12.1383 -122.9929 191.5397 0.3155 -0.2880 -0.9042 0.2142 0.6154
49 -16.3254 -122.9453 188.7315 0.4562 -0.2755 -0.8461 0.1919 0.5894
MRinSpiritualFinfameOn.jpg
49 -7.1119 -125.2268 193.6265 0.2903 -0.3761 -0.8799 0.2481 0.6139
49 -12.1383 -122.9929 191.5397 0.3155 -0.2880 -0.9042 0.2142 0.6154
49 -11.5172 -117.7592 188.0217 0.0417 -0.5608 -0.8269 0.1950 0.6404
MRinSpiritualFinfameOn.jpg
49 -11.5172 -117.7592 188.0217 0.0417 -0.5608 -0.8269 0.1950 0.6404
49 -12.1383 -122.9929 191.5397 0.3155 -0.2880 -0.9042 0.2142 0.6154
49 -13.8776 -118.2684 188.3850 0.2691 -0.4644 -0.8438 0.1841 0.6310
MRinSpiritualFinfameOn.jpg
23 -8.3620 -29.6849 109.7418 -0.0796 -0.7954 -0.6009 0.2174 0.4760
23 -20.8335 -30.8977 113.7753 -0.4469 -0.6940 -0.5646 0.2023 0.4578
23 -11.2689 -14.8674 101.8604 -0.2644 -0.3834 -0.8849 0.1955 0.4978
MRinSpiritualFinfameOn.jpg
23 1.7389 -34.7888 135.0998 0.1078 -0.9884 0.1066 0.2564 0.4437
23 -21.0805 -31.6842 121.6786 -0.5242 -0.8392 -0.1449 0.2090 0.4447
23 -2.7911 -34.4852 119.7669 -0.1107 -0.9872 -0.1148 0.2366 0.4640
MRinSpiritualFinfameOn.jpg
23 5.9635 -34.6711 128.9840 0.3579 -0.9260 0.1197 0.2579 0.4572
23 1.7389 -34.7888 135.0998 0.1078 -0.9884 0.1066 0.2564 0.4437
23 -2.7911 -34.4852 119.7669 -0.1107 -0.9872 -0.1148 0.2366 0.4640
MRinSpiritualFinfameOn.jpg
23 27.9064 -19.0220 134.0726 0.5698 -0.8194 0.0630 0.3048 0.4692
23 26.6513 -19.4466 139.9076 0.5182 -0.8354 0.1830 0.3069 0.4583
23 5.9635 -34.6711 128.9840 0.3579 -0.9260 0.1197 0.2579 0.4572
MRinSpiritualFinfameOn.jpg
30 37.3819 -13.4683 146.5168 0.6723 0.1360 0.7277 0.5587 0.1377
23 28.5214 -15.6271 148.8135 0.1345 0.3415 0.9302 0.5285 0.1377
30 34.7014 -29.2027 142.4706 -0.0568 -0.4231 0.9043 0.5821 0.1721
MRinSpiritualFinfameOn.jpg
30 34.7014 -29.2027 142.4706 -0.0568 -0.4231 0.9043 0.5821 0.1721
23 25.0622 -26.8409 136.8328 -0.7558 -0.2125 0.6194 0.5577 0.1736
30 29.2992 -33.3965 136.4402 -0.5329 -0.0344 0.8455 0.5842 0.1960
MRinSpiritualFinfameOn.jpg
30 34.3138 -0.0625 113.3033 0.8216 0.5463 0.1631 0.5967 0.2366
23 33.1743 -3.0519 117.3752 0.9878 0.1456 0.0558 0.5826 0.2330
30 35.6569 -3.5472 118.2088 0.6048 0.7374 0.3006 0.5894 0.2200
MRinSpiritualFinfameOn.jpg
23 -1.9723 -37.0143 133.1846 0.0301 -0.9952 0.0936 0.7622 0.9885
23 1.7013 -37.5343 126.4779 -0.0100 -0.9921 0.1247 0.7616 0.9646
23 15.0985 -35.5078 143.6925 -0.0175 -0.9456 0.3249 0.7949 0.9885
MRinSpiritualFinfameOn.jpg
23 18.2971 -36.4120 138.9803 0.0055 -0.9814 0.1920 0.7949 0.9646
23 15.0985 -35.5078 143.6925 -0.0175 -0.9456 0.3249 0.7949 0.9885
23 1.7013 -37.5343 126.4779 -0.0100 -0.9921 0.1247 0.7616 0.9646
MRinSpiritualFinfameOn.jpg
23 18.2971 -36.4120 138.9803 0.0055 -0.9814 0.1920 0.7949 0.9646
23 38.8398 -32.6623 149.4620 -0.0430 -0.6777 0.7341 0.8314 0.9646
23 15.0985 -35.5078 143.6925 -0.0175 -0.9456 0.3249 0.7949 0.9885
MRinSpiritualFinfameOn.jpg
23 34.0627 -28.5320 152.2844 -0.0260 -0.5843 0.8111 0.8314 0.9885
23 15.0985 -35.5078 143.6925 -0.0175 -0.9456 0.3249 0.7949 0.9885
23 38.8398 -32.6623 149.4620 -0.0430 -0.6777 0.7341 0.8314 0.9646
MRinSpiritualFinfameOn.jpg
23 34.0627 -28.5320 152.2844 -0.0260 -0.5843 0.8111 0.8314 0.9885
23 38.8398 -32.6623 149.4620 -0.0430 -0.6777 0.7341 0.8314 0.9646
23 48.7693 -17.5438 158.0018 -0.0291 -0.3651 0.9305 0.8652 0.9885
MRinSpiritualFinfameOn.jpg
23 54.6474 -22.1188 157.0923 -0.2009 -0.2575 0.9452 0.8652 0.9646
23 48.7693 -17.5438 158.0018 -0.0291 -0.3651 0.9305 0.8652 0.9885
23 38.8398 -32.6623 149.4620 -0.0430 -0.6777 0.7341 0.8314 0.9646
MRinSpiritualFinfameOn.jpg
23 48.7693 -17.5438 158.0018 -0.0291 -0.3651 0.9305 0.8652 0.9885
23 54.6474 -22.1188 157.0923 -0.2009 -0.2575 0.9452 0.8652 0.9646
23 52.5286 -3.5607 160.1555 -0.3463 -0.2434 0.9060 0.9011 0.9885
MRinSpiritualFinfameOn.jpg
23 59.8834 -2.2681 164.1924 -0.4326 -0.2466 0.8672 0.9011 0.9646
23 52.5286 -3.5607 160.1555 -0.3463 -0.2434 0.9060 0.9011 0.9885
23 54.6474 -22.1188 157.0923 -0.2009 -0.2575 0.9452 0.8652 0.9646
MRinSpiritualFinfameOn.jpg
23 59.8834 -2.2681 164.1924 -0.4326 -0.2466 0.8672 0.9011 0.9646
23 50.1407 14.4468 165.2295 -0.4342 -0.3506 0.8298 0.9380 0.9646
23 52.5286 -3.5607 160.1555 -0.3463 -0.2434 0.9060 0.9011 0.9885
MRinSpiritualFinfameOn.jpg
23 45.7748 10.2681 160.9294 -0.4451 -0.4256 0.7879 0.9380 0.9885
23 52.5286 -3.5607 160.1555 -0.3463 -0.2434 0.9060 0.9011 0.9885
23 50.1407 14.4468 165.2295 -0.4342 -0.3506 0.8298 0.9380 0.9646
MRinSpiritualFinfameOn.jpg
23 50.1407 14.4468 165.2295 -0.4342 -0.3506 0.8298 0.9380 0.9646
23 33.0932 23.9108 162.8422 -0.3331 -0.5436 0.7704 0.9713 0.9646
23 45.7748 10.2681 160.9294 -0.4451 -0.4256 0.7879 0.9380 0.9885
MRinSpiritualFinfameOn.jpg
23 31.3112 19.2745 158.4422 -0.2890 -0.6787 0.6752 0.9713 0.9885
23 45.7748 10.2681 160.9294 -0.4451 -0.4256 0.7879 0.9380 0.9885
23 33.0932 23.9108 162.8422 -0.3331 -0.5436 0.7704 0.9713 0.9646
MRinSpiritualFinfameOn.jpg
23 20.4189 22.1858 158.3875 -0.2025 -0.7458 0.6347 0.9844 0.9646
23 31.3112 19.2745 158.4422 -0.2890 -0.6787 0.6752 0.9713 0.9885
23 33.0932 23.9108 162.8422 -0.3331 -0.5436 0.7704 0.9713 0.9646
MRinSpiritualFinfameOn.jpg
23 20.4189 22.1858 158.3875 -0.2025 -0.7458 0.6347 0.9844 0.9646
23 26.2496 18.7231 155.2919 -0.2250 -0.8320 0.5071 0.9844 0.9885
23 31.3112 19.2745 158.4422 -0.2890 -0.6787 0.6752 0.9713 0.9885
MRinSpiritualFinfameOn.jpg
23 -2.0196 -37.0715 132.7936 -0.0301 0.9952 -0.0936 0.7622 0.9885
23 15.0512 -35.5650 143.3015 0.0176 0.9455 -0.3250 0.7949 0.9885
23 1.6540 -37.5915 126.0869 0.0100 0.9921 -0.1247 0.7616 0.9646
MRinSpiritualFinfameOn.jpg
23 18.2498 -36.4692 138.5893 -0.0054 0.9814 -0.1920 0.7949 0.9646
23 1.6540 -37.5915 126.0869 0.0100 0.9921 -0.1247 0.7616 0.9646
23 15.0512 -35.5650 143.3015 0.0176 0.9455 -0.3250 0.7949 0.9885
MRinSpiritualFinfameOn.jpg
23 18.2498 -36.4692 138.5893 -0.0054 0.9814 -0.1920 0.7949 0.9646
23 15.0512 -35.5650 143.3015 0.0176 0.9455 -0.3250 0.7949 0.9885
23 38.7934 -32.7186 149.0799 0.0433 0.6773 -0.7344 0.8314 0.9646
MRinSpiritualFinfameOn.jpg
23 34.0154 -28.5892 151.8934 0.0265 0.5836 -0.8116 0.8314 0.9885
23 38.7934 -32.7186 149.0799 0.0433 0.6773 -0.7344 0.8314 0.9646
23 15.0512 -35.5650 143.3015 0.0176 0.9455 -0.3250 0.7949 0.9885
MRinSpiritualFinfameOn.jpg
23 34.0154 -28.5892 151.8934 0.0265 0.5836 -0.8116 0.8314 0.9885
23 48.7219 -17.6010 157.6108 0.0294 0.3650 -0.9305 0.8652 0.9885
23 38.7934 -32.7186 149.0799 0.0433 0.6773 -0.7344 0.8314 0.9646
MRinSpiritualFinfameOn.jpg
23 54.6001 -22.1760 156.7013 0.2008 0.2576 -0.9451 0.8652 0.9646
23 38.7934 -32.7186 149.0799 0.0433 0.6773 -0.7344 0.8314 0.9646
23 48.7219 -17.6010 157.6108 0.0294 0.3650 -0.9305 0.8652 0.9885
MRinSpiritualFinfameOn.jpg
23 48.7219 -17.6010 157.6108 0.0294 0.3650 -0.9305 0.8652 0.9885
23 52.4822 -3.6170 159.7735 0.3464 0.2433 -0.9060 0.9011 0.9885
23 54.6001 -22.1760 156.7013 0.2008 0.2576 -0.9451 0.8652 0.9646
MRinSpiritualFinfameOn.jpg
23 59.8369 -2.3244 163.8103 0.4326 0.2464 -0.8672 0.9011 0.9646
23 54.6001 -22.1760 156.7013 0.2008 0.2576 -0.9451 0.8652 0.9646
23 52.4822 -3.6170 159.7735 0.3464 0.2433 -0.9060 0.9011 0.9885
MRinSpiritualFinfameOn.jpg
23 59.8369 -2.3244 163.8103 0.4326 0.2464 -0.8672 0.9011 0.9646
23 52.4822 -3.6170 159.7735 0.3464 0.2433 -0.9060 0.9011 0.9885
23 50.0980 14.3972 164.8373 0.4341 0.3499 -0.8301 0.9380 0.9646
MRinSpiritualFinfameOn.jpg
23 45.7275 10.2109 160.5384 0.4448 0.4253 -0.7882 0.9380 0.9885
23 50.0980 14.3972 164.8373 0.4341 0.3499 -0.8301 0.9380 0.9646
23 52.4822 -3.6170 159.7735 0.3464 0.2433 -0.9060 0.9011 0.9885
MRinSpiritualFinfameOn.jpg
23 50.0980 14.3972 164.8373 0.4341 0.3499 -0.8301 0.9380 0.9646
23 45.7275 10.2109 160.5384 0.4448 0.4253 -0.7882 0.9380 0.9885
23 33.0459 23.8536 162.4512 0.3328 0.5435 -0.7706 0.9713 0.9646
MRinSpiritualFinfameOn.jpg
23 31.2639 19.2173 158.0512 0.2888 0.6788 -0.6751 0.9713 0.9885
23 33.0459 23.8536 162.4512 0.3328 0.5435 -0.7706 0.9713 0.9646
23 45.7275 10.2109 160.5384 0.4448 0.4253 -0.7882 0.9380 0.9885
MRinSpiritualFinfameOn.jpg
23 31.2639 19.2173 158.0512 0.2888 0.6788 -0.6751 0.9713 0.9885
23 20.3725 22.1295 158.0055 0.2022 0.7460 -0.6345 0.9844 0.9646
23 33.0459 23.8536 162.4512 0.3328 0.5435 -0.7706 0.9713 0.9646
MRinSpiritualFinfameOn.jpg
23 26.2023 18.6659 154.9009 0.2247 0.8323 -0.5067 0.9844 0.9885
23 20.3725 22.1295 158.0055 0.2022 0.7460 -0.6345 0.9844 0.9646
23 31.2639 19.2173 158.0512 0.2888 0.6788 -0.6751 0.9713 0.9885
MRinSpiritualFinfameOn.jpg
44 118.7156 -10.1605 176.4948 -0.3238 -0.5424 0.7752 0.2772 0.4760
44 120.0280 -19.9470 168.9238 -0.2534 -0.6129 0.7484 0.2501 0.4801
44 124.7273 -19.8208 170.6184 0.2802 -0.8369 0.4703 0.2527 0.4968
MRinSpiritualFinfameOn.jpg
44 128.8205 -7.4850 183.0575 -0.4201 -0.5619 0.7126 0.2970 0.4973
44 118.7156 -10.1605 176.4948 -0.3238 -0.5424 0.7752 0.2772 0.4760
44 124.7273 -19.8208 170.6184 0.2802 -0.8369 0.4703 0.2527 0.4968
MRinSpiritualFinfameOn.jpg
44 124.7273 -19.8208 170.6184 0.2802 -0.8369 0.4703 0.2527 0.4968
44 132.1744 -11.9890 179.5847 0.4293 -0.9002 0.0724 0.2881 0.5119
44 128.8205 -7.4850 183.0575 -0.4201 -0.5619 0.7126 0.2970 0.4973
MRinSpiritualFinfameOn.jpg
44 143.0498 -8.4149 191.6057 0.1532 -0.9834 -0.0973 0.3350 0.5108
44 128.8205 -7.4850 183.0575 -0.4201 -0.5619 0.7126 0.2970 0.4973
44 132.1744 -11.9890 179.5847 0.4293 -0.9002 0.0724 0.2881 0.5119
MRinSpiritualFinfameOn.jpg
44 139.1790 -6.9131 194.9098 -0.7210 -0.5696 0.3946 0.3365 0.4947
44 128.8205 -7.4850 183.0575 -0.4201 -0.5619 0.7126 0.2970 0.4973
44 143.0498 -8.4149 191.6057 0.1532 -0.9834 -0.0973 0.3350 0.5108
MRinSpiritualFinfameOn.jpg
44 139.1790 -6.9131 194.9098 -0.7210 -0.5696 0.3946 0.3365 0.4947
44 143.0498 -8.4149 191.6057 0.1532 -0.9834 -0.0973 0.3350 0.5108
44 144.5901 -9.5641 208.0522 -0.8957 -0.3961 -0.2019 0.3797 0.4848
MRinSpiritualFinfameOn.jpg
44 124.7273 -19.8208 170.6184 0.2802 -0.8369 0.4703 0.2527 0.4968
44 131.3458 -6.7388 168.6034 0.8370 -0.2749 -0.4731 0.2642 0.5379
44 132.1744 -11.9890 179.5847 0.4293 -0.9002 0.0724 0.2881 0.5119
MRinSpiritualFinfameOn.jpg
44 124.7273 -19.8208 170.6184 0.2802 -0.8369 0.4703 0.2527 0.4968
44 123.4096 -13.0004 156.4776 0.8624 -0.2916 -0.4138 0.2319 0.5296
44 131.3458 -6.7388 168.6034 0.8370 -0.2749 -0.4731 0.2642 0.5379
MRinSpiritualFinfameOn.jpg
44 123.4096 -13.0004 156.4776 0.8624 -0.2916 -0.4138 0.2319 0.5296
44 124.4434 1.7168 155.2175 0.7606 0.5604 -0.3277 0.2418 0.5629
44 131.3458 -6.7388 168.6034 0.8370 -0.2749 -0.4731 0.2642 0.5379
MRinSpiritualFinfameOn.jpg
44 124.4434 1.7168 155.2175 0.7606 0.5604 -0.3277 0.2418 0.5629
44 131.4166 -0.5176 169.6513 0.5441 0.5722 -0.6136 0.2683 0.5540
44 131.3458 -6.7388 168.6034 0.8370 -0.2749 -0.4731 0.2642 0.5379
MRinSpiritualFinfameOn.jpg
44 131.3458 -6.7388 168.6034 0.8370 -0.2749 -0.4731 0.2642 0.5379
44 131.4166 -0.5176 169.6513 0.5441 0.5722 -0.6136 0.2683 0.5540
44 137.8477 -4.0723 174.5632 0.5665 -0.4923 -0.6609 0.2897 0.5441
MRinSpiritualFinfameOn.jpg
44 143.0498 -8.4149 191.6057 0.1532 -0.9834 -0.0973 0.3350 0.5108
44 132.1744 -11.9890 179.5847 0.4293 -0.9002 0.0724 0.2881 0.5119
44 137.8477 -4.0723 174.5632 0.5665 -0.4923 -0.6609 0.2897 0.5441
MRinSpiritualFinfameOn.jpg
44 131.3458 -6.7388 168.6034 0.8370 -0.2749 -0.4731 0.2642 0.5379
44 137.8477 -4.0723 174.5632 0.5665 -0.4923 -0.6609 0.2897 0.5441
44 132.1744 -11.9890 179.5847 0.4293 -0.9002 0.0724 0.2881 0.5119
MRinSpiritualFinfameOn.jpg
44 131.4166 -0.5176 169.6513 0.5441 0.5722 -0.6136 0.2683 0.5540
44 137.2804 1.5272 172.2765 -0.1815 0.3112 -0.9328 0.2829 0.5592
44 137.8477 -4.0723 174.5632 0.5665 -0.4923 -0.6609 0.2897 0.5441
MRinSpiritualFinfameOn.jpg
44 144.0861 0.0224 174.3843 0.4564 -0.6848 -0.5682 0.3017 0.5613
44 143.0498 -8.4149 191.6057 0.1532 -0.9834 -0.0973 0.3350 0.5108
44 137.8477 -4.0723 174.5632 0.5665 -0.4923 -0.6609 0.2897 0.5441
MRinSpiritualFinfameOn.jpg
44 137.8477 -4.0723 174.5632 0.5665 -0.4923 -0.6609 0.2897 0.5441
44 137.2804 1.5272 172.2765 -0.1815 0.3112 -0.9328 0.2829 0.5592
44 144.0861 0.0224 174.3843 0.4564 -0.6848 -0.5682 0.3017 0.5613
MRinSpiritualFinfameOn.jpg
44 137.2804 1.5272 172.2765 -0.1815 0.3112 -0.9328 0.2829 0.5592
44 140.1265 4.2309 169.4355 -0.8955 -0.4116 -0.1691 0.2840 0.5707
44 144.0861 0.0224 174.3843 0.4564 -0.6848 -0.5682 0.3017 0.5613
MRinSpiritualFinfameOn.jpg
44 149.9234 -12.8337 212.3957 0.3931 -0.8246 -0.4067 0.4036 0.4911
44 144.5901 -9.5641 208.0522 -0.8957 -0.3961 -0.2019 0.3797 0.4848
44 143.0498 -8.4149 191.6057 0.1532 -0.9834 -0.0973 0.3350 0.5108
MRinSpiritualFinfameOn.jpg
44 133.2084 -11.9808 199.3296 0.1035 0.4621 -0.8808 0.3495 0.4526
44 144.5901 -9.5641 208.0522 -0.8957 -0.3961 -0.2019 0.3797 0.4848
44 149.9234 -12.8337 212.3957 0.3931 -0.8246 -0.4067 0.4036 0.4911
MRinSpiritualFinfameOn.jpg
44 133.2084 -11.9808 199.3296 0.1035 0.4621 -0.8808 0.3495 0.4526
44 149.9234 -12.8337 212.3957 0.3931 -0.8246 -0.4067 0.4036 0.4911
44 143.9473 -15.9856 222.3146 -0.8413 -0.2403 -0.4842 0.4255 0.4619
MRinSpiritualFinfameOn.jpg
44 144.0861 0.0224 174.3843 0.4564 -0.6848 -0.5682 0.3017 0.5613
44 152.7890 7.0569 178.9462 0.8571 0.5037 -0.1083 0.3261 0.5774
44 143.0498 -8.4149 191.6057 0.1532 -0.9834 -0.0973 0.3350 0.5108
MRinSpiritualFinfameOn.jpg
44 152.7890 7.0569 178.9462 0.8571 0.5037 -0.1083 0.3261 0.5774
44 149.9234 -12.8337 212.3957 0.3931 -0.8246 -0.4067 0.4036 0.4911
44 143.0498 -8.4149 191.6057 0.1532 -0.9834 -0.0973 0.3350 0.5108
MRinSpiritualFinfameOn.jpg
44 139.2462 8.3266 158.3530 0.4232 0.5472 -0.7221 0.2699 0.5972
44 152.7890 7.0569 178.9462 0.8571 0.5037 -0.1083 0.3261 0.5774
44 144.0861 0.0224 174.3843 0.4564 -0.6848 -0.5682 0.3017 0.5613
MRinSpiritualFinfameOn.jpg
44 152.7890 7.0569 178.9462 0.8571 0.5037 -0.1083 0.3261 0.5774
44 159.7976 -10.4566 229.3261 0.8972 0.4073 0.1705 0.4609 0.5041
44 149.9234 -12.8337 212.3957 0.3931 -0.8246 -0.4067 0.4036 0.4911
MRinSpiritualFinfameOn.jpg
44 144.0861 0.0224 174.3843 0.4564 -0.6848 -0.5682 0.3017 0.5613
44 140.1265 4.2309 169.4355 -0.8955 -0.4116 -0.1691 0.2840 0.5707
44 140.2188 5.8739 161.0759 -0.2130 -0.8913 -0.4003 0.2746 0.5894
MRinSpiritualFinfameOn.jpg
44 140.2188 5.8739 161.0759 -0.2130 -0.8913 -0.4003 0.2746 0.5894
44 139.2462 8.3266 158.3530 0.4232 0.5472 -0.7221 0.2699 0.5972
44 144.0861 0.0224 174.3843 0.4564 -0.6848 -0.5682 0.3017 0.5613
MRinSpiritualFinfameOn.jpg
44 138.5217 6.2509 162.4681 -0.8970 -0.4161 -0.1490 0.2725 0.5842
44 139.2462 8.3266 158.3530 0.4232 0.5472 -0.7221 0.2699 0.5972
44 140.2188 5.8739 161.0759 -0.2130 -0.8913 -0.4003 0.2746 0.5894
MRinSpiritualFinfameOn.jpg
44 138.5217 6.2509 162.4681 -0.8970 -0.4161 -0.1490 0.2725 0.5842
44 140.2188 5.8739 161.0759 -0.2130 -0.8913 -0.4003 0.2746 0.5894
44 140.1265 4.2309 169.4355 -0.8955 -0.4116 -0.1691 0.2840 0.5707
MRinSpiritualFinfameOn.jpg
44 143.9473 -15.9856 222.3146 -0.8413 -0.2403 -0.4842 0.4255 0.4619
44 149.9234 -12.8337 212.3957 0.3931 -0.8246 -0.4067 0.4036 0.4911
44 152.9560 -18.1892 228.7362 0.5370 -0.7473 -0.3914 0.4541 0.4760
MRinSpiritualFinfameOn.jpg
44 149.9234 -12.8337 212.3957 0.3931 -0.8246 -0.4067 0.4036 0.4911
44 159.7976 -10.4566 229.3261 0.8972 0.4073 0.1705 0.4609 0.5041
44 152.9560 -18.1892 228.7362 0.5370 -0.7473 -0.3914 0.4541 0.4760
MRinSpiritualFinfameOn.jpg
44 138.4611 -18.1567 220.4903 -0.8297 -0.2257 -0.5105 0.4182 0.4463
44 143.9473 -15.9856 222.3146 -0.8413 -0.2403 -0.4842 0.4255 0.4619
44 152.9560 -18.1892 228.7362 0.5370 -0.7473 -0.3914 0.4541 0.4760
MRinSpiritualFinfameOn.jpg
44 154.4167 -21.1034 247.2796 0.8336 0.2253 0.5044 0.5062 0.4650
44 152.9560 -18.1892 228.7362 0.5370 -0.7473 -0.3914 0.4541 0.4760
44 159.7976 -10.4566 229.3261 0.8972 0.4073 0.1705 0.4609 0.5041
MRinSpiritualFinfameOn.jpg
44 138.4611 -18.1567 220.4903 -0.8297 -0.2257 -0.5105 0.4182 0.4463
44 152.9560 -18.1892 228.7362 0.5370 -0.7473 -0.3914 0.4541 0.4760
44 150.8808 -24.6005 240.9845 0.2537 -0.8967 -0.3626 0.4869 0.4536
MRinSpiritualFinfameOn.jpg
44 150.8808 -24.6005 240.9845 0.2537 -0.8967 -0.3626 0.4869 0.4536
44 152.9560 -18.1892 228.7362 0.5370 -0.7473 -0.3914 0.4541 0.4760
44 154.4167 -21.1034 247.2796 0.8336 0.2253 0.5044 0.5062 0.4650
MRinSpiritualFinfameOn.jpg
44 150.8808 -24.6005 240.9845 0.2537 -0.8967 -0.3626 0.4869 0.4536
44 144.2014 -22.3412 237.4150 -0.8875 -0.4579 -0.0519 0.4682 0.4406
44 138.4611 -18.1567 220.4903 -0.8297 -0.2257 -0.5105 0.4182 0.4463
MRinSpiritualFinfameOn.jpg
44 144.2014 -22.3412 237.4150 -0.8875 -0.4579 -0.0519 0.4682 0.4406
44 150.8808 -24.6005 240.9845 0.2537 -0.8967 -0.3626 0.4869 0.4536
44 141.5626 -30.0605 251.9091 -0.8348 -0.2279 -0.5013 0.5067 0.4161
MRinSpiritualFinfameOn.jpg
44 150.8808 -24.6005 240.9845 0.2537 -0.8967 -0.3626 0.4869 0.4536
44 154.4167 -21.1034 247.2796 0.8336 0.2253 0.5044 0.5062 0.4650
44 146.1284 -32.5660 253.4032 0.5015 -0.8413 -0.2017 0.5186 0.4255
MRinSpiritualFinfameOn.jpg
44 146.1284 -32.5660 253.4032 0.5015 -0.8413 -0.2017 0.5186 0.4255
44 141.5626 -30.0605 251.9091 -0.8348 -0.2279 -0.5013 0.5067 0.4161
44 150.8808 -24.6005 240.9845 0.2537 -0.8967 -0.3626 0.4869 0.4536
MRinSpiritualFinfameOn.jpg
44 146.5644 -29.7835 257.4454 0.6476 0.0038 0.7620 0.5311 0.4307
44 146.1284 -32.5660 253.4032 0.5015 -0.8413 -0.2017 0.5186 0.4255
44 154.4167 -21.1034 247.2796 0.8336 0.2253 0.5044 0.5062 0.4650
MRinSpiritualFinfameOn.jpg
44 146.5644 -29.7835 257.4454 0.6476 0.0038 0.7620 0.5311 0.4307
44 132.4471 -40.7783 265.1194 -0.3983 -0.5575 0.7284 0.5447 0.3792
44 146.1284 -32.5660 253.4032 0.5015 -0.8413 -0.2017 0.5186 0.4255
MRinSpiritualFinfameOn.jpg
44 132.4471 -40.7783 265.1194 -0.3983 -0.5575 0.7284 0.5447 0.3792
44 141.5626 -30.0605 251.9091 -0.8348 -0.2279 -0.5013 0.5067 0.4161
44 146.1284 -32.5660 253.4032 0.5015 -0.8413 -0.2017 0.5186 0.4255
MRinSpiritualFinfameOn.jpg
44 118.7156 -10.1605 176.4948 -0.3238 -0.5424 0.7752 0.2772 0.4760
44 128.8205 -7.4850 183.0575 -0.4201 -0.5619 0.7126 0.2970 0.4973
44 113.4658 0.7629 180.3249 -0.2853 0.1942 0.9386 0.2491 0.4942
MRinSpiritualFinfameOn.jpg
44 109.9995 -1.6215 177.5735 -0.3419 -0.4530 0.8234 0.2501 0.4801
44 118.7156 -10.1605 176.4948 -0.3238 -0.5424 0.7752 0.2772 0.4760
44 113.4658 0.7629 180.3249 -0.2853 0.1942 0.9386 0.2491 0.4942
MRinSpiritualFinfameOn.jpg
44 126.4880 -1.5881 184.4928 -0.3761 0.5883 0.7159 0.2881 0.5119
44 113.4658 0.7629 180.3249 -0.2853 0.1942 0.9386 0.2491 0.4942
44 128.8205 -7.4850 183.0575 -0.4201 -0.5619 0.7126 0.2970 0.4973
MRinSpiritualFinfameOn.jpg
44 128.8205 -7.4850 183.0575 -0.4201 -0.5619 0.7126 0.2970 0.4973
44 139.4091 -1.7592 194.7473 -0.6635 0.5151 0.5426 0.3350 0.5108
44 126.4880 -1.5881 184.4928 -0.3761 0.5883 0.7159 0.2881 0.5119
MRinSpiritualFinfameOn.jpg
44 128.8205 -7.4850 183.0575 -0.4201 -0.5619 0.7126 0.2970 0.4973
44 139.1790 -6.9131 194.9098 -0.7210 -0.5696 0.3946 0.3365 0.4947
44 139.4091 -1.7592 194.7473 -0.6635 0.5151 0.5426 0.3350 0.5108
MRinSpiritualFinfameOn.jpg
44 139.1790 -6.9131 194.9098 -0.7210 -0.5696 0.3946 0.3365 0.4947
44 144.5901 -9.5641 208.0522 -0.8957 -0.3961 -0.2019 0.3797 0.4848
44 139.4091 -1.7592 194.7473 -0.6635 0.5151 0.5426 0.3350 0.5108
MRinSpiritualFinfameOn.jpg
44 131.4166 -0.5176 169.6513 0.5441 0.5722 -0.6136 0.2683 0.5540
44 124.4434 1.7168 155.2175 0.7606 0.5604 -0.3277 0.2418 0.5629
44 126.4828 2.1580 172.8005 0.1454 0.9875 0.0614 0.2642 0.5379
MRinSpiritualFinfameOn.jpg
44 126.4828 2.1580 172.8005 0.1454 0.9875 0.0614 0.2642 0.5379
44 113.4658 0.7629 180.3249 -0.2853 0.1942 0.9386 0.2491 0.4942
44 126.4880 -1.5881 184.4928 -0.3761 0.5883 0.7159 0.2881 0.5119
MRinSpiritualFinfameOn.jpg
44 113.3675 5.3639 165.1324 0.1694 0.9783 0.1193 0.2288 0.5249
44 113.4658 0.7629 180.3249 -0.2853 0.1942 0.9386 0.2491 0.4942
44 126.4828 2.1580 172.8005 0.1454 0.9875 0.0614 0.2642 0.5379
MRinSpiritualFinfameOn.jpg
44 124.4434 1.7168 155.2175 0.7606 0.5604 -0.3277 0.2418 0.5629
44 113.3675 5.3639 165.1324 0.1694 0.9783 0.1193 0.2288 0.5249
44 126.4828 2.1580 172.8005 0.1454 0.9875 0.0614 0.2642 0.5379
MRinSpiritualFinfameOn.jpg
44 137.2804 1.5272 172.2765 -0.1815 0.3112 -0.9328 0.2829 0.5592
44 131.4166 -0.5176 169.6513 0.5441 0.5722 -0.6136 0.2683 0.5540
44 134.2070 2.5834 177.7047 -0.2273 0.9733 -0.0305 0.2897 0.5441
MRinSpiritualFinfameOn.jpg
44 126.4880 -1.5881 184.4928 -0.3761 0.5883 0.7159 0.2881 0.5119
44 139.4091 -1.7592 194.7473 -0.6635 0.5151 0.5426 0.3350 0.5108
44 134.2070 2.5834 177.7047 -0.2273 0.9733 -0.0305 0.2897 0.5441
MRinSpiritualFinfameOn.jpg
44 134.2070 2.5834 177.7047 -0.2273 0.9733 -0.0305 0.2897 0.5441
44 126.4828 2.1580 172.8005 0.1454 0.9875 0.0614 0.2642 0.5379
44 126.4880 -1.5881 184.4928 -0.3761 0.5883 0.7159 0.2881 0.5119
MRinSpiritualFinfameOn.jpg
44 131.4166 -0.5176 169.6513 0.5441 0.5722 -0.6136 0.2683 0.5540
44 126.4828 2.1580 172.8005 0.1454 0.9875 0.0614 0.2642 0.5379
44 134.2070 2.5834 177.7047 -0.2273 0.9733 -0.0305 0.2897 0.5441
MRinSpiritualFinfameOn.jpg
44 152.7890 7.0569 178.9462 0.8571 0.5037 -0.1083 0.3261 0.5774
44 140.9450 5.7673 177.0911 -0.4002 0.9104 0.1050 0.3017 0.5613
44 139.4091 -1.7592 194.7473 -0.6635 0.5151 0.5426 0.3350 0.5108
MRinSpiritualFinfameOn.jpg
44 137.2804 1.5272 172.2765 -0.1815 0.3112 -0.9328 0.2829 0.5592
44 134.2070 2.5834 177.7047 -0.2273 0.9733 -0.0305 0.2897 0.5441
44 140.9450 5.7673 177.0911 -0.4002 0.9104 0.1050 0.3017 0.5613
MRinSpiritualFinfameOn.jpg
44 152.7890 7.0569 178.9462 0.8571 0.5037 -0.1083 0.3261 0.5774
44 139.2462 8.3266 158.3530 0.4232 0.5472 -0.7221 0.2699 0.5972
44 140.9450 5.7673 177.0911 -0.4002 0.9104 0.1050 0.3017 0.5613
MRinSpiritualFinfameOn.jpg
44 139.4091 -1.7592 194.7473 -0.6635 0.5151 0.5426 0.3350 0.5108
44 140.9450 5.7673 177.0911 -0.4002 0.9104 0.1050 0.3017 0.5613
44 134.2070 2.5834 177.7047 -0.2273 0.9733 -0.0305 0.2897 0.5441
MRinSpiritualFinfameOn.jpg
44 140.1265 4.2309 169.4355 -0.8955 -0.4116 -0.1691 0.2840 0.5707
44 137.2804 1.5272 172.2765 -0.1815 0.3112 -0.9328 0.2829 0.5592
44 140.9450 5.7673 177.0911 -0.4002 0.9104 0.1050 0.3017 0.5613
MRinSpiritualFinfameOn.jpg
44 146.7697 -7.0872 215.1043 -0.4940 0.8177 0.2956 0.4036 0.4911
44 133.2084 -11.9808 199.3296 0.1035 0.4621 -0.8808 0.3495 0.4526
44 143.9473 -15.9856 222.3146 -0.8413 -0.2403 -0.4842 0.4255 0.4619
MRinSpiritualFinfameOn.jpg
44 146.7697 -7.0872 215.1043 -0.4940 0.8177 0.2956 0.4036 0.4911
44 152.7890 7.0569 178.9462 0.8571 0.5037 -0.1083 0.3261 0.5774
44 139.4091 -1.7592 194.7473 -0.6635 0.5151 0.5426 0.3350 0.5108
MRinSpiritualFinfameOn.jpg
44 146.7697 -7.0872 215.1043 -0.4940 0.8177 0.2956 0.4036 0.4911
44 139.4091 -1.7592 194.7473 -0.6635 0.5151 0.5426 0.3350 0.5108
44 144.5901 -9.5641 208.0522 -0.8957 -0.3961 -0.2019 0.3797 0.4848
MRinSpiritualFinfameOn.jpg
44 144.5901 -9.5641 208.0522 -0.8957 -0.3961 -0.2019 0.3797 0.4848
44 133.2084 -11.9808 199.3296 0.1035 0.4621 -0.8808 0.3495 0.4526
44 146.7697 -7.0872 215.1043 -0.4940 0.8177 0.2956 0.4036 0.4911
MRinSpiritualFinfameOn.jpg
44 159.7976 -10.4566 229.3261 0.8972 0.4073 0.1705 0.4609 0.5041
44 152.7890 7.0569 178.9462 0.8571 0.5037 -0.1083 0.3261 0.5774
44 146.7697 -7.0872 215.1043 -0.4940 0.8177 0.2956 0.4036 0.4911
MRinSpiritualFinfameOn.jpg
44 139.2462 8.3266 158.3530 0.4232 0.5472 -0.7221 0.2699 0.5972
44 138.5217 6.2509 162.4681 -0.8970 -0.4161 -0.1490 0.2725 0.5842
44 138.8593 8.3684 162.2556 -0.9053 0.4024 0.1359 0.2746 0.5894
MRinSpiritualFinfameOn.jpg
44 138.5217 6.2509 162.4681 -0.8970 -0.4161 -0.1490 0.2725 0.5842
44 140.1265 4.2309 169.4355 -0.8955 -0.4116 -0.1691 0.2840 0.5707
44 138.8593 8.3684 162.2556 -0.9053 0.4024 0.1359 0.2746 0.5894
MRinSpiritualFinfameOn.jpg
44 140.9450 5.7673 177.0911 -0.4002 0.9104 0.1050 0.3017 0.5613
44 138.8593 8.3684 162.2556 -0.9053 0.4024 0.1359 0.2746 0.5894
44 140.1265 4.2309 169.4355 -0.8955 -0.4116 -0.1691 0.2840 0.5707
MRinSpiritualFinfameOn.jpg
44 139.2462 8.3266 158.3530 0.4232 0.5472 -0.7221 0.2699 0.5972
44 138.8593 8.3684 162.2556 -0.9053 0.4024 0.1359 0.2746 0.5894
44 140.9450 5.7673 177.0911 -0.4002 0.9104 0.1050 0.3017 0.5613
MRinSpiritualFinfameOn.jpg
44 159.7976 -10.4566 229.3261 0.8972 0.4073 0.1705 0.4609 0.5041
44 146.7697 -7.0872 215.1043 -0.4940 0.8177 0.2956 0.4036 0.4911
44 149.8098 -12.4383 231.4474 -0.3433 0.8854 0.3136 0.4541 0.4760
MRinSpiritualFinfameOn.jpg
44 146.7697 -7.0872 215.1043 -0.4940 0.8177 0.2956 0.4036 0.4911
44 143.9473 -15.9856 222.3146 -0.8413 -0.2403 -0.4842 0.4255 0.4619
44 149.8098 -12.4383 231.4474 -0.3433 0.8854 0.3136 0.4541 0.4760
MRinSpiritualFinfameOn.jpg
44 143.9473 -15.9856 222.3146 -0.8413 -0.2403 -0.4842 0.4255 0.4619
44 138.4611 -18.1567 220.4903 -0.8297 -0.2257 -0.5105 0.4182 0.4463
44 149.8098 -12.4383 231.4474 -0.3433 0.8854 0.3136 0.4541 0.4760
MRinSpiritualFinfameOn.jpg
44 149.8098 -12.4383 231.4474 -0.3433 0.8854 0.3136 0.4541 0.4760
44 154.4167 -21.1034 247.2796 0.8336 0.2253 0.5044 0.5062 0.4650
44 159.7976 -10.4566 229.3261 0.8972 0.4073 0.1705 0.4609 0.5041
MRinSpiritualFinfameOn.jpg
44 149.8098 -12.4383 231.4474 -0.3433 0.8854 0.3136 0.4541 0.4760
44 147.7295 -18.8434 243.7000 -0.6143 0.7141 0.3358 0.4869 0.4536
44 154.4167 -21.1034 247.2796 0.8336 0.2253 0.5044 0.5062 0.4650
MRinSpiritualFinfameOn.jpg
44 144.2014 -22.3412 237.4150 -0.8875 -0.4579 -0.0519 0.4682 0.4406
44 147.7295 -18.8434 243.7000 -0.6143 0.7141 0.3358 0.4869 0.4536
44 138.4611 -18.1567 220.4903 -0.8297 -0.2257 -0.5105 0.4182 0.4463
MRinSpiritualFinfameOn.jpg
44 144.2014 -22.3412 237.4150 -0.8875 -0.4579 -0.0519 0.4682 0.4406
44 141.5626 -30.0605 251.9091 -0.8348 -0.2279 -0.5013 0.5067 0.4161
44 147.7295 -18.8434 243.7000 -0.6143 0.7141 0.3358 0.4869 0.4536
MRinSpiritualFinfameOn.jpg
44 149.8098 -12.4383 231.4474 -0.3433 0.8854 0.3136 0.4541 0.4760
44 138.4611 -18.1567 220.4903 -0.8297 -0.2257 -0.5105 0.4182 0.4463
44 147.7295 -18.8434 243.7000 -0.6143 0.7141 0.3358 0.4869 0.4536
MRinSpiritualFinfameOn.jpg
44 142.9772 -26.8090 256.1188 -0.3643 0.7772 0.5130 0.5186 0.4255
44 147.7295 -18.8434 243.7000 -0.6143 0.7141 0.3358 0.4869 0.4536
44 141.5626 -30.0605 251.9091 -0.8348 -0.2279 -0.5013 0.5067 0.4161
MRinSpiritualFinfameOn.jpg
44 146.5644 -29.7835 257.4454 0.6476 0.0038 0.7620 0.5311 0.4307
44 154.4167 -21.1034 247.2796 0.8336 0.2253 0.5044 0.5062 0.4650
44 142.9772 -26.8090 256.1188 -0.3643 0.7772 0.5130 0.5186 0.4255
MRinSpiritualFinfameOn.jpg
44 141.5626 -30.0605 251.9091 -0.8348 -0.2279 -0.5013 0.5067 0.4161
44 132.4471 -40.7783 265.1194 -0.3983 -0.5575 0.7284 0.5447 0.3792
44 142.9772 -26.8090 256.1188 -0.3643 0.7772 0.5130 0.5186 0.4255
MRinSpiritualFinfameOn.jpg
44 132.4471 -40.7783 265.1194 -0.3983 -0.5575 0.7284 0.5447 0.3792
44 146.5644 -29.7835 257.4454 0.6476 0.0038 0.7620 0.5311 0.4307
44 142.9772 -26.8090 256.1188 -0.3643 0.7772 0.5130 0.5186 0.4255
MRinSpiritualFinfameOn.jpg
44 147.7295 -18.8434 243.7000 -0.6143 0.7141 0.3358 0.4869 0.4536
44 142.9772 -26.8090 256.1188 -0.3643 0.7772 0.5130 0.5186 0.4255
44 154.4167 -21.1034 247.2796 0.8336 0.2253 0.5044 0.5062 0.4650
MRinSpiritualFinfameOn.jpg
49 -11.7660 -122.5444 192.8939 0.0409 0.5211 0.8525 0.3167 0.6227
49 -11.5172 -117.7592 188.0217 0.1201 0.7052 0.6987 0.2876 0.6347
49 -13.8776 -118.2684 188.3850 -0.0465 0.7138 0.6988 0.2938 0.6446
MRinSpiritualFinfameOn.jpg
49 -7.1119 -125.2268 193.6265 0.0874 0.4009 0.9119 0.3214 0.5951
49 -11.5172 -117.7592 188.0217 0.1201 0.7052 0.6987 0.2876 0.6347
49 -11.7660 -122.5444 192.8939 0.0409 0.5211 0.8525 0.3167 0.6227
MRinSpiritualFinfameOn.jpg
49 -14.4272 -125.6418 192.7423 -0.1230 0.0572 0.9908 0.3454 0.6394
49 -7.1119 -125.2268 193.6265 0.0874 0.4009 0.9119 0.3214 0.5951
49 -11.7660 -122.5444 192.8939 0.0409 0.5211 0.8525 0.3167 0.6227
MRinSpiritualFinfameOn.jpg
49 -25.8593 -129.1140 176.5137 0.2030 -0.5061 -0.8382 0.2907 0.4385
49 -26.8355 -123.2220 172.7192 0.2030 -0.5061 -0.8382 0.2991 0.3709
49 -25.2480 -127.5408 178.9325 0.9692 0.0020 -0.2462 0.3271 0.4333
MRinSpiritualFinfameOn.jpg
49 -26.8850 -128.1361 177.5104 -0.8059 -0.4091 -0.4279 0.2756 0.4338
49 -26.8355 -123.2220 172.7192 0.2030 -0.5061 -0.8382 0.2991 0.3709
49 -25.8593 -129.1140 176.5137 0.2030 -0.5061 -0.8382 0.2907 0.4385
MRinSpiritualFinfameOn.jpg
38 -73.8221 -3.0499 180.9182 0.4341 -0.1910 -0.8804 0.3365 0.4088
38 -80.7445 7.6233 175.1890 0.5738 -0.4499 -0.6844 0.3251 0.3755
38 -63.0703 8.2175 189.4286 0.6898 0.1935 -0.6977 0.3787 0.3948
MRinSpiritualFinfameOn.jpg
38 -73.7917 16.3404 181.6248 0.8725 -0.0125 -0.4885 0.3568 0.3594
38 -63.0703 8.2175 189.4286 0.6898 0.1935 -0.6977 0.3787 0.3948
38 -80.7445 7.6233 175.1890 0.5738 -0.4499 -0.6844 0.3251 0.3755
MRinSpiritualFinfameOn.jpg
38 -73.7917 16.3404 181.6248 0.8725 -0.0125 -0.4885 0.3568 0.3594
38 -80.7445 7.6233 175.1890 0.5738 -0.4499 -0.6844 0.3251 0.3755
38 -74.9746 21.1946 170.7281 0.9359 -0.2750 -0.2203 0.3334 0.3365
MRinSpiritualFinfameOn.jpg
38 -81.7101 12.2719 165.1066 0.6448 -0.6688 -0.3701 0.3063 0.3542
38 -74.9746 21.1946 170.7281 0.9359 -0.2750 -0.2203 0.3334 0.3365
38 -80.7445 7.6233 175.1890 0.5738 -0.4499 -0.6844 0.3251 0.3755
MRinSpiritualFinfameOn.jpg
38 -73.7917 16.3404 181.6248 0.8725 -0.0125 -0.4885 0.3568 0.3594
38 -71.9162 24.9407 190.2266 0.8999 0.2978 -0.3187 0.3896 0.3417
38 -63.0703 8.2175 189.4286 0.6898 0.1935 -0.6977 0.3787 0.3948
MRinSpiritualFinfameOn.jpg
38 -73.7917 16.3404 181.6248 0.8725 -0.0125 -0.4885 0.3568 0.3594
38 -74.9746 21.1946 170.7281 0.9359 -0.2750 -0.2203 0.3334 0.3365
38 -71.9162 24.9407 190.2266 0.8999 0.2978 -0.3187 0.3896 0.3417
MRinSpiritualFinfameOn.jpg
38 -72.4844 34.1106 179.9456 0.9575 0.2749 0.0870 0.3662 0.3115
38 -71.9162 24.9407 190.2266 0.8999 0.2978 -0.3187 0.3896 0.3417
38 -74.9746 21.1946 170.7281 0.9359 -0.2750 -0.2203 0.3334 0.3365
MRinSpiritualFinfameOn.jpg
38 -63.0703 8.2175 189.4286 0.6898 0.1935 -0.6977 0.3787 0.3948
38 -71.9162 24.9407 190.2266 0.8999 0.2978 -0.3187 0.3896 0.3417
38 -51.7919 16.8613 204.8303 0.5579 0.6926 -0.4572 0.4323 0.4031
MRinSpiritualFinfameOn.jpg
38 -49.2960 8.7254 206.5365 0.7212 -0.0003 -0.6927 0.4250 0.4276
38 -63.0703 8.2175 189.4286 0.6898 0.1935 -0.6977 0.3787 0.3948
38 -51.7919 16.8613 204.8303 0.5579 0.6926 -0.4572 0.4323 0.4031
MRinSpiritualFinfameOn.jpg
38 -71.9162 24.9407 190.2266 0.8999 0.2978 -0.3187 0.3896 0.3417
38 -75.8730 32.6426 198.5298 0.6654 0.7258 0.1744 0.4187 0.3188
38 -51.7919 16.8613 204.8303 0.5579 0.6926 -0.4572 0.4323 0.4031
MRinSpiritualFinfameOn.jpg
38 -71.9162 24.9407 190.2266 0.8999 0.2978 -0.3187 0.3896 0.3417
38 -72.4844 34.1106 179.9456 0.9575 0.2749 0.0870 0.3662 0.3115
38 -75.8730 32.6426 198.5298 0.6654 0.7258 0.1744 0.4187 0.3188
MRinSpiritualFinfameOn.jpg
38 -80.8980 43.3004 185.7837 0.5759 0.7327 0.3627 0.3854 0.2834
38 -75.8730 32.6426 198.5298 0.6654 0.7258 0.1744 0.4187 0.3188
38 -72.4844 34.1106 179.9456 0.9575 0.2749 0.0870 0.3662 0.3115
MRinSpiritualFinfameOn.jpg
38 -80.8980 43.3004 185.7837 0.5759 0.7327 0.3627 0.3854 0.2834
38 -88.3326 37.2183 204.3118 0.2829 0.8570 0.4307 0.4453 0.2808
38 -75.8730 32.6426 198.5298 0.6654 0.7258 0.1744 0.4187 0.3188
MRinSpiritualFinfameOn.jpg
38 -80.8980 43.3004 185.7837 0.5759 0.7327 0.3627 0.3854 0.2834
38 -94.1460 47.6485 190.7713 0.1451 0.6909 0.7082 0.4042 0.2501
38 -88.3326 37.2183 204.3118 0.2829 0.8570 0.4307 0.4453 0.2808
MRinSpiritualFinfameOn.jpg
38 -88.3326 37.2183 204.3118 0.2829 0.8570 0.4307 0.4453 0.2808
38 -94.1460 47.6485 190.7713 0.1451 0.6909 0.7082 0.4042 0.2501
38 -102.5125 37.7594 202.9549 -0.0633 0.8562 0.5128 0.4552 0.2356
MRinSpiritualFinfameOn.jpg
38 -88.3326 37.2183 204.3118 0.2829 0.8570 0.4307 0.4453 0.2808
38 -72.9812 21.7763 227.7302 0.2668 0.9582 0.1037 0.5015 0.3542
38 -75.8730 32.6426 198.5298 0.6654 0.7258 0.1744 0.4187 0.3188
MRinSpiritualFinfameOn.jpg
38 -51.7919 16.8613 204.8303 0.5579 0.6926 -0.4572 0.4323 0.4031
38 -75.8730 32.6426 198.5298 0.6654 0.7258 0.1744 0.4187 0.3188
38 -72.9812 21.7763 227.7302 0.2668 0.9582 0.1037 0.5015 0.3542
MRinSpiritualFinfameOn.jpg
38 -51.7919 16.8613 204.8303 0.5579 0.6926 -0.4572 0.4323 0.4031
38 -45.7842 16.5955 209.3052 0.7666 0.5263 -0.3679 0.4442 0.4177
38 -49.2960 8.7254 206.5365 0.7212 -0.0003 -0.6927 0.4250 0.4276
MRinSpiritualFinfameOn.jpg
38 -44.5384 12.4390 211.6402 0.9485 0.1195 -0.2933 0.4463 0.4297
38 -49.2960 8.7254 206.5365 0.7212 -0.0003 -0.6927 0.4250 0.4276
38 -45.7842 16.5955 209.3052 0.7666 0.5263 -0.3679 0.4442 0.4177
MRinSpiritualFinfameOn.jpg
38 -47.1827 16.3447 223.1721 0.7101 0.6912 0.1344 0.4765 0.4208
38 -44.5384 12.4390 211.6402 0.9485 0.1195 -0.2933 0.4463 0.4297
38 -45.7842 16.5955 209.3052 0.7666 0.5263 -0.3679 0.4442 0.4177
MRinSpiritualFinfameOn.jpg
38 -72.9812 21.7763 227.7302 0.2668 0.9582 0.1037 0.5015 0.3542
38 -59.0830 22.8977 231.2187 0.2592 0.9620 0.0857 0.5015 0.3906
38 -51.7919 16.8613 204.8303 0.5579 0.6926 -0.4572 0.4323 0.4031
MRinSpiritualFinfameOn.jpg
38 -45.7842 16.5955 209.3052 0.7666 0.5263 -0.3679 0.4442 0.4177
38 -59.0830 22.8977 231.2187 0.2592 0.9620 0.0857 0.5015 0.3906
38 -47.1827 16.3447 223.1721 0.7101 0.6912 0.1344 0.4765 0.4208
MRinSpiritualFinfameOn.jpg
38 -59.0830 22.8977 231.2187 0.2592 0.9620 0.0857 0.5015 0.3906
38 -45.7842 16.5955 209.3052 0.7666 0.5263 -0.3679 0.4442 0.4177
38 -51.7919 16.8613 204.8303 0.5579 0.6926 -0.4572 0.4323 0.4031
MRinSpiritualFinfameOn.jpg
38 -56.7931 20.6604 233.2172 0.4463 0.8054 0.3902 0.5062 0.3990
38 -47.1827 16.3447 223.1721 0.7101 0.6912 0.1344 0.4765 0.4208
38 -59.0830 22.8977 231.2187 0.2592 0.9620 0.0857 0.5015 0.3906
MRinSpiritualFinfameOn.jpg
38 -68.9283 21.6097 238.3440 0.2254 0.9565 0.1852 0.5254 0.3724
38 -59.0830 22.8977 231.2187 0.2592 0.9620 0.0857 0.5015 0.3906
38 -72.9812 21.7763 227.7302 0.2668 0.9582 0.1037 0.5015 0.3542
MRinSpiritualFinfameOn.jpg
38 -59.0830 22.8977 231.2187 0.2592 0.9620 0.0857 0.5015 0.3906
38 -68.9283 21.6097 238.3440 0.2254 0.9565 0.1852 0.5254 0.3724
38 -56.7931 20.6604 233.2172 0.4463 0.8054 0.3902 0.5062 0.3990
MRinSpiritualFinfameOn.jpg
38 -72.9812 21.7763 227.7302 0.2668 0.9582 0.1037 0.5015 0.3542
38 -88.3326 37.2183 204.3118 0.2829 0.8570 0.4307 0.4453 0.2808
38 -88.2007 27.9588 226.6682 -0.1167 0.9496 0.2909 0.5134 0.3095
MRinSpiritualFinfameOn.jpg
38 -88.3326 37.2183 204.3118 0.2829 0.8570 0.4307 0.4453 0.2808
38 -102.5125 37.7594 202.9549 -0.0633 0.8562 0.5128 0.4552 0.2356
38 -88.2007 27.9588 226.6682 -0.1167 0.9496 0.2909 0.5134 0.3095
MRinSpiritualFinfameOn.jpg
38 -88.2007 27.9588 226.6682 -0.1167 0.9496 0.2909 0.5134 0.3095
38 -68.9283 21.6097 238.3440 0.2254 0.9565 0.1852 0.5254 0.3724
38 -72.9812 21.7763 227.7302 0.2668 0.9582 0.1037 0.5015 0.3542
MRinSpiritualFinfameOn.jpg
38 -88.2007 27.9588 226.6682 -0.1167 0.9496 0.2909 0.5134 0.3095
38 -92.2341 26.9942 241.8749 -0.4190 0.8803 0.2226 0.5514 0.3219
38 -68.9283 21.6097 238.3440 0.2254 0.9565 0.1852 0.5254 0.3724
MRinSpiritualFinfameOn.jpg
38 -68.9283 21.6097 238.3440 0.2254 0.9565 0.1852 0.5254 0.3724
38 -92.2341 26.9942 241.8749 -0.4190 0.8803 0.2226 0.5514 0.3219
38 -80.6456 21.8351 247.8345 0.1891 0.8940 0.4062 0.5582 0.3532
MRinSpiritualFinfameOn.jpg
38 -80.6456 21.8351 247.8345 0.1891 0.8940 0.4062 0.5582 0.3532
38 -92.2341 26.9942 241.8749 -0.4190 0.8803 0.2226 0.5514 0.3219
38 -91.1891 17.0156 258.3269 -0.6767 0.6097 0.4128 0.5936 0.3334
MRinSpiritualFinfameOn.jpg
38 -91.1891 17.0156 258.3269 -0.6767 0.6097 0.4128 0.5936 0.3334
38 -92.2341 26.9942 241.8749 -0.4190 0.8803 0.2226 0.5514 0.3219
38 -91.8968 18.3579 235.5741 -0.7329 0.6604 0.1634 0.5525 0.2985
MRinSpiritualFinfameOn.jpg
38 -91.8968 18.3579 235.5741 -0.7329 0.6604 0.1634 0.5525 0.2985
38 -92.2341 26.9942 241.8749 -0.4190 0.8803 0.2226 0.5514 0.3219
38 -88.2007 27.9588 226.6682 -0.1167 0.9496 0.2909 0.5134 0.3095
MRinSpiritualFinfameOn.jpg
38 -102.5125 37.7594 202.9549 -0.0633 0.8562 0.5128 0.4552 0.2356
38 -107.0548 25.2692 219.5470 -0.6478 0.6880 0.3271 0.5171 0.2517
38 -88.2007 27.9588 226.6682 -0.1167 0.9496 0.2909 0.5134 0.3095
MRinSpiritualFinfameOn.jpg
38 -88.2007 27.9588 226.6682 -0.1167 0.9496 0.2909 0.5134 0.3095
38 -107.0548 25.2692 219.5470 -0.6478 0.6880 0.3271 0.5171 0.2517
38 -91.8968 18.3579 235.5741 -0.7329 0.6604 0.1634 0.5525 0.2985
MRinSpiritualFinfameOn.jpg
38 -107.0548 25.2692 219.5470 -0.6478 0.6880 0.3271 0.5171 0.2517
38 -99.4407 21.4614 245.2319 0.2717 0.9485 0.1627 0.5759 0.2819
38 -91.8968 18.3579 235.5741 -0.7329 0.6604 0.1634 0.5525 0.2985
MRinSpiritualFinfameOn.jpg
38 -113.6831 24.7144 244.3721 -0.6350 0.7663 0.0983 0.5889 0.2501
38 -99.4407 21.4614 245.2319 0.2717 0.9485 0.1627 0.5759 0.2819
38 -107.0548 25.2692 219.5470 -0.6478 0.6880 0.3271 0.5171 0.2517
MRinSpiritualFinfameOn.jpg
35 -127.9488 -13.8688 257.1369 -0.9236 0.1679 0.3445 0.6175 0.2730
38 -99.4407 21.4614 245.2319 0.2717 0.9485 0.1627 0.5759 0.2819
38 -113.6831 24.7144 244.3721 -0.6350 0.7663 0.0983 0.5889 0.2501
MRinSpiritualFinfameOn.jpg
38 -108.9765 30.5287 211.5267 -0.4296 0.2090 0.8785 0.4957 0.2350
38 -107.0548 25.2692 219.5470 -0.6478 0.6880 0.3271 0.5171 0.2517
38 -102.5125 37.7594 202.9549 -0.0633 0.8562 0.5128 0.4552 0.2356
MRinSpiritualFinfameOn.jpg
38 -108.9765 30.5287 211.5267 -0.4296 0.2090 0.8785 0.4957 0.2350
38 -102.5125 37.7594 202.9549 -0.0633 0.8562 0.5128 0.4552 0.2356
38 -119.4782 41.3625 218.3654 -0.6256 0.6291 0.4614 0.5015 0.1945
MRinSpiritualFinfameOn.jpg
38 -119.4782 41.3625 218.3654 -0.6256 0.6291 0.4614 0.5015 0.1945
38 -102.5125 37.7594 202.9549 -0.0633 0.8562 0.5128 0.4552 0.2356
38 -110.5237 37.6621 196.7016 -0.6408 0.7562 0.1328 0.4437 0.2069
MRinSpiritualFinfameOn.jpg
38 -94.1460 47.6485 190.7713 0.1451 0.6909 0.7082 0.4042 0.2501
38 -111.6265 40.9129 191.3267 -0.1894 -0.1587 0.9690 0.4281 0.2012
38 -102.5125 37.7594 202.9549 -0.0633 0.8562 0.5128 0.4552 0.2356
MRinSpiritualFinfameOn.jpg
38 -110.5237 37.6621 196.7016 -0.6408 0.7562 0.1328 0.4437 0.2069
38 -102.5125 37.7594 202.9549 -0.0633 0.8562 0.5128 0.4552 0.2356
38 -111.6265 40.9129 191.3267 -0.1894 -0.1587 0.9690 0.4281 0.2012
MRinSpiritualFinfameOn.jpg
38 -104.5804 46.8138 195.1406 0.2714 0.0844 0.9588 0.4099 0.2194
38 -111.6265 40.9129 191.3267 -0.1894 -0.1587 0.9690 0.4281 0.2012
38 -94.1460 47.6485 190.7713 0.1451 0.6909 0.7082 0.4042 0.2501
MRinSpiritualFinfameOn.jpg
38 -113.9837 42.1140 196.4398 -0.5135 0.3266 0.7935 0.4151 0.1913
38 -111.6265 40.9129 191.3267 -0.1894 -0.1587 0.9690 0.4281 0.2012
38 -104.5804 46.8138 195.1406 0.2714 0.0844 0.9588 0.4099 0.2194
MRinSpiritualFinfameOn.jpg
38 -104.5804 46.8138 195.1406 0.2714 0.0844 0.9588 0.4099 0.2194
38 -94.1460 47.6485 190.7713 0.1451 0.6909 0.7082 0.4042 0.2501
38 -103.4747 49.8895 189.3999 -0.1798 0.8683 0.4624 0.3932 0.2252
MRinSpiritualFinfameOn.jpg
38 -113.9837 42.1140 196.4398 -0.5135 0.3266 0.7935 0.4151 0.1913
38 -104.5804 46.8138 195.1406 0.2714 0.0844 0.9588 0.4099 0.2194
38 -103.4747 49.8895 189.3999 -0.1798 0.8683 0.4624 0.3932 0.2252
MRinSpiritualFinfameOn.jpg
38 -114.9664 45.6612 189.7358 -0.6390 0.6372 0.4308 0.3948 0.1919
38 -113.9837 42.1140 196.4398 -0.5135 0.3266 0.7935 0.4151 0.1913
38 -103.4747 49.8895 189.3999 -0.1798 0.8683 0.4624 0.3932 0.2252
MRinSpiritualFinfameOn.jpg
40 -144.4496 32.2592 122.5288 0.9466 0.3116 0.0827 0.0451 0.7476
40 -147.1441 30.0829 146.8694 0.9681 0.0767 0.2387 0.0097 0.7684
40 -147.8680 4.8662 145.3310 0.9343 -0.0056 0.3563 0.0456 0.7481
MRinSpiritualFinfameOn.jpg
40 -149.7009 16.1175 155.9695 0.9996 -0.0011 0.0278 0.0462 0.7663
40 -147.8680 4.8662 145.3310 0.9343 -0.0056 0.3563 0.0456 0.7481
40 -147.1441 30.0829 146.8694 0.9681 0.0767 0.2387 0.0097 0.7684
MRinSpiritualFinfameOn.jpg
40 -149.7009 16.1175 155.9695 0.9996 -0.0011 0.0278 0.0462 0.7663
40 -156.1758 -3.2297 147.4123 0.9483 -0.3175 0.0003 0.0675 0.7434
40 -147.8680 4.8662 145.3310 0.9343 -0.0056 0.3563 0.0456 0.7481
MRinSpiritualFinfameOn.jpg
40 -149.5308 -5.1375 155.8840 0.9037 0.0089 -0.4281 0.0821 0.7518
40 -156.1758 -3.2297 147.4123 0.9483 -0.3175 0.0003 0.0675 0.7434
40 -149.7009 16.1175 155.9695 0.9996 -0.0011 0.0278 0.0462 0.7663
MRinSpiritualFinfameOn.jpg
40 -146.7782 1.9033 168.3960 0.9814 0.0370 -0.1884 0.0862 0.7679
40 -149.5308 -5.1375 155.8840 0.9037 0.0089 -0.4281 0.0821 0.7518
40 -149.7009 16.1175 155.9695 0.9996 -0.0011 0.0278 0.0462 0.7663
MRinSpiritualFinfameOn.jpg
40 -146.5586 9.5580 172.9568 0.9565 0.2633 -0.1256 0.0800 0.7767
40 -146.7782 1.9033 168.3960 0.9814 0.0370 -0.1884 0.0862 0.7679
40 -149.7009 16.1175 155.9695 0.9996 -0.0011 0.0278 0.0462 0.7663
MRinSpiritualFinfameOn.jpg
40 -158.3483 40.0378 172.9252 0.9804 0.1654 0.1072 0.0316 0.8012
40 -149.7009 16.1175 155.9695 0.9996 -0.0011 0.0278 0.0462 0.7663
40 -147.1441 30.0829 146.8694 0.9681 0.0767 0.2387 0.0097 0.7684
MRinSpiritualFinfameOn.jpg
40 -158.3483 40.0378 172.9252 0.9804 0.1654 0.1072 0.0316 0.8012
40 -146.5586 9.5580 172.9568 0.9565 0.2633 -0.1256 0.0800 0.7767
40 -149.7009 16.1175 155.9695 0.9996 -0.0011 0.0278 0.0462 0.7663
MRinSpiritualFinfameOn.jpg
40 -152.5746 29.4414 181.3816 0.9127 0.3825 -0.1438 0.0607 0.7996
40 -146.5586 9.5580 172.9568 0.9565 0.2633 -0.1256 0.0800 0.7767
40 -158.3483 40.0378 172.9252 0.9804 0.1654 0.1072 0.0316 0.8012
MRinSpiritualFinfameOn.jpg
40 -158.6266 44.1876 186.6391 0.9062 0.4096 -0.1055 0.0446 0.8158
40 -152.5746 29.4414 181.3816 0.9127 0.3825 -0.1438 0.0607 0.7996
40 -158.3483 40.0378 172.9252 0.9804 0.1654 0.1072 0.0316 0.8012
MRinSpiritualFinfameOn.jpg
40 -158.3483 40.0378 172.9252 0.9804 0.1654 0.1072 0.0316 0.8012
40 -147.1441 30.0829 146.8694 0.9681 0.0767 0.2387 0.0097 0.7684
40 -154.8518 46.0737 164.0397 0.9898 -0.0087 0.1423 0.0097 0.7976
MRinSpiritualFinfameOn.jpg
40 -156.3559 52.6287 183.5028 0.9792 -0.1569 0.1285 0.0253 0.8194
40 -158.3483 40.0378 172.9252 0.9804 0.1654 0.1072 0.0316 0.8012
40 -154.8518 46.0737 164.0397 0.9898 -0.0087 0.1423 0.0097 0.7976
MRinSpiritualFinfameOn.jpg
40 -156.3852 66.0303 186.7133 0.9935 -0.0432 0.1052 0.0097 0.8314
40 -156.3559 52.6287 183.5028 0.9792 -0.1569 0.1285 0.0253 0.8194
40 -154.8518 46.0737 164.0397 0.9898 -0.0087 0.1423 0.0097 0.7976
MRinSpiritualFinfameOn.jpg
40 -169.0346 0.5751 119.4918 -0.9476 -0.2952 -0.1219 0.3095 0.1679
40 -171.3558 19.5861 131.3059 -0.9965 0.0437 -0.0706 0.2923 0.2075
40 -161.0554 -2.0929 106.6249 -0.9533 -0.1652 -0.2527 0.2923 0.1440
MRinSpiritualFinfameOn.jpg
40 -170.3626 22.6041 149.3560 -0.9455 -0.1020 0.3092 0.3115 0.2350
40 -171.3558 19.5861 131.3059 -0.9965 0.0437 -0.0706 0.2923 0.2075
40 -177.1879 13.2336 137.7124 -0.9573 -0.2127 0.1959 0.3074 0.2095
MRinSpiritualFinfameOn.jpg
40 -171.3558 19.5861 131.3059 -0.9965 0.0437 -0.0706 0.2923 0.2075
40 -170.3626 22.6041 149.3560 -0.9455 -0.1020 0.3092 0.3115 0.2350
40 -170.2129 38.0978 152.7427 -0.9693 0.2161 0.1170 0.2923 0.2585
MRinSpiritualFinfameOn.jpg
40 -169.0346 0.5751 119.4918 -0.9476 -0.2952 -0.1219 0.3095 0.1679
40 -165.5646 8.4258 140.4298 -0.9781 -0.1958 0.0699 0.3251 0.2064
40 -177.1879 13.2336 137.7124 -0.9573 -0.2127 0.1959 0.3074 0.2095
MRinSpiritualFinfameOn.jpg
40 -165.5646 8.4258 140.4298 -0.9781 -0.1958 0.0699 0.3251 0.2064
40 -170.3626 22.6041 149.3560 -0.9455 -0.1020 0.3092 0.3115 0.2350
40 -177.1879 13.2336 137.7124 -0.9573 -0.2127 0.1959 0.3074 0.2095
MRinSpiritualFinfameOn.jpg
40 -165.7563 13.2940 156.5051 -0.8044 -0.3539 0.4773 0.3370 0.2345
40 -170.3626 22.6041 149.3560 -0.9455 -0.1020 0.3092 0.3115 0.2350
40 -165.5646 8.4258 140.4298 -0.9781 -0.1958 0.0699 0.3251 0.2064
MRinSpiritualFinfameOn.jpg
40 -161.4120 -11.4740 118.2195 -0.9898 -0.1195 -0.0781 0.3292 0.1523
40 -165.5646 8.4258 140.4298 -0.9781 -0.1958 0.0699 0.3251 0.2064
40 -169.0346 0.5751 119.4918 -0.9476 -0.2952 -0.1219 0.3095 0.1679
MRinSpiritualFinfameOn.jpg
40 -167.0487 -9.5059 129.8937 -0.9832 -0.1773 0.0440 0.3422 0.1716
40 -165.5646 8.4258 140.4298 -0.9781 -0.1958 0.0699 0.3251 0.2064
40 -161.4120 -11.4740 118.2195 -0.9898 -0.1195 -0.0781 0.3292 0.1523
MRinSpiritualFinfameOn.jpg
40 -165.7563 13.2940 156.5051 -0.8044 -0.3539 0.4773 0.3370 0.2345
40 -162.4874 30.3230 169.1184 -0.8808 -0.1397 0.4524 0.3298 0.2741
40 -170.3626 22.6041 149.3560 -0.9455 -0.1020 0.3092 0.3115 0.2350
MRinSpiritualFinfameOn.jpg
40 -170.3626 22.6041 149.3560 -0.9455 -0.1020 0.3092 0.3115 0.2350
40 -162.4874 30.3230 169.1184 -0.8808 -0.1397 0.4524 0.3298 0.2741
40 -170.2129 38.0978 152.7427 -0.9693 0.2161 0.1170 0.2923 0.2585
MRinSpiritualFinfameOn.jpg
40 -165.7563 13.2940 156.5051 -0.8044 -0.3539 0.4773 0.3370 0.2345
40 -165.5646 8.4258 140.4298 -0.9781 -0.1958 0.0699 0.3251 0.2064
40 -171.7081 2.7480 145.7216 -0.9575 -0.1670 0.2353 0.3396 0.2085
MRinSpiritualFinfameOn.jpg
40 -167.0487 -9.5059 129.8937 -0.9832 -0.1773 0.0440 0.3422 0.1716
40 -156.1758 -3.2297 147.4123 -0.5332 -0.6181 0.5776 0.3657 0.2064
40 -171.7081 2.7480 145.7216 -0.9575 -0.1670 0.2353 0.3396 0.2085
MRinSpiritualFinfameOn.jpg
40 -156.1758 -3.2297 147.4123 -0.5332 -0.6181 0.5776 0.3657 0.2064
40 -165.7563 13.2940 156.5051 -0.8044 -0.3539 0.4773 0.3370 0.2345
40 -171.7081 2.7480 145.7216 -0.9575 -0.1670 0.2353 0.3396 0.2085
MRinSpiritualFinfameOn.jpg
40 -159.6522 -19.1763 132.3426 -0.7101 -0.3956 0.5824 0.3631 0.1653
40 -156.1758 -3.2297 147.4123 -0.5332 -0.6181 0.5776 0.3657 0.2064
40 -167.0487 -9.5059 129.8937 -0.9832 -0.1773 0.0440 0.3422 0.1716
MRinSpiritualFinfameOn.jpg
40 -165.7563 13.2940 156.5051 -0.8044 -0.3539 0.4773 0.3370 0.2345
40 -156.1758 -3.2297 147.4123 -0.5332 -0.6181 0.5776 0.3657 0.2064
40 -149.5308 -5.1375 155.8840 -0.6679 -0.6027 0.4367 0.3813 0.2194
MRinSpiritualFinfameOn.jpg
40 -149.5308 -5.1375 155.8840 -0.6679 -0.6027 0.4367 0.3813 0.2194
40 -146.7782 1.9033 168.3960 -0.6547 -0.4891 0.5763 0.3833 0.2455
40 -165.7563 13.2940 156.5051 -0.8044 -0.3539 0.4773 0.3370 0.2345
MRinSpiritualFinfameOn.jpg
40 -162.4874 30.3230 169.1184 -0.8808 -0.1397 0.4524 0.3298 0.2741
40 -165.7563 13.2940 156.5051 -0.8044 -0.3539 0.4773 0.3370 0.2345
40 -146.5586 9.5580 172.9568 -0.6686 -0.3993 0.6274 0.3776 0.2600
MRinSpiritualFinfameOn.jpg
40 -165.7563 13.2940 156.5051 -0.8044 -0.3539 0.4773 0.3370 0.2345
40 -146.7782 1.9033 168.3960 -0.6547 -0.4891 0.5763 0.3833 0.2455
40 -146.5586 9.5580 172.9568 -0.6686 -0.3993 0.6274 0.3776 0.2600
MRinSpiritualFinfameOn.jpg
40 -152.5746 29.4414 181.3816 -0.7060 -0.4612 0.5375 0.3537 0.2918
40 -162.4874 30.3230 169.1184 -0.8808 -0.1397 0.4524 0.3298 0.2741
40 -146.5586 9.5580 172.9568 -0.6686 -0.3993 0.6274 0.3776 0.2600
MRinSpiritualFinfameOn.jpg
40 -158.6266 44.1876 186.6391 -0.9720 -0.0246 0.2336 0.3350 0.3152
40 -162.4874 30.3230 169.1184 -0.8808 -0.1397 0.4524 0.3298 0.2741
40 -152.5746 29.4414 181.3816 -0.7060 -0.4612 0.5375 0.3537 0.2918
MRinSpiritualFinfameOn.jpg
40 -170.2129 38.0978 152.7427 -0.9693 0.2161 0.1170 0.2923 0.2585
40 -162.4874 30.3230 169.1184 -0.8808 -0.1397 0.4524 0.3298 0.2741
40 -158.3483 40.0378 172.9252 -0.9055 -0.0899 0.4146 0.3214 0.2933
MRinSpiritualFinfameOn.jpg
40 -162.4874 30.3230 169.1184 -0.8808 -0.1397 0.4524 0.3298 0.2741
40 -158.6266 44.1876 186.6391 -0.9720 -0.0246 0.2336 0.3350 0.3152
40 -158.3483 40.0378 172.9252 -0.9055 -0.0899 0.4146 0.3214 0.2933
MRinSpiritualFinfameOn.jpg
40 -170.2129 38.0978 152.7427 -0.9693 0.2161 0.1170 0.2923 0.2585
40 -158.3483 40.0378 172.9252 -0.9055 -0.0899 0.4146 0.3214 0.2933
40 -169.3489 53.1011 170.0069 -0.9460 0.2704 0.1786 0.2923 0.2996
MRinSpiritualFinfameOn.jpg
40 -156.3559 52.6287 183.5028 -0.6936 -0.2941 0.6576 0.3152 0.3230
40 -169.3489 53.1011 170.0069 -0.9460 0.2704 0.1786 0.2923 0.2996
40 -158.3483 40.0378 172.9252 -0.9055 -0.0899 0.4146 0.3214 0.2933
MRinSpiritualFinfameOn.jpg
40 -156.3852 66.0303 186.7133 -0.8477 0.4007 0.3477 0.2923 0.3433
40 -169.3489 53.1011 170.0069 -0.9460 0.2704 0.1786 0.2923 0.2996
40 -156.3559 52.6287 183.5028 -0.6936 -0.2941 0.6576 0.3152 0.3230
MRinSpiritualFinfameOn.jpg
38 -86.7713 24.3081 148.1350 0.2662 0.0481 -0.9627 0.9942 0.3063
38 -76.6803 31.4209 158.1945 0.6976 0.2664 -0.6652 0.9942 0.3480
38 -78.8323 13.7895 149.8037 0.4506 -0.2287 -0.8629 0.9625 0.3063
MRinSpiritualFinfameOn.jpg
38 -76.6803 31.4209 158.1945 0.6976 0.2664 -0.6652 0.9942 0.3480
38 -67.6005 22.9000 166.1272 0.9541 -0.2975 -0.0357 0.9500 0.3480
38 -78.8323 13.7895 149.8037 0.4506 -0.2287 -0.8629 0.9625 0.3063
MRinSpiritualFinfameOn.jpg
38 -76.7213 8.9241 156.4213 0.6181 -0.7861 -0.0105 0.9276 0.3063
38 -78.8323 13.7895 149.8037 0.4506 -0.2287 -0.8629 0.9625 0.3063
38 -67.6005 22.9000 166.1272 0.9541 -0.2975 -0.0357 0.9500 0.3480
MRinSpiritualFinfameOn.jpg
38 -67.6005 22.9000 166.1272 0.9541 -0.2975 -0.0357 0.9500 0.3480
38 -81.7101 12.2719 165.1066 0.4188 -0.7475 0.5156 0.9073 0.3063
38 -76.7213 8.9241 156.4213 0.6181 -0.7861 -0.0105 0.9276 0.3063
MRinSpiritualFinfameOn.jpg
38 -74.9746 21.1946 170.7281 0.4352 -0.6403 0.6329 0.9344 0.3480
38 -81.7101 12.2719 165.1066 0.4188 -0.7475 0.5156 0.9073 0.3063
38 -67.6005 22.9000 166.1272 0.9541 -0.2975 -0.0357 0.9500 0.3480
MRinSpiritualFinfameOn.jpg
38 -71.8153 41.5105 169.6761 0.8934 0.4186 -0.1630 0.9942 0.3891
38 -67.6005 22.9000 166.1272 0.9541 -0.2975 -0.0357 0.9500 0.3480
38 -76.6803 31.4209 158.1945 0.6976 0.2664 -0.6652 0.9942 0.3480
MRinSpiritualFinfameOn.jpg
38 -67.6005 22.9000 166.1272 0.9541 -0.2975 -0.0357 0.9500 0.3480
38 -68.2801 35.3874 179.3481 0.7910 -0.2653 0.5513 0.9625 0.3891
38 -74.9746 21.1946 170.7281 0.4352 -0.6403 0.6329 0.9344 0.3480
MRinSpiritualFinfameOn.jpg
38 -68.2801 35.3874 179.3481 0.7910 -0.2653 0.5513 0.9625 0.3891
38 -67.6005 22.9000 166.1272 0.9541 -0.2975 -0.0357 0.9500 0.3480
38 -71.8153 41.5105 169.6761 0.8934 0.4186 -0.1630 0.9942 0.3891
MRinSpiritualFinfameOn.jpg
38 -72.4844 34.1106 179.9456 0.1026 -0.6401 0.7614 0.9500 0.3891
38 -74.9746 21.1946 170.7281 0.4352 -0.6403 0.6329 0.9344 0.3480
38 -68.2801 35.3874 179.3481 0.7910 -0.2653 0.5513 0.9625 0.3891
MRinSpiritualFinfameOn.jpg
38 -76.5035 46.1926 190.4647 0.5795 -0.0420 0.8139 0.9625 0.4302
38 -72.4844 34.1106 179.9456 0.1026 -0.6401 0.7614 0.9500 0.3891
38 -68.2801 35.3874 179.3481 0.7910 -0.2653 0.5513 0.9625 0.3891
MRinSpiritualFinfameOn.jpg
38 -68.2801 35.3874 179.3481 0.7910 -0.2653 0.5513 0.9625 0.3891
38 -71.8153 41.5105 169.6761 0.8934 0.4186 -0.1630 0.9942 0.3891
38 -76.5035 46.1926 190.4647 0.5795 -0.0420 0.8139 0.9625 0.4302
MRinSpiritualFinfameOn.jpg
38 -79.0093 52.3962 179.6827 0.5203 0.7781 0.3519 0.9942 0.4302
38 -76.5035 46.1926 190.4647 0.5795 -0.0420 0.8139 0.9625 0.4302
38 -71.8153 41.5105 169.6761 0.8934 0.4186 -0.1630 0.9942 0.3891
MRinSpiritualFinfameOn.jpg
38 -80.8980 43.3004 185.7837 -0.1249 -0.7498 0.6497 0.9500 0.4302
38 -72.4844 34.1106 179.9456 0.1026 -0.6401 0.7614 0.9500 0.3891
38 -76.5035 46.1926 190.4647 0.5795 -0.0420 0.8139 0.9625 0.4302
MRinSpiritualFinfameOn.jpg
38 -76.5035 46.1926 190.4647 0.5795 -0.0420 0.8139 0.9625 0.4302
38 -79.0093 52.3962 179.6827 0.5203 0.7781 0.3519 0.9942 0.4302
38 -88.0615 48.9030 192.1445 0.2653 0.2139 0.9402 0.9625 0.4572
MRinSpiritualFinfameOn.jpg
38 -88.0615 48.9030 192.1445 0.2653 0.2139 0.9402 0.9625 0.4572
38 -80.8980 43.3004 185.7837 -0.1249 -0.7498 0.6497 0.9500 0.4302
38 -76.5035 46.1926 190.4647 0.5795 -0.0420 0.8139 0.9625 0.4302
MRinSpiritualFinfameOn.jpg
38 -93.8631 57.8021 180.5421 0.2730 0.9128 0.3038 0.9942 0.4755
38 -88.0615 48.9030 192.1445 0.2653 0.2139 0.9402 0.9625 0.4572
38 -79.0093 52.3962 179.6827 0.5203 0.7781 0.3519 0.9942 0.4302
MRinSpiritualFinfameOn.jpg
38 -94.1460 47.6485 190.7713 -0.1046 -0.3975 0.9116 0.9500 0.4755
38 -80.8980 43.3004 185.7837 -0.1249 -0.7498 0.6497 0.9500 0.4302
38 -88.0615 48.9030 192.1445 0.2653 0.2139 0.9402 0.9625 0.4572
MRinSpiritualFinfameOn.jpg
38 -95.4302 55.8576 191.2818 0.0265 0.7153 0.6983 0.9625 0.4755
38 -88.0615 48.9030 192.1445 0.2653 0.2139 0.9402 0.9625 0.4572
38 -93.8631 57.8021 180.5421 0.2730 0.9128 0.3038 0.9942 0.4755
MRinSpiritualFinfameOn.jpg
38 -88.0615 48.9030 192.1445 0.2653 0.2139 0.9402 0.9625 0.4572
38 -95.4302 55.8576 191.2818 0.0265 0.7153 0.6983 0.9625 0.4755
38 -94.1460 47.6485 190.7713 -0.1046 -0.3975 0.9116 0.9500 0.4755
MRinSpiritualFinfameOn.jpg
38 -104.5976 55.8783 176.0678 -0.2106 0.9691 0.1283 0.9942 0.4963
38 -95.4302 55.8576 191.2818 0.0265 0.7153 0.6983 0.9625 0.4755
38 -93.8631 57.8021 180.5421 0.2730 0.9128 0.3038 0.9942 0.4755
MRinSpiritualFinfameOn.jpg
38 -104.5976 55.8783 176.0678 -0.2106 0.9691 0.1283 0.9942 0.4963
38 -105.4586 53.8428 191.7887 -0.1971 0.1706 0.9654 0.9625 0.4963
38 -95.4302 55.8576 191.2818 0.0265 0.7153 0.6983 0.9625 0.4755
MRinSpiritualFinfameOn.jpg
38 -94.1460 47.6485 190.7713 -0.1046 -0.3975 0.9116 0.9500 0.4755
38 -95.4302 55.8576 191.2818 0.0265 0.7153 0.6983 0.9625 0.4755
38 -105.4586 53.8428 191.7887 -0.1971 0.1706 0.9654 0.9625 0.4963
MRinSpiritualFinfameOn.jpg
38 -94.1460 47.6485 190.7713 -0.1046 -0.3975 0.9116 0.9500 0.4755
38 -105.4586 53.8428 191.7887 -0.1971 0.1706 0.9654 0.9625 0.4963
38 -103.4747 49.8895 189.3999 -0.2544 -0.5905 0.7659 0.9500 0.4963
MRinSpiritualFinfameOn.jpg
23 14.9472 26.1964 127.8253 0.5237 0.8491 -0.0690 0.8907 0.5363
23 -4.2025 37.5822 138.1514 0.1477 0.9735 0.1747 0.9162 0.5884
23 14.7394 24.6053 153.4282 0.5222 0.8321 0.1866 0.9412 0.5358
MRinSpiritualFinfameOn.jpg
23 -6.2316 38.1834 124.1888 -0.0103 0.9819 -0.1892 0.8860 0.5936
23 -19.4062 29.2517 146.9408 -0.5195 0.8414 0.1486 0.9412 0.6274
23 -4.2025 37.5822 138.1514 0.1477 0.9735 0.1747 0.9162 0.5884
MRinSpiritualFinfameOn.jpg
23 -6.2316 38.1834 124.1888 -0.0103 0.9819 -0.1892 0.8860 0.5936
23 -4.2025 37.5822 138.1514 0.1477 0.9735 0.1747 0.9162 0.5884
23 14.9472 26.1964 127.8253 0.5237 0.8491 -0.0690 0.8907 0.5363
MRinSpiritualFinfameOn.jpg
23 -3.5669 33.3728 149.3469 0.0358 0.9361 0.3499 0.9412 0.5863
23 14.7394 24.6053 153.4282 0.5222 0.8321 0.1866 0.9412 0.5358
23 -4.2025 37.5822 138.1514 0.1477 0.9735 0.1747 0.9162 0.5884
MRinSpiritualFinfameOn.jpg
23 -3.5669 33.3728 149.3469 0.0358 0.9361 0.3499 0.9412 0.5863
23 -4.2025 37.5822 138.1514 0.1477 0.9735 0.1747 0.9162 0.5884
23 -19.4062 29.2517 146.9408 -0.5195 0.8414 0.1486 0.9412 0.6274
MRinSpiritualFinfameOn.jpg
23 14.9472 26.1964 127.8253 0.5237 0.8491 -0.0690 0.8907 0.5363
23 2.6085 30.3077 115.1851 0.3475 0.7740 -0.5293 0.8621 0.5707
23 -6.2316 38.1834 124.1888 -0.0103 0.9819 -0.1892 0.8860 0.5936
MRinSpiritualFinfameOn.jpg
23 -23.5594 27.8863 119.5815 -0.5466 0.8154 -0.1907 0.8756 0.6326
23 -6.2316 38.1834 124.1888 -0.0103 0.9819 -0.1892 0.8860 0.5936
23 -7.1580 32.6418 113.5591 -0.0535 0.8079 -0.5869 0.8610 0.5951
MRinSpiritualFinfameOn.jpg
23 9.8326 18.9475 107.2108 0.2823 0.4961 -0.8211 0.8277 0.5514
23 -1.0295 1.8337 98.4899 0.0272 0.0928 -0.9953 0.7788 0.5743
23 -3.7012 21.5581 104.0197 0.1708 0.5124 -0.8416 0.8324 0.5858
MRinSpiritualFinfameOn.jpg
23 -3.7012 21.5581 104.0197 0.1708 0.5124 -0.8416 0.8324 0.5858
23 -1.0295 1.8337 98.4899 0.0272 0.0928 -0.9953 0.7788 0.5743
23 -9.4307 8.8246 98.6820 0.2524 0.3390 -0.9063 0.7939 0.5977
MRinSpiritualFinfameOn.jpg
40 -152.7704 -19.2453 121.7382 0.1478 -0.9393 -0.3096 0.4421 0.1971
40 -143.9107 -10.1076 128.6911 0.7920 0.1049 -0.6015 0.4421 0.1768
42 -144.2571 -27.0269 131.7551 -0.0115 -0.6561 -0.7546 0.4682 0.1861
MRinSpiritualFinfameOn.jpg
42 -128.5190 -22.9640 149.3901 -0.1184 0.8582 0.4995 0.5088 0.1377
42 -124.0229 -38.0615 143.3092 0.7544 -0.1400 0.6413 0.5270 0.1606
42 -126.6014 -25.2665 140.7158 0.7878 0.5680 -0.2380 0.4983 0.1539
MRinSpiritualFinfameOn.jpg
40 -141.9613 -4.1377 139.5308 0.9552 0.2488 0.1605 0.4323 0.1544
40 -147.8680 4.8662 145.3310 0.6289 0.0621 0.7750 0.4135 0.1377
42 -140.6257 -11.3295 135.2263 0.6900 0.7227 -0.0390 0.4494 0.1544
MRinSpiritualFinfameOn.jpg
16 -154.1616 161.3586 122.0862 0.1841 0.8547 0.4854 0.2616 0.6295
16 -155.6737 151.5039 132.4124 0.1408 0.8863 0.4412 0.2257 0.6768
16 -148.5852 153.2244 123.7457 0.8266 -0.3337 0.4532 0.2725 0.6524
MRinSpiritualFinfameOn.jpg
16 -167.5145 153.3192 131.9687 0.1323 0.9401 0.3143 0.2767 0.6805
16 -155.6737 151.5039 132.4124 0.1408 0.8863 0.4412 0.2257 0.6768
16 -162.4415 155.0947 124.2419 -0.7693 0.2500 0.5880 0.2725 0.6524
MRinSpiritualFinfameOn.jpg
16 -171.3003 157.6176 120.0360 -0.1007 -0.9289 -0.3564 0.2991 0.6519
16 -167.5145 153.3192 131.9687 0.1323 0.9401 0.3143 0.2767 0.6805
16 -162.4415 155.0947 124.2419 -0.7693 0.2500 0.5880 0.2725 0.6524
MRinSpiritualFinfameOn.jpg
16 -159.7403 140.3872 163.9967 -0.8142 -0.0860 0.5741 0.2382 0.7705
16 -161.3647 147.6691 145.6309 0.1335 0.9317 0.3378 0.2371 0.7169
16 -167.9604 145.7803 153.1461 0.1081 0.9281 0.3563 0.2626 0.7403
MRinSpiritualFinfameOn.jpg
16 -155.6737 151.5039 132.4124 0.1408 0.8863 0.4412 0.2257 0.6768
16 -167.5145 153.3192 131.9687 0.1323 0.9401 0.3143 0.2767 0.6805
16 -161.3647 147.6691 145.6309 0.1335 0.9317 0.3378 0.2371 0.7169
MRinSpiritualFinfameOn.jpg
16 -167.5145 153.3192 131.9687 0.1323 0.9401 0.3143 0.2767 0.6805
16 -170.1360 150.6606 140.7489 0.1321 0.9331 0.3345 0.2746 0.7065
16 -161.3647 147.6691 145.6309 0.1335 0.9317 0.3378 0.2371 0.7169
MRinSpiritualFinfameOn.jpg
16 -161.3647 147.6691 145.6309 0.1335 0.9317 0.3378 0.2371 0.7169
16 -170.1360 150.6606 140.7489 0.1321 0.9331 0.3345 0.2746 0.7065
16 -167.9604 145.7803 153.1461 0.1081 0.9281 0.3563 0.2626 0.7403
MRinSpiritualFinfameOn.jpg
16 -122.5275 211.3435 193.2418 0.4276 0.7789 0.4588 0.2616 0.6295
16 -125.3409 201.9569 203.7431 0.3892 0.8206 0.4184 0.2257 0.6768
16 -118.9114 202.0917 194.4199 0.7628 -0.5278 0.3736 0.2725 0.6524
MRinSpiritualFinfameOn.jpg
16 -136.3935 206.5464 204.4413 0.3802 0.8768 0.2944 0.2767 0.6805
16 -125.3409 201.9569 203.7431 0.3892 0.8206 0.4184 0.2257 0.6768
16 -131.7993 207.1800 196.2416 -0.7776 0.1647 0.6068 0.2725 0.6524
MRinSpiritualFinfameOn.jpg
16 -140.1719 211.8160 192.8935 0.4217 0.1116 -0.8999 0.2991 0.6519
16 -136.3935 206.5464 204.4413 0.3802 0.8768 0.2944 0.2767 0.6805
16 -131.7993 207.1800 196.2416 -0.7776 0.1647 0.6068 0.2725 0.6524
MRinSpiritualFinfameOn.jpg
16 -125.3409 201.9569 203.7431 0.3892 0.8206 0.4184 0.2257 0.6768
16 -136.3935 206.5464 204.4413 0.3802 0.8768 0.2944 0.2767 0.6805
16 -130.4827 199.3709 217.4794 0.3805 0.8688 0.3170 0.2371 0.7169
MRinSpiritualFinfameOn.jpg
16 -136.3935 206.5464 204.4413 0.3802 0.8768 0.2944 0.2767 0.6805
16 -138.7412 204.3901 213.4307 -0.8797 0.2430 0.4087 0.2746 0.7065
16 -130.4827 199.3709 217.4794 0.3805 0.8688 0.3170 0.2371 0.7169
MRinSpiritualFinfameOn.jpg
16 -130.4827 199.3709 217.4794 0.3805 0.8688 0.3170 0.2371 0.7169
16 -138.7412 204.3901 213.4307 -0.8797 0.2430 0.4087 0.2746 0.7065
16 -136.5833 198.9868 225.6152 -0.8625 0.2102 0.4604 0.2626 0.7403
MRinSpiritualFinfameOn.jpg
16 -128.8812 191.6160 235.6526 -0.7540 0.0968 0.6497 0.2382 0.7705
16 -130.4827 199.3709 217.4794 0.3805 0.8688 0.3170 0.2371 0.7169
16 -136.5833 198.9868 225.6152 -0.8625 0.2102 0.4604 0.2626 0.7403
MRinSpiritualFinfameOn.jpg
40 -144.4496 32.2592 122.5288 0.9466 0.3116 0.0827 0.0451 0.7476
40 -147.8680 4.8662 145.3310 0.9343 -0.0056 0.3563 0.0456 0.7481
40 -138.2219 6.2716 120.8983 0.9880 -0.1209 -0.0965 0.0097 0.7278
MRinSpiritualFinfameOn.jpg
40 -138.3361 24.4041 108.5560 0.8382 0.3737 -0.3971 0.0456 0.7299
40 -144.4496 32.2592 122.5288 0.9466 0.3116 0.0827 0.0451 0.7476
40 -138.2219 6.2716 120.8983 0.9880 -0.1209 -0.0965 0.0097 0.7278
MRinSpiritualFinfameOn.jpg
40 -138.3361 24.4041 108.5560 0.8382 0.3737 -0.3971 0.0456 0.7299
40 -138.2219 6.2716 120.8983 0.9880 -0.1209 -0.0965 0.0097 0.7278
40 -150.1373 13.6903 95.9374 0.5901 -0.1851 -0.7859 0.0560 0.7096
MRinSpiritualFinfameOn.jpg
40 -154.6638 24.0628 95.3770 0.5450 0.4799 -0.6875 0.0748 0.7185
40 -138.3361 24.4041 108.5560 0.8382 0.3737 -0.3971 0.0456 0.7299
40 -150.1373 13.6903 95.9374 0.5901 -0.1851 -0.7859 0.0560 0.7096
MRinSpiritualFinfameOn.jpg
40 -151.1738 36.8814 114.0174 0.8460 0.4239 -0.3235 0.0675 0.7434
40 -138.3361 24.4041 108.5560 0.8382 0.3737 -0.3971 0.0456 0.7299
40 -154.6638 24.0628 95.3770 0.5450 0.4799 -0.6875 0.0748 0.7185
MRinSpiritualFinfameOn.jpg
40 -144.4496 32.2592 122.5288 0.9466 0.3116 0.0827 0.0451 0.7476
40 -138.3361 24.4041 108.5560 0.8382 0.3737 -0.3971 0.0456 0.7299
40 -151.1738 36.8814 114.0174 0.8460 0.4239 -0.3235 0.0675 0.7434
MRinSpiritualFinfameOn.jpg
40 -146.5012 41.6263 134.7677 0.9845 -0.1214 0.1268 0.0462 0.7663
40 -147.1441 30.0829 146.8694 0.9681 0.0767 0.2387 0.0097 0.7684
40 -144.4496 32.2592 122.5288 0.9466 0.3116 0.0827 0.0451 0.7476
MRinSpiritualFinfameOn.jpg
40 -144.4496 32.2592 122.5288 0.9466 0.3116 0.0827 0.0451 0.7476
40 -151.1738 36.8814 114.0174 0.8460 0.4239 -0.3235 0.0675 0.7434
40 -146.5012 41.6263 134.7677 0.9845 -0.1214 0.1268 0.0462 0.7663
MRinSpiritualFinfameOn.jpg
40 -146.5012 41.6263 134.7677 0.9845 -0.1214 0.1268 0.0462 0.7663
40 -151.1738 36.8814 114.0174 0.8460 0.4239 -0.3235 0.0675 0.7434
40 -143.2970 44.7614 114.3718 0.8371 -0.5449 0.0478 0.0821 0.7518
MRinSpiritualFinfameOn.jpg
40 -146.5012 41.6263 134.7677 0.9845 -0.1214 0.1268 0.0462 0.7663
40 -143.2970 44.7614 114.3718 0.8371 -0.5449 0.0478 0.0821 0.7518
40 -139.9396 55.8141 123.6156 0.9344 -0.3332 0.1259 0.0862 0.7679
MRinSpiritualFinfameOn.jpg
40 -146.5012 41.6263 134.7677 0.9845 -0.1214 0.1268 0.0462 0.7663
40 -139.9396 55.8141 123.6156 0.9344 -0.3332 0.1259 0.0862 0.7679
40 -140.1763 59.2995 131.6674 0.8816 -0.3030 0.3619 0.0800 0.7767
MRinSpiritualFinfameOn.jpg
40 -146.5012 41.6263 134.7677 0.9845 -0.1214 0.1268 0.0462 0.7663
40 -140.1763 59.2995 131.6674 0.8816 -0.3030 0.3619 0.0800 0.7767
40 -156.2750 56.3991 159.3516 0.9495 -0.0683 0.3062 0.0316 0.8012
MRinSpiritualFinfameOn.jpg
40 -154.8518 46.0737 164.0397 0.9898 -0.0087 0.1423 0.0097 0.7976
40 -147.1441 30.0829 146.8694 0.9681 0.0767 0.2387 0.0097 0.7684
40 -156.2750 56.3991 159.3516 0.9495 -0.0683 0.3062 0.0316 0.8012
MRinSpiritualFinfameOn.jpg
40 -147.1441 30.0829 146.8694 0.9681 0.0767 0.2387 0.0097 0.7684
40 -146.5012 41.6263 134.7677 0.9845 -0.1214 0.1268 0.0462 0.7663
40 -156.2750 56.3991 159.3516 0.9495 -0.0683 0.3062 0.0316 0.8012
MRinSpiritualFinfameOn.jpg
40 -156.2750 56.3991 159.3516 0.9495 -0.0683 0.3062 0.0316 0.8012
40 -140.1763 59.2995 131.6674 0.8816 -0.3030 0.3619 0.0800 0.7767
40 -147.7605 65.7875 151.2936 0.8157 -0.3350 0.4716 0.0607 0.7996
MRinSpiritualFinfameOn.jpg
40 -156.2750 56.3991 159.3516 0.9495 -0.0683 0.3062 0.0316 0.8012
40 -147.7605 65.7875 151.2936 0.8157 -0.3350 0.4716 0.0607 0.7996
40 -155.1344 69.7556 165.5176 0.8094 -0.3017 0.5038 0.0446 0.8158
MRinSpiritualFinfameOn.jpg
40 -154.8518 46.0737 164.0397 0.9898 -0.0087 0.1423 0.0097 0.7976
40 -156.2750 56.3991 159.3516 0.9495 -0.0683 0.3062 0.0316 0.8012
40 -154.7487 64.8762 173.3777 0.9999 -0.0001 -0.0108 0.0253 0.8194
MRinSpiritualFinfameOn.jpg
40 -156.3852 66.0303 186.7133 0.9935 -0.0432 0.1052 0.0097 0.8314
40 -154.8518 46.0737 164.0397 0.9898 -0.0087 0.1423 0.0097 0.7976
40 -154.7487 64.8762 173.3777 0.9999 -0.0001 -0.0108 0.0253 0.8194
MRinSpiritualFinfameOn.jpg
23 -24.1541 -34.7960 83.9130 -0.5154 -0.8404 0.1673 0.9937 0.2288
23 -29.7104 -26.0327 88.0874 -0.7814 -0.5909 0.2006 0.9729 0.2278
23 -24.4079 -34.2678 64.7847 -0.5268 -0.8499 -0.0165 0.9937 0.2699
MRinSpiritualFinfameOn.jpg
23 -24.1541 -34.7960 83.9130 -0.5154 -0.8404 0.1673 0.9937 0.2288
23 -23.2003 -34.0560 100.2370 -0.5203 -0.8458 0.1179 0.9937 0.1939
23 -25.2665 -26.9227 94.3355 -0.8282 -0.5413 -0.1449 0.9766 0.2106
MRinSpiritualFinfameOn.jpg
23 -24.1541 -34.7960 83.9130 -0.5154 -0.8404 0.1673 0.9937 0.2288
23 -25.2665 -26.9227 94.3355 -0.8282 -0.5413 -0.1449 0.9766 0.2106
23 -29.7104 -26.0327 88.0874 -0.7814 -0.5909 0.2006 0.9729 0.2278
MRinSpiritualFinfameOn.jpg
23 -29.2511 -29.6897 102.8650 -0.5047 -0.8533 0.1311 0.9734 0.1887
23 -25.2665 -26.9227 94.3355 -0.8282 -0.5413 -0.1449 0.9766 0.2106
23 -23.2003 -34.0560 100.2370 -0.5203 -0.8458 0.1179 0.9937 0.1939
MRinSpiritualFinfameOn.jpg
23 -29.2511 -29.6897 102.8650 -0.5047 -0.8533 0.1311 0.9734 0.1887
23 -23.2003 -34.0560 100.2370 -0.5203 -0.8458 0.1179 0.9937 0.1939
23 -21.1335 -30.8948 103.8358 -0.4947 -0.8139 0.3046 0.9937 0.1830
MRinSpiritualFinfameOn.jpg
23 -25.2665 -26.9227 94.3355 -0.8282 -0.5413 -0.1449 0.9766 0.2106
23 -29.2511 -29.6897 102.8650 -0.5047 -0.8533 0.1311 0.9734 0.1887
23 -30.9204 -22.8988 98.1118 -0.9166 -0.3099 -0.2526 0.9573 0.2064
MRinSpiritualFinfameOn.jpg
23 -29.2511 -29.6897 102.8650 -0.5047 -0.8533 0.1311 0.9734 0.1887
23 -32.8235 -24.3804 116.4178 -0.6099 -0.7921 -0.0244 0.9542 0.1617
23 -30.9204 -22.8988 98.1118 -0.9166 -0.3099 -0.2526 0.9573 0.2064
MRinSpiritualFinfameOn.jpg
23 -30.9204 -22.8988 98.1118 -0.9166 -0.3099 -0.2526 0.9573 0.2064
23 -32.8235 -24.3804 116.4178 -0.6099 -0.7921 -0.0244 0.9542 0.1617
23 -33.5242 -19.5978 120.4482 -0.9806 -0.1904 -0.0473 0.9422 0.1560
MRinSpiritualFinfameOn.jpg
23 -28.1835 -25.0938 110.1223 -0.5800 -0.8013 0.1466 0.9693 0.1716
23 -32.8235 -24.3804 116.4178 -0.6099 -0.7921 -0.0244 0.9542 0.1617
23 -29.2511 -29.6897 102.8650 -0.5047 -0.8533 0.1311 0.9734 0.1887
MRinSpiritualFinfameOn.jpg
23 -21.1335 -30.8948 103.8358 -0.4947 -0.8139 0.3046 0.9937 0.1830
23 -22.7977 -33.7695 107.6529 -0.5037 -0.7971 -0.3330 0.9937 0.1716
23 -28.1835 -25.0938 110.1223 -0.5800 -0.8013 0.1466 0.9693 0.1716
MRinSpiritualFinfameOn.jpg
23 -28.1835 -25.0938 110.1223 -0.5800 -0.8013 0.1466 0.9693 0.1716
23 -22.7977 -33.7695 107.6529 -0.5037 -0.7971 -0.3330 0.9937 0.1716
23 -22.5163 -33.6831 115.1566 -0.5015 -0.7925 -0.3471 0.9937 0.1544
MRinSpiritualFinfameOn.jpg
23 -28.1835 -25.0938 110.1223 -0.5800 -0.8013 0.1466 0.9693 0.1716
23 -29.2511 -29.6897 102.8650 -0.5047 -0.8533 0.1311 0.9734 0.1887
23 -21.1335 -30.8948 103.8358 -0.4947 -0.8139 0.3046 0.9937 0.1830
MRinSpiritualFinfameOn.jpg
23 -31.3625 -27.7752 121.3766 -0.7169 -0.6899 -0.1003 0.9578 0.1492
23 -33.5242 -19.5978 120.4482 -0.9806 -0.1904 -0.0473 0.9422 0.1560
23 -32.8235 -24.3804 116.4178 -0.6099 -0.7921 -0.0244 0.9542 0.1617
MRinSpiritualFinfameOn.jpg
23 -31.3625 -27.7752 121.3766 -0.7169 -0.6899 -0.1003 0.9578 0.1492
23 -36.2347 -14.0434 127.6298 -0.9601 -0.2446 0.1358 0.9297 0.1435
23 -33.5242 -19.5978 120.4482 -0.9806 -0.1904 -0.0473 0.9422 0.1560
MRinSpiritualFinfameOn.jpg
23 -31.3625 -27.7752 121.3766 -0.7169 -0.6899 -0.1003 0.9578 0.1492
23 -33.8416 -17.2800 134.1523 -0.9574 -0.2564 -0.1327 0.9349 0.1247
23 -36.2347 -14.0434 127.6298 -0.9601 -0.2446 0.1358 0.9297 0.1435
MRinSpiritualFinfameOn.jpg
23 -27.3954 -24.3137 115.6136 -0.4223 -0.8630 -0.2775 0.9661 0.1612
23 -31.3625 -27.7752 121.3766 -0.7169 -0.6899 -0.1003 0.9578 0.1492
23 -32.8235 -24.3804 116.4178 -0.6099 -0.7921 -0.0244 0.9542 0.1617
MRinSpiritualFinfameOn.jpg
23 -28.1835 -25.0938 110.1223 -0.5800 -0.8013 0.1466 0.9693 0.1716
23 -27.3954 -24.3137 115.6136 -0.4223 -0.8630 -0.2775 0.9661 0.1612
23 -32.8235 -24.3804 116.4178 -0.6099 -0.7921 -0.0244 0.9542 0.1617
MRinSpiritualFinfameOn.jpg
23 -27.3954 -24.3137 115.6136 -0.4223 -0.8630 -0.2775 0.9661 0.1612
23 -25.1018 -29.4517 119.4731 -0.8667 -0.4094 -0.2851 0.9740 0.1487
23 -31.3625 -27.7752 121.3766 -0.7169 -0.6899 -0.1003 0.9578 0.1492
MRinSpiritualFinfameOn.jpg
23 -28.1835 -25.0938 110.1223 -0.5800 -0.8013 0.1466 0.9693 0.1716
23 -22.5163 -33.6831 115.1566 -0.5015 -0.7925 -0.3471 0.9937 0.1544
23 -25.1018 -29.4517 119.4731 -0.8667 -0.4094 -0.2851 0.9740 0.1487
MRinSpiritualFinfameOn.jpg
23 -25.1018 -29.4517 119.4731 -0.8667 -0.4094 -0.2851 0.9740 0.1487
23 -33.8416 -17.2800 134.1523 -0.9574 -0.2564 -0.1327 0.9349 0.1247
23 -31.3625 -27.7752 121.3766 -0.7169 -0.6899 -0.1003 0.9578 0.1492
MRinSpiritualFinfameOn.jpg
23 -27.3954 -24.3137 115.6136 -0.4223 -0.8630 -0.2775 0.9661 0.1612
23 -28.1835 -25.0938 110.1223 -0.5800 -0.8013 0.1466 0.9693 0.1716
23 -25.1018 -29.4517 119.4731 -0.8667 -0.4094 -0.2851 0.9740 0.1487
MRinSpiritualFinfameOn.jpg
23 -22.5163 -33.6831 115.1566 -0.5015 -0.7925 -0.3471 0.9937 0.1544
23 -31.6700 -28.0704 126.7230 -0.9096 -0.1465 -0.3888 0.9641 0.1299
23 -25.1018 -29.4517 119.4731 -0.8667 -0.4094 -0.2851 0.9740 0.1487
MRinSpiritualFinfameOn.jpg
23 -31.6700 -28.0704 126.7230 -0.9096 -0.1465 -0.3888 0.9641 0.1299
23 -33.8416 -17.2800 134.1523 -0.9574 -0.2564 -0.1327 0.9349 0.1247
23 -25.1018 -29.4517 119.4731 -0.8667 -0.4094 -0.2851 0.9740 0.1487
MRinSpiritualFinfameOn.jpg
23 -22.5163 -33.6831 115.1566 -0.5015 -0.7925 -0.3471 0.9937 0.1544
23 -25.9018 -39.9283 131.0189 -0.4949 -0.7801 -0.3827 0.9937 0.1143
23 -31.6700 -28.0704 126.7230 -0.9096 -0.1465 -0.3888 0.9641 0.1299
MRinSpiritualFinfameOn.jpg
23 -31.6700 -28.0704 126.7230 -0.9096 -0.1465 -0.3888 0.9641 0.1299
23 -25.9018 -39.9283 131.0189 -0.4949 -0.7801 -0.3827 0.9937 0.1143
23 -30.2669 -37.0288 137.5021 -0.9160 -0.3589 -0.1791 0.9766 0.1013
MRinSpiritualFinfameOn.jpg
23 -31.6700 -28.0704 126.7230 -0.9096 -0.1465 -0.3888 0.9641 0.1299
23 -32.6152 -25.7646 141.0001 -0.8877 -0.3957 -0.2355 0.9500 0.1024
23 -33.8416 -17.2800 134.1523 -0.9574 -0.2564 -0.1327 0.9349 0.1247
MRinSpiritualFinfameOn.jpg
23 -31.6700 -28.0704 126.7230 -0.9096 -0.1465 -0.3888 0.9641 0.1299
23 -30.2669 -37.0288 137.5021 -0.9160 -0.3589 -0.1791 0.9766 0.1013
23 -32.6152 -25.7646 141.0001 -0.8877 -0.3957 -0.2355 0.9500 0.1024
MRinSpiritualFinfameOn.jpg
23 -33.8416 -17.2800 134.1523 -0.9574 -0.2564 -0.1327 0.9349 0.1247
23 -34.4501 -1.4776 140.9148 -0.9947 0.0422 -0.0943 0.8928 0.1117
23 -36.2347 -14.0434 127.6298 -0.9601 -0.2446 0.1358 0.9297 0.1435
MRinSpiritualFinfameOn.jpg
23 -36.6508 0.4648 134.2105 -0.9482 0.0202 0.3171 0.8923 0.1294
23 -36.2347 -14.0434 127.6298 -0.9601 -0.2446 0.1358 0.9297 0.1435
23 -34.4501 -1.4776 140.9148 -0.9947 0.0422 -0.0943 0.8928 0.1117
MRinSpiritualFinfameOn.jpg
23 -36.6508 0.4648 134.2105 -0.9482 0.0202 0.3171 0.8923 0.1294
23 -34.4501 -1.4776 140.9148 -0.9947 0.0422 -0.0943 0.8928 0.1117
23 -30.5599 15.9799 141.6449 -0.8800 0.3773 -0.2884 0.8517 0.1154
MRinSpiritualFinfameOn.jpg
23 -33.8416 -17.2800 134.1523 -0.9574 -0.2564 -0.1327 0.9349 0.1247
23 -32.6152 -25.7646 141.0001 -0.8877 -0.3957 -0.2355 0.9500 0.1024
23 -37.5586 -23.0600 145.7159 -0.8590 -0.4963 -0.1256 0.9375 0.0925
MRinSpiritualFinfameOn.jpg
23 -32.6152 -25.7646 141.0001 -0.8877 -0.3957 -0.2355 0.9500 0.1024
23 -32.5552 -28.3167 145.6572 -0.7243 -0.6893 -0.0178 0.9531 0.0904
23 -37.5586 -23.0600 145.7159 -0.8590 -0.4963 -0.1256 0.9375 0.0925
MRinSpiritualFinfameOn.jpg
23 -34.9151 -20.4931 156.9720 -0.8391 -0.5354 0.0959 0.9328 0.0659
23 -37.5586 -23.0600 145.7159 -0.8590 -0.4963 -0.1256 0.9375 0.0925
23 -32.5552 -28.3167 145.6572 -0.7243 -0.6893 -0.0178 0.9531 0.0904
MRinSpiritualFinfameOn.jpg
23 -33.8416 -17.2800 134.1523 -0.9574 -0.2564 -0.1327 0.9349 0.1247
23 -37.5586 -23.0600 145.7159 -0.8590 -0.4963 -0.1256 0.9375 0.0925
23 -39.3352 -16.4879 148.5455 -0.9992 0.0323 0.0247 0.9209 0.0883
MRinSpiritualFinfameOn.jpg
23 -34.4501 -1.4776 140.9148 -0.9947 0.0422 -0.0943 0.8928 0.1117
23 -33.8416 -17.2800 134.1523 -0.9574 -0.2564 -0.1327 0.9349 0.1247
23 -39.3352 -16.4879 148.5455 -0.9992 0.0323 0.0247 0.9209 0.0883
MRinSpiritualFinfameOn.jpg
23 -34.4501 -1.4776 140.9148 -0.9947 0.0422 -0.0943 0.8928 0.1117
23 -39.3352 -16.4879 148.5455 -0.9992 0.0323 0.0247 0.9209 0.0883
23 -40.3400 1.6340 150.9728 -0.9515 0.0776 0.2978 0.8808 0.0899
MRinSpiritualFinfameOn.jpg
23 -34.4501 -1.4776 140.9148 -0.9947 0.0422 -0.0943 0.8928 0.1117
23 -40.3400 1.6340 150.9728 -0.9515 0.0776 0.2978 0.8808 0.0899
23 -30.5599 15.9799 141.6449 -0.8800 0.3773 -0.2884 0.8517 0.1154
MRinSpiritualFinfameOn.jpg
23 -37.5856 -15.5345 154.5098 -0.9813 0.0273 -0.1905 0.9204 0.0727
23 -39.3352 -16.4879 148.5455 -0.9992 0.0323 0.0247 0.9209 0.0883
23 -34.9151 -20.4931 156.9720 -0.8391 -0.5354 0.0959 0.9328 0.0659
MRinSpiritualFinfameOn.jpg
23 -40.3400 1.6340 150.9728 -0.9515 0.0776 0.2978 0.8808 0.0899
23 -39.3352 -16.4879 148.5455 -0.9992 0.0323 0.0247 0.9209 0.0883
23 -33.4809 -14.5880 152.7535 -0.6871 0.2828 0.6693 0.9099 0.0800
MRinSpiritualFinfameOn.jpg
23 -33.4809 -14.5880 152.7535 -0.6871 0.2828 0.6693 0.9099 0.0800
23 -39.3352 -16.4879 148.5455 -0.9992 0.0323 0.0247 0.9209 0.0883
23 -37.5856 -15.5345 154.5098 -0.9813 0.0273 -0.1905 0.9204 0.0727
MRinSpiritualFinfameOn.jpg
23 -35.2475 18.6536 152.6104 -0.7871 0.5900 0.1799 0.8470 0.0899
23 -30.5599 15.9799 141.6449 -0.8800 0.3773 -0.2884 0.8517 0.1154
23 -40.3400 1.6340 150.9728 -0.9515 0.0776 0.2978 0.8808 0.0899
MRinSpiritualFinfameOn.jpg
23 -35.2475 18.6536 152.6104 -0.7871 0.5900 0.1799 0.8470 0.0899
23 -40.3400 1.6340 150.9728 -0.9515 0.0776 0.2978 0.8808 0.0899
23 -32.8594 17.6387 154.6244 -0.5877 0.2196 0.7787 0.8449 0.0800
MRinSpiritualFinfameOn.jpg
23 -35.2475 18.6536 152.6104 -0.7871 0.5900 0.1799 0.8470 0.0899
23 -19.4062 29.2517 146.9408 -0.4228 0.8914 -0.1631 0.8090 0.1154
23 -30.5599 15.9799 141.6449 -0.8800 0.3773 -0.2884 0.8517 0.1154
MRinSpiritualFinfameOn.jpg
23 -19.4839 29.0875 156.8335 -0.4281 0.7474 0.5081 0.8074 0.0800
23 -19.4062 29.2517 146.9408 -0.4228 0.8914 -0.1631 0.8090 0.1154
23 -35.2475 18.6536 152.6104 -0.7871 0.5900 0.1799 0.8470 0.0899
MRinSpiritualFinfameOn.jpg
23 -19.4839 29.0875 156.8335 -0.4281 0.7474 0.5081 0.8074 0.0800
23 -2.8854 34.3911 156.9774 0.0819 0.8779 0.4717 0.7674 0.0899
23 -19.4062 29.2517 146.9408 -0.4228 0.8914 -0.1631 0.8090 0.1154
MRinSpiritualFinfameOn.jpg
23 2.2783 33.5848 149.8654 0.1794 0.9804 0.0817 0.7554 0.1174
23 -19.4062 29.2517 146.9408 -0.4228 0.8914 -0.1631 0.8090 0.1154
23 -2.8854 34.3911 156.9774 0.0819 0.8779 0.4717 0.7674 0.0899
MRinSpiritualFinfameOn.jpg
23 -3.1226 31.5889 157.9928 0.2435 0.6961 0.6754 0.7679 0.0800
23 20.5404 34.2581 147.6224 0.5269 0.8481 0.0566 0.7138 0.1164
23 2.2783 33.5848 149.8654 0.1794 0.9804 0.0817 0.7554 0.1174
MRinSpiritualFinfameOn.jpg
23 20.5404 34.2581 147.6224 0.5269 0.8481 0.0566 0.7138 0.1164
23 18.4513 31.2994 139.1570 0.5104 0.8346 -0.2073 0.7107 0.1398
23 5.7033 32.6779 143.9085 0.0286 0.9810 -0.1921 0.7486 0.1341
MRinSpiritualFinfameOn.jpg
23 20.5404 34.2581 147.6224 0.5269 0.8481 0.0566 0.7138 0.1164
23 5.7033 32.6779 143.9085 0.0286 0.9810 -0.1921 0.7486 0.1341
23 2.2783 33.5848 149.8654 0.1794 0.9804 0.0817 0.7554 0.1174
MRinSpiritualFinfameOn.jpg
23 5.7033 32.6779 143.9085 0.0286 0.9810 -0.1921 0.7486 0.1341
23 0.2205 33.7647 147.3974 0.1576 0.9857 -0.0595 0.7611 0.1242
23 2.2783 33.5848 149.8654 0.1794 0.9804 0.0817 0.7554 0.1174
MRinSpiritualFinfameOn.jpg
23 5.7033 32.6779 143.9085 0.0286 0.9810 -0.1921 0.7486 0.1341
23 18.4513 31.2994 139.1570 0.5104 0.8346 -0.2073 0.7107 0.1398
23 14.5819 30.2804 133.3402 -0.0990 0.9893 -0.1075 0.7117 0.1674
MRinSpiritualFinfameOn.jpg
23 14.3829 30.1580 129.2829 -0.0853 0.9963 -0.0056 0.7028 0.1762
23 18.4513 31.2994 139.1570 0.5104 0.8346 -0.2073 0.7107 0.1398
23 17.3284 30.1966 124.6680 0.5261 0.8503 -0.0156 0.6867 0.1830
MRinSpiritualFinfameOn.jpg
23 14.3829 30.1580 129.2829 -0.0853 0.9963 -0.0056 0.7028 0.1762
23 14.5819 30.2804 133.3402 -0.0990 0.9893 -0.1075 0.7117 0.1674
23 18.4513 31.2994 139.1570 0.5104 0.8346 -0.2073 0.7107 0.1398
MRinSpiritualFinfameOn.jpg
23 17.3284 30.1966 124.6680 0.5261 0.8503 -0.0156 0.6867 0.1830
23 11.3129 30.4743 128.8605 0.0930 0.9934 0.0677 0.7049 0.1799
23 14.3829 30.1580 129.2829 -0.0853 0.9963 -0.0056 0.7028 0.1762
MRinSpiritualFinfameOn.jpg
14 -45.6703 169.6034 81.8160 -0.8077 -0.5896 -0.0050 0.6867 0.0399
13 -36.9899 153.3923 82.9255 -0.9291 -0.3698 0.0044 0.6482 0.0399
14 -43.6615 166.5508 89.6215 -0.8116 -0.5838 -0.0194 0.6867 0.0638
MRinSpiritualFinfameOn.jpg
14 -46.7928 171.0988 73.7404 -0.8009 -0.5987 0.0034 0.6867 0.0113
13 -32.7126 142.6015 72.2335 -0.9294 -0.3690 -0.0054 0.6196 0.0113
13 -36.9899 153.3923 82.9255 -0.9291 -0.3698 0.0044 0.6482 0.0399
MRinSpiritualFinfameOn.jpg
13 -32.7126 142.6015 72.2335 -0.9294 -0.3690 -0.0054 0.6196 0.0113
13 -32.6638 142.3813 81.1277 -0.9316 -0.3634 -0.0102 0.6196 0.0399
13 -36.9899 153.3923 82.9255 -0.9291 -0.3698 0.0044 0.6482 0.0399
MRinSpiritualFinfameOn.jpg
13 -32.6638 142.3813 81.1277 -0.9316 -0.3634 -0.0102 0.6196 0.0399
13 -32.7126 142.6015 72.2335 -0.9294 -0.3690 -0.0054 0.6196 0.0113
13 -28.1891 130.7213 85.4331 -0.9296 -0.3680 -0.0196 0.5842 0.0399
MRinSpiritualFinfameOn.jpg
13 -32.1644 140.6003 89.3170 -0.9305 -0.3655 -0.0228 0.6196 0.0638
13 -32.6638 142.3813 81.1277 -0.9316 -0.3634 -0.0102 0.6196 0.0399
13 -28.1891 130.7213 85.4331 -0.9296 -0.3680 -0.0196 0.5842 0.0399
MRinSpiritualFinfameOn.jpg
10 -14.4085 44.6290 147.1845 -0.9320 -0.3108 -0.1865 0.3105 0.0399
23 8.7104 27.0649 155.7462 -0.9347 -0.3168 0.1613 0.2507 0.0399
10 -16.3522 46.7012 153.3572 -0.9289 -0.3209 -0.1848 0.3105 0.0638
MRinSpiritualFinfameOn.jpg
10 -12.1024 41.3677 141.1942 -0.9301 -0.3166 -0.1863 0.3105 0.0113
23 9.3822 22.3535 150.3600 -0.9345 -0.3173 0.1610 0.2507 0.0113
23 8.7104 27.0649 155.7462 -0.9347 -0.3168 0.1613 0.2507 0.0399
MRinSpiritualFinfameOn.jpg
14 -43.6106 166.9568 89.7353 0.8114 0.5841 0.0188 0.6867 0.0638
13 -36.8438 153.7818 83.0111 0.9291 0.3699 -0.0044 0.6482 0.0399
14 -45.6205 170.0007 81.9272 0.8075 0.5898 0.0048 0.6867 0.0399
MRinSpiritualFinfameOn.jpg
13 -36.8438 153.7818 83.0111 0.9291 0.3699 -0.0044 0.6482 0.0399
13 -32.5665 142.9909 72.3191 0.9294 0.3689 0.0057 0.6196 0.0113
14 -46.7429 171.4961 73.8517 0.8009 0.5988 -0.0033 0.6867 0.0113
MRinSpiritualFinfameOn.jpg
13 -36.8438 153.7818 83.0111 0.9291 0.3699 -0.0044 0.6482 0.0399
13 -32.5208 142.7624 81.2115 0.9316 0.3633 0.0105 0.6196 0.0399
13 -32.5665 142.9909 72.3191 0.9294 0.3689 0.0057 0.6196 0.0113
MRinSpiritualFinfameOn.jpg
13 -28.0461 131.1025 85.5169 0.9296 0.3680 0.0198 0.5842 0.0399
13 -32.5665 142.9909 72.3191 0.9294 0.3689 0.0057 0.6196 0.0113
13 -32.5208 142.7624 81.2115 0.9316 0.3633 0.0105 0.6196 0.0399
MRinSpiritualFinfameOn.jpg
13 -28.0461 131.1025 85.5169 0.9296 0.3680 0.0198 0.5842 0.0399
13 -32.5208 142.7624 81.2115 0.9316 0.3633 0.0105 0.6196 0.0399
13 -32.0215 140.9814 89.4008 0.9305 0.3655 0.0228 0.6196 0.0638
MRinSpiritualFinfameOn.jpg
10 -16.1418 47.0517 153.4323 0.9289 0.3209 0.1848 0.3105 0.0638
23 8.9258 27.4156 155.6881 0.9346 0.3171 -0.1608 0.2507 0.0399
10 -14.1981 44.9794 147.2597 0.9319 0.3110 0.1868 0.3105 0.0399
MRinSpiritualFinfameOn.jpg
23 8.9258 27.4156 155.6881 0.9346 0.3171 -0.1608 0.2507 0.0399
23 9.6023 22.7119 150.3006 0.9345 0.3178 -0.1602 0.2507 0.0113
10 -11.8874 41.7258 141.2710 0.9298 0.3171 0.1871 0.3105 0.0113
MRinSpiritualFinfameOn.jpg
40 -141.9613 -4.1377 139.5308 0.9797 0.0066 0.2003 0.0524 0.7382
40 -138.2219 6.2716 120.8983 0.9880 -0.1209 -0.0965 0.0097 0.7278
40 -147.8680 4.8662 145.3310 0.9343 -0.0056 0.3563 0.0456 0.7481
MRinSpiritualFinfameOn.jpg
40 -141.9613 -4.1377 139.5308 0.9797 0.0066 0.2003 0.0524 0.7382
40 -143.9107 -10.1076 128.6911 0.8773 -0.4487 -0.1700 0.0467 0.7247
40 -138.2219 6.2716 120.8983 0.9880 -0.1209 -0.0965 0.0097 0.7278
MRinSpiritualFinfameOn.jpg
40 -138.2219 6.2716 120.8983 0.9880 -0.1209 -0.0965 0.0097 0.7278
40 -143.9107 -10.1076 128.6911 0.8773 -0.4487 -0.1700 0.0467 0.7247
40 -150.1195 -10.1421 108.7553 0.5228 -0.7189 -0.4581 0.0326 0.7018
MRinSpiritualFinfameOn.jpg
14 -81.3150 135.7040 59.9083 0.6385 0.7683 -0.0455 0.6867 0.0638
13 -72.1620 124.2983 51.3347 0.1759 -0.2783 -0.9442 0.6196 0.0113
14 -85.9245 138.3929 45.5224 0.4589 -0.5019 -0.7332 0.6867 0.0113
MRinSpiritualFinfameOn.jpg
14 -81.3150 135.7040 59.9083 0.6385 0.7683 -0.0455 0.6867 0.0638
13 -71.7278 124.2320 59.1856 0.7944 0.6068 -0.0270 0.6196 0.0399
13 -72.1620 124.2983 51.3347 0.1759 -0.2783 -0.9442 0.6196 0.0113
MRinSpiritualFinfameOn.jpg
13 -64.6979 115.1379 66.0585 0.7951 0.6064 -0.0112 0.5842 0.0399
13 -72.1620 124.2983 51.3347 0.1759 -0.2783 -0.9442 0.6196 0.0113
13 -71.7278 124.2320 59.1856 0.7944 0.6068 -0.0270 0.6196 0.0399
MRinSpiritualFinfameOn.jpg
13 -64.6979 115.1379 66.0585 0.7951 0.6064 -0.0112 0.5842 0.0399
13 -71.7278 124.2320 59.1856 0.7944 0.6068 -0.0270 0.6196 0.0399
13 -70.6118 122.8255 66.8602 -0.3029 0.4144 0.8582 0.6196 0.0638
MRinSpiritualFinfameOn.jpg
10 -34.0860 50.0125 142.9439 -0.4211 0.2791 0.8630 0.3105 0.0638
23 -3.5669 33.3728 149.3469 0.7602 0.6214 -0.1896 0.2507 0.0399
10 -31.3674 48.4152 136.9844 0.7714 0.6134 0.1697 0.3105 0.0399
MRinSpiritualFinfameOn.jpg
23 -3.5669 33.3728 149.3469 0.7602 0.6214 -0.1896 0.2507 0.0399
23 -1.6725 29.3055 143.7833 0.1465 -0.4413 -0.8853 0.2507 0.0113
10 -27.9792 45.7203 131.2702 0.4432 -0.3138 -0.8397 0.3105 0.0113
MRinSpiritualFinfameOn.jpg
14 -85.9245 138.3929 45.5224 0.4589 -0.5019 -0.7332 0.6867 0.0113
13 -72.1620 124.2983 51.3347 0.1759 -0.2783 -0.9442 0.6196 0.0113
14 -81.3313 135.5744 59.8720 -0.6210 -0.7834 0.0271 0.6867 0.0638
MRinSpiritualFinfameOn.jpg
13 -72.1620 124.2983 51.3347 0.1759 -0.2783 -0.9442 0.6196 0.0113
13 -71.7745 124.1077 59.1583 -0.7949 -0.6063 0.0231 0.6196 0.0399
14 -81.3313 135.5744 59.8720 -0.6210 -0.7834 0.0271 0.6867 0.0638
MRinSpiritualFinfameOn.jpg
13 -70.6118 122.8255 66.8602 -0.3029 0.4144 0.8582 0.6196 0.0638
13 -71.7745 124.1077 59.1583 -0.7949 -0.6063 0.0231 0.6196 0.0399
13 -64.7445 115.0136 66.0311 -0.7930 -0.6093 0.0041 0.5842 0.0399
MRinSpiritualFinfameOn.jpg
13 -71.7745 124.1077 59.1583 -0.7949 -0.6063 0.0231 0.6196 0.0399
13 -72.1620 124.2983 51.3347 0.1759 -0.2783 -0.9442 0.6196 0.0113
13 -64.7445 115.0136 66.0311 -0.7930 -0.6093 0.0041 0.5842 0.0399
MRinSpiritualFinfameOn.jpg
10 -27.9792 45.7203 131.2702 0.4432 -0.3138 -0.8397 0.3105 0.0113
23 -1.6725 29.3055 143.7833 0.1465 -0.4413 -0.8853 0.2507 0.0113
23 -3.6418 33.2508 149.3672 -0.7594 -0.6240 0.1840 0.2507 0.0399
MRinSpiritualFinfameOn.jpg
10 -31.4360 48.3009 136.9599 -0.7697 -0.6148 -0.1722 0.3105 0.0399
23 -3.6418 33.2508 149.3672 -0.7594 -0.6240 0.1840 0.2507 0.0399
10 -34.0860 50.0125 142.9439 -0.4211 0.2791 0.8630 0.3105 0.0638
MRinSpiritualFinfameOn.jpg
49 -59.9005 -101.2874 224.4985 -0.8640 -0.5027 0.0287 0.2205 0.3605
49 -42.0666 -125.9012 229.9352 -0.6784 -0.6973 0.2317 0.1299 0.3391
49 -51.4048 -108.0639 239.2642 -0.7561 -0.5155 0.4032 0.1820 0.3058
MRinSpiritualFinfameOn.jpg
49 -59.9005 -101.2874 224.4985 -0.8640 -0.5027 0.0287 0.2205 0.3605
49 -47.4877 -116.2298 207.3789 -0.7967 -0.5644 -0.2163 0.1700 0.4302
49 -42.0666 -125.9012 229.9352 -0.6784 -0.6973 0.2317 0.1299 0.3391
MRinSpiritualFinfameOn.jpg
49 -51.4048 -108.0639 239.2642 -0.7561 -0.5155 0.4032 0.1820 0.3058
49 -42.0666 -125.9012 229.9352 -0.6784 -0.6973 0.2317 0.1299 0.3391
49 -42.6446 -117.8643 244.1374 -0.4769 -0.6647 0.5751 0.1377 0.2834
MRinSpiritualFinfameOn.jpg
49 -25.6755 -127.1073 240.5365 -0.3476 -0.7502 0.5625 0.0732 0.2767
49 -42.6446 -117.8643 244.1374 -0.4769 -0.6647 0.5751 0.1377 0.2834
49 -42.0666 -125.9012 229.9352 -0.6784 -0.6973 0.2317 0.1299 0.3391
MRinSpiritualFinfameOn.jpg
49 -42.6446 -117.8643 244.1374 -0.4769 -0.6647 0.5751 0.1377 0.2834
49 -25.6755 -127.1073 240.5365 -0.3476 -0.7502 0.5625 0.0732 0.2767
49 -36.0938 -114.1913 248.7587 -0.1533 -0.5800 0.8000 0.1336 0.2543
MRinSpiritualFinfameOn.jpg
49 -36.0938 -114.1913 248.7587 -0.1533 -0.5800 0.8000 0.1336 0.2543
49 -25.6755 -127.1073 240.5365 -0.3476 -0.7502 0.5625 0.0732 0.2767
49 -26.7037 -116.8901 251.3797 -0.3357 -0.5703 0.7497 0.1070 0.2356
MRinSpiritualFinfameOn.jpg
49 -26.7037 -116.8901 251.3797 -0.3357 -0.5703 0.7497 0.1070 0.2356
49 -25.6755 -127.1073 240.5365 -0.3476 -0.7502 0.5625 0.0732 0.2767
49 -16.5169 -125.2114 252.9723 -0.4465 -0.5856 0.6766 0.0581 0.2288
MRinSpiritualFinfameOn.jpg
49 -16.5169 -125.2114 252.9723 -0.4465 -0.5856 0.6766 0.0581 0.2288
49 -10.5154 -132.5853 238.0622 0.1608 -0.9297 0.3314 0.0134 0.2668
49 -3.4191 -124.6613 260.5174 0.1100 -0.9790 0.1717 0.0134 0.1950
MRinSpiritualFinfameOn.jpg
49 -16.5169 -125.2114 252.9723 -0.4465 -0.5856 0.6766 0.0581 0.2288
49 -4.4354 -119.1149 258.3709 0.2699 0.4094 0.8715 0.0560 0.1783
49 -20.8966 -104.0105 259.7547 -0.3198 -0.5105 0.7982 0.1279 0.1825
MRinSpiritualFinfameOn.jpg
49 -25.6755 -127.1073 240.5365 -0.3476 -0.7502 0.5625 0.0732 0.2767
49 -10.5154 -132.5853 238.0622 0.1608 -0.9297 0.3314 0.0134 0.2668
49 -16.5169 -125.2114 252.9723 -0.4465 -0.5856 0.6766 0.0581 0.2288
MRinSpiritualFinfameOn.jpg
49 -28.5738 -133.4771 230.9208 -0.3426 -0.8812 0.3256 0.0810 0.3230
49 -10.5154 -132.5853 238.0622 0.1608 -0.9297 0.3314 0.0134 0.2668
49 -25.6755 -127.1073 240.5365 -0.3476 -0.7502 0.5625 0.0732 0.2767
MRinSpiritualFinfameOn.jpg
49 -14.7691 -137.7435 224.5368 0.0799 -0.9936 0.0794 0.0134 0.3245
49 -10.5154 -132.5853 238.0622 0.1608 -0.9297 0.3314 0.0134 0.2668
49 -28.5738 -133.4771 230.9208 -0.3426 -0.8812 0.3256 0.0810 0.3230
MRinSpiritualFinfameOn.jpg
49 -28.5738 -133.4771 230.9208 -0.3426 -0.8812 0.3256 0.0810 0.3230
49 -25.6755 -127.1073 240.5365 -0.3476 -0.7502 0.5625 0.0732 0.2767
49 -42.0666 -125.9012 229.9352 -0.6784 -0.6973 0.2317 0.1299 0.3391
MRinSpiritualFinfameOn.jpg
49 -39.3214 -129.0212 216.4099 -0.6901 -0.7196 -0.0772 0.1164 0.4026
49 -28.5738 -133.4771 230.9208 -0.3426 -0.8812 0.3256 0.0810 0.3230
49 -42.0666 -125.9012 229.9352 -0.6784 -0.6973 0.2317 0.1299 0.3391
MRinSpiritualFinfameOn.jpg
49 -47.4877 -116.2298 207.3789 -0.7967 -0.5644 -0.2163 0.1700 0.4302
49 -39.3214 -129.0212 216.4099 -0.6901 -0.7196 -0.0772 0.1164 0.4026
49 -42.0666 -125.9012 229.9352 -0.6784 -0.6973 0.2317 0.1299 0.3391
MRinSpiritualFinfameOn.jpg
49 -29.5572 -135.2176 213.6910 -0.3934 -0.9193 -0.0083 0.0722 0.4047
49 -23.8249 -135.7129 197.8251 -0.0130 -0.9806 -0.1955 0.0144 0.4442
49 -14.7691 -137.7435 224.5368 0.0799 -0.9936 0.0794 0.0134 0.3245
MRinSpiritualFinfameOn.jpg
49 -28.5738 -133.4771 230.9208 -0.3426 -0.8812 0.3256 0.0810 0.3230
49 -39.3214 -129.0212 216.4099 -0.6901 -0.7196 -0.0772 0.1164 0.4026
49 -29.5572 -135.2176 213.6910 -0.3934 -0.9193 -0.0083 0.0722 0.4047
MRinSpiritualFinfameOn.jpg
49 -29.5572 -135.2176 213.6910 -0.3934 -0.9193 -0.0083 0.0722 0.4047
49 -14.7691 -137.7435 224.5368 0.0799 -0.9936 0.0794 0.0134 0.3245
49 -28.5738 -133.4771 230.9208 -0.3426 -0.8812 0.3256 0.0810 0.3230
MRinSpiritualFinfameOn.jpg
49 -39.3214 -129.0212 216.4099 -0.6901 -0.7196 -0.0772 0.1164 0.4026
49 -33.5641 -130.8434 199.9502 -0.6585 -0.7319 -0.1753 0.0862 0.4578
49 -29.5572 -135.2176 213.6910 -0.3934 -0.9193 -0.0083 0.0722 0.4047
MRinSpiritualFinfameOn.jpg
49 -23.8249 -135.7129 197.8251 -0.0130 -0.9806 -0.1955 0.0144 0.4442
49 -29.5572 -135.2176 213.6910 -0.3934 -0.9193 -0.0083 0.0722 0.4047
49 -33.5641 -130.8434 199.9502 -0.6585 -0.7319 -0.1753 0.0862 0.4578
MRinSpiritualFinfameOn.jpg
49 -35.4370 -126.7576 199.8551 -0.8144 -0.4949 -0.3031 0.1200 0.4796
49 -39.3214 -129.0212 216.4099 -0.6901 -0.7196 -0.0772 0.1164 0.4026
49 -47.4877 -116.2298 207.3789 -0.7967 -0.5644 -0.2163 0.1700 0.4302
MRinSpiritualFinfameOn.jpg
49 -33.5641 -130.8434 199.9502 -0.6585 -0.7319 -0.1753 0.0862 0.4578
49 -39.3214 -129.0212 216.4099 -0.6901 -0.7196 -0.0772 0.1164 0.4026
49 -35.4370 -126.7576 199.8551 -0.8144 -0.4949 -0.3031 0.1200 0.4796
MRinSpiritualFinfameOn.jpg
49 -35.4370 -126.7576 199.8551 -0.8144 -0.4949 -0.3031 0.1200 0.4796
49 -47.4877 -116.2298 207.3789 -0.7967 -0.5644 -0.2163 0.1700 0.4302
49 -42.5510 -114.4566 200.4677 -0.8199 -0.4570 -0.3448 0.1658 0.4765
MRinSpiritualFinfameOn.jpg
49 -37.4262 -122.2591 191.2465 -0.8654 -0.4975 -0.0600 0.1903 0.5145
49 -35.4370 -126.7576 199.8551 -0.8144 -0.4949 -0.3031 0.1200 0.4796
49 -42.5510 -114.4566 200.4677 -0.8199 -0.4570 -0.3448 0.1658 0.4765
MRinSpiritualFinfameOn.jpg
49 -9.0441 -122.9988 261.1094 -0.7423 -0.1338 0.6566 0.0420 0.1950
49 -16.5169 -125.2114 252.9723 -0.4465 -0.5856 0.6766 0.0581 0.2288
49 -3.4191 -124.6613 260.5174 0.1100 -0.9790 0.1717 0.0134 0.1950
MRinSpiritualFinfameOn.jpg
49 -9.0441 -122.9988 261.1094 -0.7423 -0.1338 0.6566 0.0420 0.1950
49 0.3632 -125.9169 271.6087 0.3062 -0.4411 0.8436 0.0134 0.1580
49 -4.4354 -119.1149 258.3709 0.2699 0.4094 0.8715 0.0560 0.1783
MRinSpiritualFinfameOn.jpg
49 -16.5169 -125.2114 252.9723 -0.4465 -0.5856 0.6766 0.0581 0.2288
49 -9.0441 -122.9988 261.1094 -0.7423 -0.1338 0.6566 0.0420 0.1950
49 -4.4354 -119.1149 258.3709 0.2699 0.4094 0.8715 0.0560 0.1783
MRinSpiritualFinfameOn.jpg
49 -9.0441 -122.9988 261.1094 -0.7423 -0.1338 0.6566 0.0420 0.1950
49 -3.4191 -124.6613 260.5174 0.1100 -0.9790 0.1717 0.0134 0.1950
49 0.3632 -125.9169 271.6087 0.3062 -0.4411 0.8436 0.0134 0.1580
MRinSpiritualFinfameOn.jpg
38 -86.7713 24.3081 148.1350 -0.6022 0.7953 -0.0695 0.0462 0.0108
38 -98.2003 14.5159 151.1622 -0.5434 0.8139 -0.2055 0.0581 0.0321
38 -90.1038 23.1742 164.0419 -0.3970 0.7343 -0.5506 0.0717 0.0087
MRinSpiritualFinfameOn.jpg
38 -98.2003 14.5159 151.1622 -0.5434 0.8139 -0.2055 0.0581 0.0321
38 -111.9858 9.9549 156.5514 -0.2625 0.5861 -0.7665 0.0753 0.0508
38 -90.1038 23.1742 164.0419 -0.3970 0.7343 -0.5506 0.0717 0.0087
MRinSpiritualFinfameOn.jpg
38 -110.6846 44.6764 176.8783 0.1701 0.1972 -0.9655 0.1226 0.0087
38 -90.1038 23.1742 164.0419 -0.3970 0.7343 -0.5506 0.0717 0.0087
38 -111.9858 9.9549 156.5514 -0.2625 0.5861 -0.7665 0.0753 0.0508
MRinSpiritualFinfameOn.jpg
38 -110.6846 44.6764 176.8783 0.1701 0.1972 -0.9655 0.1226 0.0087
38 -111.9858 9.9549 156.5514 -0.2625 0.5861 -0.7665 0.0753 0.0508
38 -123.8630 25.8793 168.4170 -0.1350 0.3932 -0.9095 0.1112 0.0456
MRinSpiritualFinfameOn.jpg
38 -124.0368 17.0795 164.9897 -0.3962 0.3400 -0.8529 0.1003 0.0560
38 -123.8630 25.8793 168.4170 -0.1350 0.3932 -0.9095 0.1112 0.0456
38 -111.9858 9.9549 156.5514 -0.2625 0.5861 -0.7665 0.0753 0.0508
MRinSpiritualFinfameOn.jpg
38 -123.8630 25.8793 168.4170 -0.1350 0.3932 -0.9095 0.1112 0.0456
38 -126.8414 31.9404 169.7802 0.4142 -0.0184 -0.9100 0.1216 0.0430
38 -110.6846 44.6764 176.8783 0.1701 0.1972 -0.9655 0.1226 0.0087
MRinSpiritualFinfameOn.jpg
38 -126.8414 31.9404 169.7802 0.4142 -0.0184 -0.9100 0.1216 0.0430
38 -116.8892 55.8331 166.9463 0.5388 -0.3728 -0.7554 0.1476 0.0103
38 -110.6846 44.6764 176.8783 0.1701 0.1972 -0.9655 0.1226 0.0087
MRinSpiritualFinfameOn.jpg
35 -19.3097 11.2655 249.5444 -0.3025 0.5274 -0.7939 0.8184 0.4010
35 -28.4457 3.4695 259.4629 -0.0013 -0.6691 -0.7432 0.7923 0.4432
35 -51.8106 3.3693 256.6857 -0.6418 0.4901 -0.5899 0.8277 0.5114
MRinSpiritualFinfameOn.jpg
35 -51.8106 3.3693 256.6857 -0.6418 0.4901 -0.5899 0.8277 0.5114
35 -28.4457 3.4695 259.4629 -0.0013 -0.6691 -0.7432 0.7923 0.4432
35 -43.9265 -3.2286 264.9233 0.0525 -0.6497 -0.7584 0.7866 0.4999
MRinSpiritualFinfameOn.jpg
35 -51.8106 3.3693 256.6857 -0.6418 0.4901 -0.5899 0.8277 0.5114
35 -43.9265 -3.2286 264.9233 0.0525 -0.6497 -0.7584 0.7866 0.4999
35 -53.9564 -8.7179 268.2031 0.0417 -0.6594 -0.7506 0.7804 0.5384
MRinSpiritualFinfameOn.jpg
35 -51.8106 3.3693 256.6857 -0.6418 0.4901 -0.5899 0.8277 0.5114
35 -53.9564 -8.7179 268.2031 0.0417 -0.6594 -0.7506 0.7804 0.5384
35 -60.5868 -8.0261 267.7458 -0.9831 0.1297 -0.1294 0.7913 0.5571
MRinSpiritualFinfameOn.jpg
35 -60.5868 -8.0261 267.7458 -0.9831 0.1297 -0.1294 0.7913 0.5571
35 -53.9564 -8.7179 268.2031 0.0417 -0.6594 -0.7506 0.7804 0.5384
35 -59.0769 -16.8665 274.0960 -0.9905 -0.1128 0.0784 0.7564 0.5670
MRinSpiritualFinfameOn.jpg
35 -28.4457 3.4695 259.4629 -0.0013 -0.6691 -0.7432 0.7923 0.4432
35 -27.1208 -11.1312 270.1902 -0.0112 -0.5184 -0.8551 0.7361 0.4609
35 -43.9265 -3.2286 264.9233 0.0525 -0.6497 -0.7584 0.7866 0.4999
MRinSpiritualFinfameOn.jpg
35 -43.7742 -7.5320 267.7744 -0.8350 -0.4302 0.3431 0.7705 0.5062
35 -43.9265 -3.2286 264.9233 0.0525 -0.6497 -0.7584 0.7866 0.4999
35 -27.1208 -11.1312 270.1902 -0.0112 -0.5184 -0.8551 0.7361 0.4609
MRinSpiritualFinfameOn.jpg
35 -27.1208 -11.1312 270.1902 -0.0112 -0.5184 -0.8551 0.7361 0.4609
35 -28.4457 3.4695 259.4629 -0.0013 -0.6691 -0.7432 0.7923 0.4432
35 -16.3319 -7.9947 266.6488 -0.0844 -0.5631 -0.8221 0.7372 0.4234
MRinSpiritualFinfameOn.jpg
35 -28.4457 3.4695 259.4629 -0.0013 -0.6691 -0.7432 0.7923 0.4432
35 -11.4852 3.7520 258.3394 0.2284 0.6663 0.7099 0.7736 0.3917
35 -16.3319 -7.9947 266.6488 -0.0844 -0.5631 -0.8221 0.7372 0.4234
MRinSpiritualFinfameOn.jpg
35 -16.3319 -7.9947 266.6488 -0.0844 -0.5631 -0.8221 0.7372 0.4234
35 -11.4852 3.7520 258.3394 0.2284 0.6663 0.7099 0.7736 0.3917
35 -0.5885 -4.8383 262.6573 -0.1015 -0.5458 -0.8318 0.7320 0.3698
MRinSpiritualFinfameOn.jpg
35 -14.9038 -13.1430 269.8480 0.2693 -0.8242 0.4982 0.7169 0.4271
35 -16.3319 -7.9947 266.6488 -0.0844 -0.5631 -0.8221 0.7372 0.4234
35 -0.5885 -4.8383 262.6573 -0.1015 -0.5458 -0.8318 0.7320 0.3698
MRinSpiritualFinfameOn.jpg
35 -33.4224 -22.1859 273.3513 0.0543 -0.4738 -0.8789 0.7107 0.4937
35 -43.7742 -7.5320 267.7744 -0.8350 -0.4302 0.3431 0.7705 0.5062
35 -27.1208 -11.1312 270.1902 -0.0112 -0.5184 -0.8551 0.7361 0.4609
MRinSpiritualFinfameOn.jpg
35 -33.4224 -22.1859 273.3513 0.0543 -0.4738 -0.8789 0.7107 0.4937
35 -59.5632 -20.8666 271.6810 -0.7877 -0.0068 0.6160 0.7492 0.5722
35 -43.7742 -7.5320 267.7744 -0.8350 -0.4302 0.3431 0.7705 0.5062
MRinSpiritualFinfameOn.jpg
35 -33.4224 -22.1859 273.3513 0.0543 -0.4738 -0.8789 0.7107 0.4937
35 -56.4410 -21.5752 272.9006 -0.4765 0.8045 -0.3545 0.7414 0.5639
35 -59.5632 -20.8666 271.6810 -0.7877 -0.0068 0.6160 0.7492 0.5722
MRinSpiritualFinfameOn.jpg
35 -40.4451 -30.0724 275.9510 0.0438 -0.3330 -0.9419 0.7065 0.5296
35 -56.4410 -21.5752 272.9006 -0.4765 0.8045 -0.3545 0.7414 0.5639
35 -33.4224 -22.1859 273.3513 0.0543 -0.4738 -0.8789 0.7107 0.4937
MRinSpiritualFinfameOn.jpg
35 -34.5957 -32.8062 278.2419 0.7496 -0.5431 0.3783 0.6753 0.5129
35 -40.4451 -30.0724 275.9510 0.0438 -0.3330 -0.9419 0.7065 0.5296
35 -33.4224 -22.1859 273.3513 0.0543 -0.4738 -0.8789 0.7107 0.4937
MRinSpiritualFinfameOn.jpg
35 -40.4451 -30.0724 275.9510 0.0438 -0.3330 -0.9419 0.7065 0.5296
35 -55.9878 -24.8670 274.1714 0.1290 -0.2778 -0.9519 0.7304 0.5670
35 -56.4410 -21.5752 272.9006 -0.4765 0.8045 -0.3545 0.7414 0.5639
MRinSpiritualFinfameOn.jpg
35 -55.9878 -24.8670 274.1714 0.1290 -0.2778 -0.9519 0.7304 0.5670
35 -59.3634 -25.8716 273.5780 -0.7858 0.4713 -0.4006 0.7325 0.5785
35 -56.4410 -21.5752 272.9006 -0.4765 0.8045 -0.3545 0.7414 0.5639
MRinSpiritualFinfameOn.jpg
35 -57.5576 -34.5648 276.0739 -0.9457 -0.1238 -0.3006 0.7008 0.6045
35 -55.9878 -24.8670 274.1714 0.1290 -0.2778 -0.9519 0.7304 0.5670
35 -40.4451 -30.0724 275.9510 0.0438 -0.3330 -0.9419 0.7065 0.5296
MRinSpiritualFinfameOn.jpg
35 -61.7790 -36.1352 275.4397 0.2975 -0.9127 0.2802 0.7018 0.6196
35 -55.9878 -24.8670 274.1714 0.1290 -0.2778 -0.9519 0.7304 0.5670
35 -57.5576 -34.5648 276.0739 -0.9457 -0.1238 -0.3006 0.7008 0.6045
MRinSpiritualFinfameOn.jpg
35 -53.7567 -38.6049 278.5372 0.0725 -0.3170 -0.9457 0.6784 0.5920
35 -57.5576 -34.5648 276.0739 -0.9457 -0.1238 -0.3006 0.7008 0.6045
35 -40.4451 -30.0724 275.9510 0.0438 -0.3330 -0.9419 0.7065 0.5296
MRinSpiritualFinfameOn.jpg
35 -58.9859 -41.4667 278.0365 -0.9437 0.1062 -0.3134 0.6643 0.6024
35 -57.5576 -34.5648 276.0739 -0.9457 -0.1238 -0.3006 0.7008 0.6045
35 -53.7567 -38.6049 278.5372 0.0725 -0.3170 -0.9457 0.6784 0.5920
MRinSpiritualFinfameOn.jpg
35 -40.4451 -30.0724 275.9510 0.0438 -0.3330 -0.9419 0.7065 0.5296
35 -38.5429 -40.5288 278.3923 -0.0158 -0.3442 -0.9388 0.6555 0.5504
35 -53.7567 -38.6049 278.5372 0.0725 -0.3170 -0.9457 0.6784 0.5920
MRinSpiritualFinfameOn.jpg
35 -38.5429 -40.5288 278.3923 -0.0158 -0.3442 -0.9388 0.6555 0.5504
35 -54.6141 -44.5946 280.2285 -0.3669 -0.8700 0.3294 0.6550 0.6014
35 -53.7567 -38.6049 278.5372 0.0725 -0.3170 -0.9457 0.6784 0.5920
MRinSpiritualFinfameOn.jpg
35 -30.3386 -43.9119 280.7989 0.0341 -0.5072 -0.8611 0.5931 0.5332
35 -54.6141 -44.5946 280.2285 -0.3669 -0.8700 0.3294 0.6550 0.6014
35 -38.5429 -40.5288 278.3923 -0.0158 -0.3442 -0.9388 0.6555 0.5504
MRinSpiritualFinfameOn.jpg
35 -30.3386 -43.9119 280.7989 0.0341 -0.5072 -0.8611 0.5931 0.5332
35 -38.8512 -59.9124 289.7038 -0.9742 -0.1665 0.1525 0.5670 0.6014
35 -54.6141 -44.5946 280.2285 -0.3669 -0.8700 0.3294 0.6550 0.6014
MRinSpiritualFinfameOn.jpg
35 -30.0432 -64.2178 292.5264 -0.0475 -0.6138 -0.7880 0.5395 0.5597
35 -38.8512 -59.9124 289.7038 -0.9742 -0.1665 0.1525 0.5670 0.6014
35 -30.3386 -43.9119 280.7989 0.0341 -0.5072 -0.8611 0.5931 0.5332
MRinSpiritualFinfameOn.jpg
35 -30.0432 -64.2178 292.5264 -0.0475 -0.6138 -0.7880 0.5395 0.5597
35 -33.7775 -80.1747 309.6878 -0.9769 -0.0372 0.2103 0.4833 0.6185
35 -38.8512 -59.9124 289.7038 -0.9742 -0.1665 0.1525 0.5670 0.6014
MRinSpiritualFinfameOn.jpg
35 -51.8106 3.3693 256.6857 -0.6418 0.4901 -0.5899 0.8277 0.5114
35 -28.4079 3.5120 259.5557 0.0014 0.6715 0.7410 0.7923 0.4432
35 -19.3097 11.2655 249.5444 -0.3025 0.5274 -0.7939 0.8184 0.4010
MRinSpiritualFinfameOn.jpg
35 -43.8923 -3.1940 265.0132 -0.0569 0.6479 0.7596 0.7866 0.4999
35 -28.4079 3.5120 259.5557 0.0014 0.6715 0.7410 0.7923 0.4432
35 -51.8106 3.3693 256.6857 -0.6418 0.4901 -0.5899 0.8277 0.5114
MRinSpiritualFinfameOn.jpg
35 -60.5868 -8.0261 267.7458 -0.9831 0.1297 -0.1294 0.7913 0.5571
35 -53.9222 -8.6833 268.2929 -0.0518 0.6617 0.7480 0.7804 0.5384
35 -51.8106 3.3693 256.6857 -0.6418 0.4901 -0.5899 0.8277 0.5114
MRinSpiritualFinfameOn.jpg
35 -59.0769 -16.8665 274.0960 -0.9905 -0.1128 0.0784 0.7564 0.5670
35 -53.9222 -8.6833 268.2929 -0.0518 0.6617 0.7480 0.7804 0.5384
35 -60.5868 -8.0261 267.7458 -0.9831 0.1297 -0.1294 0.7913 0.5571
MRinSpiritualFinfameOn.jpg
35 -53.9222 -8.6833 268.2929 -0.0518 0.6617 0.7480 0.7804 0.5384
35 -43.8923 -3.1940 265.0132 -0.0569 0.6479 0.7596 0.7866 0.4999
35 -51.8106 3.3693 256.6857 -0.6418 0.4901 -0.5899 0.8277 0.5114
MRinSpiritualFinfameOn.jpg
35 -43.7742 -7.5320 267.7744 -0.8350 -0.4302 0.3431 0.7705 0.5062
35 -27.0873 -11.0931 270.2718 0.0076 0.5147 0.8573 0.7361 0.4609
35 -43.8923 -3.1940 265.0132 -0.0569 0.6479 0.7596 0.7866 0.4999
MRinSpiritualFinfameOn.jpg
35 -28.4079 3.5120 259.5557 0.0014 0.6715 0.7410 0.7923 0.4432
35 -43.8923 -3.1940 265.0132 -0.0569 0.6479 0.7596 0.7866 0.4999
35 -27.0873 -11.0931 270.2718 0.0076 0.5147 0.8573 0.7361 0.4609
MRinSpiritualFinfameOn.jpg
35 -16.2984 -7.9566 266.7303 0.0862 0.5623 0.8225 0.7372 0.4234
35 -11.4852 3.7520 258.3394 0.2284 0.6663 0.7099 0.7736 0.3917
35 -28.4079 3.5120 259.5557 0.0014 0.6715 0.7410 0.7923 0.4432
MRinSpiritualFinfameOn.jpg
35 -16.2984 -7.9566 266.7303 0.0862 0.5623 0.8225 0.7372 0.4234
35 -28.4079 3.5120 259.5557 0.0014 0.6715 0.7410 0.7923 0.4432
35 -27.0873 -11.0931 270.2718 0.0076 0.5147 0.8573 0.7361 0.4609
MRinSpiritualFinfameOn.jpg
35 -27.0873 -11.0931 270.2718 0.0076 0.5147 0.8573 0.7361 0.4609
35 -43.7742 -7.5320 267.7744 -0.8350 -0.4302 0.3431 0.7705 0.5062
35 -33.3881 -22.1513 273.4412 -0.0553 0.4730 0.8794 0.7107 0.4937
MRinSpiritualFinfameOn.jpg
35 -59.5632 -20.8666 271.6810 -0.7877 -0.0068 0.6160 0.7492 0.5722
35 -56.4410 -21.5752 272.9006 -0.4765 0.8045 -0.3545 0.7414 0.5639
35 -33.3881 -22.1513 273.4412 -0.0553 0.4730 0.8794 0.7107 0.4937
MRinSpiritualFinfameOn.jpg
35 -43.7742 -7.5320 267.7744 -0.8350 -0.4302 0.3431 0.7705 0.5062
35 -59.5632 -20.8666 271.6810 -0.7877 -0.0068 0.6160 0.7492 0.5722
35 -33.3881 -22.1513 273.4412 -0.0553 0.4730 0.8794 0.7107 0.4937
MRinSpiritualFinfameOn.jpg
35 -0.5542 -4.8037 262.7471 0.1167 0.6002 0.7913 0.7320 0.3698
35 -16.2984 -7.9566 266.7303 0.0862 0.5623 0.8225 0.7372 0.4234
35 -14.9038 -13.1430 269.8480 0.2693 -0.8242 0.4982 0.7169 0.4271
MRinSpiritualFinfameOn.jpg
35 -0.5542 -4.8037 262.7471 0.1167 0.6002 0.7913 0.7320 0.3698
35 -11.4852 3.7520 258.3394 0.2284 0.6663 0.7099 0.7736 0.3917
35 -16.2984 -7.9566 266.7303 0.0862 0.5623 0.8225 0.7372 0.4234
MRinSpiritualFinfameOn.jpg
35 -0.5542 -4.8037 262.7471 0.1167 0.6002 0.7913 0.7320 0.3698
35 -4.2299 8.7012 251.5216 0.0863 0.7022 0.7067 0.7882 0.3584
35 -11.4852 3.7520 258.3394 0.2284 0.6663 0.7099 0.7736 0.3917
MRinSpiritualFinfameOn.jpg
35 -4.2299 8.7012 251.5216 0.0863 0.7022 0.7067 0.7882 0.3584
35 -0.5542 -4.8037 262.7471 0.1167 0.6002 0.7913 0.7320 0.3698
35 6.4324 9.9762 249.9670 0.0155 0.7185 0.6953 0.7840 0.3240
MRinSpiritualFinfameOn.jpg
35 -4.2299 8.7012 251.5216 0.0863 0.7022 0.7067 0.7882 0.3584
35 6.4324 9.9762 249.9670 0.0155 0.7185 0.6953 0.7840 0.3240
35 4.3963 21.9317 234.7965 -0.0036 0.7852 0.6193 0.8381 0.3032
MRinSpiritualFinfameOn.jpg
35 -33.3881 -22.1513 273.4412 -0.0553 0.4730 0.8794 0.7107 0.4937
35 -56.4410 -21.5752 272.9006 -0.4765 0.8045 -0.3545 0.7414 0.5639
35 -40.4108 -30.0377 276.0409 -0.0432 0.3370 0.9405 0.7065 0.5296
MRinSpiritualFinfameOn.jpg
35 -33.3881 -22.1513 273.4412 -0.0553 0.4730 0.8794 0.7107 0.4937
35 -40.4108 -30.0377 276.0409 -0.0432 0.3370 0.9405 0.7065 0.5296
35 -34.5957 -32.8062 278.2419 0.7496 -0.5431 0.3783 0.6753 0.5129
MRinSpiritualFinfameOn.jpg
35 -56.4410 -21.5752 272.9006 -0.4765 0.8045 -0.3545 0.7414 0.5639
35 -55.9543 -24.8289 274.2529 -0.1334 0.2845 0.9493 0.7304 0.5670
35 -40.4108 -30.0377 276.0409 -0.0432 0.3370 0.9405 0.7065 0.5296
MRinSpiritualFinfameOn.jpg
35 -56.4410 -21.5752 272.9006 -0.4765 0.8045 -0.3545 0.7414 0.5639
35 -59.3634 -25.8716 273.5780 -0.7858 0.4713 -0.4006 0.7325 0.5785
35 -55.9543 -24.8289 274.2529 -0.1334 0.2845 0.9493 0.7304 0.5670
MRinSpiritualFinfameOn.jpg
35 -40.4108 -30.0377 276.0409 -0.0432 0.3370 0.9405 0.7065 0.5296
35 -55.9543 -24.8289 274.2529 -0.1334 0.2845 0.9493 0.7304 0.5670
35 -57.5576 -34.5648 276.0739 -0.9457 -0.1238 -0.3006 0.7008 0.6045
MRinSpiritualFinfameOn.jpg
35 -57.5576 -34.5648 276.0739 -0.9457 -0.1238 -0.3006 0.7008 0.6045
35 -55.9543 -24.8289 274.2529 -0.1334 0.2845 0.9493 0.7304 0.5670
35 -61.7790 -36.1352 275.4397 0.2975 -0.9127 0.2802 0.7018 0.6196
MRinSpiritualFinfameOn.jpg
35 -40.4108 -30.0377 276.0409 -0.0432 0.3370 0.9405 0.7065 0.5296
35 -57.5576 -34.5648 276.0739 -0.9457 -0.1238 -0.3006 0.7008 0.6045
35 -53.7224 -38.5702 278.6271 -0.0793 0.3170 0.9451 0.6784 0.5920
MRinSpiritualFinfameOn.jpg
35 -53.7224 -38.5702 278.6271 -0.0793 0.3170 0.9451 0.6784 0.5920
35 -57.5576 -34.5648 276.0739 -0.9457 -0.1238 -0.3006 0.7008 0.6045
35 -58.9859 -41.4667 278.0365 -0.9437 0.1062 -0.3134 0.6643 0.6024
MRinSpiritualFinfameOn.jpg
35 -53.7224 -38.5702 278.6271 -0.0793 0.3170 0.9451 0.6784 0.5920
35 -54.6141 -44.5946 280.2285 -0.3669 -0.8700 0.3294 0.6550 0.6014
35 -38.5087 -40.4941 278.4822 0.0138 0.3373 0.9413 0.6555 0.5504
MRinSpiritualFinfameOn.jpg
35 -53.7224 -38.5702 278.6271 -0.0793 0.3170 0.9451 0.6784 0.5920
35 -38.5087 -40.4941 278.4822 0.0138 0.3373 0.9413 0.6555 0.5504
35 -40.4108 -30.0377 276.0409 -0.0432 0.3370 0.9405 0.7065 0.5296
MRinSpiritualFinfameOn.jpg
35 -38.5087 -40.4941 278.4822 0.0138 0.3373 0.9413 0.6555 0.5504
35 -54.6141 -44.5946 280.2285 -0.3669 -0.8700 0.3294 0.6550 0.6014
35 -30.3008 -43.8695 280.8917 -0.0402 0.5040 0.8627 0.5931 0.5332
MRinSpiritualFinfameOn.jpg
35 -54.6141 -44.5946 280.2285 -0.3669 -0.8700 0.3294 0.6550 0.6014
35 -38.8512 -59.9124 289.7038 -0.9742 -0.1665 0.1525 0.5670 0.6014
35 -30.3008 -43.8695 280.8917 -0.0402 0.5040 0.8627 0.5931 0.5332
MRinSpiritualFinfameOn.jpg
35 -30.3008 -43.8695 280.8917 -0.0402 0.5040 0.8627 0.5931 0.5332
35 -38.8512 -59.9124 289.7038 -0.9742 -0.1665 0.1525 0.5670 0.6014
35 -30.0097 -64.1797 292.6080 0.0368 0.6132 0.7891 0.5395 0.5597
MRinSpiritualFinfameOn.jpg
35 -38.8512 -59.9124 289.7038 -0.9742 -0.1665 0.1525 0.5670 0.6014
35 -33.7775 -80.1747 309.6878 -0.9769 -0.0372 0.2103 0.4833 0.6185
35 -30.0097 -64.1797 292.6080 0.0368 0.6132 0.7891 0.5395 0.5597
MRinSpiritualFinfameOn.jpg
38 -114.9664 45.6612 189.7358 -0.6390 0.6372 0.4308 0.3948 0.1919
38 -120.6944 36.3600 183.7690 -0.9323 0.2607 0.2508 0.3932 0.2252
38 -113.9837 42.1140 196.4398 -0.5135 0.3266 0.7935 0.4151 0.1913
MRinSpiritualFinfameOn.jpg
38 -113.9837 42.1140 196.4398 -0.5135 0.3266 0.7935 0.4151 0.1913
38 -120.6944 36.3600 183.7690 -0.9323 0.2607 0.2508 0.3932 0.2252
38 -119.4944 35.0970 190.2677 -0.4628 -0.5063 0.7276 0.4099 0.2194
MRinSpiritualFinfameOn.jpg
38 -113.9837 42.1140 196.4398 -0.5135 0.3266 0.7935 0.4151 0.1913
38 -119.4944 35.0970 190.2677 -0.4628 -0.5063 0.7276 0.4099 0.2194
38 -111.6265 40.9129 191.3267 -0.1894 -0.1587 0.9690 0.4281 0.2012
MRinSpiritualFinfameOn.jpg
38 -111.6265 40.9129 191.3267 -0.1894 -0.1587 0.9690 0.4281 0.2012
38 -119.4944 35.0970 190.2677 -0.4628 -0.5063 0.7276 0.4099 0.2194
38 -120.6182 26.8648 182.1301 -0.9003 -0.1593 0.4051 0.4042 0.2501
MRinSpiritualFinfameOn.jpg
38 -119.4944 35.0970 190.2677 -0.4628 -0.5063 0.7276 0.4099 0.2194
38 -120.6944 36.3600 183.7690 -0.9323 0.2607 0.2508 0.3932 0.2252
38 -120.6182 26.8648 182.1301 -0.9003 -0.1593 0.4051 0.4042 0.2501
MRinSpiritualFinfameOn.jpg
38 -113.9711 28.7726 199.2128 -0.9570 0.1391 0.2546 0.4552 0.2356
38 -111.6265 40.9129 191.3267 -0.1894 -0.1587 0.9690 0.4281 0.2012
38 -120.6182 26.8648 182.1301 -0.9003 -0.1593 0.4051 0.4042 0.2501
MRinSpiritualFinfameOn.jpg
38 -110.5237 37.6621 196.7016 -0.6408 0.7562 0.1328 0.4437 0.2069
38 -111.6265 40.9129 191.3267 -0.1894 -0.1587 0.9690 0.4281 0.2012
38 -113.9711 28.7726 199.2128 -0.9570 0.1391 0.2546 0.4552 0.2356
MRinSpiritualFinfameOn.jpg
38 -110.5237 37.6621 196.7016 -0.6408 0.7562 0.1328 0.4437 0.2069
38 -113.9711 28.7726 199.2128 -0.9570 0.1391 0.2546 0.4552 0.2356
38 -119.4782 41.3625 218.3654 -0.6256 0.6291 0.4614 0.5015 0.1945
MRinSpiritualFinfameOn.jpg
38 -113.9711 28.7726 199.2128 -0.9570 0.1391 0.2546 0.4552 0.2356
38 -108.9765 30.5287 211.5267 -0.4296 0.2090 0.8785 0.4957 0.2350
38 -119.4782 41.3625 218.3654 -0.6256 0.6291 0.4614 0.5015 0.1945
MRinSpiritualFinfameOn.jpg
38 -108.9765 30.5287 211.5267 -0.4296 0.2090 0.8785 0.4957 0.2350
38 -113.9711 28.7726 199.2128 -0.9570 0.1391 0.2546 0.4552 0.2356
38 -107.0548 25.2692 219.5470 -0.6478 0.6880 0.3271 0.5171 0.2517
MRinSpiritualFinfameOn.jpg
38 -116.2678 15.2862 195.1905 -0.9848 -0.1567 0.0743 0.4453 0.2808
38 -113.9711 28.7726 199.2128 -0.9570 0.1391 0.2546 0.4552 0.2356
38 -120.6182 26.8648 182.1301 -0.9003 -0.1593 0.4051 0.4042 0.2501
MRinSpiritualFinfameOn.jpg
38 -117.2068 14.7902 173.9333 -0.8964 -0.4410 -0.0445 0.3854 0.2834
38 -116.2678 15.2862 195.1905 -0.9848 -0.1567 0.0743 0.4453 0.2808
38 -120.6182 26.8648 182.1301 -0.9003 -0.1593 0.4051 0.4042 0.2501
MRinSpiritualFinfameOn.jpg
38 -116.2678 15.2862 195.1905 -0.9848 -0.1567 0.0743 0.4453 0.2808
38 -115.0228 6.9019 217.9040 -0.9596 0.2770 0.0492 0.5134 0.3095
38 -113.9711 28.7726 199.2128 -0.9570 0.1391 0.2546 0.4552 0.2356
MRinSpiritualFinfameOn.jpg
38 -113.9711 28.7726 199.2128 -0.9570 0.1391 0.2546 0.4552 0.2356
38 -115.0228 6.9019 217.9040 -0.9596 0.2770 0.0492 0.5134 0.3095
38 -107.0548 25.2692 219.5470 -0.6478 0.6880 0.3271 0.5171 0.2517
MRinSpiritualFinfameOn.jpg
38 -117.2068 14.7902 173.9333 -0.8964 -0.4410 -0.0445 0.3854 0.2834
38 -112.2437 4.0894 186.6474 -0.8455 -0.4731 -0.2474 0.4187 0.3188
38 -116.2678 15.2862 195.1905 -0.9848 -0.1567 0.0743 0.4453 0.2808
MRinSpiritualFinfameOn.jpg
38 -117.2068 14.7902 173.9333 -0.8964 -0.4410 -0.0445 0.3854 0.2834
38 -108.2318 6.0307 168.2717 -0.4458 -0.8440 -0.2982 0.3662 0.3115
38 -112.2437 4.0894 186.6474 -0.8455 -0.4731 -0.2474 0.4187 0.3188
MRinSpiritualFinfameOn.jpg
38 -112.1923 -8.9933 214.9204 -0.9692 -0.0144 -0.2457 0.5015 0.3542
38 -115.0228 6.9019 217.9040 -0.9596 0.2770 0.0492 0.5134 0.3095
38 -116.2678 15.2862 195.1905 -0.9848 -0.1567 0.0743 0.4453 0.2808
MRinSpiritualFinfameOn.jpg
38 -116.2678 15.2862 195.1905 -0.9848 -0.1567 0.0743 0.4453 0.2808
38 -112.2437 4.0894 186.6474 -0.8455 -0.4731 -0.2474 0.4187 0.3188
38 -112.1923 -8.9933 214.9204 -0.9692 -0.0144 -0.2457 0.5015 0.3542
MRinSpiritualFinfameOn.jpg
38 -103.6629 -23.8620 187.8832 -0.4929 -0.2539 -0.8322 0.4323 0.4031
38 -112.1923 -8.9933 214.9204 -0.9692 -0.0144 -0.2457 0.5015 0.3542
38 -112.2437 4.0894 186.6474 -0.8455 -0.4731 -0.2474 0.4187 0.3188
MRinSpiritualFinfameOn.jpg
38 -103.0920 0.4551 180.0468 -0.3110 -0.6723 -0.6718 0.3896 0.3417
38 -103.6629 -23.8620 187.8832 -0.4929 -0.2539 -0.8322 0.4323 0.4031
38 -112.2437 4.0894 186.6474 -0.8455 -0.4731 -0.2474 0.4187 0.3188
MRinSpiritualFinfameOn.jpg
38 -103.0920 0.4551 180.0468 -0.3110 -0.6723 -0.6718 0.3896 0.3417
38 -112.2437 4.0894 186.6474 -0.8455 -0.4731 -0.2474 0.4187 0.3188
38 -108.2318 6.0307 168.2717 -0.4458 -0.8440 -0.2982 0.3662 0.3115
MRinSpiritualFinfameOn.jpg
38 -81.7101 12.2719 165.1066 0.6448 -0.6688 -0.3701 0.3063 0.3542
38 -80.7445 7.6233 175.1890 0.5738 -0.4499 -0.6844 0.3251 0.3755
38 -92.9117 7.1122 164.8741 0.1810 -0.8847 -0.4295 0.3334 0.3365
MRinSpiritualFinfameOn.jpg
38 -108.2318 6.0307 168.2717 -0.4458 -0.8440 -0.2982 0.3662 0.3115
38 -92.9117 7.1122 164.8741 0.1810 -0.8847 -0.4295 0.3334 0.3365
38 -103.0920 0.4551 180.0468 -0.3110 -0.6723 -0.6718 0.3896 0.3417
MRinSpiritualFinfameOn.jpg
38 -92.0538 2.0081 175.6630 0.0508 -0.6788 -0.7326 0.3568 0.3594
38 -92.9117 7.1122 164.8741 0.1810 -0.8847 -0.4295 0.3334 0.3365
38 -80.7445 7.6233 175.1890 0.5738 -0.4499 -0.6844 0.3251 0.3755
MRinSpiritualFinfameOn.jpg
38 -92.0538 2.0081 175.6630 0.0508 -0.6788 -0.7326 0.3568 0.3594
38 -103.0920 0.4551 180.0468 -0.3110 -0.6723 -0.6718 0.3896 0.3417
38 -92.9117 7.1122 164.8741 0.1810 -0.8847 -0.4295 0.3334 0.3365
MRinSpiritualFinfameOn.jpg
38 -92.0538 2.0081 175.6630 0.0508 -0.6788 -0.7326 0.3568 0.3594
38 -80.7445 7.6233 175.1890 0.5738 -0.4499 -0.6844 0.3251 0.3755
38 -88.8003 -11.9901 181.0258 -0.0234 -0.3923 -0.9195 0.3787 0.3948
MRinSpiritualFinfameOn.jpg
38 -88.8003 -11.9901 181.0258 -0.0234 -0.3923 -0.9195 0.3787 0.3948
38 -103.6629 -23.8620 187.8832 -0.4929 -0.2539 -0.8322 0.4323 0.4031
38 -103.0920 0.4551 180.0468 -0.3110 -0.6723 -0.6718 0.3896 0.3417
MRinSpiritualFinfameOn.jpg
38 -73.8221 -3.0499 180.9182 0.4341 -0.1910 -0.8804 0.3365 0.4088
38 -88.8003 -11.9901 181.0258 -0.0234 -0.3923 -0.9195 0.3787 0.3948
38 -80.7445 7.6233 175.1890 0.5738 -0.4499 -0.6844 0.3251 0.3755
MRinSpiritualFinfameOn.jpg
38 -92.0538 2.0081 175.6630 0.0508 -0.6788 -0.7326 0.3568 0.3594
38 -88.8003 -11.9901 181.0258 -0.0234 -0.3923 -0.9195 0.3787 0.3948
38 -103.0920 0.4551 180.0468 -0.3110 -0.6723 -0.6718 0.3896 0.3417
MRinSpiritualFinfameOn.jpg
38 -96.7735 -22.2254 187.1603 0.0329 -0.5164 -0.8557 0.4135 0.4094
38 -103.6629 -23.8620 187.8832 -0.4929 -0.2539 -0.8322 0.4323 0.4031
38 -88.8003 -11.9901 181.0258 -0.0234 -0.3923 -0.9195 0.3787 0.3948
MRinSpiritualFinfameOn.jpg
38 -97.0982 -28.8100 190.9200 0.1509 -0.4635 -0.8732 0.4250 0.4276
38 -103.6629 -23.8620 187.8832 -0.4929 -0.2539 -0.8322 0.4323 0.4031
38 -96.7735 -22.2254 187.1603 0.0329 -0.5164 -0.8557 0.4135 0.4094
MRinSpiritualFinfameOn.jpg
38 -103.6629 -23.8620 187.8832 -0.4929 -0.2539 -0.8322 0.4323 0.4031
38 -97.0982 -28.8100 190.9200 0.1509 -0.4635 -0.8732 0.4250 0.4276
38 -105.8776 -30.5758 189.6773 -0.4840 -0.4690 -0.7388 0.4442 0.4177
MRinSpiritualFinfameOn.jpg
38 -102.9906 -33.4494 192.5490 -0.1556 -0.7721 -0.6162 0.4463 0.4297
38 -105.8776 -30.5758 189.6773 -0.4840 -0.4690 -0.7388 0.4442 0.4177
38 -97.0982 -28.8100 190.9200 0.1509 -0.4635 -0.8732 0.4250 0.4276
MRinSpiritualFinfameOn.jpg
38 -109.9482 -32.9238 202.6647 -0.8072 -0.5119 -0.2939 0.4765 0.4208
38 -105.8776 -30.5758 189.6773 -0.4840 -0.4690 -0.7388 0.4442 0.4177
38 -102.9906 -33.4494 192.5490 -0.1556 -0.7721 -0.6162 0.4463 0.4297
MRinSpiritualFinfameOn.jpg
38 -105.8776 -30.5758 189.6773 -0.4840 -0.4690 -0.7388 0.4442 0.4177
38 -109.9482 -32.9238 202.6647 -0.8072 -0.5119 -0.2939 0.4765 0.4208
38 -116.6862 -22.3083 212.3943 -0.9647 -0.0002 -0.2635 0.5015 0.3906
MRinSpiritualFinfameOn.jpg
38 -112.1923 -8.9933 214.9204 -0.9692 -0.0144 -0.2457 0.5015 0.3542
38 -103.6629 -23.8620 187.8832 -0.4929 -0.2539 -0.8322 0.4323 0.4031
38 -116.6862 -22.3083 212.3943 -0.9647 -0.0002 -0.2635 0.5015 0.3906
MRinSpiritualFinfameOn.jpg
38 -116.6862 -22.3083 212.3943 -0.9647 -0.0002 -0.2635 0.5015 0.3906
38 -103.6629 -23.8620 187.8832 -0.4929 -0.2539 -0.8322 0.4323 0.4031
38 -105.8776 -30.5758 189.6773 -0.4840 -0.4690 -0.7388 0.4442 0.4177
MRinSpiritualFinfameOn.jpg
38 -115.6655 -25.5435 213.9892 -0.9519 -0.3063 -0.0122 0.5062 0.3990
38 -116.6862 -22.3083 212.3943 -0.9647 -0.0002 -0.2635 0.5015 0.3906
38 -109.9482 -32.9238 202.6647 -0.8072 -0.5119 -0.2939 0.4765 0.4208
MRinSpiritualFinfameOn.jpg
38 -116.2325 -15.5118 222.8929 -0.9866 -0.0002 -0.1630 0.5254 0.3724
38 -112.1923 -8.9933 214.9204 -0.9692 -0.0144 -0.2457 0.5015 0.3542
38 -116.6862 -22.3083 212.3943 -0.9647 -0.0002 -0.2635 0.5015 0.3906
MRinSpiritualFinfameOn.jpg
38 -115.0228 6.9019 217.9040 -0.9596 0.2770 0.0492 0.5134 0.3095
38 -112.1923 -8.9933 214.9204 -0.9692 -0.0144 -0.2457 0.5015 0.3542
38 -116.2325 -15.5118 222.8929 -0.9866 -0.0002 -0.1630 0.5254 0.3724
MRinSpiritualFinfameOn.jpg
38 -116.6862 -22.3083 212.3943 -0.9647 -0.0002 -0.2635 0.5015 0.3906
38 -115.6655 -25.5435 213.9892 -0.9519 -0.3063 -0.0122 0.5062 0.3990
38 -116.2325 -15.5118 222.8929 -0.9866 -0.0002 -0.1630 0.5254 0.3724
MRinSpiritualFinfameOn.jpg
38 -115.0228 6.9019 217.9040 -0.9596 0.2770 0.0492 0.5134 0.3095
38 -116.2325 -15.5118 222.8929 -0.9866 -0.0002 -0.1630 0.5254 0.3724
38 -118.5137 6.3751 233.2960 -0.8205 0.5616 0.1069 0.5514 0.3219
MRinSpiritualFinfameOn.jpg
38 -116.2325 -15.5118 222.8929 -0.9866 -0.0002 -0.1630 0.5254 0.3724
38 -117.6644 -7.2145 235.7284 -0.9968 -0.0512 0.0618 0.5582 0.3532
38 -118.5137 6.3751 233.2960 -0.8205 0.5616 0.1069 0.5514 0.3219
MRinSpiritualFinfameOn.jpg
38 -117.6644 -7.2145 235.7284 -0.9968 -0.0512 0.0618 0.5582 0.3532
35 -117.5664 -31.4014 249.1604 -0.8739 0.1908 0.4472 0.5936 0.3334
38 -118.5137 6.3751 233.2960 -0.8205 0.5616 0.1069 0.5514 0.3219
MRinSpiritualFinfameOn.jpg
38 -108.4884 5.3465 230.1613 -0.5488 0.8076 0.2157 0.5525 0.2985
38 -115.0228 6.9019 217.9040 -0.9596 0.2770 0.0492 0.5134 0.3095
38 -118.5137 6.3751 233.2960 -0.8205 0.5616 0.1069 0.5514 0.3219
MRinSpiritualFinfameOn.jpg
38 -115.0228 6.9019 217.9040 -0.9596 0.2770 0.0492 0.5134 0.3095
38 -108.4884 5.3465 230.1613 -0.5488 0.8076 0.2157 0.5525 0.2985
38 -107.0548 25.2692 219.5470 -0.6478 0.6880 0.3271 0.5171 0.2517
MRinSpiritualFinfameOn.jpg
35 -117.5664 -31.4014 249.1604 -0.8739 0.1908 0.4472 0.5936 0.3334
38 -108.4884 5.3465 230.1613 -0.5488 0.8076 0.2157 0.5525 0.2985
38 -118.5137 6.3751 233.2960 -0.8205 0.5616 0.1069 0.5514 0.3219
MRinSpiritualFinfameOn.jpg
38 -113.6831 24.7144 244.3721 -0.6350 0.7663 0.0983 0.5889 0.2501
38 -107.0548 25.2692 219.5470 -0.6478 0.6880 0.3271 0.5171 0.2517
38 -113.3268 10.5697 240.6958 -0.9795 -0.0402 -0.1972 0.5759 0.2819
MRinSpiritualFinfameOn.jpg
35 -127.9488 -13.8688 257.1369 -0.9236 0.1679 0.3445 0.6175 0.2730
38 -113.6831 24.7144 244.3721 -0.6350 0.7663 0.0983 0.5889 0.2501
38 -113.3268 10.5697 240.6958 -0.9795 -0.0402 -0.1972 0.5759 0.2819
MRinSpiritualFinfameOn.jpg
38 -107.0548 25.2692 219.5470 -0.6478 0.6880 0.3271 0.5171 0.2517
38 -108.4884 5.3465 230.1613 -0.5488 0.8076 0.2157 0.5525 0.2985
38 -113.3268 10.5697 240.6958 -0.9795 -0.0402 -0.1972 0.5759 0.2819
MRinSpiritualFinfameOn.jpg
16 -136.5833 198.9868 225.6152 -0.8625 0.2102 0.4604 0.2626 0.7403
16 -130.5270 199.2746 217.4394 -0.3899 -0.8664 -0.3118 0.2371 0.7169
16 -128.8812 191.6160 235.6526 -0.7540 0.0968 0.6497 0.2382 0.7705
MRinSpiritualFinfameOn.jpg
16 -136.5833 198.9868 225.6152 -0.8625 0.2102 0.4604 0.2626 0.7403
16 -138.7412 204.3901 213.4307 -0.8797 0.2430 0.4087 0.2746 0.7065
16 -130.5270 199.2746 217.4394 -0.3899 -0.8664 -0.3118 0.2371 0.7169
MRinSpiritualFinfameOn.jpg
16 -131.7993 207.1800 196.2416 -0.7776 0.1647 0.6068 0.2725 0.6524
16 -136.4378 206.4502 204.4014 -0.3826 -0.8746 -0.2980 0.2767 0.6805
16 -140.1719 211.8160 192.8935 0.4217 0.1116 -0.8999 0.2991 0.6519
MRinSpiritualFinfameOn.jpg
16 -130.5270 199.2746 217.4394 -0.3899 -0.8664 -0.3118 0.2371 0.7169
16 -138.7412 204.3901 213.4307 -0.8797 0.2430 0.4087 0.2746 0.7065
16 -136.4378 206.4502 204.4014 -0.3826 -0.8746 -0.2980 0.2767 0.6805
MRinSpiritualFinfameOn.jpg
16 -128.0977 200.8945 188.8918 -0.3363 -0.9296 -0.1505 0.2616 0.6295
16 -125.3763 201.8615 203.7037 -0.3884 -0.9050 -0.1733 0.2257 0.6768
16 -131.7993 207.1800 196.2416 -0.7776 0.1647 0.6068 0.2725 0.6524
MRinSpiritualFinfameOn.jpg
16 -131.7993 207.1800 196.2416 -0.7776 0.1647 0.6068 0.2725 0.6524
16 -125.3763 201.8615 203.7037 -0.3884 -0.9050 -0.1733 0.2257 0.6768
16 -136.4378 206.4502 204.4014 -0.3826 -0.8746 -0.2980 0.2767 0.6805
MRinSpiritualFinfameOn.jpg
16 -130.5270 199.2746 217.4394 -0.3899 -0.8664 -0.3118 0.2371 0.7169
16 -136.4378 206.4502 204.4014 -0.3826 -0.8746 -0.2980 0.2767 0.6805
16 -125.3763 201.8615 203.7037 -0.3884 -0.9050 -0.1733 0.2257 0.6768
MRinSpiritualFinfameOn.jpg
16 -150.6375 146.1431 145.2150 -0.9803 0.0908 0.1752 0.2371 0.7169
16 -144.4689 142.5030 152.2616 -0.1506 -0.9259 -0.3464 0.2626 0.7403
16 -153.3244 139.4934 163.7556 -0.9815 0.1740 -0.0798 0.2382 0.7705
MRinSpiritualFinfameOn.jpg
16 -150.6375 146.1431 145.2150 -0.9803 0.0908 0.1752 0.2371 0.7169
16 -141.6422 146.6490 139.6612 -0.1526 -0.9308 -0.3320 0.2746 0.7065
16 -144.4689 142.5030 152.2616 -0.1506 -0.9259 -0.3464 0.2626 0.7403
MRinSpiritualFinfameOn.jpg
16 -150.6375 146.1431 145.2150 -0.9803 0.0908 0.1752 0.2371 0.7169
16 -143.8433 149.9729 131.0595 -0.1468 -0.9351 -0.3226 0.2767 0.6805
16 -141.6422 146.6490 139.6612 -0.1526 -0.9308 -0.3320 0.2746 0.7065
MRinSpiritualFinfameOn.jpg
16 -155.6901 151.4016 132.3705 -0.1373 -0.9709 -0.1965 0.2257 0.6768
16 -143.8433 149.9729 131.0595 -0.1468 -0.9351 -0.3226 0.2767 0.6805
16 -150.6375 146.1431 145.2150 -0.9803 0.0908 0.1752 0.2371 0.7169
MRinSpiritualFinfameOn.jpg
16 -148.5852 153.2244 123.7457 0.8266 -0.3337 0.4532 0.2725 0.6524
16 -143.8433 149.9729 131.0595 -0.1468 -0.9351 -0.3226 0.2767 0.6805
16 -155.6901 151.4016 132.3705 -0.1373 -0.9709 -0.1965 0.2257 0.6768
MRinSpiritualFinfameOn.jpg
16 -156.6522 149.9137 117.3902 -0.0897 -0.9820 -0.1663 0.2616 0.6295
16 -155.6901 151.4016 132.3705 -0.1373 -0.9709 -0.1965 0.2257 0.6768
16 -162.4415 155.0947 124.2419 -0.7693 0.2500 0.5880 0.2725 0.6524
MRinSpiritualFinfameOn.jpg
16 -162.4415 155.0947 124.2419 -0.7693 0.2500 0.5880 0.2725 0.6524
16 -155.6901 151.4016 132.3705 -0.1373 -0.9709 -0.1965 0.2257 0.6768
16 -171.3003 157.6176 120.0360 -0.1007 -0.9289 -0.3564 0.2991 0.6519
MRinSpiritualFinfameOn.jpg
16 -139.5562 153.4906 118.9633 -0.4470 0.3467 -0.8246 0.2991 0.6519
16 -143.8433 149.9729 131.0595 -0.1468 -0.9351 -0.3226 0.2767 0.6805
16 -148.5852 153.2244 123.7457 0.8266 -0.3337 0.4532 0.2725 0.6524
MRinSpiritualFinfameOn.jpg
16 -120.5314 195.2988 216.0146 -0.3887 -0.8668 -0.3124 0.2371 0.7169
16 -114.7263 190.2826 222.4953 0.8464 -0.4778 0.2352 0.2626 0.7403
16 -122.9164 189.2294 234.7966 0.7387 -0.5030 0.4487 0.2382 0.7705
MRinSpiritualFinfameOn.jpg
16 -120.5314 195.2988 216.0146 -0.3887 -0.8668 -0.3124 0.2371 0.7169
16 -112.2096 193.8391 209.6496 0.8741 -0.4573 0.1639 0.2746 0.7065
16 -114.7263 190.2826 222.4953 0.8464 -0.4778 0.2352 0.2626 0.7403
MRinSpiritualFinfameOn.jpg
16 -120.5314 195.2988 216.0146 -0.3887 -0.8668 -0.3124 0.2371 0.7169
16 -114.4020 197.6853 201.2602 -0.3925 -0.8691 -0.3011 0.2767 0.6805
16 -112.2096 193.8391 209.6496 0.8741 -0.4573 0.1639 0.2746 0.7065
MRinSpiritualFinfameOn.jpg
16 -118.9114 202.0917 194.4199 0.7628 -0.5278 0.3736 0.2725 0.6524
16 -114.4020 197.6853 201.2602 -0.3925 -0.8691 -0.3011 0.2767 0.6805
16 -125.3763 201.8615 203.7037 -0.3884 -0.9050 -0.1733 0.2257 0.6768
MRinSpiritualFinfameOn.jpg
16 -125.3763 201.8615 203.7037 -0.3884 -0.9050 -0.1733 0.2257 0.6768
16 -114.4020 197.6853 201.2602 -0.3925 -0.8691 -0.3011 0.2767 0.6805
16 -120.5314 195.2988 216.0146 -0.3887 -0.8668 -0.3124 0.2371 0.7169
MRinSpiritualFinfameOn.jpg
16 -110.5804 200.2844 188.7722 -0.4292 0.4567 -0.7792 0.2991 0.6519
16 -114.4020 197.6853 201.2602 -0.3925 -0.8691 -0.3011 0.2767 0.6805
16 -118.9114 202.0917 194.4199 0.7628 -0.5278 0.3736 0.2725 0.6524
MRinSpiritualFinfameOn.jpg
38 -78.8323 13.7895 149.8037 0.4506 -0.2287 -0.8629 0.9625 0.3063
38 -98.2003 14.5159 151.1622 -0.1116 -0.3900 -0.9140 0.9942 0.3480
38 -86.7713 24.3081 148.1350 0.2662 0.0481 -0.9627 0.9942 0.3063
MRinSpiritualFinfameOn.jpg
38 -76.7213 8.9241 156.4213 0.6181 -0.7861 -0.0105 0.9276 0.3063
38 -81.7101 12.2719 165.1066 0.4188 -0.7475 0.5156 0.9073 0.3063
38 -94.2851 1.9511 157.4191 0.1212 -0.9543 -0.2734 0.9500 0.3480
MRinSpiritualFinfameOn.jpg
38 -94.2851 1.9511 157.4191 0.1212 -0.9543 -0.2734 0.9500 0.3480
38 -98.2003 14.5159 151.1622 -0.1116 -0.3900 -0.9140 0.9942 0.3480
38 -78.8323 13.7895 149.8037 0.4506 -0.2287 -0.8629 0.9625 0.3063
MRinSpiritualFinfameOn.jpg
38 -94.2851 1.9511 157.4191 0.1212 -0.9543 -0.2734 0.9500 0.3480
38 -78.8323 13.7895 149.8037 0.4506 -0.2287 -0.8629 0.9625 0.3063
38 -76.7213 8.9241 156.4213 0.6181 -0.7861 -0.0105 0.9276 0.3063
MRinSpiritualFinfameOn.jpg
38 -94.2851 1.9511 157.4191 0.1212 -0.9543 -0.2734 0.9500 0.3480
38 -81.7101 12.2719 165.1066 0.4188 -0.7475 0.5156 0.9073 0.3063
38 -92.9117 7.1122 164.8741 0.2711 -0.7645 0.5849 0.9349 0.3480
MRinSpiritualFinfameOn.jpg
38 -111.9858 9.9549 156.5514 -0.4818 -0.6840 -0.5477 0.9942 0.3891
38 -98.2003 14.5159 151.1622 -0.1116 -0.3900 -0.9140 0.9942 0.3480
38 -94.2851 1.9511 157.4191 0.1212 -0.9543 -0.2734 0.9500 0.3480
MRinSpiritualFinfameOn.jpg
38 -111.9858 9.9549 156.5514 -0.4818 -0.6840 -0.5477 0.9942 0.3891
38 -94.2851 1.9511 157.4191 0.1212 -0.9543 -0.2734 0.9500 0.3480
38 -109.9351 2.6795 165.7467 -0.1019 -0.9502 0.2945 0.9625 0.3891
MRinSpiritualFinfameOn.jpg
38 -94.2851 1.9511 157.4191 0.1212 -0.9543 -0.2734 0.9500 0.3480
38 -92.9117 7.1122 164.8741 0.2711 -0.7645 0.5849 0.9349 0.3480
38 -109.9351 2.6795 165.7467 -0.1019 -0.9502 0.2945 0.9625 0.3891
MRinSpiritualFinfameOn.jpg
38 -108.2318 6.0307 168.2717 0.2833 -0.5009 0.8178 0.9500 0.3891
38 -109.9351 2.6795 165.7467 -0.1019 -0.9502 0.2945 0.9625 0.3891
38 -92.9117 7.1122 164.8741 0.2711 -0.7645 0.5849 0.9349 0.3480
MRinSpiritualFinfameOn.jpg
38 -109.9351 2.6795 165.7467 -0.1019 -0.9502 0.2945 0.9625 0.3891
38 -108.2318 6.0307 168.2717 0.2833 -0.5009 0.8178 0.9500 0.3891
38 -122.1194 10.3890 175.5754 -0.3453 -0.7655 0.5429 0.9625 0.4302
MRinSpiritualFinfameOn.jpg
38 -109.9351 2.6795 165.7467 -0.1019 -0.9502 0.2945 0.9625 0.3891
38 -122.1194 10.3890 175.5754 -0.3453 -0.7655 0.5429 0.9625 0.4302
38 -111.9858 9.9549 156.5514 -0.4818 -0.6840 -0.5477 0.9942 0.3891
MRinSpiritualFinfameOn.jpg
38 -124.0368 17.0795 164.9897 -0.9251 -0.3769 -0.0457 0.9942 0.4302
38 -111.9858 9.9549 156.5514 -0.4818 -0.6840 -0.5477 0.9942 0.3891
38 -122.1194 10.3890 175.5754 -0.3453 -0.7655 0.5429 0.9625 0.4302
MRinSpiritualFinfameOn.jpg
38 -122.1194 10.3890 175.5754 -0.3453 -0.7655 0.5429 0.9625 0.4302
38 -108.2318 6.0307 168.2717 0.2833 -0.5009 0.8178 0.9500 0.3891
38 -117.2068 14.7902 173.9333 0.4719 -0.2919 0.8319 0.9500 0.4302
MRinSpiritualFinfameOn.jpg
38 -122.1194 10.3890 175.5754 -0.3453 -0.7655 0.5429 0.9625 0.4302
38 -117.2068 14.7902 173.9333 0.4719 -0.2919 0.8319 0.9500 0.4302
38 -123.2379 21.2907 180.6549 -0.5634 -0.4582 0.6875 0.9625 0.4572
MRinSpiritualFinfameOn.jpg
38 -122.1194 10.3890 175.5754 -0.3453 -0.7655 0.5429 0.9625 0.4302
38 -123.2379 21.2907 180.6549 -0.5634 -0.4582 0.6875 0.9625 0.4572
38 -124.0368 17.0795 164.9897 -0.9251 -0.3769 -0.0457 0.9942 0.4302
MRinSpiritualFinfameOn.jpg
38 -126.8414 31.9404 169.7802 -0.9945 -0.0955 -0.0425 0.9942 0.4755
38 -124.0368 17.0795 164.9897 -0.9251 -0.3769 -0.0457 0.9942 0.4302
38 -123.2379 21.2907 180.6549 -0.5634 -0.4582 0.6875 0.9625 0.4572
MRinSpiritualFinfameOn.jpg
38 -123.2379 21.2907 180.6549 -0.5634 -0.4582 0.6875 0.9625 0.4572
38 -117.2068 14.7902 173.9333 0.4719 -0.2919 0.8319 0.9500 0.4302
38 -120.6182 26.8648 182.1301 0.0404 -0.2891 0.9564 0.9500 0.4755
MRinSpiritualFinfameOn.jpg
38 -120.6182 26.8648 182.1301 0.0404 -0.2891 0.9564 0.9500 0.4755
38 -128.1787 30.1803 180.5988 -0.9052 -0.0380 0.4232 0.9625 0.4755
38 -123.2379 21.2907 180.6549 -0.5634 -0.4582 0.6875 0.9625 0.4572
MRinSpiritualFinfameOn.jpg
38 -128.1787 30.1803 180.5988 -0.9052 -0.0380 0.4232 0.9625 0.4755
38 -126.8414 31.9404 169.7802 -0.9945 -0.0955 -0.0425 0.9942 0.4755
38 -123.2379 21.2907 180.6549 -0.5634 -0.4582 0.6875 0.9625 0.4572
MRinSpiritualFinfameOn.jpg
38 -126.8414 31.9404 169.7802 -0.9945 -0.0955 -0.0425 0.9942 0.4755
38 -128.1787 30.1803 180.5988 -0.9052 -0.0380 0.4232 0.9625 0.4755
38 -121.8555 42.3337 170.4418 -0.9051 0.4211 -0.0596 0.9942 0.4963
MRinSpiritualFinfameOn.jpg
38 -124.8024 38.6545 185.4750 -0.4785 -0.0596 0.8761 0.9625 0.4963
38 -128.1787 30.1803 180.5988 -0.9052 -0.0380 0.4232 0.9625 0.4755
38 -120.6182 26.8648 182.1301 0.0404 -0.2891 0.9564 0.9500 0.4755
MRinSpiritualFinfameOn.jpg
38 -128.1787 30.1803 180.5988 -0.9052 -0.0380 0.4232 0.9625 0.4755
38 -124.8024 38.6545 185.4750 -0.4785 -0.0596 0.8761 0.9625 0.4963
38 -121.8555 42.3337 170.4418 -0.9051 0.4211 -0.0596 0.9942 0.4963
MRinSpiritualFinfameOn.jpg
38 -120.6944 36.3600 183.7690 0.3011 -0.1598 0.9401 0.9500 0.4963
38 -124.8024 38.6545 185.4750 -0.4785 -0.0596 0.8761 0.9625 0.4963
38 -120.6182 26.8648 182.1301 0.0404 -0.2891 0.9564 0.9500 0.4755
MRinSpiritualFinfameOn.jpg
38 -110.6846 44.6764 176.8783 0.1701 0.1972 -0.9655 0.1226 0.0087
38 -116.8892 55.8331 166.9463 0.5388 -0.3728 -0.7554 0.1476 0.0103
38 -93.8631 57.8021 180.5421 0.2957 -0.1142 -0.9484 0.1216 0.0430
MRinSpiritualFinfameOn.jpg
38 -110.6846 44.6764 176.8783 0.1701 0.1972 -0.9655 0.1226 0.0087
38 -88.3350 53.7681 180.0216 -0.0334 0.4705 -0.8817 0.1112 0.0456
38 -90.1038 23.1742 164.0419 -0.3970 0.7343 -0.5506 0.0717 0.0087
MRinSpiritualFinfameOn.jpg
38 -110.6846 44.6764 176.8783 0.1701 0.1972 -0.9655 0.1226 0.0087
38 -93.8631 57.8021 180.5421 0.2957 -0.1142 -0.9484 0.1216 0.0430
38 -88.3350 53.7681 180.0216 -0.0334 0.4705 -0.8817 0.1112 0.0456
MRinSpiritualFinfameOn.jpg
38 -71.8153 41.5105 169.6761 -0.2571 0.6711 -0.6954 0.0753 0.0508
38 -90.1038 23.1742 164.0419 -0.3970 0.7343 -0.5506 0.0717 0.0087
38 -88.3350 53.7681 180.0216 -0.0334 0.4705 -0.8817 0.1112 0.0456
MRinSpiritualFinfameOn.jpg
38 -71.8153 41.5105 169.6761 -0.2571 0.6711 -0.6954 0.0753 0.0508
38 -88.3350 53.7681 180.0216 -0.0334 0.4705 -0.8817 0.1112 0.0456
38 -79.0093 52.3962 179.6827 0.0775 0.7020 -0.7079 0.1003 0.0560
MRinSpiritualFinfameOn.jpg
38 -90.1038 23.1742 164.0419 -0.3970 0.7343 -0.5506 0.0717 0.0087
38 -76.6803 31.4209 158.1945 -0.5776 0.7874 -0.2153 0.0581 0.0321
38 -86.7713 24.3081 148.1350 -0.6022 0.7953 -0.0695 0.0462 0.0108
MRinSpiritualFinfameOn.jpg
38 -90.1038 23.1742 164.0419 -0.3970 0.7343 -0.5506 0.0717 0.0087
38 -71.8153 41.5105 169.6761 -0.2571 0.6711 -0.6954 0.0753 0.0508
38 -76.6803 31.4209 158.1945 -0.5776 0.7874 -0.2153 0.0581 0.0321
MRinSpiritualFinfameOn.jpg
16 -153.3244 139.4934 163.7556 -0.9815 0.1740 -0.0798 0.2382 0.7705
16 -144.4524 142.6053 152.3035 0.1361 0.9288 0.3448 0.2626 0.7403
16 -150.6375 146.1431 145.2150 -0.9803 0.0908 0.1752 0.2371 0.7169
MRinSpiritualFinfameOn.jpg
16 -144.4524 142.6053 152.3035 0.1361 0.9288 0.3448 0.2626 0.7403
16 -141.6257 146.7513 139.7030 0.1403 0.9326 0.3324 0.2746 0.7065
16 -150.6375 146.1431 145.2150 -0.9803 0.0908 0.1752 0.2371 0.7169
MRinSpiritualFinfameOn.jpg
16 -141.6257 146.7513 139.7030 0.1403 0.9326 0.3324 0.2746 0.7065
16 -143.8268 150.0752 131.1014 0.1427 0.9368 0.3195 0.2767 0.6805
16 -150.6375 146.1431 145.2150 -0.9803 0.0908 0.1752 0.2371 0.7169
MRinSpiritualFinfameOn.jpg
16 -150.6375 146.1431 145.2150 -0.9803 0.0908 0.1752 0.2371 0.7169
16 -143.8268 150.0752 131.1014 0.1427 0.9368 0.3195 0.2767 0.6805
16 -155.6737 151.5039 132.4124 0.1408 0.8863 0.4412 0.2257 0.6768
MRinSpiritualFinfameOn.jpg
16 -155.6737 151.5039 132.4124 0.1408 0.8863 0.4412 0.2257 0.6768
16 -143.8268 150.0752 131.1014 0.1427 0.9368 0.3195 0.2767 0.6805
16 -148.5852 153.2244 123.7457 0.8266 -0.3337 0.4532 0.2725 0.6524
MRinSpiritualFinfameOn.jpg
16 -148.5852 153.2244 123.7457 0.8266 -0.3337 0.4532 0.2725 0.6524
16 -143.8268 150.0752 131.1014 0.1427 0.9368 0.3195 0.2767 0.6805
16 -139.5562 153.4906 118.9633 -0.4470 0.3467 -0.8246 0.2991 0.6519
MRinSpiritualFinfameOn.jpg
16 -114.7263 190.2826 222.4953 0.8464 -0.4778 0.2352 0.2626 0.7403
16 -112.2096 193.8391 209.6496 0.8741 -0.4573 0.1639 0.2746 0.7065
16 -120.4880 195.4033 216.0579 0.3986 0.8613 0.3151 0.2371 0.7169
MRinSpiritualFinfameOn.jpg
16 -122.9164 189.2294 234.7966 0.7387 -0.5030 0.4487 0.2382 0.7705
16 -114.7263 190.2826 222.4953 0.8464 -0.4778 0.2352 0.2626 0.7403
16 -120.4880 195.4033 216.0579 0.3986 0.8613 0.3151 0.2371 0.7169
MRinSpiritualFinfameOn.jpg
16 -120.4880 195.4033 216.0579 0.3986 0.8613 0.3151 0.2371 0.7169
16 -114.3577 197.7815 201.3001 0.3949 0.8695 0.2966 0.2767 0.6805
16 -125.3409 201.9569 203.7431 0.3892 0.8206 0.4184 0.2257 0.6768
MRinSpiritualFinfameOn.jpg
16 -125.3409 201.9569 203.7431 0.3892 0.8206 0.4184 0.2257 0.6768
16 -114.3577 197.7815 201.3001 0.3949 0.8695 0.2966 0.2767 0.6805
16 -118.9114 202.0917 194.4199 0.7628 -0.5278 0.3736 0.2725 0.6524
MRinSpiritualFinfameOn.jpg
16 -118.9114 202.0917 194.4199 0.7628 -0.5278 0.3736 0.2725 0.6524
16 -114.3577 197.7815 201.3001 0.3949 0.8695 0.2966 0.2767 0.6805
16 -110.5804 200.2844 188.7722 -0.4292 0.4567 -0.7792 0.2991 0.6519
MRinSpiritualFinfameOn.jpg
16 -112.2096 193.8391 209.6496 0.8741 -0.4573 0.1639 0.2746 0.7065
16 -114.3577 197.7815 201.3001 0.3949 0.8695 0.2966 0.2767 0.6805
16 -120.4880 195.4033 216.0579 0.3986 0.8613 0.3151 0.2371 0.7169
MRinSpiritualFinfameOn.jpg
49 -37.3472 -132.9888 216.7406 -0.3492 -0.9370 0.0046 0.2975 0.7445
49 -38.7836 -130.6429 233.6794 0.0700 -0.9873 0.1427 0.1971 0.8288
49 -42.2180 -127.0632 218.2445 -0.7678 -0.5462 -0.3348 0.3204 0.7783
MRinSpiritualFinfameOn.jpg
49 -42.2180 -127.0632 218.2445 -0.7678 -0.5462 -0.3348 0.3204 0.7783
49 -39.1868 -129.0279 216.2979 -0.8277 -0.4253 -0.3662 0.3193 0.7564
49 -37.3472 -132.9888 216.7406 -0.3492 -0.9370 0.0046 0.2975 0.7445
MRinSpiritualFinfameOn.jpg
49 -39.1868 -129.0279 216.2979 -0.8277 -0.4253 -0.3662 0.3193 0.7564
49 -38.8674 -128.8114 207.9713 -0.7944 -0.5491 -0.2598 0.3428 0.7263
49 -37.3472 -132.9888 216.7406 -0.3492 -0.9370 0.0046 0.2975 0.7445
MRinSpiritualFinfameOn.jpg
49 -38.8674 -128.8114 207.9713 -0.7944 -0.5491 -0.2598 0.3428 0.7263
49 -32.4707 -134.9063 205.3559 -0.3571 -0.9208 -0.1568 0.3443 0.6826
49 -37.3472 -132.9888 216.7406 -0.3492 -0.9370 0.0046 0.2975 0.7445
MRinSpiritualFinfameOn.jpg
49 -38.8674 -128.8114 207.9713 -0.7944 -0.5491 -0.2598 0.3428 0.7263
49 -35.1621 -130.3053 204.4663 -0.8094 -0.5246 -0.2640 0.3662 0.7133
49 -32.4707 -134.9063 205.3559 -0.3571 -0.9208 -0.1568 0.3443 0.6826
MRinSpiritualFinfameOn.jpg
49 -32.9884 -134.2132 194.4354 -0.3289 -0.9433 -0.0443 0.4177 0.6950
49 -32.4707 -134.9063 205.3559 -0.3571 -0.9208 -0.1568 0.3443 0.6826
49 -35.1621 -130.3053 204.4663 -0.8094 -0.5246 -0.2640 0.3662 0.7133
MRinSpiritualFinfameOn.jpg
49 -32.4707 -134.9063 205.3559 -0.3571 -0.9208 -0.1568 0.3443 0.6826
49 -32.9884 -134.2132 194.4354 -0.3289 -0.9433 -0.0443 0.4177 0.6950
49 -30.0204 -133.7564 203.0849 0.1061 -0.9285 -0.3557 0.3542 0.6675
MRinSpiritualFinfameOn.jpg
49 -32.4707 -134.9063 205.3559 -0.3571 -0.9208 -0.1568 0.3443 0.6826
49 -30.0204 -133.7564 203.0849 0.1061 -0.9285 -0.3557 0.3542 0.6675
49 -27.4692 -134.6773 203.6038 -0.0731 -0.9406 -0.3316 0.3474 0.6550
MRinSpiritualFinfameOn.jpg
49 -27.4692 -134.6773 203.6038 -0.0731 -0.9406 -0.3316 0.3474 0.6550
49 -29.4449 -135.2203 213.5988 -0.2315 -0.9716 0.0480 0.3011 0.6779
49 -32.4707 -134.9063 205.3559 -0.3571 -0.9208 -0.1568 0.3443 0.6826
MRinSpiritualFinfameOn.jpg
49 -32.4707 -134.9063 205.3559 -0.3571 -0.9208 -0.1568 0.3443 0.6826
49 -29.4449 -135.2203 213.5988 -0.2315 -0.9716 0.0480 0.3011 0.6779
49 -33.1553 -133.1205 214.0806 -0.0936 -0.9766 0.1937 0.2938 0.7080
MRinSpiritualFinfameOn.jpg
49 -32.4707 -134.9063 205.3559 -0.3571 -0.9208 -0.1568 0.3443 0.6826
49 -33.1553 -133.1205 214.0806 -0.0936 -0.9766 0.1937 0.2938 0.7080
49 -37.3472 -132.9888 216.7406 -0.3492 -0.9370 0.0046 0.2975 0.7445
MRinSpiritualFinfameOn.jpg
49 -36.9932 -129.9348 225.4936 0.4631 -0.8425 0.2752 0.2465 0.7923
49 -37.3472 -132.9888 216.7406 -0.3492 -0.9370 0.0046 0.2975 0.7445
49 -34.3445 -131.8819 220.3851 0.0244 -0.9620 0.2720 0.2704 0.7611
MRinSpiritualFinfameOn.jpg
49 -33.1553 -133.1205 214.0806 -0.0936 -0.9766 0.1937 0.2938 0.7080
49 -34.3445 -131.8819 220.3851 0.0244 -0.9620 0.2720 0.2704 0.7611
49 -37.3472 -132.9888 216.7406 -0.3492 -0.9370 0.0046 0.2975 0.7445
MRinSpiritualFinfameOn.jpg
35 -75.3856 -51.5848 185.0394 -0.8282 -0.4141 -0.3775 0.4458 0.5936
35 -66.3930 -57.1342 177.6751 -0.6435 -0.6657 -0.3778 0.4104 0.5915
35 -76.7888 -55.4010 195.6578 -0.5970 -0.7526 -0.2779 0.4604 0.5665
MRinSpiritualFinfameOn.jpg
35 -75.3856 -51.5848 185.0394 -0.8282 -0.4141 -0.3775 0.4458 0.5936
35 -74.1673 -50.0080 176.8158 -0.8412 -0.2115 -0.4977 0.4317 0.6071
35 -66.3930 -57.1342 177.6751 -0.6435 -0.6657 -0.3778 0.4104 0.5915
MRinSpiritualFinfameOn.jpg
35 -74.1673 -50.0080 176.8158 -0.8412 -0.2115 -0.4977 0.4317 0.6071
35 -46.3798 -57.7886 160.5960 -0.5293 -0.5580 -0.6391 0.3396 0.6050
35 -66.3930 -57.1342 177.6751 -0.6435 -0.6657 -0.3778 0.4104 0.5915
MRinSpiritualFinfameOn.jpg
35 -74.1673 -50.0080 176.8158 -0.8412 -0.2115 -0.4977 0.4317 0.6071
35 -59.8183 -47.1844 163.7091 -0.6681 -0.1743 -0.7234 0.3870 0.6404
35 -46.3798 -57.7886 160.5960 -0.5293 -0.5580 -0.6391 0.3396 0.6050
MRinSpiritualFinfameOn.jpg
35 -67.3549 -41.5483 171.0955 -0.6831 -0.0724 -0.7267 0.4151 0.6378
35 -59.8183 -47.1844 163.7091 -0.6681 -0.1743 -0.7234 0.3870 0.6404
35 -74.1673 -50.0080 176.8158 -0.8412 -0.2115 -0.4977 0.4317 0.6071
MRinSpiritualFinfameOn.jpg
35 -61.9567 -35.1257 164.5775 -0.6702 -0.1700 -0.7225 0.4016 0.6560
35 -59.8183 -47.1844 163.7091 -0.6681 -0.1743 -0.7234 0.3870 0.6404
35 -67.3549 -41.5483 171.0955 -0.6831 -0.0724 -0.7267 0.4151 0.6378
MRinSpiritualFinfameOn.jpg
35 -61.9567 -35.1257 164.5775 -0.6702 -0.1700 -0.7225 0.4016 0.6560
35 -67.3549 -41.5483 171.0955 -0.6831 -0.0724 -0.7267 0.4151 0.6378
35 -67.6340 -29.4408 167.1809 -0.5899 -0.2607 -0.7643 0.4260 0.6555
MRinSpiritualFinfameOn.jpg
35 -67.6340 -29.4408 167.1809 -0.5899 -0.2607 -0.7643 0.4260 0.6555
35 -67.3549 -41.5483 171.0955 -0.6831 -0.0724 -0.7267 0.4151 0.6378
35 -73.8617 -29.6977 171.8997 -0.5756 -0.2636 -0.7741 0.4453 0.6446
MRinSpiritualFinfameOn.jpg
35 -73.2424 -41.3188 178.4114 -0.9211 0.1630 -0.3535 0.4416 0.6295
35 -67.3549 -41.5483 171.0955 -0.6831 -0.0724 -0.7267 0.4151 0.6378
35 -74.1673 -50.0080 176.8158 -0.8412 -0.2115 -0.4977 0.4317 0.6071
MRinSpiritualFinfameOn.jpg
35 -73.2424 -41.3188 178.4114 -0.9211 0.1630 -0.3535 0.4416 0.6295
35 -74.1673 -50.0080 176.8158 -0.8412 -0.2115 -0.4977 0.4317 0.6071
35 -73.9506 -43.4687 186.7924 -0.9465 0.1977 -0.2550 0.4614 0.6154
MRinSpiritualFinfameOn.jpg
35 -75.3856 -51.5848 185.0394 -0.8282 -0.4141 -0.3775 0.4458 0.5936
35 -73.9506 -43.4687 186.7924 -0.9465 0.1977 -0.2550 0.4614 0.6154
35 -74.1673 -50.0080 176.8158 -0.8412 -0.2115 -0.4977 0.4317 0.6071
MRinSpiritualFinfameOn.jpg
35 -73.3413 -59.0539 194.5236 -0.8340 -0.4906 -0.2525 0.4458 0.5577
35 -58.6875 -66.4565 175.7517 -0.7978 -0.3679 -0.4777 0.3886 0.5712
35 -70.6217 -65.0101 194.5695 -0.8658 -0.3977 -0.3039 0.4297 0.5452
MRinSpiritualFinfameOn.jpg
38 -111.6665 -17.6527 238.8245 -0.9673 -0.2314 0.1038 0.5878 0.5124
38 -102.5187 -42.9146 249.2769 -0.9460 -0.3238 -0.0178 0.5421 0.4494
38 -108.7894 -25.0267 256.3433 -0.9624 -0.2716 -0.0048 0.5951 0.4614
MRinSpiritualFinfameOn.jpg
38 -110.7374 -14.1423 257.6776 -0.9978 -0.0532 0.0383 0.6222 0.4744
38 -111.6665 -17.6527 238.8245 -0.9673 -0.2314 0.1038 0.5878 0.5124
38 -108.7894 -25.0267 256.3433 -0.9624 -0.2716 -0.0048 0.5951 0.4614
MRinSpiritualFinfameOn.jpg
38 -108.7894 -25.0267 256.3433 -0.9624 -0.2716 -0.0048 0.5951 0.4614
38 -102.5187 -42.9146 249.2769 -0.9460 -0.3238 -0.0178 0.5421 0.4494
38 -108.2940 -29.9118 264.8610 -0.9486 -0.3141 -0.0380 0.5967 0.4354
MRinSpiritualFinfameOn.jpg
38 -101.6086 -47.2008 262.8742 -0.9334 -0.3544 -0.0565 0.5519 0.4130
38 -108.2940 -29.9118 264.8610 -0.9486 -0.3141 -0.0380 0.5967 0.4354
38 -102.5187 -42.9146 249.2769 -0.9460 -0.3238 -0.0178 0.5421 0.4494
MRinSpiritualFinfameOn.jpg
38 -108.2940 -29.9118 264.8610 -0.9486 -0.3141 -0.0380 0.5967 0.4354
38 -101.6086 -47.2008 262.8742 -0.9334 -0.3544 -0.0565 0.5519 0.4130
38 -104.7596 -40.8269 273.6813 -0.9550 -0.2938 0.0406 0.5743 0.3932
MRinSpiritualFinfameOn.jpg
38 -110.7374 -14.1423 257.6776 -0.9978 -0.0532 0.0383 0.6222 0.4744
38 -111.4476 -9.2530 237.8495 -0.9953 0.0857 -0.0458 0.6055 0.5264
38 -111.6665 -17.6527 238.8245 -0.9673 -0.2314 0.1038 0.5878 0.5124
MRinSpiritualFinfameOn.jpg
38 -108.2940 -29.9118 264.8610 -0.9486 -0.3141 -0.0380 0.5967 0.4354
38 -104.7596 -40.8269 273.6813 -0.9550 -0.2938 0.0406 0.5743 0.3932
38 -108.6767 -25.1542 276.4538 -0.9863 -0.1650 0.0049 0.6243 0.4166
MRinSpiritualFinfameOn.jpg
38 -110.7374 -14.1423 257.6776 -0.9978 -0.0532 0.0383 0.6222 0.4744
38 -111.3345 4.9492 254.2793 -0.9933 0.1033 -0.0524 0.6607 0.5098
38 -111.4476 -9.2530 237.8495 -0.9953 0.0857 -0.0458 0.6055 0.5264
MRinSpiritualFinfameOn.jpg
38 -111.3345 4.9492 254.2793 -0.9933 0.1033 -0.0524 0.6607 0.5098
38 -108.8996 4.3260 242.4773 -0.9276 0.2840 -0.2426 0.6435 0.5369
38 -111.4476 -9.2530 237.8495 -0.9953 0.0857 -0.0458 0.6055 0.5264
MRinSpiritualFinfameOn.jpg
38 -110.7374 -14.1423 257.6776 -0.9978 -0.0532 0.0383 0.6222 0.4744
38 -111.1111 -3.1043 265.4226 -0.9878 0.1132 0.1070 0.6581 0.4728
38 -111.3345 4.9492 254.2793 -0.9933 0.1033 -0.0524 0.6607 0.5098
MRinSpiritualFinfameOn.jpg
38 -110.1372 7.9757 251.0877 -0.9173 0.3017 -0.2598 0.6633 0.5218
38 -108.8996 4.3260 242.4773 -0.9276 0.2840 -0.2426 0.6435 0.5369
38 -111.3345 4.9492 254.2793 -0.9933 0.1033 -0.0524 0.6607 0.5098
MRinSpiritualFinfameOn.jpg
38 -110.1372 7.9757 251.0877 -0.9173 0.3017 -0.2598 0.6633 0.5218
38 -108.4665 14.4511 255.6362 -0.8478 0.4334 -0.3056 0.6846 0.5244
38 -108.8996 4.3260 242.4773 -0.9276 0.2840 -0.2426 0.6435 0.5369
MRinSpiritualFinfameOn.jpg
38 -111.3345 4.9492 254.2793 -0.9933 0.1033 -0.0524 0.6607 0.5098
38 -111.1111 -3.1043 265.4226 -0.9878 0.1132 0.1070 0.6581 0.4728
38 -108.3729 12.9169 266.8761 -0.9772 0.1537 0.1464 0.6976 0.4926
MRinSpiritualFinfameOn.jpg
38 -111.1111 -3.1043 265.4226 -0.9878 0.1132 0.1070 0.6581 0.4728
38 -106.4827 12.1106 279.0884 -0.9753 0.1672 0.1443 0.7133 0.4640
38 -108.3729 12.9169 266.8761 -0.9772 0.1537 0.1464 0.6976 0.4926
MRinSpiritualFinfameOn.jpg
38 -111.1111 -3.1043 265.4226 -0.9878 0.1132 0.1070 0.6581 0.4728
38 -109.2645 -3.4872 279.1891 -0.9796 0.1210 0.1603 0.6732 0.4479
38 -106.4827 12.1106 279.0884 -0.9753 0.1672 0.1443 0.7133 0.4640
MRinSpiritualFinfameOn.jpg
38 -106.4827 12.1106 279.0884 -0.9753 0.1672 0.1443 0.7133 0.4640
38 -109.2645 -3.4872 279.1891 -0.9796 0.1210 0.1603 0.6732 0.4479
38 -107.5827 -0.1332 286.9272 -0.9805 0.0937 0.1725 0.6961 0.4286
MRinSpiritualFinfameOn.jpg
38 -107.5827 -0.1332 286.9272 -0.9805 0.0937 0.1725 0.6961 0.4286
38 -109.2645 -3.4872 279.1891 -0.9796 0.1210 0.1603 0.6732 0.4479
38 -108.2985 -10.5756 284.1556 -0.9782 0.0120 0.2074 0.6685 0.4193
MRinSpiritualFinfameOn.jpg
38 -105.8439 -37.0538 287.1449 -0.9473 -0.3201 -0.0111 0.6123 0.3745
38 -108.6767 -25.1542 276.4538 -0.9863 -0.1650 0.0049 0.6243 0.4166
38 -104.7596 -40.8269 273.6813 -0.9550 -0.2938 0.0406 0.5743 0.3932
MRinSpiritualFinfameOn.jpg
38 -101.8455 -45.6617 286.0221 -0.9638 -0.2459 0.1032 0.5977 0.3636
38 -105.8439 -37.0538 287.1449 -0.9473 -0.3201 -0.0111 0.6123 0.3745
38 -104.7596 -40.8269 273.6813 -0.9550 -0.2938 0.0406 0.5743 0.3932
MRinSpiritualFinfameOn.jpg
38 -101.8455 -45.6617 286.0221 -0.9638 -0.2459 0.1032 0.5977 0.3636
38 -104.7596 -40.8269 273.6813 -0.9550 -0.2938 0.0406 0.5743 0.3932
38 -101.8819 -50.1235 280.5217 -0.9797 -0.1523 0.1300 0.5795 0.3589
MRinSpiritualFinfameOn.jpg
38 -100.5512 -52.7438 290.2270 -0.9875 -0.1192 0.1033 0.5998 0.3417
38 -101.8455 -45.6617 286.0221 -0.9638 -0.2459 0.1032 0.5977 0.3636
38 -101.8819 -50.1235 280.5217 -0.9797 -0.1523 0.1300 0.5795 0.3589
MRinSpiritualFinfameOn.jpg
38 -105.8439 -37.0538 287.1449 -0.9473 -0.3201 -0.0111 0.6123 0.3745
38 -108.7603 -30.1621 298.5795 -0.9980 0.0208 -0.0605 0.6456 0.3599
38 -108.6767 -25.1542 276.4538 -0.9863 -0.1650 0.0049 0.6243 0.4166
MRinSpiritualFinfameOn.jpg
38 -108.6767 -25.1542 276.4538 -0.9863 -0.1650 0.0049 0.6243 0.4166
38 -108.7603 -30.1621 298.5795 -0.9980 0.0208 -0.0605 0.6456 0.3599
38 -106.5065 -11.6281 288.5984 -0.9927 0.1151 -0.0370 0.6721 0.4099
MRinSpiritualFinfameOn.jpg
38 -108.7603 -30.1621 298.5795 -0.9980 0.0208 -0.0605 0.6456 0.3599
38 -109.1658 -17.7311 317.6763 -0.9880 0.1186 -0.0988 0.7013 0.3360
38 -106.5065 -11.6281 288.5984 -0.9927 0.1151 -0.0370 0.6721 0.4099
MRinSpiritualFinfameOn.jpg
38 -106.5065 -11.6281 288.5984 -0.9927 0.1151 -0.0370 0.6721 0.4099
38 -109.1658 -17.7311 317.6763 -0.9880 0.1186 -0.0988 0.7013 0.3360
38 -106.5674 -4.3865 304.2200 -0.9903 0.1169 -0.0753 0.7112 0.3859
MRinSpiritualFinfameOn.jpg
38 -106.5674 -4.3865 304.2200 -0.9903 0.1169 -0.0753 0.7112 0.3859
38 -109.1658 -17.7311 317.6763 -0.9880 0.1186 -0.0988 0.7013 0.3360
38 -108.4268 -9.7154 318.9403 -0.9840 0.1125 -0.1383 0.7257 0.3495
MRinSpiritualFinfameOn.jpg
38 -109.1658 -17.7311 317.6763 -0.9880 0.1186 -0.0988 0.7013 0.3360
38 -110.6308 -17.9086 325.1122 -0.9746 0.1197 -0.1891 0.7190 0.3219
38 -108.4268 -9.7154 318.9403 -0.9840 0.1125 -0.1383 0.7257 0.3495
MRinSpiritualFinfameOn.jpg
38 -110.7998 -35.3815 308.3770 -0.9895 0.0861 -0.1158 0.6477 0.3298
38 -109.1658 -17.7311 317.6763 -0.9880 0.1186 -0.0988 0.7013 0.3360
38 -108.7603 -30.1621 298.5795 -0.9980 0.0208 -0.0605 0.6456 0.3599
MRinSpiritualFinfameOn.jpg
38 -114.2573 -53.2130 330.6849 -0.9864 0.0548 -0.1551 0.6597 0.2548
38 -109.1658 -17.7311 317.6763 -0.9880 0.1186 -0.0988 0.7013 0.3360
38 -110.7998 -35.3815 308.3770 -0.9895 0.0861 -0.1158 0.6477 0.3298
MRinSpiritualFinfameOn.jpg
38 -114.2573 -53.2130 330.6849 -0.9864 0.0548 -0.1551 0.6597 0.2548
38 -110.7998 -35.3815 308.3770 -0.9895 0.0861 -0.1158 0.6477 0.3298
38 -112.1753 -51.1222 318.2348 -0.9866 0.0130 -0.1628 0.6347 0.2855
MRinSpiritualFinfameOn.jpg
38 -112.1753 -51.1222 318.2348 -0.9866 0.0130 -0.1628 0.6347 0.2855
38 -114.2209 -59.0832 328.7764 -0.9787 0.0581 -0.1971 0.6420 0.2418
38 -114.2573 -53.2130 330.6849 -0.9864 0.0548 -0.1551 0.6597 0.2548
MRinSpiritualFinfameOn.jpg
38 -116.7650 -61.5836 338.4529 -0.9691 0.0709 -0.2364 0.6628 0.2241
38 -114.2573 -53.2130 330.6849 -0.9864 0.0548 -0.1551 0.6597 0.2548
38 -114.2209 -59.0832 328.7764 -0.9787 0.0581 -0.1971 0.6420 0.2418
MRinSpiritualFinfameOn.jpg
40 -147.8680 4.8662 145.3310 0.6289 0.0621 0.7750 0.4135 0.1377
40 -156.1758 -3.2297 147.4123 -0.1768 -0.2719 0.9459 0.4146 0.1544
42 -144.8052 -11.3234 141.9537 0.3454 0.6169 0.7072 0.4500 0.1377
MRinSpiritualFinfameOn.jpg
42 -144.2571 -27.0269 131.7551 -0.0115 -0.6561 -0.7546 0.4682 0.1861
40 -156.4309 -17.4711 136.0064 -0.6823 -0.6538 0.3272 0.4421 0.1768
40 -152.7704 -19.2453 121.7382 0.1478 -0.9393 -0.3096 0.4421 0.1971
MRinSpiritualFinfameOn.jpg
40 -156.4309 -17.4711 136.0064 -0.6823 -0.6538 0.3272 0.4421 0.1768
40 -156.1758 -3.2297 147.4123 -0.1768 -0.2719 0.9459 0.4146 0.1544
40 -159.6522 -19.1763 132.3426 -0.1213 -0.8548 0.5045 0.4297 0.1814
MRinSpiritualFinfameOn.jpg
42 -144.1988 -18.4446 146.0883 -0.0527 0.1451 0.9880 0.4635 0.1544
40 -156.4309 -17.4711 136.0064 -0.6823 -0.6538 0.3272 0.4421 0.1768
42 -133.9411 -30.6407 147.9215 -0.3332 -0.2307 0.9142 0.4983 0.1539
MRinSpiritualFinfameOn.jpg
42 -121.5797 -58.3135 131.8281 0.2736 -0.8834 -0.3805 0.5483 0.2028
42 -124.0229 -38.0615 143.3092 0.7544 -0.1400 0.6413 0.5270 0.1606
42 -133.9411 -30.6407 147.9215 -0.3332 -0.2307 0.9142 0.4983 0.1539
MRinSpiritualFinfameOn.jpg
49 -51.5271 -107.1315 194.1832 -0.7162 -0.6918 -0.0917 0.2408 0.0571
49 -37.4262 -122.2591 191.2465 -0.6984 -0.6887 0.1947 0.2293 0.0040
49 -42.5510 -114.4566 200.4677 -0.5642 -0.8133 -0.1421 0.2127 0.0300
MRinSpiritualFinfameOn.jpg
49 -51.5271 -107.1315 194.1832 -0.7162 -0.6918 -0.0917 0.2408 0.0571
49 -42.5510 -114.4566 200.4677 -0.5642 -0.8133 -0.1421 0.2127 0.0300
49 -47.4877 -116.2298 207.3789 -0.7427 -0.6267 -0.2359 0.2012 0.0644
MRinSpiritualFinfameOn.jpg
49 -51.5271 -107.1315 194.1832 -0.7162 -0.6918 -0.0917 0.2408 0.0571
49 -47.4877 -116.2298 207.3789 -0.7427 -0.6267 -0.2359 0.2012 0.0644
49 -54.7418 -99.6216 192.6527 -0.8933 -0.4271 -0.1399 0.2590 0.1003
MRinSpiritualFinfameOn.jpg
49 -54.7418 -99.6216 192.6527 -0.8933 -0.4271 -0.1399 0.2590 0.1003
49 -47.4877 -116.2298 207.3789 -0.7427 -0.6267 -0.2359 0.2012 0.0644
49 -58.1719 -101.4788 210.3725 -0.8713 -0.4411 -0.2149 0.1913 0.1232
MRinSpiritualFinfameOn.jpg
29 -99.1373 51.3881 3.8166 -0.5120 0.7503 0.4182 0.7538 0.1835
29 -110.1124 39.7450 -6.7102 -0.6328 -0.1877 -0.7512 0.7164 0.1971
29 -106.1022 40.1031 8.6004 -0.7876 -0.3509 0.5065 0.7377 0.2002
MRinSpiritualFinfameOn.jpg
38 -52.2597 5.1965 219.1994 0.6415 0.7507 -0.1582 0.4999 0.9433
38 -60.7187 17.7104 205.8340 0.8905 0.4140 -0.1885 0.5166 0.9896
38 -76.4163 25.1338 216.9780 0.2530 0.7395 0.6238 0.5582 0.9896
MRinSpiritualFinfameOn.jpg
38 -52.2597 5.1965 219.1994 0.6415 0.7507 -0.1582 0.4999 0.9433
38 -64.8191 13.1688 227.2719 0.2292 0.9333 0.2766 0.5384 0.9490
35 -61.7026 15.1397 225.4166 -0.1594 0.9833 0.0874 0.4744 0.8959
MRinSpiritualFinfameOn.jpg
38 -64.8191 13.1688 227.2719 0.2292 0.9333 0.2766 0.5384 0.9490
38 -76.4163 25.1338 216.9780 0.2530 0.7395 0.6238 0.5582 0.9896
38 -95.8874 17.2592 218.4353 -0.4485 0.5316 0.7185 0.6196 0.9896
MRinSpiritualFinfameOn.jpg
38 -95.8874 17.2592 218.4353 -0.4485 0.5316 0.7185 0.6196 0.9896
38 -76.4163 25.1338 216.9780 0.2530 0.7395 0.6238 0.5582 0.9896
38 -98.5418 27.0256 211.7903 -0.4403 0.4202 0.7935 0.6196 0.9896
MRinSpiritualFinfameOn.jpg
38 -98.5418 27.0256 211.7903 -0.4403 0.4202 0.7935 0.6196 0.9896
38 -113.6947 11.5688 202.5783 -0.9135 0.0285 0.4059 0.6826 0.9896
38 -95.8874 17.2592 218.4353 -0.4485 0.5316 0.7185 0.6196 0.9896
MRinSpiritualFinfameOn.jpg
38 -111.0477 1.7985 209.2200 -0.9986 -0.0518 0.0095 0.6826 0.9896
38 -95.8874 17.2592 218.4353 -0.4485 0.5316 0.7185 0.6196 0.9896
38 -113.6947 11.5688 202.5783 -0.9135 0.0285 0.4059 0.6826 0.9896
MRinSpiritualFinfameOn.jpg
38 -113.6947 11.5688 202.5783 -0.9135 0.0285 0.4059 0.6826 0.9896
38 -101.7123 2.5423 189.2008 -0.7894 -0.4775 -0.3858 0.7471 0.9896
38 -111.0477 1.7985 209.2200 -0.9986 -0.0518 0.0095 0.6826 0.9896
MRinSpiritualFinfameOn.jpg
38 -99.0431 -7.2161 195.8525 -0.7977 -0.2451 -0.5510 0.7471 0.9896
38 -111.0477 1.7985 209.2200 -0.9986 -0.0518 0.0095 0.6826 0.9896
38 -101.7123 2.5423 189.2008 -0.7894 -0.4775 -0.3858 0.7471 0.9896
MRinSpiritualFinfameOn.jpg
38 -99.0431 -7.2161 195.8525 -0.7977 -0.2451 -0.5510 0.7471 0.9896
38 -102.0801 -14.8192 199.1093 -0.8990 -0.1972 -0.3911 0.7471 0.9641
38 -111.0477 1.7985 209.2200 -0.9986 -0.0518 0.0095 0.6826 0.9896
MRinSpiritualFinfameOn.jpg
38 -94.1192 11.3912 227.8378 -0.5571 0.7130 0.4258 0.6123 0.9641
38 -64.8191 13.1688 227.2719 0.2292 0.9333 0.2766 0.5384 0.9490
38 -95.8874 17.2592 218.4353 -0.4485 0.5316 0.7185 0.6196 0.9896
MRinSpiritualFinfameOn.jpg
38 -95.8874 17.2592 218.4353 -0.4485 0.5316 0.7185 0.6196 0.9896
38 -111.0477 1.7985 209.2200 -0.9986 -0.0518 0.0095 0.6826 0.9896
38 -94.1192 11.3912 227.8378 -0.5571 0.7130 0.4258 0.6123 0.9641
MRinSpiritualFinfameOn.jpg
38 -108.9564 -6.5693 216.5840 -0.9989 0.0334 -0.0325 0.6810 0.9641
38 -111.0477 1.7985 209.2200 -0.9986 -0.0518 0.0095 0.6826 0.9896
38 -102.0801 -14.8192 199.1093 -0.8990 -0.1972 -0.3911 0.7471 0.9641
MRinSpiritualFinfameOn.jpg
38 -94.1192 11.3912 227.8378 -0.5571 0.7130 0.4258 0.6123 0.9641
38 -111.0477 1.7985 209.2200 -0.9986 -0.0518 0.0095 0.6826 0.9896
38 -108.9564 -6.5693 216.5840 -0.9989 0.0334 -0.0325 0.6810 0.9641
MRinSpiritualFinfameOn.jpg
38 -108.9564 -6.5693 216.5840 -0.9989 0.0334 -0.0325 0.6810 0.9641
38 -102.0801 -14.8192 199.1093 -0.8990 -0.1972 -0.3911 0.7471 0.9641
38 -100.7542 -30.0239 205.2407 -0.8874 -0.2161 -0.4071 0.7471 0.9058
MRinSpiritualFinfameOn.jpg
38 -107.9111 -27.3469 216.9695 -0.9720 -0.2256 -0.0661 0.7039 0.9058
38 -108.9564 -6.5693 216.5840 -0.9989 0.0334 -0.0325 0.6810 0.9641
38 -100.7542 -30.0239 205.2407 -0.8874 -0.2161 -0.4071 0.7471 0.9058
MRinSpiritualFinfameOn.jpg
38 -107.9111 -27.3469 216.9695 -0.9720 -0.2256 -0.0661 0.7039 0.9058
38 -107.8812 -9.5070 231.0065 -0.8933 0.3064 0.3289 0.6623 0.9318
38 -108.9564 -6.5693 216.5840 -0.9989 0.0334 -0.0325 0.6810 0.9641
MRinSpiritualFinfameOn.jpg
38 -107.8812 -9.5070 231.0065 -0.8933 0.3064 0.3289 0.6623 0.9318
38 -94.1192 11.3912 227.8378 -0.5571 0.7130 0.4258 0.6123 0.9641
38 -108.9564 -6.5693 216.5840 -0.9989 0.0334 -0.0325 0.6810 0.9641
MRinSpiritualFinfameOn.jpg
38 -107.9111 -27.3469 216.9695 -0.9720 -0.2256 -0.0661 0.7039 0.9058
35 -82.5840 -56.9818 217.5902 -0.5162 -0.8561 0.0226 0.7361 0.8673
37 -87.8732 -44.2211 245.9883 -0.4607 -0.6568 0.5970 0.6607 0.8636
MRinSpiritualFinfameOn.jpg
35 12.3670 3.3576 244.5658 0.3766 0.5351 0.7562 0.3693 0.7507
35 -30.0903 -8.8950 263.5922 -0.0575 0.3666 0.9286 0.4869 0.7689
35 8.1746 -16.6736 257.2951 0.3855 0.5918 0.7079 0.4380 0.7034
MRinSpiritualFinfameOn.jpg
35 -5.0124 -67.7269 279.3736 0.0927 -0.3616 0.9277 0.5988 0.6191
35 0.5384 -54.0551 281.8271 0.3990 0.7445 0.5352 0.5332 0.6185
35 -26.4920 -58.7667 271.6506 -0.2617 0.1162 0.9581 0.6024 0.6904
MRinSpiritualFinfameOn.jpg
35 -26.4920 -58.7667 271.6506 -0.2617 0.1162 0.9581 0.6024 0.6904
35 -30.0903 -8.8950 263.5922 -0.0575 0.3666 0.9286 0.4869 0.7689
35 -49.3522 -51.9752 267.0198 -0.4344 -0.0646 0.8984 0.6331 0.7658
MRinSpiritualFinfameOn.jpg
35 8.1746 -16.6736 257.2951 0.3855 0.5918 0.7079 0.4380 0.7034
35 -19.4881 -33.6427 268.8371 -0.1614 0.3558 0.9205 0.5129 0.7013
35 10.9545 -14.8747 266.1089 0.3970 0.6974 0.5967 0.4130 0.6742
MRinSpiritualFinfameOn.jpg
35 -26.4920 -58.7667 271.6506 -0.2617 0.1162 0.9581 0.6024 0.6904
35 -19.4881 -33.6427 268.8371 -0.1614 0.3558 0.9205 0.5129 0.7013
35 -30.0903 -8.8950 263.5922 -0.0575 0.3666 0.9286 0.4869 0.7689
MRinSpiritualFinfameOn.jpg
35 -26.4920 -58.7667 271.6506 -0.2617 0.1162 0.9581 0.6024 0.6904
35 -2.2095 -56.5051 274.1242 0.3645 0.4702 0.8038 0.5363 0.6404
35 -19.4881 -33.6427 268.8371 -0.1614 0.3558 0.9205 0.5129 0.7013
MRinSpiritualFinfameOn.jpg
35 -30.0903 -8.8950 263.5922 -0.0575 0.3666 0.9286 0.4869 0.7689
35 -19.4881 -33.6427 268.8371 -0.1614 0.3558 0.9205 0.5129 0.7013
35 8.1746 -16.6736 257.2951 0.3855 0.5918 0.7079 0.4380 0.7034
MRinSpiritualFinfameOn.jpg
35 4.3444 -37.8405 273.2312 0.2631 0.0857 0.9610 0.4650 0.6472
35 -19.4881 -33.6427 268.8371 -0.1614 0.3558 0.9205 0.5129 0.7013
35 -2.2095 -56.5051 274.1242 0.3645 0.4702 0.8038 0.5363 0.6404
MRinSpiritualFinfameOn.jpg
35 10.9545 -14.8747 266.1089 0.3970 0.6974 0.5967 0.4130 0.6742
35 -19.4881 -33.6427 268.8371 -0.1614 0.3558 0.9205 0.5129 0.7013
35 4.3444 -37.8405 273.2312 0.2631 0.0857 0.9610 0.4650 0.6472
MRinSpiritualFinfameOn.jpg
35 -14.9550 10.9103 248.2757 0.0545 0.7362 0.6745 0.4135 0.8017
35 -30.0903 -8.8950 263.5922 -0.0575 0.3666 0.9286 0.4869 0.7689
35 12.3670 3.3576 244.5658 0.3766 0.5351 0.7562 0.3693 0.7507
MRinSpiritualFinfameOn.jpg
24 11.7766 32.2999 204.5616 0.3698 0.9235 0.1020 0.3173 0.8028
23 15.4310 24.9402 169.3734 0.5170 0.8424 -0.1522 0.2808 0.8366
24 -11.2066 38.8458 203.5432 0.0964 0.9948 -0.0330 0.3620 0.8366
MRinSpiritualFinfameOn.jpg
24 -11.2066 38.8458 203.5432 0.0964 0.9948 -0.0330 0.3620 0.8366
23 15.4310 24.9402 169.3734 0.5170 0.8424 -0.1522 0.2808 0.8366
23 -3.1226 31.5889 157.9928 0.1066 0.9725 -0.2070 0.3017 0.8943
MRinSpiritualFinfameOn.jpg
35 -45.9389 6.2765 246.3061 -0.1401 0.7684 0.6245 0.4624 0.8459
35 -30.0903 -8.8950 263.5922 -0.0575 0.3666 0.9286 0.4869 0.7689
35 -14.9550 10.9103 248.2757 0.0545 0.7362 0.6745 0.4135 0.8017
MRinSpiritualFinfameOn.jpg
35 -66.6377 -34.1956 256.9288 -0.3345 -0.1390 0.9321 0.6003 0.8184
35 -30.0903 -8.8950 263.5922 -0.0575 0.3666 0.9286 0.4869 0.7689
35 -49.6573 -9.8143 259.0797 -0.1328 0.3661 0.9210 0.5238 0.8173
MRinSpiritualFinfameOn.jpg
35 -49.6573 -9.8143 259.0797 -0.1328 0.3661 0.9210 0.5238 0.8173
35 -30.0903 -8.8950 263.5922 -0.0575 0.3666 0.9286 0.4869 0.7689
35 -45.9389 6.2765 246.3061 -0.1401 0.7684 0.6245 0.4624 0.8459
MRinSpiritualFinfameOn.jpg
35 -66.6377 -34.1956 256.9288 -0.3345 -0.1390 0.9321 0.6003 0.8184
35 -49.6573 -9.8143 259.0797 -0.1328 0.3661 0.9210 0.5238 0.8173
37 -80.7470 -24.7543 259.2729 -0.2992 -0.1343 0.9447 0.6061 0.8564
MRinSpiritualFinfameOn.jpg
38 -107.8812 -9.5070 231.0065 -0.8933 0.3064 0.3289 0.6623 0.9318
38 -93.8684 3.7660 240.2737 -0.5581 0.6166 0.5552 0.6102 0.9287
38 -94.1192 11.3912 227.8378 -0.5571 0.7130 0.4258 0.6123 0.9641
MRinSpiritualFinfameOn.jpg
38 -93.8684 3.7660 240.2737 -0.5581 0.6166 0.5552 0.6102 0.9287
38 -107.8812 -9.5070 231.0065 -0.8933 0.3064 0.3289 0.6623 0.9318
37 -92.4006 -18.1829 253.3343 -0.6063 0.0849 0.7907 0.6092 0.8923
MRinSpiritualFinfameOn.jpg
38 -72.0732 10.3275 244.2228 -0.0997 0.8427 0.5291 0.5660 0.9172
38 -94.1192 11.3912 227.8378 -0.5571 0.7130 0.4258 0.6123 0.9641
38 -93.8684 3.7660 240.2737 -0.5581 0.6166 0.5552 0.6102 0.9287
MRinSpiritualFinfameOn.jpg
38 -64.8191 13.1688 227.2719 0.2292 0.9333 0.2766 0.5384 0.9490
38 -94.1192 11.3912 227.8378 -0.5571 0.7130 0.4258 0.6123 0.9641
38 -72.0732 10.3275 244.2228 -0.0997 0.8427 0.5291 0.5660 0.9172
MRinSpiritualFinfameOn.jpg
37 -78.9958 -0.5645 254.4217 -0.2009 0.4966 0.8444 0.5655 0.8891
38 -72.0732 10.3275 244.2228 -0.0997 0.8427 0.5291 0.5660 0.9172
37 -92.4006 -18.1829 253.3343 -0.6063 0.0849 0.7907 0.6092 0.8923
MRinSpiritualFinfameOn.jpg
38 -53.0104 7.7288 239.3221 0.3982 0.8138 0.4233 0.5218 0.9016
38 -64.8191 13.1688 227.2719 0.2292 0.9333 0.2766 0.5384 0.9490
38 -72.0732 10.3275 244.2228 -0.0997 0.8427 0.5291 0.5660 0.9172
MRinSpiritualFinfameOn.jpg
35 -61.0254 5.5671 246.9744 -0.0149 0.7772 0.6290 0.5150 0.8579
35 -49.6573 -9.8143 259.0797 -0.1328 0.3661 0.9210 0.5238 0.8173
35 -45.9389 6.2765 246.3061 -0.1401 0.7684 0.6245 0.4624 0.8459
MRinSpiritualFinfameOn.jpg
40 -161.0554 -2.0929 106.6249 -0.9533 -0.1652 -0.2527 0.2923 0.1440
40 -171.3558 19.5861 131.3059 -0.9965 0.0437 -0.0706 0.2923 0.2075
40 -169.1310 11.2048 108.4569 -0.9019 0.1261 -0.4132 0.3095 0.1679
MRinSpiritualFinfameOn.jpg
40 -168.6998 36.9250 137.3412 -0.8771 0.4491 -0.1705 0.3115 0.2350
40 -162.9292 29.5470 122.8359 -0.9520 0.1837 -0.2450 0.3251 0.2064
40 -175.3794 27.7552 125.6218 -0.8818 0.3981 -0.2529 0.3074 0.2095
MRinSpiritualFinfameOn.jpg
40 -168.6998 36.9250 137.3412 -0.8771 0.4491 -0.1705 0.3115 0.2350
40 -171.3558 19.5861 131.3059 -0.9965 0.0437 -0.0706 0.2923 0.2075
40 -170.2129 38.0978 152.7427 -0.9693 0.2161 0.1170 0.2923 0.2585
MRinSpiritualFinfameOn.jpg
40 -171.3558 19.5861 131.3059 -0.9965 0.0437 -0.0706 0.2923 0.2075
40 -168.6998 36.9250 137.3412 -0.8771 0.4491 -0.1705 0.3115 0.2350
40 -175.3794 27.7552 125.6218 -0.8818 0.3981 -0.2529 0.3074 0.2095
MRinSpiritualFinfameOn.jpg
40 -168.6998 36.9250 137.3412 -0.8771 0.4491 -0.1705 0.3115 0.2350
40 -161.8115 44.8058 130.3063 -0.6812 0.6277 -0.3768 0.3370 0.2345
40 -162.9292 29.5470 122.8359 -0.9520 0.1837 -0.2450 0.3251 0.2064
MRinSpiritualFinfameOn.jpg
40 -162.9292 29.5470 122.8359 -0.9520 0.1837 -0.2450 0.3251 0.2064
40 -164.8450 29.4838 111.7294 -0.8129 0.3810 -0.4405 0.3407 0.1934
40 -163.4698 22.0055 99.3129 -0.9948 0.0136 -0.1010 0.3422 0.1716
MRinSpiritualFinfameOn.jpg
40 -164.8450 29.4838 111.7294 -0.8129 0.3810 -0.4405 0.3407 0.1934
40 -151.1738 36.8814 114.0174 -0.3092 0.7229 -0.6179 0.3657 0.2064
40 -154.6638 24.0628 95.3770 -0.3781 0.7824 -0.4948 0.3631 0.1653
MRinSpiritualFinfameOn.jpg
40 -164.8450 29.4838 111.7294 -0.8129 0.3810 -0.4405 0.3407 0.1934
40 -162.9292 29.5470 122.8359 -0.9520 0.1837 -0.2450 0.3251 0.2064
40 -167.4836 36.5439 117.5770 -0.8926 0.3532 -0.2803 0.3396 0.2085
MRinSpiritualFinfameOn.jpg
40 -151.1738 36.8814 114.0174 -0.3092 0.7229 -0.6179 0.3657 0.2064
40 -164.8450 29.4838 111.7294 -0.8129 0.3810 -0.4405 0.3407 0.1934
40 -167.4836 36.5439 117.5770 -0.8926 0.3532 -0.2803 0.3396 0.2085
MRinSpiritualFinfameOn.jpg
40 -162.9292 29.5470 122.8359 -0.9520 0.1837 -0.2450 0.3251 0.2064
40 -161.8115 44.8058 130.3063 -0.6812 0.6277 -0.3768 0.3370 0.2345
40 -167.4836 36.5439 117.5770 -0.8926 0.3532 -0.2803 0.3396 0.2085
MRinSpiritualFinfameOn.jpg
40 -161.8115 44.8058 130.3063 -0.6812 0.6277 -0.3768 0.3370 0.2345
40 -151.1738 36.8814 114.0174 -0.3092 0.7229 -0.6179 0.3657 0.2064
40 -167.4836 36.5439 117.5770 -0.8926 0.3532 -0.2803 0.3396 0.2085
MRinSpiritualFinfameOn.jpg
40 -143.2970 44.7614 114.3718 -0.5195 0.6032 -0.6052 0.3813 0.2194
40 -151.1738 36.8814 114.0174 -0.3092 0.7229 -0.6179 0.3657 0.2064
40 -161.8115 44.8058 130.3063 -0.6812 0.6277 -0.3768 0.3370 0.2345
MRinSpiritualFinfameOn.jpg
40 -161.8115 44.8058 130.3063 -0.6812 0.6277 -0.3768 0.3370 0.2345
40 -139.9396 55.8141 123.6156 -0.5073 0.7199 -0.4737 0.3833 0.2455
40 -143.2970 44.7614 114.3718 -0.5195 0.6032 -0.6052 0.3813 0.2194
MRinSpiritualFinfameOn.jpg
40 -140.1763 59.2995 131.6674 -0.5283 0.7566 -0.3853 0.3776 0.2600
40 -139.9396 55.8141 123.6156 -0.5073 0.7199 -0.4737 0.3833 0.2455
40 -161.8115 44.8058 130.3063 -0.6812 0.6277 -0.3768 0.3370 0.2345
MRinSpiritualFinfameOn.jpg
40 -170.2129 38.0978 152.7427 -0.9693 0.2161 0.1170 0.2923 0.2585
40 -159.4325 54.6064 148.9575 -0.7915 0.5849 -0.1775 0.3298 0.2741
40 -168.6998 36.9250 137.3412 -0.8771 0.4491 -0.1705 0.3115 0.2350
MRinSpiritualFinfameOn.jpg
40 -140.1763 59.2995 131.6674 -0.5283 0.7566 -0.3853 0.3776 0.2600
40 -161.8115 44.8058 130.3063 -0.6812 0.6277 -0.3768 0.3370 0.2345
40 -159.4325 54.6064 148.9575 -0.7915 0.5849 -0.1775 0.3298 0.2741
MRinSpiritualFinfameOn.jpg
40 -168.6998 36.9250 137.3412 -0.8771 0.4491 -0.1705 0.3115 0.2350
40 -159.4325 54.6064 148.9575 -0.7915 0.5849 -0.1775 0.3298 0.2741
40 -161.8115 44.8058 130.3063 -0.6812 0.6277 -0.3768 0.3370 0.2345
MRinSpiritualFinfameOn.jpg
40 -140.1763 59.2995 131.6674 -0.5283 0.7566 -0.3853 0.3776 0.2600
40 -159.4325 54.6064 148.9575 -0.7915 0.5849 -0.1775 0.3298 0.2741
40 -147.7605 65.7875 151.2936 -0.5630 0.6845 -0.4630 0.3537 0.2918
MRinSpiritualFinfameOn.jpg
40 -147.7605 65.7875 151.2936 -0.5630 0.6845 -0.4630 0.3537 0.2918
40 -159.4325 54.6064 148.9575 -0.7915 0.5849 -0.1775 0.3298 0.2741
40 -155.1344 69.7556 165.5176 -0.9187 0.3796 -0.1089 0.3350 0.3152
MRinSpiritualFinfameOn.jpg
40 -169.3489 53.1011 170.0069 -0.9460 0.2704 0.1786 0.2923 0.2996
40 -156.2750 56.3991 159.3516 -0.8264 0.5465 -0.1356 0.3214 0.2933
40 -170.2129 38.0978 152.7427 -0.9693 0.2161 0.1170 0.2923 0.2585
MRinSpiritualFinfameOn.jpg
40 -156.2750 56.3991 159.3516 -0.8264 0.5465 -0.1356 0.3214 0.2933
40 -159.4325 54.6064 148.9575 -0.7915 0.5849 -0.1775 0.3298 0.2741
40 -170.2129 38.0978 152.7427 -0.9693 0.2161 0.1170 0.2923 0.2585
MRinSpiritualFinfameOn.jpg
40 -156.2750 56.3991 159.3516 -0.8264 0.5465 -0.1356 0.3214 0.2933
40 -155.1344 69.7556 165.5176 -0.9187 0.3796 -0.1089 0.3350 0.3152
40 -159.4325 54.6064 148.9575 -0.7915 0.5849 -0.1775 0.3298 0.2741
MRinSpiritualFinfameOn.jpg
40 -156.2750 56.3991 159.3516 -0.8264 0.5465 -0.1356 0.3214 0.2933
40 -169.3489 53.1011 170.0069 -0.9460 0.2704 0.1786 0.2923 0.2996
40 -154.7487 64.8762 173.3777 -0.5647 0.7786 -0.2739 0.3152 0.3230
MRinSpiritualFinfameOn.jpg
40 -154.7487 64.8762 173.3777 -0.5647 0.7786 -0.2739 0.3152 0.3230
40 -169.3489 53.1011 170.0069 -0.9460 0.2704 0.1786 0.2923 0.2996
40 -156.3852 66.0303 186.7133 -0.8477 0.4007 0.3477 0.2923 0.3433
MRinSpiritualFinfameOn.jpg
38 -99.4407 21.4614 245.2319 0.4564 -0.7051 0.5427 0.4047 0.4328
38 -99.6945 10.6402 234.4846 0.5075 -0.7899 0.3444 0.3979 0.4406
38 -91.8968 18.3579 235.5741 0.3768 -0.9069 0.1888 0.3958 0.4333
MRinSpiritualFinfameOn.jpg
38 -97.8858 14.2545 219.1439 0.1888 -0.9390 0.2876 0.3870 0.4411
38 -91.8968 18.3579 235.5741 0.3768 -0.9069 0.1888 0.3958 0.4333
38 -99.6945 10.6402 234.4846 0.5075 -0.7899 0.3444 0.3979 0.4406
MRinSpiritualFinfameOn.jpg
38 -97.8858 14.2545 219.1439 0.1888 -0.9390 0.2876 0.3870 0.4411
38 -56.7931 20.6604 233.2172 0.0543 -0.9600 0.2746 0.3854 0.4109
38 -91.8968 18.3579 235.5741 0.3768 -0.9069 0.1888 0.3958 0.4333
MRinSpiritualFinfameOn.jpg
38 -80.6456 21.8351 247.8345 0.2231 -0.9722 0.0710 0.4010 0.4229
38 -91.8968 18.3579 235.5741 0.3768 -0.9069 0.1888 0.3958 0.4333
38 -56.7931 20.6604 233.2172 0.0543 -0.9600 0.2746 0.3854 0.4109
MRinSpiritualFinfameOn.jpg
38 -91.1891 17.0156 258.3269 0.3597 -0.9307 -0.0660 0.4104 0.4281
38 -91.8968 18.3579 235.5741 0.3768 -0.9069 0.1888 0.3958 0.4333
38 -80.6456 21.8351 247.8345 0.2231 -0.9722 0.0710 0.4010 0.4229
MRinSpiritualFinfameOn.jpg
38 -97.8858 14.2545 219.1439 0.1888 -0.9390 0.2876 0.3870 0.4411
38 -47.1827 16.3447 223.1721 0.1029 -0.9116 0.3979 0.3761 0.4078
38 -56.7931 20.6604 233.2172 0.0543 -0.9600 0.2746 0.3854 0.4109
MRinSpiritualFinfameOn.jpg
38 -97.8858 14.2545 219.1439 0.1888 -0.9390 0.2876 0.3870 0.4411
38 -49.2960 8.7254 206.5365 0.0727 -0.9507 0.3013 0.3651 0.4135
38 -47.1827 16.3447 223.1721 0.1029 -0.9116 0.3979 0.3761 0.4078
MRinSpiritualFinfameOn.jpg
38 -44.5384 12.4390 211.6402 0.2955 -0.8822 0.3665 0.3677 0.4088
38 -47.1827 16.3447 223.1721 0.1029 -0.9116 0.3979 0.3761 0.4078
38 -49.2960 8.7254 206.5365 0.0727 -0.9507 0.3013 0.3651 0.4135
MRinSpiritualFinfameOn.jpg
38 -97.8858 14.2545 219.1439 0.1888 -0.9390 0.2876 0.3870 0.4411
38 -63.0703 8.2175 189.4286 0.1379 -0.9266 0.3499 0.3584 0.4271
38 -49.2960 8.7254 206.5365 0.0727 -0.9507 0.3013 0.3651 0.4135
MRinSpiritualFinfameOn.jpg
38 -97.8858 14.2545 219.1439 0.1888 -0.9390 0.2876 0.3870 0.4411
38 -73.8221 -3.0499 180.9182 0.3839 -0.7260 0.5706 0.3537 0.4385
38 -63.0703 8.2175 189.4286 0.1379 -0.9266 0.3499 0.3584 0.4271
MRinSpiritualFinfameOn.jpg
49 -57.6213 -97.6081 172.4425 -0.5396 -0.8400 -0.0577 0.1336 0.5171
49 -54.4081 -100.9642 159.6500 -0.4814 -0.8699 0.1074 0.0847 0.4968
49 -49.6944 -101.6639 175.1209 -0.6494 -0.7158 -0.2565 0.1065 0.5587
MRinSpiritualFinfameOn.jpg
49 -57.6213 -97.6081 172.4425 -0.5396 -0.8400 -0.0577 0.1336 0.5171
49 -49.6944 -101.6639 175.1209 -0.6494 -0.7158 -0.2565 0.1065 0.5587
49 -53.2191 -101.5675 177.4884 -0.6214 -0.7414 -0.2533 0.1279 0.5530
MRinSpiritualFinfameOn.jpg
49 -55.8210 -97.6316 181.8300 -0.8172 -0.5746 -0.0452 0.1565 0.5556
49 -57.6213 -97.6081 172.4425 -0.5396 -0.8400 -0.0577 0.1336 0.5171
49 -53.2191 -101.5675 177.4884 -0.6214 -0.7414 -0.2533 0.1279 0.5530
MRinSpiritualFinfameOn.jpg
49 -53.2191 -101.5675 177.4884 -0.6214 -0.7414 -0.2533 0.1279 0.5530
49 -49.6944 -101.6639 175.1209 -0.6494 -0.7158 -0.2565 0.1065 0.5587
49 -53.4908 -105.3799 184.9831 -0.8442 -0.5191 -0.1337 0.1341 0.6014
MRinSpiritualFinfameOn.jpg
49 -53.2191 -101.5675 177.4884 -0.6214 -0.7414 -0.2533 0.1279 0.5530
49 -53.4908 -105.3799 184.9831 -0.8442 -0.5191 -0.1337 0.1341 0.6014
49 -55.8210 -97.6316 181.8300 -0.8172 -0.5746 -0.0452 0.1565 0.5556
MRinSpiritualFinfameOn.jpg
49 -45.7620 -114.7366 177.6187 -0.8143 -0.5417 -0.2086 0.0815 0.6118
49 -53.4908 -105.3799 184.9831 -0.8442 -0.5191 -0.1337 0.1341 0.6014
49 -49.6944 -101.6639 175.1209 -0.6494 -0.7158 -0.2565 0.1065 0.5587
MRinSpiritualFinfameOn.jpg
49 -49.6944 -101.6639 175.1209 -0.6494 -0.7158 -0.2565 0.1065 0.5587
49 -50.6519 -99.8192 166.8886 -0.9322 -0.3553 -0.0692 0.0852 0.5197
49 -45.7620 -114.7366 177.6187 -0.8143 -0.5417 -0.2086 0.0815 0.6118
MRinSpiritualFinfameOn.jpg
49 -45.7620 -114.7366 177.6187 -0.8143 -0.5417 -0.2086 0.0815 0.6118
49 -48.2666 -101.1261 158.5042 -0.6323 -0.6043 -0.4848 0.0644 0.4885
49 -35.8606 -118.2407 164.6883 -0.2219 -0.6104 -0.7603 0.0139 0.5837
MRinSpiritualFinfameOn.jpg
49 -45.7620 -114.7366 177.6187 -0.8143 -0.5417 -0.2086 0.0815 0.6118
49 -50.6519 -99.8192 166.8886 -0.9322 -0.3553 -0.0692 0.0852 0.5197
49 -48.2666 -101.1261 158.5042 -0.6323 -0.6043 -0.4848 0.0644 0.4885
MRinSpiritualFinfameOn.jpg
49 -53.4908 -105.3799 184.9831 -0.8442 -0.5191 -0.1337 0.1341 0.6014
49 -56.7056 -96.9107 186.3688 -0.8380 -0.5455 0.0106 0.1768 0.5665
49 -55.8210 -97.6316 181.8300 -0.8172 -0.5746 -0.0452 0.1565 0.5556
MRinSpiritualFinfameOn.jpg
49 -61.0932 -94.2455 184.3782 -0.5293 -0.8479 0.0315 0.1908 0.5421
49 -55.8210 -97.6316 181.8300 -0.8172 -0.5746 -0.0452 0.1565 0.5556
49 -56.7056 -96.9107 186.3688 -0.8380 -0.5455 0.0106 0.1768 0.5665
MRinSpiritualFinfameOn.jpg
49 -54.7418 -99.6216 192.6527 -0.8725 -0.4483 0.1943 0.1794 0.5998
49 -56.7056 -96.9107 186.3688 -0.8380 -0.5455 0.0106 0.1768 0.5665
49 -53.4908 -105.3799 184.9831 -0.8442 -0.5191 -0.1337 0.1341 0.6014
MRinSpiritualFinfameOn.jpg
49 -43.4958 -118.1486 190.7320 -0.6380 -0.7683 0.0506 0.1195 0.6701
49 -53.4908 -105.3799 184.9831 -0.8442 -0.5191 -0.1337 0.1341 0.6014
49 -45.7620 -114.7366 177.6187 -0.8143 -0.5417 -0.2086 0.0815 0.6118
MRinSpiritualFinfameOn.jpg
49 -53.4908 -105.3799 184.9831 -0.8442 -0.5191 -0.1337 0.1341 0.6014
49 -43.4958 -118.1486 190.7320 -0.6380 -0.7683 0.0506 0.1195 0.6701
49 -54.7418 -99.6216 192.6527 -0.8725 -0.4483 0.1943 0.1794 0.5998
MRinSpiritualFinfameOn.jpg
49 -48.2666 -101.1261 158.5042 -0.6323 -0.6043 -0.4848 0.0644 0.4885
49 -42.6450 -106.5699 162.1108 -0.5254 -0.6270 -0.5751 0.0399 0.5322
49 -35.8606 -118.2407 164.6883 -0.2219 -0.6104 -0.7603 0.0139 0.5837
MRinSpiritualFinfameOn.jpg
49 -42.6450 -106.5699 162.1108 -0.5254 -0.6270 -0.5751 0.0399 0.5322
49 -41.8735 -102.0363 149.3302 -0.1886 -0.7115 -0.6769 0.0139 0.4697
49 -35.8606 -118.2407 164.6883 -0.2219 -0.6104 -0.7603 0.0139 0.5837
MRinSpiritualFinfameOn.jpg
49 -48.2666 -101.1261 158.5042 -0.6323 -0.6043 -0.4848 0.0644 0.4885
49 -47.3437 -102.2042 148.8380 -0.6999 -0.7142 0.0129 0.0279 0.4578
49 -42.6450 -106.5699 162.1108 -0.5254 -0.6270 -0.5751 0.0399 0.5322
MRinSpiritualFinfameOn.jpg
49 -35.8606 -118.2407 164.6883 -0.2219 -0.6104 -0.7603 0.0139 0.5837
49 -39.9849 -119.4452 172.1792 -0.6162 -0.7310 -0.2933 0.0441 0.6133
49 -45.7620 -114.7366 177.6187 -0.8143 -0.5417 -0.2086 0.0815 0.6118
MRinSpiritualFinfameOn.jpg
49 -39.9849 -119.4452 172.1792 -0.6162 -0.7310 -0.2933 0.0441 0.6133
49 -35.8606 -118.2407 164.6883 -0.2219 -0.6104 -0.7603 0.0139 0.5837
49 -31.8775 -125.0141 175.4958 -0.2148 -0.6343 -0.7426 0.0139 0.6560
MRinSpiritualFinfameOn.jpg
49 -45.7620 -114.7366 177.6187 -0.8143 -0.5417 -0.2086 0.0815 0.6118
49 -37.0641 -122.6086 178.1997 -0.6871 -0.7019 -0.1877 0.0482 0.6539
49 -43.4958 -118.1486 190.7320 -0.6380 -0.7683 0.0506 0.1195 0.6701
MRinSpiritualFinfameOn.jpg
49 -45.7620 -114.7366 177.6187 -0.8143 -0.5417 -0.2086 0.0815 0.6118
49 -39.9849 -119.4452 172.1792 -0.6162 -0.7310 -0.2933 0.0441 0.6133
49 -37.0641 -122.6086 178.1997 -0.6871 -0.7019 -0.1877 0.0482 0.6539
MRinSpiritualFinfameOn.jpg
49 -37.0641 -122.6086 178.1997 -0.6871 -0.7019 -0.1877 0.0482 0.6539
49 -39.9849 -119.4452 172.1792 -0.6162 -0.7310 -0.2933 0.0441 0.6133
49 -31.8775 -125.0141 175.4958 -0.2148 -0.6343 -0.7426 0.0139 0.6560
MRinSpiritualFinfameOn.jpg
49 -37.0641 -122.6086 178.1997 -0.6871 -0.7019 -0.1877 0.0482 0.6539
49 -37.3561 -121.1712 184.1096 -0.7664 -0.6356 0.0931 0.0717 0.6695
49 -43.4958 -118.1486 190.7320 -0.6380 -0.7683 0.0506 0.1195 0.6701
MRinSpiritualFinfameOn.jpg
49 -43.4958 -118.1486 190.7320 -0.6380 -0.7683 0.0506 0.1195 0.6701
49 -37.3561 -121.1712 184.1096 -0.7664 -0.6356 0.0931 0.0717 0.6695
49 -37.4262 -122.2591 191.2465 -0.7158 -0.6893 -0.1121 0.0945 0.6914
MRinSpiritualFinfameOn.jpg
49 -37.3561 -121.1712 184.1096 -0.7664 -0.6356 0.0931 0.0717 0.6695
49 -35.3460 -124.5068 184.4211 -0.8575 -0.5126 0.0440 0.0638 0.6820
49 -37.4262 -122.2591 191.2465 -0.7158 -0.6893 -0.1121 0.0945 0.6914
MRinSpiritualFinfameOn.jpg
49 -35.3460 -124.5068 184.4211 -0.8575 -0.5126 0.0440 0.0638 0.6820
49 -37.3561 -121.1712 184.1096 -0.7664 -0.6356 0.0931 0.0717 0.6695
49 -35.3634 -125.1647 182.4691 -0.8721 -0.4087 0.2692 0.0540 0.6773
MRinSpiritualFinfameOn.jpg
49 -36.3201 -126.3463 178.4554 -0.8335 -0.4868 -0.2612 0.0389 0.6664
49 -31.8775 -125.0141 175.4958 -0.2148 -0.6343 -0.7426 0.0139 0.6560
49 -31.1917 -128.4627 176.9915 -0.1884 -0.7123 -0.6761 0.0139 0.6727
MRinSpiritualFinfameOn.jpg
49 -36.3201 -126.3463 178.4554 -0.8335 -0.4868 -0.2612 0.0389 0.6664
49 -37.0641 -122.6086 178.1997 -0.6871 -0.7019 -0.1877 0.0482 0.6539
49 -31.8775 -125.0141 175.4958 -0.2148 -0.6343 -0.7426 0.0139 0.6560
MRinSpiritualFinfameOn.jpg
49 -37.3561 -121.1712 184.1096 -0.7664 -0.6356 0.0931 0.0717 0.6695
49 -36.3201 -126.3463 178.4554 -0.8335 -0.4868 -0.2612 0.0389 0.6664
49 -35.3634 -125.1647 182.4691 -0.8721 -0.4087 0.2692 0.0540 0.6773
MRinSpiritualFinfameOn.jpg
49 -37.3561 -121.1712 184.1096 -0.7664 -0.6356 0.0931 0.0717 0.6695
49 -37.0641 -122.6086 178.1997 -0.6871 -0.7019 -0.1877 0.0482 0.6539
49 -36.3201 -126.3463 178.4554 -0.8335 -0.4868 -0.2612 0.0389 0.6664
MRinSpiritualFinfameOn.jpg
49 -35.7099 -127.0828 180.0452 -0.7931 -0.6087 0.0224 0.0410 0.6737
49 -36.3201 -126.3463 178.4554 -0.8335 -0.4868 -0.2612 0.0389 0.6664
49 -31.1917 -128.4627 176.9915 -0.1884 -0.7123 -0.6761 0.0139 0.6727
MRinSpiritualFinfameOn.jpg
49 -35.7099 -127.0828 180.0452 -0.7931 -0.6087 0.0224 0.0410 0.6737
49 -35.3634 -125.1647 182.4691 -0.8721 -0.4087 0.2692 0.0540 0.6773
49 -36.3201 -126.3463 178.4554 -0.8335 -0.4868 -0.2612 0.0389 0.6664
MRinSpiritualFinfameOn.jpg
38 -108.6848 4.4407 242.5739 0.9280 -0.2835 0.2419 0.6435 0.5369
38 -108.2517 14.5658 255.7329 0.8489 -0.4321 0.3045 0.6846 0.5244
38 -109.9149 8.0944 251.1877 0.9177 -0.3013 0.2588 0.6633 0.5218
MRinSpiritualFinfameOn.jpg
38 -111.1123 5.0678 254.3793 0.9933 -0.1034 0.0521 0.6607 0.5098
38 -108.6848 4.4407 242.5739 0.9280 -0.2835 0.2419 0.6435 0.5369
38 -109.9149 8.0944 251.1877 0.9177 -0.3013 0.2588 0.6633 0.5218
MRinSpiritualFinfameOn.jpg
38 -111.2253 -9.1344 237.9494 0.9953 -0.0857 0.0455 0.6055 0.5264
38 -108.6848 4.4407 242.5739 0.9280 -0.2835 0.2419 0.6435 0.5369
38 -111.1123 5.0678 254.3793 0.9933 -0.1034 0.0521 0.6607 0.5098
MRinSpiritualFinfameOn.jpg
38 -111.2253 -9.1344 237.9494 0.9953 -0.0857 0.0455 0.6055 0.5264
38 -111.1123 5.0678 254.3793 0.9933 -0.1034 0.0521 0.6607 0.5098
38 -110.5151 -14.0236 257.7776 0.9979 0.0530 -0.0385 0.6222 0.4744
MRinSpiritualFinfameOn.jpg
38 -111.4517 -17.5380 238.9211 0.9930 0.0843 -0.0830 0.5878 0.5124
38 -111.2253 -9.1344 237.9494 0.9953 -0.0857 0.0455 0.6055 0.5264
38 -110.5151 -14.0236 257.7776 0.9979 0.0530 -0.0385 0.6222 0.4744
MRinSpiritualFinfameOn.jpg
38 -111.1123 5.0678 254.3793 0.9933 -0.1034 0.0521 0.6607 0.5098
38 -110.8889 -2.9856 265.5226 0.9878 -0.1132 -0.1070 0.6581 0.4728
38 -110.5151 -14.0236 257.7776 0.9979 0.0530 -0.0385 0.6222 0.4744
MRinSpiritualFinfameOn.jpg
38 -108.1507 13.0356 266.9761 0.9772 -0.1537 -0.1464 0.6976 0.4926
38 -110.8889 -2.9856 265.5226 0.9878 -0.1132 -0.1070 0.6581 0.4728
38 -111.1123 5.0678 254.3793 0.9933 -0.1034 0.0521 0.6607 0.5098
MRinSpiritualFinfameOn.jpg
38 -108.1507 13.0356 266.9761 0.9772 -0.1537 -0.1464 0.6976 0.4926
38 -106.2605 12.2293 279.1884 0.9753 -0.1672 -0.1443 0.7133 0.4640
38 -110.8889 -2.9856 265.5226 0.9878 -0.1132 -0.1070 0.6581 0.4728
MRinSpiritualFinfameOn.jpg
38 -106.2605 12.2293 279.1884 0.9753 -0.1672 -0.1443 0.7133 0.4640
38 -109.0422 -3.3685 279.2890 0.9796 -0.1210 -0.1603 0.6732 0.4479
38 -110.8889 -2.9856 265.5226 0.9878 -0.1132 -0.1070 0.6581 0.4728
MRinSpiritualFinfameOn.jpg
38 -107.3604 -0.0145 287.0272 0.9805 -0.0937 -0.1725 0.6961 0.4286
38 -109.0422 -3.3685 279.2890 0.9796 -0.1210 -0.1603 0.6732 0.4479
38 -106.2605 12.2293 279.1884 0.9753 -0.1672 -0.1443 0.7133 0.4640
MRinSpiritualFinfameOn.jpg
38 -108.0762 -10.4569 284.2556 0.9782 -0.0120 -0.2074 0.6685 0.4193
38 -109.0422 -3.3685 279.2890 0.9796 -0.1210 -0.1603 0.6732 0.4479
38 -107.3604 -0.0145 287.0272 0.9805 -0.0937 -0.1725 0.6961 0.4286
MRinSpiritualFinfameOn.jpg
38 -108.5671 -24.9081 256.4432 0.9703 0.2369 -0.0492 0.5951 0.4614
38 -111.4517 -17.5380 238.9211 0.9930 0.0843 -0.0830 0.5878 0.5124
38 -110.5151 -14.0236 257.7776 0.9979 0.0530 -0.0385 0.6222 0.4744
MRinSpiritualFinfameOn.jpg
38 -111.2546 -23.9848 235.2820 0.9514 0.3048 -0.0436 0.5681 0.5114
38 -111.4517 -17.5380 238.9211 0.9930 0.0843 -0.0830 0.5878 0.5124
38 -108.5671 -24.9081 256.4432 0.9703 0.2369 -0.0492 0.5951 0.4614
MRinSpiritualFinfameOn.jpg
38 -108.5671 -24.9081 256.4432 0.9703 0.2369 -0.0492 0.5951 0.4614
38 -102.2964 -42.7959 249.3769 0.9373 0.3486 -0.0056 0.5421 0.4494
38 -111.2546 -23.9848 235.2820 0.9514 0.3048 -0.0436 0.5681 0.5114
MRinSpiritualFinfameOn.jpg
38 -108.5671 -24.9081 256.4432 0.9703 0.2369 -0.0492 0.5951 0.4614
38 -108.0717 -29.7931 264.9610 0.9486 0.3141 0.0380 0.5967 0.4354
38 -102.2964 -42.7959 249.3769 0.9373 0.3486 -0.0056 0.5421 0.4494
MRinSpiritualFinfameOn.jpg
38 -101.3863 -47.0821 262.9742 0.9334 0.3544 0.0565 0.5519 0.4130
38 -102.2964 -42.7959 249.3769 0.9373 0.3486 -0.0056 0.5421 0.4494
38 -108.0717 -29.7931 264.9610 0.9486 0.3141 0.0380 0.5967 0.4354
MRinSpiritualFinfameOn.jpg
38 -104.5373 -40.7083 273.7813 0.9550 0.2938 -0.0406 0.5743 0.3932
38 -101.3863 -47.0821 262.9742 0.9334 0.3544 0.0565 0.5519 0.4130
38 -108.0717 -29.7931 264.9610 0.9486 0.3141 0.0380 0.5967 0.4354
MRinSpiritualFinfameOn.jpg
38 -108.4544 -25.0355 276.5538 0.9863 0.1650 -0.0047 0.6243 0.4166
38 -104.5373 -40.7083 273.7813 0.9550 0.2938 -0.0406 0.5743 0.3932
38 -108.0717 -29.7931 264.9610 0.9486 0.3141 0.0380 0.5967 0.4354
MRinSpiritualFinfameOn.jpg
38 -104.5373 -40.7083 273.7813 0.9550 0.2938 -0.0406 0.5743 0.3932
38 -108.4544 -25.0355 276.5538 0.9863 0.1650 -0.0047 0.6243 0.4166
38 -105.6216 -36.9352 287.2448 0.9473 0.3203 0.0113 0.6123 0.3745
MRinSpiritualFinfameOn.jpg
38 -104.5373 -40.7083 273.7813 0.9550 0.2938 -0.0406 0.5743 0.3932
38 -105.6216 -36.9352 287.2448 0.9473 0.3203 0.0113 0.6123 0.3745
38 -101.6232 -45.5430 286.1221 0.9638 0.2459 -0.1032 0.5977 0.3636
MRinSpiritualFinfameOn.jpg
38 -101.6597 -50.0048 280.6217 0.9797 0.1523 -0.1300 0.5795 0.3589
38 -104.5373 -40.7083 273.7813 0.9550 0.2938 -0.0406 0.5743 0.3932
38 -101.6232 -45.5430 286.1221 0.9638 0.2459 -0.1032 0.5977 0.3636
MRinSpiritualFinfameOn.jpg
38 -101.6597 -50.0048 280.6217 0.9797 0.1523 -0.1300 0.5795 0.3589
38 -101.6232 -45.5430 286.1221 0.9638 0.2459 -0.1032 0.5977 0.3636
38 -100.3289 -52.6251 290.3270 0.9875 0.1192 -0.1033 0.5998 0.3417
MRinSpiritualFinfameOn.jpg
38 -108.4544 -25.0355 276.5538 0.9863 0.1650 -0.0047 0.6243 0.4166
38 -108.5454 -30.0474 298.6762 0.9980 -0.0208 0.0605 0.6456 0.3599
38 -105.6216 -36.9352 287.2448 0.9473 0.3203 0.0113 0.6123 0.3745
MRinSpiritualFinfameOn.jpg
38 -106.2842 -11.5094 288.6984 0.9927 -0.1150 0.0370 0.6721 0.4099
38 -108.5454 -30.0474 298.6762 0.9980 -0.0208 0.0605 0.6456 0.3599
38 -108.4544 -25.0355 276.5538 0.9863 0.1650 -0.0047 0.6243 0.4166
MRinSpiritualFinfameOn.jpg
38 -106.2842 -11.5094 288.6984 0.9927 -0.1150 0.0370 0.6721 0.4099
38 -108.9435 -17.6124 317.7762 0.9881 -0.1183 0.0987 0.7013 0.3360
38 -108.5454 -30.0474 298.6762 0.9980 -0.0208 0.0605 0.6456 0.3599
MRinSpiritualFinfameOn.jpg
38 -106.3525 -4.2718 304.3166 0.9904 -0.1161 0.0756 0.7112 0.3859
38 -108.9435 -17.6124 317.7762 0.9881 -0.1183 0.0987 0.7013 0.3360
38 -106.2842 -11.5094 288.6984 0.9927 -0.1150 0.0370 0.6721 0.4099
MRinSpiritualFinfameOn.jpg
38 -108.2119 -9.6007 319.0370 0.9841 -0.1116 0.1385 0.7257 0.3495
38 -108.9435 -17.6124 317.7762 0.9881 -0.1183 0.0987 0.7013 0.3360
38 -106.3525 -4.2718 304.3166 0.9904 -0.1161 0.0756 0.7112 0.3859
MRinSpiritualFinfameOn.jpg
38 -108.2119 -9.6007 319.0370 0.9841 -0.1116 0.1385 0.7257 0.3495
38 -110.4085 -17.7900 325.2122 0.9747 -0.1188 0.1892 0.7190 0.3219
38 -108.9435 -17.6124 317.7762 0.9881 -0.1183 0.0987 0.7013 0.3360
MRinSpiritualFinfameOn.jpg
38 -108.5454 -30.0474 298.6762 0.9980 -0.0208 0.0605 0.6456 0.3599
38 -108.9435 -17.6124 317.7762 0.9881 -0.1183 0.0987 0.7013 0.3360
38 -110.5775 -35.2628 308.4769 0.9896 -0.0860 0.1156 0.6477 0.3298
MRinSpiritualFinfameOn.jpg
38 -110.5775 -35.2628 308.4769 0.9896 -0.0860 0.1156 0.6477 0.3298
38 -108.9435 -17.6124 317.7762 0.9881 -0.1183 0.0987 0.7013 0.3360
38 -114.0350 -53.0944 330.7849 0.9864 -0.0554 0.1548 0.6597 0.2548
MRinSpiritualFinfameOn.jpg
38 -111.9531 -51.0035 318.3348 0.9866 -0.0136 0.1627 0.6347 0.2855
38 -110.5775 -35.2628 308.4769 0.9896 -0.0860 0.1156 0.6477 0.3298
38 -114.0350 -53.0944 330.7849 0.9864 -0.0554 0.1548 0.6597 0.2548
MRinSpiritualFinfameOn.jpg
38 -114.0350 -53.0944 330.7849 0.9864 -0.0554 0.1548 0.6597 0.2548
38 -114.0061 -58.9685 328.8730 0.9787 -0.0592 0.1965 0.6420 0.2418
38 -111.9531 -51.0035 318.3348 0.9866 -0.0136 0.1627 0.6347 0.2855
MRinSpiritualFinfameOn.jpg
38 -114.0061 -58.9685 328.8730 0.9787 -0.0592 0.1965 0.6420 0.2418
38 -114.0350 -53.0944 330.7849 0.9864 -0.0554 0.1548 0.6597 0.2548
38 -116.5427 -61.4649 338.5529 0.9692 -0.0718 0.2355 0.6628 0.2241
MRinSpiritualFinfameOn.jpg
23 -31.9898 -16.0718 147.3914 0.9388 -0.3115 0.1472 0.9693 0.6477
23 -32.5552 -28.3167 145.6572 0.9918 -0.0617 0.1119 0.9859 0.6404
23 -32.6152 -25.7646 141.0001 0.9383 -0.1276 0.3215 0.9786 0.6368
MRinSpiritualFinfameOn.jpg
23 -31.9898 -16.0718 147.3914 0.9388 -0.3115 0.1472 0.9693 0.6477
23 -32.6152 -25.7646 141.0001 0.9383 -0.1276 0.3215 0.9786 0.6368
23 -30.1530 -24.9197 136.9392 0.8031 -0.1013 0.5872 0.9734 0.6326
MRinSpiritualFinfameOn.jpg
23 -30.1530 -24.9197 136.9392 0.8031 -0.1013 0.5872 0.9734 0.6326
23 -30.2669 -37.0288 137.5021 0.7627 0.0228 0.6463 0.9901 0.6253
23 -21.3258 -32.4687 129.5997 0.2473 0.3548 0.9016 0.9724 0.6165
MRinSpiritualFinfameOn.jpg
23 -30.1530 -24.9197 136.9392 0.8031 -0.1013 0.5872 0.9734 0.6326
23 -32.6152 -25.7646 141.0001 0.9383 -0.1276 0.3215 0.9786 0.6368
23 -30.2669 -37.0288 137.5021 0.7627 0.0228 0.6463 0.9901 0.6253
MRinSpiritualFinfameOn.jpg
38 -99.6945 10.6402 234.4846 0.5075 -0.7899 0.3444 0.3979 0.4406
38 -99.4407 21.4614 245.2319 0.4564 -0.7051 0.5427 0.4047 0.4328
38 -113.3268 10.5697 240.6958 0.3618 -0.7774 0.5145 0.4047 0.4328
MRinSpiritualFinfameOn.jpg
38 -99.4407 21.4614 245.2319 0.4564 -0.7051 0.5427 0.4047 0.4328
35 -127.9488 -13.8688 257.1369 0.8988 -0.3000 0.3196 0.4177 0.4375
38 -113.3268 10.5697 240.6958 0.3618 -0.7774 0.5145 0.4047 0.4328
MRinSpiritualFinfameOn.jpg
38 -113.3268 10.5697 240.6958 0.3618 -0.7774 0.5145 0.4047 0.4328
38 -108.4884 5.3465 230.1613 0.7003 -0.6559 0.2816 0.3958 0.4333
38 -99.6945 10.6402 234.4846 0.5075 -0.7899 0.3444 0.3979 0.4406
MRinSpiritualFinfameOn.jpg
38 -98.2597 13.9662 219.0189 0.7282 -0.5230 0.4430 0.3870 0.4411
38 -99.6945 10.6402 234.4846 0.5075 -0.7899 0.3444 0.3979 0.4406
38 -108.4884 5.3465 230.1613 0.7003 -0.6559 0.2816 0.3958 0.4333
MRinSpiritualFinfameOn.jpg
38 -98.2597 13.9662 219.0189 0.7282 -0.5230 0.4430 0.3870 0.4411
38 -108.4884 5.3465 230.1613 0.7003 -0.6559 0.2816 0.3958 0.4333
38 -115.6655 -25.5435 213.9892 0.7766 -0.4027 0.4845 0.3854 0.4109
MRinSpiritualFinfameOn.jpg
38 -117.6644 -7.2145 235.7284 0.8314 -0.4979 0.2469 0.4010 0.4229
38 -115.6655 -25.5435 213.9892 0.7766 -0.4027 0.4845 0.3854 0.4109
38 -108.4884 5.3465 230.1613 0.7003 -0.6559 0.2816 0.3958 0.4333
MRinSpiritualFinfameOn.jpg
35 -117.5664 -31.4014 249.1604 0.9978 0.0506 0.0424 0.4104 0.4281
38 -117.6644 -7.2145 235.7284 0.8314 -0.4979 0.2469 0.4010 0.4229
38 -108.4884 5.3465 230.1613 0.7003 -0.6559 0.2816 0.3958 0.4333
MRinSpiritualFinfameOn.jpg
38 -98.2597 13.9662 219.0189 0.7282 -0.5230 0.4430 0.3870 0.4411
38 -115.6655 -25.5435 213.9892 0.7766 -0.4027 0.4845 0.3854 0.4109
38 -109.9482 -32.9238 202.6647 0.6763 -0.4715 0.5659 0.3761 0.4078
MRinSpiritualFinfameOn.jpg
38 -98.2597 13.9662 219.0189 0.7282 -0.5230 0.4430 0.3870 0.4411
38 -109.9482 -32.9238 202.6647 0.6763 -0.4715 0.5659 0.3761 0.4078
38 -97.0982 -28.8100 190.9200 0.7566 -0.4241 0.4977 0.3651 0.4135
MRinSpiritualFinfameOn.jpg
38 -102.9906 -33.4494 192.5490 0.6239 -0.6303 0.4619 0.3677 0.4088
38 -97.0982 -28.8100 190.9200 0.7566 -0.4241 0.4977 0.3651 0.4135
38 -109.9482 -32.9238 202.6647 0.6763 -0.4715 0.5659 0.3761 0.4078
MRinSpiritualFinfameOn.jpg
38 -98.2597 13.9662 219.0189 0.7282 -0.5230 0.4430 0.3870 0.4411
38 -97.0982 -28.8100 190.9200 0.7566 -0.4241 0.4977 0.3651 0.4135
38 -88.8003 -11.9901 181.0258 0.7051 -0.4913 0.5113 0.3584 0.4271
MRinSpiritualFinfameOn.jpg
38 -98.2597 13.9662 219.0189 0.7282 -0.5230 0.4430 0.3870 0.4411
38 -88.8003 -11.9901 181.0258 0.7051 -0.4913 0.5113 0.3584 0.4271
38 -73.8221 -3.0499 180.9182 0.3839 -0.7260 0.5706 0.3537 0.4385
MRinSpiritualFinfameOn.jpg
38 -101.7123 2.5423 189.2008 -0.3628 -0.5906 -0.7208 0.9870 0.6878
38 -87.5184 1.2430 183.1218 -0.1149 -0.5654 -0.8168 0.9256 0.6732
38 -99.0431 -7.2161 195.8525 -0.3442 -0.4930 -0.7990 0.9745 0.7226
MRinSpiritualFinfameOn.jpg
38 -82.5444 -13.4875 192.5838 -0.0183 -0.2923 -0.9562 0.9021 0.7226
38 -99.0431 -7.2161 195.8525 -0.3442 -0.4930 -0.7990 0.9745 0.7226
38 -87.5184 1.2430 183.1218 -0.1149 -0.5654 -0.8168 0.9256 0.6732
MRinSpiritualFinfameOn.jpg
38 -87.5184 1.2430 183.1218 -0.1149 -0.5654 -0.8168 0.9256 0.6732
38 -68.0693 11.6944 187.8414 0.3505 -0.3640 -0.8630 0.8730 0.6534
38 -82.5444 -13.4875 192.5838 -0.0183 -0.2923 -0.9562 0.9021 0.7226
MRinSpiritualFinfameOn.jpg
38 -99.0431 -7.2161 195.8525 -0.3442 -0.4930 -0.7990 0.9745 0.7226
38 -82.5444 -13.4875 192.5838 -0.0183 -0.2923 -0.9562 0.9021 0.7226
38 -102.0801 -14.8192 199.1093 -0.3698 -0.2219 -0.9022 0.9573 0.7466
MRinSpiritualFinfameOn.jpg
35 -77.5517 -34.3526 190.5955 -0.5598 -0.2068 -0.8024 0.8813 0.7564
38 -102.0801 -14.8192 199.1093 -0.3698 -0.2219 -0.9022 0.9573 0.7466
38 -82.5444 -13.4875 192.5838 -0.0183 -0.2923 -0.9562 0.9021 0.7226
MRinSpiritualFinfameOn.jpg
35 -74.1311 -2.8866 192.5607 -0.2751 0.1540 -0.9490 0.8439 0.6966
38 -82.5444 -13.4875 192.5838 -0.0183 -0.2923 -0.9562 0.9021 0.7226
38 -68.0693 11.6944 187.8414 0.3505 -0.3640 -0.8630 0.8730 0.6534
MRinSpiritualFinfameOn.jpg
35 -77.5517 -34.3526 190.5955 -0.5598 -0.2068 -0.8024 0.8813 0.7564
38 -82.5444 -13.4875 192.5838 -0.0183 -0.2923 -0.9562 0.9021 0.7226
35 -74.1311 -2.8866 192.5607 -0.2751 0.1540 -0.9490 0.8439 0.6966
MRinSpiritualFinfameOn.jpg
35 -30.9268 -56.5262 155.1851 -0.3173 -0.2697 -0.9092 0.7523 0.8699
35 -58.7670 -63.3655 173.9218 -0.6524 -0.4757 -0.5900 0.8163 0.8798
35 -57.4482 -48.1117 166.6735 -0.6193 -0.1133 -0.7769 0.8048 0.8350
MRinSpiritualFinfameOn.jpg
35 -34.7475 -76.6330 169.5678 -0.3956 -0.6800 -0.6173 0.7601 0.9136
35 -58.7670 -63.3655 173.9218 -0.6524 -0.4757 -0.5900 0.8163 0.8798
35 -30.9268 -56.5262 155.1851 -0.3173 -0.2697 -0.9092 0.7523 0.8699
MRinSpiritualFinfameOn.jpg
35 -69.7057 -61.4643 236.1538 -0.6320 -0.7613 0.1448 0.9870 0.9557
35 -82.5840 -56.9818 217.5902 -0.4867 -0.8466 -0.2155 0.9537 0.8449
35 -74.1409 -61.7530 215.2736 -0.7414 -0.6687 -0.0563 0.9344 0.9053
MRinSpiritualFinfameOn.jpg
35 -68.6672 -68.8008 198.2365 -0.7689 -0.5522 -0.3222 0.8720 0.9079
35 -58.7670 -63.3655 173.9218 -0.6524 -0.4757 -0.5900 0.8163 0.8798
35 -53.2114 -75.0020 188.2090 -0.6356 -0.3257 -0.7000 0.8184 0.9245
MRinSpiritualFinfameOn.jpg
35 -58.7670 -63.3655 173.9218 -0.6524 -0.4757 -0.5900 0.8163 0.8798
35 -34.7475 -76.6330 169.5678 -0.3956 -0.6800 -0.6173 0.7601 0.9136
35 -53.2114 -75.0020 188.2090 -0.6356 -0.3257 -0.7000 0.8184 0.9245
MRinSpiritualFinfameOn.jpg
35 -53.2114 -75.0020 188.2090 -0.6356 -0.3257 -0.7000 0.8184 0.9245
35 -34.7475 -76.6330 169.5678 -0.3956 -0.6800 -0.6173 0.7601 0.9136
35 -34.9705 -85.0952 180.0521 -0.4900 -0.1998 -0.8485 0.7601 0.9547
MRinSpiritualFinfameOn.jpg
23 -30.1530 -24.9197 136.9392 -0.6688 -0.7012 0.2469 0.6883 0.7632
23 -21.3258 -32.4687 129.5997 -0.5195 -0.8452 0.1256 0.6701 0.7684
23 -19.5582 -30.5916 149.5305 -0.5268 -0.8479 -0.0592 0.7008 0.7887
MRinSpiritualFinfameOn.jpg
49 -30.6380 -129.3860 178.4969 -0.3208 0.1011 -0.9417 0.1481 0.6576
49 -29.7375 -136.0164 180.1240 -0.0782 -0.9213 -0.3809 0.1050 0.6950
49 -35.6480 -129.6388 179.7924 -0.5887 0.0355 -0.8076 0.1513 0.6805
MRinSpiritualFinfameOn.jpg
49 -30.6380 -129.3860 178.4969 -0.3208 0.1011 -0.9417 0.1481 0.6576
49 -35.6480 -129.6388 179.7924 -0.5887 0.0355 -0.8076 0.1513 0.6805
49 -34.3292 -128.5352 180.0038 -0.2443 0.4559 -0.8559 0.1591 0.6649
MRinSpiritualFinfameOn.jpg
49 -32.5790 -134.2769 182.4872 -0.5801 -0.8144 0.0179 0.1289 0.7107
49 -35.6480 -129.6388 179.7924 -0.5887 0.0355 -0.8076 0.1513 0.6805
49 -29.7375 -136.0164 180.1240 -0.0782 -0.9213 -0.3809 0.1050 0.6950
MRinSpiritualFinfameOn.jpg
49 -27.2704 -134.0649 187.8021 0.0189 -0.9945 -0.1028 0.1050 0.7575
49 -31.3496 -132.6167 189.3860 -0.5399 -0.8265 -0.1597 0.1388 0.7549
49 -29.7375 -136.0164 180.1240 -0.0782 -0.9213 -0.3809 0.1050 0.6950
MRinSpiritualFinfameOn.jpg
49 -32.5790 -134.2769 182.4872 -0.5801 -0.8144 0.0179 0.1289 0.7107
49 -29.7375 -136.0164 180.1240 -0.0782 -0.9213 -0.3809 0.1050 0.6950
49 -31.3496 -132.6167 189.3860 -0.5399 -0.8265 -0.1597 0.1388 0.7549
MRinSpiritualFinfameOn.jpg
49 -36.7336 -130.6152 181.7788 -0.9334 -0.1714 -0.3151 0.1549 0.6971
49 -35.6480 -129.6388 179.7924 -0.5887 0.0355 -0.8076 0.1513 0.6805
49 -32.5790 -134.2769 182.4872 -0.5801 -0.8144 0.0179 0.1289 0.7107
MRinSpiritualFinfameOn.jpg
49 -35.5726 -126.1290 185.2227 -0.5504 0.5714 -0.6087 0.1971 0.7049
49 -35.6480 -129.6388 179.7924 -0.5887 0.0355 -0.8076 0.1513 0.6805
49 -36.7336 -130.6152 181.7788 -0.9334 -0.1714 -0.3151 0.1549 0.6971
MRinSpiritualFinfameOn.jpg
49 -35.5726 -126.1290 185.2227 -0.5504 0.5714 -0.6087 0.1971 0.7049
49 -34.8314 -128.0546 182.1423 -0.0699 0.8382 -0.5408 0.1710 0.6747
49 -35.6480 -129.6388 179.7924 -0.5887 0.0355 -0.8076 0.1513 0.6805
MRinSpiritualFinfameOn.jpg
49 -35.5726 -126.1290 185.2227 -0.5504 0.5714 -0.6087 0.1971 0.7049
49 -36.7336 -130.6152 181.7788 -0.9334 -0.1714 -0.3151 0.1549 0.6971
49 -36.8941 -124.3997 187.1941 -0.9678 -0.0413 -0.2484 0.2231 0.7237
MRinSpiritualFinfameOn.jpg
49 -35.3686 -124.3739 185.3718 -0.7600 0.1422 -0.6342 0.2189 0.7008
49 -35.5726 -126.1290 185.2227 -0.5504 0.5714 -0.6087 0.1971 0.7049
49 -36.8941 -124.3997 187.1941 -0.9678 -0.0413 -0.2484 0.2231 0.7237
MRinSpiritualFinfameOn.jpg
49 -36.8941 -124.3997 187.1941 -0.9678 -0.0413 -0.2484 0.2231 0.7237
49 -36.7336 -130.6152 181.7788 -0.9334 -0.1714 -0.3151 0.1549 0.6971
49 -34.6240 -130.5089 188.6925 -0.8531 -0.5061 -0.1270 0.1710 0.7351
MRinSpiritualFinfameOn.jpg
49 -34.6240 -130.5089 188.6925 -0.8531 -0.5061 -0.1270 0.1710 0.7351
49 -36.7336 -130.6152 181.7788 -0.9334 -0.1714 -0.3151 0.1549 0.6971
49 -32.5790 -134.2769 182.4872 -0.5801 -0.8144 0.0179 0.1289 0.7107
MRinSpiritualFinfameOn.jpg
49 -32.5868 -131.8759 189.6277 -0.5232 -0.8488 -0.0765 0.1492 0.7486
49 -34.6240 -130.5089 188.6925 -0.8531 -0.5061 -0.1270 0.1710 0.7351
49 -32.5790 -134.2769 182.4872 -0.5801 -0.8144 0.0179 0.1289 0.7107
MRinSpiritualFinfameOn.jpg
49 -32.5868 -131.8759 189.6277 -0.5232 -0.8488 -0.0765 0.1492 0.7486
49 -32.5790 -134.2769 182.4872 -0.5801 -0.8144 0.0179 0.1289 0.7107
49 -31.3496 -132.6167 189.3860 -0.5399 -0.8265 -0.1597 0.1388 0.7549
MRinSpiritualFinfameOn.jpg
49 -36.5987 -124.0132 195.6011 -0.9803 -0.1465 0.1325 0.2226 0.7700
49 -36.8941 -124.3997 187.1941 -0.9678 -0.0413 -0.2484 0.2231 0.7237
49 -34.6240 -130.5089 188.6925 -0.8531 -0.5061 -0.1270 0.1710 0.7351
MRinSpiritualFinfameOn.jpg
49 -36.8941 -124.3997 187.1941 -0.9678 -0.0413 -0.2484 0.2231 0.7237
49 -36.5987 -124.0132 195.6011 -0.9803 -0.1465 0.1325 0.2226 0.7700
49 -37.4262 -122.2591 191.2465 -0.9442 -0.3258 0.0481 0.2236 0.7419
MRinSpiritualFinfameOn.jpg
49 -31.3496 -132.6167 189.3860 -0.5399 -0.8265 -0.1597 0.1388 0.7549
49 -27.2704 -134.0649 187.8021 0.0189 -0.9945 -0.1028 0.1050 0.7575
49 -29.5020 -135.1881 188.9927 -0.5242 -0.6482 -0.5524 0.1216 0.7653
MRinSpiritualFinfameOn.jpg
49 -31.3496 -132.6167 189.3860 -0.5399 -0.8265 -0.1597 0.1388 0.7549
49 -33.4636 -132.3521 192.5455 -0.7906 -0.4726 -0.3893 0.1617 0.7721
49 -32.5868 -131.8759 189.6277 -0.5232 -0.8488 -0.0765 0.1492 0.7486
MRinSpiritualFinfameOn.jpg
49 -33.4636 -132.3521 192.5455 -0.7906 -0.4726 -0.3893 0.1617 0.7721
49 -31.3496 -132.6167 189.3860 -0.5399 -0.8265 -0.1597 0.1388 0.7549
49 -29.5020 -135.1881 188.9927 -0.5242 -0.6482 -0.5524 0.1216 0.7653
MRinSpiritualFinfameOn.jpg
49 -29.5020 -135.1881 188.9927 -0.5242 -0.6482 -0.5524 0.1216 0.7653
49 -27.2704 -134.0649 187.8021 0.0189 -0.9945 -0.1028 0.1050 0.7575
49 -32.7616 -134.7697 193.2858 -0.5181 -0.8541 0.0448 0.1492 0.7845
MRinSpiritualFinfameOn.jpg
49 -33.4636 -132.3521 192.5455 -0.7906 -0.4726 -0.3893 0.1617 0.7721
49 -29.5020 -135.1881 188.9927 -0.5242 -0.6482 -0.5524 0.1216 0.7653
49 -32.7616 -134.7697 193.2858 -0.5181 -0.8541 0.0448 0.1492 0.7845
MRinSpiritualFinfameOn.jpg
49 -27.2704 -134.0649 187.8021 0.0189 -0.9945 -0.1028 0.1050 0.7575
49 -23.8249 -135.7129 197.8251 0.0786 -0.9940 0.0757 0.1050 0.8335
49 -32.7616 -134.7697 193.2858 -0.5181 -0.8541 0.0448 0.1492 0.7845
MRinSpiritualFinfameOn.jpg
49 -23.8249 -135.7129 197.8251 0.0786 -0.9940 0.0757 0.1050 0.8335
49 -33.5641 -130.8434 199.9502 -0.7501 -0.5747 0.3272 0.1939 0.8225
49 -32.7616 -134.7697 193.2858 -0.5181 -0.8541 0.0448 0.1492 0.7845
MRinSpiritualFinfameOn.jpg
49 -33.5641 -130.8434 199.9502 -0.7501 -0.5747 0.3272 0.1939 0.8225
49 -35.0162 -130.3931 195.0888 -0.8107 -0.5574 0.1789 0.1960 0.7903
49 -32.7616 -134.7697 193.2858 -0.5181 -0.8541 0.0448 0.1492 0.7845
MRinSpiritualFinfameOn.jpg
49 -33.5641 -130.8434 199.9502 -0.7501 -0.5747 0.3272 0.1939 0.8225
49 -36.5987 -124.0132 195.6011 -0.9803 -0.1465 0.1325 0.2226 0.7700
49 -35.0162 -130.3931 195.0888 -0.8107 -0.5574 0.1789 0.1960 0.7903
MRinSpiritualFinfameOn.jpg
49 -35.0162 -130.3931 195.0888 -0.8107 -0.5574 0.1789 0.1960 0.7903
49 -32.5868 -131.8759 189.6277 -0.5232 -0.8488 -0.0765 0.1492 0.7486
49 -33.4636 -132.3521 192.5455 -0.7906 -0.4726 -0.3893 0.1617 0.7721
MRinSpiritualFinfameOn.jpg
49 -35.0162 -130.3931 195.0888 -0.8107 -0.5574 0.1789 0.1960 0.7903
49 -33.4636 -132.3521 192.5455 -0.7906 -0.4726 -0.3893 0.1617 0.7721
49 -32.7616 -134.7697 193.2858 -0.5181 -0.8541 0.0448 0.1492 0.7845
MRinSpiritualFinfameOn.jpg
49 -36.5987 -124.0132 195.6011 -0.9803 -0.1465 0.1325 0.2226 0.7700
49 -38.0177 -127.6151 193.8361 -0.9463 -0.3233 0.0049 0.2101 0.7695
49 -35.0162 -130.3931 195.0888 -0.8107 -0.5574 0.1789 0.1960 0.7903
MRinSpiritualFinfameOn.jpg
49 -34.6240 -130.5089 188.6925 -0.8531 -0.5061 -0.1270 0.1710 0.7351
49 -38.0177 -127.6151 193.8361 -0.9463 -0.3233 0.0049 0.2101 0.7695
49 -36.5987 -124.0132 195.6011 -0.9803 -0.1465 0.1325 0.2226 0.7700
MRinSpiritualFinfameOn.jpg
49 -34.6240 -130.5089 188.6925 -0.8531 -0.5061 -0.1270 0.1710 0.7351
49 -32.5868 -131.8759 189.6277 -0.5232 -0.8488 -0.0765 0.1492 0.7486
49 -34.3169 -131.7555 190.1788 -0.5040 -0.8524 -0.1395 0.1700 0.7471
MRinSpiritualFinfameOn.jpg
49 -32.5868 -131.8759 189.6277 -0.5232 -0.8488 -0.0765 0.1492 0.7486
49 -35.0162 -130.3931 195.0888 -0.8107 -0.5574 0.1789 0.1960 0.7903
49 -34.3169 -131.7555 190.1788 -0.5040 -0.8524 -0.1395 0.1700 0.7471
MRinSpiritualFinfameOn.jpg
49 -35.0162 -130.3931 195.0888 -0.8107 -0.5574 0.1789 0.1960 0.7903
49 -38.0177 -127.6151 193.8361 -0.9463 -0.3233 0.0049 0.2101 0.7695
49 -34.3169 -131.7555 190.1788 -0.5040 -0.8524 -0.1395 0.1700 0.7471
MRinSpiritualFinfameOn.jpg
49 -38.0177 -127.6151 193.8361 -0.9463 -0.3233 0.0049 0.2101 0.7695
49 -34.6240 -130.5089 188.6925 -0.8531 -0.5061 -0.1270 0.1710 0.7351
49 -34.3169 -131.7555 190.1788 -0.5040 -0.8524 -0.1395 0.1700 0.7471
MRinSpiritualFinfameOn.jpg
18 30.5324 36.3931 81.3095 -0.1794 -0.6627 -0.7271 0.3719 0.0821
23 9.8326 18.9475 107.2108 -0.4332 -0.6700 -0.6028 0.2730 0.0821
18 23.6812 47.9311 84.7616 -0.8333 0.4644 -0.3000 0.3719 0.1034
MRinSpiritualFinfameOn.jpg
18 23.6812 47.9311 84.7616 -0.8333 0.4644 -0.3000 0.3719 0.1034
23 2.6085 30.3077 115.1851 -0.6562 0.7283 0.1975 0.2730 0.1034
18 34.9939 50.4606 94.5950 0.2218 0.7056 0.6730 0.3719 0.1268
MRinSpiritualFinfameOn.jpg
49 -31.1917 -128.4627 176.9915 0.2442 -0.7552 0.6083 0.9625 0.5124
49 -29.5809 -122.8738 182.6952 0.0581 -0.9982 0.0137 0.9563 0.5530
49 -35.3634 -125.1647 182.4691 0.5283 -0.7244 0.4429 0.9828 0.5410
MRinSpiritualFinfameOn.jpg
49 -31.1917 -128.4627 176.9915 0.2442 -0.7552 0.6083 0.9625 0.5124
49 -35.3634 -125.1647 182.4691 0.5283 -0.7244 0.4429 0.9828 0.5410
49 -35.7099 -127.0828 180.0452 0.1642 -0.7848 0.5976 0.9849 0.5249
MRinSpiritualFinfameOn.jpg
49 -29.1641 -126.3160 183.3887 -0.2852 0.5868 -0.7578 0.9573 0.5712
49 -35.3686 -124.3739 185.3718 0.3514 -0.5076 -0.7867 0.9844 0.5613
49 -29.5809 -122.8738 182.6952 0.0581 -0.9982 0.0137 0.9563 0.5530
MRinSpiritualFinfameOn.jpg
49 -35.3634 -125.1647 182.4691 0.5283 -0.7244 0.4429 0.9828 0.5410
49 -29.5809 -122.8738 182.6952 0.0581 -0.9982 0.0137 0.9563 0.5530
49 -35.3686 -124.3739 185.3718 0.3514 -0.5076 -0.7867 0.9844 0.5613
MRinSpiritualFinfameOn.jpg
49 -35.3686 -124.3739 185.3718 0.3514 -0.5076 -0.7867 0.9844 0.5613
49 -35.3975 -126.2022 184.3948 0.9998 -0.0196 0.0072 0.9885 0.5473
49 -35.3634 -125.1647 182.4691 0.5283 -0.7244 0.4429 0.9828 0.5410
MRinSpiritualFinfameOn.jpg
49 -35.3686 -124.3739 185.3718 0.3514 -0.5076 -0.7867 0.9844 0.5613
49 -29.1641 -126.3160 183.3887 -0.2852 0.5868 -0.7578 0.9573 0.5712
49 -35.5726 -126.1290 185.2227 -0.1474 0.7899 -0.5953 0.9849 0.5696
MRinSpiritualFinfameOn.jpg
49 -35.5726 -126.1290 185.2227 -0.1474 0.7899 -0.5953 0.9849 0.5696
49 -29.1641 -126.3160 183.3887 -0.2852 0.5868 -0.7578 0.9573 0.5712
49 -35.9958 -125.7514 182.4527 0.0075 0.8904 -0.4552 0.9901 0.5884
MRinSpiritualFinfameOn.jpg
49 -30.6380 -129.3860 178.4969 -0.2521 0.7290 -0.6364 0.9589 0.5998
49 -35.9958 -125.7514 182.4527 0.0075 0.8904 -0.4552 0.9901 0.5884
49 -29.1641 -126.3160 183.3887 -0.2852 0.5868 -0.7578 0.9573 0.5712
MRinSpiritualFinfameOn.jpg
49 -34.3292 -128.5352 180.0038 -0.1884 0.5827 -0.7906 0.9698 0.6045
49 -35.9958 -125.7514 182.4527 0.0075 0.8904 -0.4552 0.9901 0.5884
49 -30.6380 -129.3860 178.4969 -0.2521 0.7290 -0.6364 0.9589 0.5998
MRinSpiritualFinfameOn.jpg
49 -42.6450 -106.5699 162.1108 -0.0735 0.9365 -0.3429 0.6107 0.3251
49 -36.8715 -101.4440 164.3589 -0.1928 0.8796 -0.4349 0.6029 0.3266
49 -41.8735 -102.0363 149.3302 -0.0600 0.9980 -0.0194 0.6118 0.3417
MRinSpiritualFinfameOn.jpg
49 -42.6450 -106.5699 162.1108 -0.0735 0.9365 -0.3429 0.6107 0.3251
49 -44.1884 -97.7330 172.1632 -0.1933 0.9146 -0.3552 0.6071 0.3131
49 -36.8715 -101.4440 164.3589 -0.1928 0.8796 -0.4349 0.6029 0.3266
MRinSpiritualFinfameOn.jpg
49 -44.1884 -97.7330 172.1632 -0.1933 0.9146 -0.3552 0.6071 0.3131
49 -42.6450 -106.5699 162.1108 -0.0735 0.9365 -0.3429 0.6107 0.3251
49 -47.3437 -102.2042 148.8380 0.4597 0.8586 -0.2268 0.6284 0.3287
MRinSpiritualFinfameOn.jpg
49 -50.6519 -99.8192 166.8886 -0.3385 0.9400 0.0431 0.6170 0.3121
49 -44.1884 -97.7330 172.1632 -0.1933 0.9146 -0.3552 0.6071 0.3131
49 -47.3437 -102.2042 148.8380 0.4597 0.8586 -0.2268 0.6284 0.3287
MRinSpiritualFinfameOn.jpg
49 -49.6944 -101.6639 175.1209 -0.1275 0.9329 -0.3367 0.6097 0.3043
49 -44.1884 -97.7330 172.1632 -0.1933 0.9146 -0.3552 0.6071 0.3131
49 -50.6519 -99.8192 166.8886 -0.3385 0.9400 0.0431 0.6170 0.3121
MRinSpiritualFinfameOn.jpg
49 -33.2747 -94.7378 176.1709 -0.2275 0.8032 -0.5506 0.5931 0.3188
49 -44.1884 -97.7330 172.1632 -0.1933 0.9146 -0.3552 0.6071 0.3131
49 -44.3836 -94.5461 183.4562 -0.2991 0.9211 -0.2493 0.5946 0.3001
MRinSpiritualFinfameOn.jpg
49 -50.1744 -97.8685 178.6821 -0.0313 0.9555 -0.2934 0.6050 0.2996
49 -44.1884 -97.7330 172.1632 -0.1933 0.9146 -0.3552 0.6071 0.3131
49 -49.6944 -101.6639 175.1209 -0.1275 0.9329 -0.3367 0.6097 0.3043
MRinSpiritualFinfameOn.jpg
49 -54.4081 -100.9642 159.6500 0.6202 0.7407 -0.2585 0.6274 0.2985
49 -50.1744 -97.8685 178.6821 -0.0313 0.9555 -0.2934 0.6050 0.2996
49 -49.6944 -101.6639 175.1209 -0.1275 0.9329 -0.3367 0.6097 0.3043
MRinSpiritualFinfameOn.jpg
49 -57.6213 -97.6081 172.4425 0.1215 0.9871 -0.1038 0.6149 0.2923
49 -50.1744 -97.8685 178.6821 -0.0313 0.9555 -0.2934 0.6050 0.2996
49 -54.4081 -100.9642 159.6500 0.6202 0.7407 -0.2585 0.6274 0.2985
MRinSpiritualFinfameOn.jpg
49 -55.8210 -97.6316 181.8300 0.1328 0.9768 -0.1679 0.6045 0.2912
49 -50.1744 -97.8685 178.6821 -0.0313 0.9555 -0.2934 0.6050 0.2996
49 -57.6213 -97.6081 172.4425 0.1215 0.9871 -0.1038 0.6149 0.2923
MRinSpiritualFinfameOn.jpg
49 -44.3836 -94.5461 183.4562 -0.2991 0.9211 -0.2493 0.5946 0.3001
49 -50.1744 -97.8685 178.6821 -0.0313 0.9555 -0.2934 0.6050 0.2996
49 -53.4328 -96.7423 186.9376 -0.0051 0.9968 -0.0800 0.5983 0.2907
MRinSpiritualFinfameOn.jpg
49 -53.4328 -96.7423 186.9376 -0.0051 0.9968 -0.0800 0.5983 0.2907
49 -50.1744 -97.8685 178.6821 -0.0313 0.9555 -0.2934 0.6050 0.2996
49 -55.8210 -97.6316 181.8300 0.1328 0.9768 -0.1679 0.6045 0.2912
MRinSpiritualFinfameOn.jpg
49 -61.0932 -94.2455 184.3782 0.3908 0.8585 -0.3322 0.6040 0.2829
49 -53.4328 -96.7423 186.9376 -0.0051 0.9968 -0.0800 0.5983 0.2907
49 -55.8210 -97.6316 181.8300 0.1328 0.9768 -0.1679 0.6045 0.2912
MRinSpiritualFinfameOn.jpg
49 -40.6109 -127.0228 204.8467 -0.7232 -0.4300 -0.5404 0.2481 0.6139
49 -36.4676 -124.0252 195.4780 -0.8447 -0.3444 -0.4098 0.1919 0.5894
49 -35.2967 -126.7607 199.7324 -0.3710 -0.8242 -0.4278 0.2049 0.5722
MRinSpiritualFinfameOn.jpg
49 -36.4676 -124.0252 195.4780 -0.8447 -0.3444 -0.4098 0.1919 0.5894
49 -40.6109 -127.0228 204.8467 -0.7232 -0.4300 -0.5404 0.2481 0.6139
49 -38.0904 -124.3843 200.2322 -0.7663 -0.3455 -0.5417 0.2142 0.6154
MRinSpiritualFinfameOn.jpg
49 -39.0596 -119.6185 196.8195 -0.6761 -0.5149 -0.5271 0.1841 0.6310
49 -36.4676 -124.0252 195.4780 -0.8447 -0.3444 -0.4098 0.1919 0.5894
49 -38.0904 -124.3843 200.2322 -0.7663 -0.3455 -0.5417 0.2142 0.6154
MRinSpiritualFinfameOn.jpg
49 -40.6109 -127.0228 204.8467 -0.7232 -0.4300 -0.5404 0.2481 0.6139
49 -41.2086 -119.3511 197.9666 -0.4754 -0.5888 -0.6537 0.1950 0.6404
49 -38.0904 -124.3843 200.2322 -0.7663 -0.3455 -0.5417 0.2142 0.6154
MRinSpiritualFinfameOn.jpg
49 -41.2086 -119.3511 197.9666 -0.4754 -0.5888 -0.6537 0.1950 0.6404
49 -39.0596 -119.6185 196.8195 -0.6761 -0.5149 -0.5271 0.1841 0.6310
49 -38.0904 -124.3843 200.2322 -0.7663 -0.3455 -0.5417 0.2142 0.6154
MRinSpiritualFinfameOn.jpg
23 -20.8335 -30.8977 113.7753 -0.4469 -0.6940 -0.5646 0.2023 0.4578
23 -21.0805 -31.6842 121.6786 -0.5242 -0.8392 -0.1449 0.2090 0.4447
23 -25.4716 -19.0902 110.2613 -0.7026 -0.4095 -0.5819 0.2174 0.4760
MRinSpiritualFinfameOn.jpg
23 -25.4716 -19.0902 110.2613 -0.7026 -0.4095 -0.5819 0.2174 0.4760
23 -11.2689 -14.8674 101.8604 -0.2644 -0.3834 -0.8849 0.1955 0.4978
23 -20.8335 -30.8977 113.7753 -0.4469 -0.6940 -0.5646 0.2023 0.4578
MRinSpiritualFinfameOn.jpg
23 -14.6760 -8.4273 102.6979 -0.4737 -0.1374 -0.8699 0.2064 0.5046
23 -11.2689 -14.8674 101.8604 -0.2644 -0.3834 -0.8849 0.1955 0.4978
23 -25.4716 -19.0902 110.2613 -0.7026 -0.4095 -0.5819 0.2174 0.4760
MRinSpiritualFinfameOn.jpg
23 -25.4716 -19.0902 110.2613 -0.7026 -0.4095 -0.5819 0.2174 0.4760
23 -21.0805 -31.6842 121.6786 -0.5242 -0.8392 -0.1449 0.2090 0.4447
23 -31.7960 -16.5247 120.6477 -0.8391 -0.5360 -0.0929 0.2366 0.4640
MRinSpiritualFinfameOn.jpg
23 -33.4171 -13.0193 136.1674 -0.9277 -0.3471 0.1374 0.2564 0.4437
23 -30.5599 15.9799 141.6449 -0.9699 0.0859 0.2277 0.3069 0.4583
23 -35.4512 -9.0261 130.2415 -0.9825 -0.0959 0.1598 0.2579 0.4572
MRinSpiritualFinfameOn.jpg
25 -36.4626 8.4642 139.8929 0.2199 -0.9382 0.2674 0.5577 0.1736
23 -27.5839 19.1147 150.5171 0.2858 0.2475 0.9258 0.5285 0.1377
25 -46.0515 5.5397 137.5171 -0.3687 -0.6642 0.6503 0.5821 0.1721
MRinSpiritualFinfameOn.jpg
25 -37.1159 27.3577 136.9181 0.2114 0.7978 0.5647 0.5821 0.1721
23 -27.5839 19.1147 150.5171 0.2858 0.2475 0.9258 0.5285 0.1377
25 -32.1482 19.0120 139.6013 0.8240 0.5428 0.1627 0.5577 0.1736
MRinSpiritualFinfameOn.jpg
23 -33.8416 -17.2800 134.1523 -0.8995 -0.4195 0.1220 0.7622 0.9885
23 -39.6245 -1.6220 145.3542 -0.8239 -0.4462 0.3494 0.7949 0.9885
23 -36.2347 -14.0434 127.6298 -0.8776 -0.4549 0.1510 0.7616 0.9646
MRinSpiritualFinfameOn.jpg
23 -42.0626 0.9642 140.8131 -0.8720 -0.4380 0.2186 0.7949 0.9646
23 -36.2347 -14.0434 127.6298 -0.8776 -0.4549 0.1510 0.7616 0.9646
23 -39.6245 -1.6220 145.3542 -0.8239 -0.4462 0.3494 0.7949 0.9885
MRinSpiritualFinfameOn.jpg
23 -42.0626 0.9642 140.8131 -0.8720 -0.4380 0.2186 0.7949 0.9646
23 -39.6245 -1.6220 145.3542 -0.8239 -0.4462 0.3494 0.7949 0.9885
23 -47.3839 20.7295 152.0802 -0.5547 -0.3607 0.7498 0.8314 0.9646
MRinSpiritualFinfameOn.jpg
23 -41.4329 18.2168 154.5768 -0.4753 -0.3059 0.8249 0.8314 0.9885
23 -47.3839 20.7295 152.0802 -0.5547 -0.3607 0.7498 0.8314 0.9646
23 -39.6245 -1.6220 145.3542 -0.8239 -0.4462 0.3494 0.7949 0.9885
MRinSpiritualFinfameOn.jpg
23 -41.4329 18.2168 154.5768 -0.4753 -0.3059 0.8249 0.8314 0.9885
23 -37.8922 36.1191 160.6332 -0.2727 -0.2143 0.9379 0.8652 0.9885
23 -47.3839 20.7295 152.0802 -0.5547 -0.3607 0.7498 0.8314 0.9646
MRinSpiritualFinfameOn.jpg
23 -44.6466 39.3665 160.1074 -0.0995 -0.3203 0.9421 0.8652 0.9646
23 -47.3839 20.7295 152.0802 -0.5547 -0.3607 0.7498 0.8314 0.9646
23 -37.8922 36.1191 160.6332 -0.2727 -0.2143 0.9379 0.8652 0.9885
MRinSpiritualFinfameOn.jpg
23 -37.8922 36.1191 160.6332 -0.2727 -0.2143 0.9379 0.8652 0.9885
23 -26.9680 45.6656 162.5695 -0.0240 -0.4432 0.8961 0.9011 0.9885
23 -44.6466 39.3665 160.1074 -0.0995 -0.3203 0.9421 0.8652 0.9646
MRinSpiritualFinfameOn.jpg
23 -28.8976 52.7072 166.8882 0.0099 -0.5208 0.8536 0.9011 0.9646
23 -44.6466 39.3665 160.1074 -0.0995 -0.3203 0.9421 0.8652 0.9646
23 -26.9680 45.6656 162.5695 -0.0240 -0.4432 0.8961 0.9011 0.9885
MRinSpiritualFinfameOn.jpg
23 -28.8976 52.7072 166.8882 0.0099 -0.5208 0.8536 0.9011 0.9646
23 -26.9680 45.6656 162.5695 -0.0240 -0.4432 0.8961 0.9011 0.9885
23 -9.5663 51.4188 167.0425 -0.0841 -0.5675 0.8191 0.9380 0.9646
MRinSpiritualFinfameOn.jpg
23 -11.5516 45.7660 162.6701 -0.1482 -0.6093 0.7789 0.9380 0.9885
23 -9.5663 51.4188 167.0425 -0.0841 -0.5675 0.8191 0.9380 0.9646
23 -26.9680 45.6656 162.5695 -0.0240 -0.4432 0.8961 0.9011 0.9885
MRinSpiritualFinfameOn.jpg
23 -9.5663 51.4188 167.0425 -0.0841 -0.5675 0.8191 0.9380 0.9646
23 -11.5516 45.7660 162.6701 -0.1482 -0.6093 0.7789 0.9380 0.9885
23 6.3690 40.4590 163.6537 -0.3044 -0.5614 0.7695 0.9713 0.9646
MRinSpiritualFinfameOn.jpg
23 2.8285 36.9116 159.3070 -0.4490 -0.5796 0.6800 0.9713 0.9885
23 6.3690 40.4590 163.6537 -0.3044 -0.5614 0.7695 0.9713 0.9646
23 -11.5516 45.7660 162.6701 -0.1482 -0.6093 0.7789 0.9380 0.9885
MRinSpiritualFinfameOn.jpg
23 10.2745 28.4675 158.6956 -0.5493 -0.5311 0.6451 0.9844 0.9646
23 6.3690 40.4590 163.6537 -0.3044 -0.5614 0.7695 0.9713 0.9646
23 2.8285 36.9116 159.3070 -0.4490 -0.5796 0.6800 0.9713 0.9885
MRinSpiritualFinfameOn.jpg
23 10.2745 28.4675 158.6956 -0.5493 -0.5311 0.6451 0.9844 0.9646
23 2.8285 36.9116 159.3070 -0.4490 -0.5796 0.6800 0.9713 0.9885
23 4.4479 32.2232 155.9539 -0.6220 -0.5862 0.5191 0.9844 0.9885
MRinSpiritualFinfameOn.jpg
23 -33.8889 -17.3372 133.7614 0.8995 0.4195 -0.1220 0.7622 0.9885
23 -36.2820 -14.1006 127.2388 0.8776 0.4549 -0.1510 0.7616 0.9646
23 -39.6718 -1.6792 144.9632 0.8238 0.4463 -0.3496 0.7949 0.9885
MRinSpiritualFinfameOn.jpg
23 -42.1099 0.9070 140.4222 0.8719 0.4381 -0.2186 0.7949 0.9646
23 -39.6718 -1.6792 144.9632 0.8238 0.4463 -0.3496 0.7949 0.9885
23 -36.2820 -14.1006 127.2388 0.8776 0.4549 -0.1510 0.7616 0.9646
MRinSpiritualFinfameOn.jpg
23 -42.1099 0.9070 140.4222 0.8719 0.4381 -0.2186 0.7949 0.9646
23 -47.4303 20.6733 151.6981 0.5543 0.3607 -0.7501 0.8314 0.9646
23 -39.6718 -1.6792 144.9632 0.8238 0.4463 -0.3496 0.7949 0.9885
MRinSpiritualFinfameOn.jpg
23 -41.4802 18.1596 154.1859 0.4744 0.3062 -0.8253 0.8314 0.9885
23 -39.6718 -1.6792 144.9632 0.8238 0.4463 -0.3496 0.7949 0.9885
23 -47.4303 20.6733 151.6981 0.5543 0.3607 -0.7501 0.8314 0.9646
MRinSpiritualFinfameOn.jpg
23 -41.4802 18.1596 154.1859 0.4744 0.3062 -0.8253 0.8314 0.9885
23 -47.4303 20.6733 151.6981 0.5543 0.3607 -0.7501 0.8314 0.9646
23 -37.9395 36.0619 160.2423 0.2724 0.2144 -0.9380 0.8652 0.9885
MRinSpiritualFinfameOn.jpg
23 -44.6939 39.3093 159.7164 0.0997 0.3204 -0.9420 0.8652 0.9646
23 -37.9395 36.0619 160.2423 0.2724 0.2144 -0.9380 0.8652 0.9885
23 -47.4303 20.6733 151.6981 0.5543 0.3607 -0.7501 0.8314 0.9646
MRinSpiritualFinfameOn.jpg
23 -37.9395 36.0619 160.2423 0.2724 0.2144 -0.9380 0.8652 0.9885
23 -44.6939 39.3093 159.7164 0.0997 0.3204 -0.9420 0.8652 0.9646
23 -27.0144 45.6093 162.1874 0.0239 0.4432 -0.8961 0.9011 0.9885
MRinSpiritualFinfameOn.jpg
23 -28.9440 52.6510 166.5062 -0.0101 0.5208 -0.8536 0.9011 0.9646
23 -27.0144 45.6093 162.1874 0.0239 0.4432 -0.8961 0.9011 0.9885
23 -44.6939 39.3093 159.7164 0.0997 0.3204 -0.9420 0.8652 0.9646
MRinSpiritualFinfameOn.jpg
23 -28.9440 52.6510 166.5062 -0.0101 0.5208 -0.8536 0.9011 0.9646
23 -9.6089 51.3692 166.6503 0.0837 0.5670 -0.8194 0.9380 0.9646
23 -27.0144 45.6093 162.1874 0.0239 0.4432 -0.8961 0.9011 0.9885
MRinSpiritualFinfameOn.jpg
23 -11.5989 45.7088 162.2791 0.1480 0.6090 -0.7793 0.9380 0.9885
23 -27.0144 45.6093 162.1874 0.0239 0.4432 -0.8961 0.9011 0.9885
23 -9.6089 51.3692 166.6503 0.0837 0.5670 -0.8194 0.9380 0.9646
MRinSpiritualFinfameOn.jpg
23 -9.6089 51.3692 166.6503 0.0837 0.5670 -0.8194 0.9380 0.9646
23 6.3217 40.4018 163.2627 0.3044 0.5611 -0.7697 0.9713 0.9646
23 -11.5989 45.7088 162.2791 0.1480 0.6090 -0.7793 0.9380 0.9885
MRinSpiritualFinfameOn.jpg
23 2.7812 36.8544 158.9160 0.4493 0.5794 -0.6800 0.9713 0.9885
23 -11.5989 45.7088 162.2791 0.1480 0.6090 -0.7793 0.9380 0.9885
23 6.3217 40.4018 163.2627 0.3044 0.5611 -0.7697 0.9713 0.9646
MRinSpiritualFinfameOn.jpg
23 2.7812 36.8544 158.9160 0.4493 0.5794 -0.6800 0.9713 0.9885
23 6.3217 40.4018 163.2627 0.3044 0.5611 -0.7697 0.9713 0.9646
23 10.2280 28.4112 158.3135 0.5498 0.5309 -0.6449 0.9844 0.9646
MRinSpiritualFinfameOn.jpg
23 4.4006 32.1660 155.5629 0.6225 0.5860 -0.5187 0.9844 0.9885
23 2.7812 36.8544 158.9160 0.4493 0.5794 -0.6800 0.9713 0.9885
23 10.2280 28.4112 158.3135 0.5498 0.5309 -0.6449 0.9844 0.9646
MRinSpiritualFinfameOn.jpg
38 -114.9664 45.6612 189.7358 0.1304 -0.5172 0.8459 0.2772 0.4760
38 -124.8024 38.6545 185.4750 -0.5618 -0.5737 0.5961 0.2527 0.4968
38 -120.6944 36.3600 183.7690 0.0353 -0.5549 0.8312 0.2501 0.4801
MRinSpiritualFinfameOn.jpg
38 -122.5927 53.1317 195.9131 0.2054 -0.5831 0.7860 0.2970 0.4973
38 -124.8024 38.6545 185.4750 -0.5618 -0.5737 0.5961 0.2527 0.4968
38 -114.9664 45.6612 189.7358 0.1304 -0.5172 0.8459 0.2772 0.4760
MRinSpiritualFinfameOn.jpg
38 -124.8024 38.6545 185.4750 -0.5618 -0.5737 0.5961 0.2527 0.4968
38 -122.5927 53.1317 195.9131 0.2054 -0.5831 0.7860 0.2970 0.4973
38 -127.7385 50.0009 193.2099 -0.7524 -0.6230 0.2140 0.2881 0.5119
MRinSpiritualFinfameOn.jpg
38 -135.3072 59.3462 204.6526 -0.5470 -0.8352 0.0565 0.3350 0.5108
38 -127.7385 50.0009 193.2099 -0.7524 -0.6230 0.2140 0.2881 0.5119
38 -122.5927 53.1317 195.9131 0.2054 -0.5831 0.7860 0.2970 0.4973
MRinSpiritualFinfameOn.jpg
38 -130.9307 59.5448 207.6465 0.4531 -0.7576 0.4699 0.3365 0.4947
38 -135.3072 59.3462 204.6526 -0.5470 -0.8352 0.0565 0.3350 0.5108
38 -122.5927 53.1317 195.9131 0.2054 -0.5831 0.7860 0.2970 0.4973
MRinSpiritualFinfameOn.jpg
38 -130.9307 59.5448 207.6465 0.4531 -0.7576 0.4699 0.3365 0.4947
38 -135.9787 61.1773 221.0957 0.6396 -0.7543 -0.1479 0.3797 0.4848
38 -135.3072 59.3462 204.6526 -0.5470 -0.8352 0.0565 0.3350 0.5108
MRinSpiritualFinfameOn.jpg
38 -124.8024 38.6545 185.4750 -0.5618 -0.5737 0.5961 0.2527 0.4968
38 -127.7385 50.0009 193.2099 -0.7524 -0.6230 0.2140 0.2881 0.5119
38 -125.6461 52.8969 181.5449 -0.9084 0.0347 -0.4167 0.2642 0.5379
MRinSpiritualFinfameOn.jpg
38 -124.8024 38.6545 185.4750 -0.5618 -0.5737 0.5961 0.2527 0.4968
38 -125.6461 52.8969 181.5449 -0.9084 0.0347 -0.4167 0.2642 0.5379
38 -121.8555 42.3337 170.4418 -0.9340 0.0381 -0.3552 0.2319 0.5296
MRinSpiritualFinfameOn.jpg
38 -121.8555 42.3337 170.4418 -0.9340 0.0381 -0.3552 0.2319 0.5296
38 -125.6461 52.8969 181.5449 -0.9084 0.0347 -0.4167 0.2642 0.5379
38 -116.8892 55.8331 166.9463 -0.4877 0.7749 -0.4021 0.2418 0.5629
MRinSpiritualFinfameOn.jpg
38 -116.8892 55.8331 166.9463 -0.4877 0.7749 -0.4021 0.2418 0.5629
38 -125.6461 52.8969 181.5449 -0.9084 0.0347 -0.4167 0.2642 0.5379
38 -123.1002 58.6692 181.6260 -0.3067 0.6572 -0.6885 0.2683 0.5540
MRinSpiritualFinfameOn.jpg
38 -125.6461 52.8969 181.5449 -0.9084 0.0347 -0.4167 0.2642 0.5379
38 -130.0447 58.7947 187.0921 -0.7645 -0.2985 -0.5714 0.2897 0.5441
38 -123.1002 58.6692 181.6260 -0.3067 0.6572 -0.6885 0.2683 0.5540
MRinSpiritualFinfameOn.jpg
38 -135.3072 59.3462 204.6526 -0.5470 -0.8352 0.0565 0.3350 0.5108
38 -130.0447 58.7947 187.0921 -0.7645 -0.2985 -0.5714 0.2897 0.5441
38 -127.7385 50.0009 193.2099 -0.7524 -0.6230 0.2140 0.2881 0.5119
MRinSpiritualFinfameOn.jpg
38 -125.6461 52.8969 181.5449 -0.9084 0.0347 -0.4167 0.2642 0.5379
38 -127.7385 50.0009 193.2099 -0.7524 -0.6230 0.2140 0.2881 0.5119
38 -130.0447 58.7947 187.0921 -0.7645 -0.2985 -0.5714 0.2897 0.5441
MRinSpiritualFinfameOn.jpg
38 -123.1002 58.6692 181.6260 -0.3067 0.6572 -0.6885 0.2683 0.5540
38 -130.0447 58.7947 187.0921 -0.7645 -0.2985 -0.5714 0.2897 0.5441
38 -127.4094 63.2839 183.9652 0.2238 0.0788 -0.9715 0.2829 0.5592
MRinSpiritualFinfameOn.jpg
38 -130.0447 58.7947 187.0921 -0.7645 -0.2985 -0.5714 0.2897 0.5441
38 -134.0692 65.0375 186.3519 -0.7360 -0.5046 -0.4514 0.3017 0.5613
38 -127.4094 63.2839 183.9652 0.2238 0.0788 -0.9715 0.2829 0.5592
MRinSpiritualFinfameOn.jpg
38 -134.0692 65.0375 186.3519 -0.7360 -0.5046 -0.4514 0.3017 0.5613
38 -130.0447 58.7947 187.0921 -0.7645 -0.2985 -0.5714 0.2897 0.5441
38 -135.3072 59.3462 204.6526 -0.5470 -0.8352 0.0565 0.3350 0.5108
MRinSpiritualFinfameOn.jpg
38 -127.4094 63.2839 183.9652 0.2238 0.0788 -0.9715 0.2829 0.5592
38 -134.0692 65.0375 186.3519 -0.7360 -0.5046 -0.4514 0.3017 0.5613
38 -129.1062 66.5105 180.7726 0.6343 -0.7646 -0.1139 0.2840 0.5707
MRinSpiritualFinfameOn.jpg
38 -141.8443 61.0210 225.9431 -0.7233 -0.6350 -0.2713 0.4036 0.4911
38 -135.3072 59.3462 204.6526 -0.5470 -0.8352 0.0565 0.3350 0.5108
38 -135.9787 61.1773 221.0957 0.6396 -0.7543 -0.1479 0.3797 0.4848
MRinSpiritualFinfameOn.jpg
38 -127.2372 53.1116 212.7293 0.0297 0.3391 -0.9403 0.3495 0.4526
38 -141.8443 61.0210 225.9431 -0.7233 -0.6350 -0.2713 0.4036 0.4911
38 -135.9787 61.1773 221.0957 0.6396 -0.7543 -0.1479 0.3797 0.4848
MRinSpiritualFinfameOn.jpg
38 -127.2372 53.1116 212.7293 0.0297 0.3391 -0.9403 0.3495 0.4526
38 -136.9647 57.0554 236.1654 0.6326 -0.6299 -0.4506 0.4255 0.4619
38 -141.8443 61.0210 225.9431 -0.7233 -0.6350 -0.2713 0.4036 0.4911
MRinSpiritualFinfameOn.jpg
38 -134.0692 65.0375 186.3519 -0.7360 -0.5046 -0.4514 0.3017 0.5613
38 -129.1351 66.9024 172.2634 -0.1990 -0.9445 -0.2615 0.2746 0.5894
38 -129.1062 66.5105 180.7726 0.6343 -0.7646 -0.1139 0.2840 0.5707
MRinSpiritualFinfameOn.jpg
38 -127.3351 66.7285 173.5634 0.6350 -0.7668 -0.0935 0.2725 0.5842
38 -129.1062 66.5105 180.7726 0.6343 -0.7646 -0.1139 0.2840 0.5707
38 -129.1351 66.9024 172.2634 -0.1990 -0.9445 -0.2615 0.2746 0.5894
MRinSpiritualFinfameOn.jpg
38 -127.3351 66.7285 173.5634 0.6350 -0.7668 -0.0935 0.2725 0.5842
38 -129.1351 66.9024 172.2634 -0.1990 -0.9445 -0.2615 0.2746 0.5894
38 -127.4492 68.3393 169.1862 -0.2115 0.5694 -0.7944 0.2699 0.5972
MRinSpiritualFinfameOn.jpg
38 -129.1351 66.9024 172.2634 -0.1990 -0.9445 -0.2615 0.2746 0.5894
38 -134.0692 65.0375 186.3519 -0.7360 -0.5046 -0.4514 0.3017 0.5613
38 -127.4492 68.3393 169.1862 -0.2115 0.5694 -0.7944 0.2699 0.5972
MRinSpiritualFinfameOn.jpg
38 -138.7895 75.5813 189.8684 -0.5830 0.7933 -0.1754 0.3261 0.5774
38 -135.3072 59.3462 204.6526 -0.5470 -0.8352 0.0565 0.3350 0.5108
38 -141.8443 61.0210 225.9431 -0.7233 -0.6350 -0.2713 0.4036 0.4911
MRinSpiritualFinfameOn.jpg
38 -127.4492 68.3393 169.1862 -0.2115 0.5694 -0.7944 0.2699 0.5972
38 -134.0692 65.0375 186.3519 -0.7360 -0.5046 -0.4514 0.3017 0.5613
38 -138.7895 75.5813 189.8684 -0.5830 0.7933 -0.1754 0.3261 0.5774
MRinSpiritualFinfameOn.jpg
38 -134.0692 65.0375 186.3519 -0.7360 -0.5046 -0.4514 0.3017 0.5613
38 -135.3072 59.3462 204.6526 -0.5470 -0.8352 0.0565 0.3350 0.5108
38 -138.7895 75.5813 189.8684 -0.5830 0.7933 -0.1754 0.3261 0.5774
MRinSpiritualFinfameOn.jpg
38 -138.7895 75.5813 189.8684 -0.5830 0.7933 -0.1754 0.3261 0.5774
38 -141.8443 61.0210 225.9431 -0.7233 -0.6350 -0.2713 0.4036 0.4911
38 -148.6361 69.5472 242.4120 -0.6385 0.7610 0.1152 0.4609 0.5041
MRinSpiritualFinfameOn.jpg
38 -136.9647 57.0554 236.1654 0.6326 -0.6299 -0.4506 0.4255 0.4619
38 -145.6003 59.6755 242.9447 -0.8218 -0.5037 -0.2663 0.4541 0.4760
38 -141.8443 61.0210 225.9431 -0.7233 -0.6350 -0.2713 0.4036 0.4911
MRinSpiritualFinfameOn.jpg
38 -141.8443 61.0210 225.9431 -0.7233 -0.6350 -0.2713 0.4036 0.4911
38 -145.6003 59.6755 242.9447 -0.8218 -0.5037 -0.2663 0.4541 0.4760
38 -148.6361 69.5472 242.4120 -0.6385 0.7610 0.1152 0.4609 0.5041
MRinSpiritualFinfameOn.jpg
38 -132.9923 52.5915 234.6409 0.6257 -0.6153 -0.4795 0.4182 0.4463
38 -145.6003 59.6755 242.9447 -0.8218 -0.5037 -0.2663 0.4541 0.4760
38 -136.9647 57.0554 236.1654 0.6326 -0.6299 -0.4506 0.4255 0.4619
MRinSpiritualFinfameOn.jpg
38 -146.7654 60.1688 261.7299 -0.6303 0.6160 0.4725 0.5062 0.4650
38 -148.6361 69.5472 242.4120 -0.6385 0.7610 0.1152 0.4609 0.5041
38 -145.6003 59.6755 242.9447 -0.8218 -0.5037 -0.2663 0.4541 0.4760
MRinSpiritualFinfameOn.jpg
38 -132.9923 52.5915 234.6409 0.6257 -0.6153 -0.4795 0.4182 0.4463
38 -145.4297 54.7047 256.0097 -0.6231 -0.7511 -0.2180 0.4869 0.4536
38 -145.6003 59.6755 242.9447 -0.8218 -0.5037 -0.2663 0.4541 0.4760
MRinSpiritualFinfameOn.jpg
38 -145.4297 54.7047 256.0097 -0.6231 -0.7511 -0.2180 0.4869 0.4536
38 -146.7654 60.1688 261.7299 -0.6303 0.6160 0.4725 0.5062 0.4650
38 -145.6003 59.6755 242.9447 -0.8218 -0.5037 -0.2663 0.4541 0.4760
MRinSpiritualFinfameOn.jpg
38 -145.4297 54.7047 256.0097 -0.6231 -0.7511 -0.2180 0.4869 0.4536
38 -132.9923 52.5915 234.6409 0.6257 -0.6153 -0.4795 0.4182 0.4463
38 -138.6841 53.4847 252.0643 0.6175 -0.7865 0.0094 0.4682 0.4406
MRinSpiritualFinfameOn.jpg
38 -138.6841 53.4847 252.0643 0.6175 -0.7865 0.0094 0.4682 0.4406
38 -138.3695 47.4075 267.5432 0.6304 -0.6185 -0.4691 0.5067 0.4161
38 -145.4297 54.7047 256.0097 -0.6231 -0.7511 -0.2180 0.4869 0.4536
MRinSpiritualFinfameOn.jpg
38 -145.4297 54.7047 256.0097 -0.6231 -0.7511 -0.2180 0.4869 0.4536
38 -143.4425 47.2504 269.4538 -0.8141 -0.5771 -0.0647 0.5186 0.4255
38 -146.7654 60.1688 261.7299 -0.6303 0.6160 0.4725 0.5062 0.4650
MRinSpiritualFinfameOn.jpg
38 -143.4425 47.2504 269.4538 -0.8141 -0.5771 -0.0647 0.5186 0.4255
38 -145.4297 54.7047 256.0097 -0.6231 -0.7511 -0.2180 0.4869 0.4536
38 -138.3695 47.4075 267.5432 0.6304 -0.6185 -0.4691 0.5067 0.4161
MRinSpiritualFinfameOn.jpg
38 -142.4114 50.4835 273.0252 -0.5324 0.3745 0.7592 0.5311 0.4307
38 -146.7654 60.1688 261.7299 -0.6303 0.6160 0.4725 0.5062 0.4650
38 -143.4425 47.2504 269.4538 -0.8141 -0.5771 -0.0647 0.5186 0.4255
MRinSpiritualFinfameOn.jpg
38 -142.4114 50.4835 273.0252 -0.5324 0.3745 0.7592 0.5311 0.4307
38 -143.4425 47.2504 269.4538 -0.8141 -0.5771 -0.0647 0.5186 0.4255
38 -133.4736 35.7777 282.1465 0.1869 -0.5670 0.8022 0.5447 0.3792
MRinSpiritualFinfameOn.jpg
38 -133.4736 35.7777 282.1465 0.1869 -0.5670 0.8022 0.5447 0.3792
38 -143.4425 47.2504 269.4538 -0.8141 -0.5771 -0.0647 0.5186 0.4255
38 -138.3695 47.4075 267.5432 0.6304 -0.6185 -0.4691 0.5067 0.4161
MRinSpiritualFinfameOn.jpg
38 -114.9664 45.6612 189.7358 0.1304 -0.5172 0.8459 0.2772 0.4760
38 -105.4586 53.8428 191.7887 0.4072 0.1840 0.8946 0.2491 0.4942
38 -122.5927 53.1317 195.9131 0.2054 -0.5831 0.7860 0.2970 0.4973
MRinSpiritualFinfameOn.jpg
38 -103.4747 49.8895 189.3999 0.1867 -0.4377 0.8795 0.2501 0.4801
38 -105.4586 53.8428 191.7887 0.4072 0.1840 0.8946 0.2491 0.4942
38 -114.9664 45.6612 189.7358 0.1304 -0.5172 0.8459 0.2772 0.4760
MRinSpiritualFinfameOn.jpg
38 -117.9627 57.6703 196.4017 0.6341 0.4711 0.6132 0.2881 0.5119
38 -122.5927 53.1317 195.9131 0.2054 -0.5831 0.7860 0.2970 0.4973
38 -105.4586 53.8428 191.7887 0.4072 0.1840 0.8946 0.2491 0.4942
MRinSpiritualFinfameOn.jpg
38 -122.5927 53.1317 195.9131 0.2054 -0.5831 0.7860 0.2970 0.4973
38 -129.0528 64.2580 206.6971 0.8534 0.2629 0.4501 0.3350 0.5108
38 -130.9307 59.5448 207.6465 0.4531 -0.7576 0.4699 0.3365 0.4947
MRinSpiritualFinfameOn.jpg
38 -130.9307 59.5448 207.6465 0.4531 -0.7576 0.4699 0.3365 0.4947
38 -129.0528 64.2580 206.6971 0.8534 0.2629 0.4501 0.3350 0.5108
38 -135.9787 61.1773 221.0957 0.6396 -0.7543 -0.1479 0.3797 0.4848
MRinSpiritualFinfameOn.jpg
38 -122.5927 53.1317 195.9131 0.2054 -0.5831 0.7860 0.2970 0.4973
38 -117.9627 57.6703 196.4017 0.6341 0.4711 0.6132 0.2881 0.5119
38 -129.0528 64.2580 206.6971 0.8534 0.2629 0.4501 0.3350 0.5108
MRinSpiritualFinfameOn.jpg
38 -123.1002 58.6692 181.6260 -0.3067 0.6572 -0.6885 0.2683 0.5540
38 -117.2843 59.4564 184.2736 0.2744 0.9574 -0.0894 0.2642 0.5379
38 -116.8892 55.8331 166.9463 -0.4877 0.7749 -0.4021 0.2418 0.5629
MRinSpiritualFinfameOn.jpg
38 -117.2843 59.4564 184.2736 0.2744 0.9574 -0.0894 0.2642 0.5379
38 -117.9627 57.6703 196.4017 0.6341 0.4711 0.6132 0.2881 0.5119
38 -105.4586 53.8428 191.7887 0.4072 0.1840 0.8946 0.2491 0.4942
MRinSpiritualFinfameOn.jpg
38 -116.8892 55.8331 166.9463 -0.4877 0.7749 -0.4021 0.2418 0.5629
38 -117.2843 59.4564 184.2736 0.2744 0.9574 -0.0894 0.2642 0.5379
38 -104.5976 55.8783 176.0678 0.2529 0.9670 -0.0307 0.2288 0.5249
MRinSpiritualFinfameOn.jpg
38 -104.5976 55.8783 176.0678 0.2529 0.9670 -0.0307 0.2288 0.5249
38 -117.2843 59.4564 184.2736 0.2744 0.9574 -0.0894 0.2642 0.5379
38 -105.4586 53.8428 191.7887 0.4072 0.1840 0.8946 0.2491 0.4942
MRinSpiritualFinfameOn.jpg
38 -123.7855 63.6991 189.1346 0.6012 0.7781 -0.1819 0.2897 0.5441
38 -117.9627 57.6703 196.4017 0.6341 0.4711 0.6132 0.2881 0.5119
38 -117.2843 59.4564 184.2736 0.2744 0.9574 -0.0894 0.2642 0.5379
MRinSpiritualFinfameOn.jpg
38 -127.4094 63.2839 183.9652 0.2238 0.0788 -0.9715 0.2829 0.5592
38 -123.7855 63.6991 189.1346 0.6012 0.7781 -0.1819 0.2897 0.5441
38 -123.1002 58.6692 181.6260 -0.3067 0.6572 -0.6885 0.2683 0.5540
MRinSpiritualFinfameOn.jpg
38 -117.9627 57.6703 196.4017 0.6341 0.4711 0.6132 0.2881 0.5119
38 -123.7855 63.6991 189.1346 0.6012 0.7781 -0.1819 0.2897 0.5441
38 -129.0528 64.2580 206.6971 0.8534 0.2629 0.4501 0.3350 0.5108
MRinSpiritualFinfameOn.jpg
38 -123.1002 58.6692 181.6260 -0.3067 0.6572 -0.6885 0.2683 0.5540
38 -123.7855 63.6991 189.1346 0.6012 0.7781 -0.1819 0.2897 0.5441
38 -117.2843 59.4564 184.2736 0.2744 0.9574 -0.0894 0.2642 0.5379
MRinSpiritualFinfameOn.jpg
38 -138.7895 75.5813 189.8684 -0.5830 0.7933 -0.1754 0.3261 0.5774
38 -128.6675 69.2696 188.1098 0.7432 0.6679 -0.0400 0.3017 0.5613
38 -127.4492 68.3393 169.1862 -0.2115 0.5694 -0.7944 0.2699 0.5972
MRinSpiritualFinfameOn.jpg
38 -138.7895 75.5813 189.8684 -0.5830 0.7933 -0.1754 0.3261 0.5774
38 -129.0528 64.2580 206.6971 0.8534 0.2629 0.4501 0.3350 0.5108
38 -128.6675 69.2696 188.1098 0.7432 0.6679 -0.0400 0.3017 0.5613
MRinSpiritualFinfameOn.jpg
38 -127.4094 63.2839 183.9652 0.2238 0.0788 -0.9715 0.2829 0.5592
38 -128.6675 69.2696 188.1098 0.7432 0.6679 -0.0400 0.3017 0.5613
38 -123.7855 63.6991 189.1346 0.6012 0.7781 -0.1819 0.2897 0.5441
MRinSpiritualFinfameOn.jpg
38 -129.1062 66.5105 180.7726 0.6343 -0.7646 -0.1139 0.2840 0.5707
38 -128.6675 69.2696 188.1098 0.7432 0.6679 -0.0400 0.3017 0.5613
38 -127.4094 63.2839 183.9652 0.2238 0.0788 -0.9715 0.2829 0.5592
MRinSpiritualFinfameOn.jpg
38 -129.0528 64.2580 206.6971 0.8534 0.2629 0.4501 0.3350 0.5108
38 -123.7855 63.6991 189.1346 0.6012 0.7781 -0.1819 0.2897 0.5441
38 -128.6675 69.2696 188.1098 0.7432 0.6679 -0.0400 0.3017 0.5613
MRinSpiritualFinfameOn.jpg
38 -136.4400 65.2645 227.7063 0.8042 0.5720 0.1614 0.4036 0.4911
38 -135.9787 61.1773 221.0957 0.6396 -0.7543 -0.1479 0.3797 0.4848
38 -129.0528 64.2580 206.6971 0.8534 0.2629 0.4501 0.3350 0.5108
MRinSpiritualFinfameOn.jpg
38 -135.9787 61.1773 221.0957 0.6396 -0.7543 -0.1479 0.3797 0.4848
38 -136.4400 65.2645 227.7063 0.8042 0.5720 0.1614 0.4036 0.4911
38 -127.2372 53.1116 212.7293 0.0297 0.3391 -0.9403 0.3495 0.4526
MRinSpiritualFinfameOn.jpg
38 -136.4400 65.2645 227.7063 0.8042 0.5720 0.1614 0.4036 0.4911
38 -136.9647 57.0554 236.1654 0.6326 -0.6299 -0.4506 0.4255 0.4619
38 -127.2372 53.1116 212.7293 0.0297 0.3391 -0.9403 0.3495 0.4526
MRinSpiritualFinfameOn.jpg
38 -136.4400 65.2645 227.7063 0.8042 0.5720 0.1614 0.4036 0.4911
38 -129.0528 64.2580 206.6971 0.8534 0.2629 0.4501 0.3350 0.5108
38 -138.7895 75.5813 189.8684 -0.5830 0.7933 -0.1754 0.3261 0.5774
MRinSpiritualFinfameOn.jpg
38 -148.6361 69.5472 242.4120 -0.6385 0.7610 0.1152 0.4609 0.5041
38 -136.4400 65.2645 227.7063 0.8042 0.5720 0.1614 0.4036 0.4911
38 -138.7895 75.5813 189.8684 -0.5830 0.7933 -0.1754 0.3261 0.5774
MRinSpiritualFinfameOn.jpg
38 -127.3351 66.7285 173.5634 0.6350 -0.7668 -0.0935 0.2725 0.5842
38 -126.7906 68.7383 173.0299 0.9980 0.0043 0.0624 0.2746 0.5894
38 -129.1062 66.5105 180.7726 0.6343 -0.7646 -0.1139 0.2840 0.5707
MRinSpiritualFinfameOn.jpg
38 -128.6675 69.2696 188.1098 0.7432 0.6679 -0.0400 0.3017 0.5613
38 -129.1062 66.5105 180.7726 0.6343 -0.7646 -0.1139 0.2840 0.5707
38 -126.7906 68.7383 173.0299 0.9980 0.0043 0.0624 0.2746 0.5894
MRinSpiritualFinfameOn.jpg
38 -127.4492 68.3393 169.1862 -0.2115 0.5694 -0.7944 0.2699 0.5972
38 -128.6675 69.2696 188.1098 0.7432 0.6679 -0.0400 0.3017 0.5613
38 -126.7906 68.7383 173.0299 0.9980 0.0043 0.0624 0.2746 0.5894
MRinSpiritualFinfameOn.jpg
38 -127.4492 68.3393 169.1862 -0.2115 0.5694 -0.7944 0.2699 0.5972
38 -126.7906 68.7383 173.0299 0.9980 0.0043 0.0624 0.2746 0.5894
38 -127.3351 66.7285 173.5634 0.6350 -0.7668 -0.0935 0.2725 0.5842
MRinSpiritualFinfameOn.jpg
38 -148.6361 69.5472 242.4120 -0.6385 0.7610 0.1152 0.4609 0.5041
38 -140.1960 63.9190 244.7080 0.6959 0.6976 0.1703 0.4541 0.4760
38 -136.4400 65.2645 227.7063 0.8042 0.5720 0.1614 0.4036 0.4911
MRinSpiritualFinfameOn.jpg
38 -136.9647 57.0554 236.1654 0.6326 -0.6299 -0.4506 0.4255 0.4619
38 -140.1960 63.9190 244.7080 0.6959 0.6976 0.1703 0.4541 0.4760
38 -132.9923 52.5915 234.6409 0.6257 -0.6153 -0.4795 0.4182 0.4463
MRinSpiritualFinfameOn.jpg
38 -136.4400 65.2645 227.7063 0.8042 0.5720 0.1614 0.4036 0.4911
38 -140.1960 63.9190 244.7080 0.6959 0.6976 0.1703 0.4541 0.4760
38 -136.9647 57.0554 236.1654 0.6326 -0.6299 -0.4506 0.4255 0.4619
MRinSpiritualFinfameOn.jpg
38 -140.1960 63.9190 244.7080 0.6959 0.6976 0.1703 0.4541 0.4760
38 -148.6361 69.5472 242.4120 -0.6385 0.7610 0.1152 0.4609 0.5041
38 -146.7654 60.1688 261.7299 -0.6303 0.6160 0.4725 0.5062 0.4650
MRinSpiritualFinfameOn.jpg
38 -140.1960 63.9190 244.7080 0.6959 0.6976 0.1703 0.4541 0.4760
38 -140.0179 58.9522 257.7763 0.8744 0.4346 0.2158 0.4869 0.4536
38 -132.9923 52.5915 234.6409 0.6257 -0.6153 -0.4795 0.4182 0.4463
MRinSpiritualFinfameOn.jpg
38 -138.6841 53.4847 252.0643 0.6175 -0.7865 0.0094 0.4682 0.4406
38 -132.9923 52.5915 234.6409 0.6257 -0.6153 -0.4795 0.4182 0.4463
38 -140.0179 58.9522 257.7763 0.8744 0.4346 0.2158 0.4869 0.4536
MRinSpiritualFinfameOn.jpg
38 -140.1960 63.9190 244.7080 0.6959 0.6976 0.1703 0.4541 0.4760
38 -146.7654 60.1688 261.7299 -0.6303 0.6160 0.4725 0.5062 0.4650
38 -140.0179 58.9522 257.7763 0.8744 0.4346 0.2158 0.4869 0.4536
MRinSpiritualFinfameOn.jpg
38 -138.6841 53.4847 252.0643 0.6175 -0.7865 0.0094 0.4682 0.4406
38 -140.0179 58.9522 257.7763 0.8744 0.4346 0.2158 0.4869 0.4536
38 -138.3695 47.4075 267.5432 0.6304 -0.6185 -0.4691 0.5067 0.4161
MRinSpiritualFinfameOn.jpg
38 -138.3695 47.4075 267.5432 0.6304 -0.6185 -0.4691 0.5067 0.4161
38 -138.0308 51.4978 271.2203 0.6855 0.6187 0.3839 0.5186 0.4255
38 -133.4736 35.7777 282.1465 0.1869 -0.5670 0.8022 0.5447 0.3792
MRinSpiritualFinfameOn.jpg
38 -138.0308 51.4978 271.2203 0.6855 0.6187 0.3839 0.5186 0.4255
38 -138.3695 47.4075 267.5432 0.6304 -0.6185 -0.4691 0.5067 0.4161
38 -140.0179 58.9522 257.7763 0.8744 0.4346 0.2158 0.4869 0.4536
MRinSpiritualFinfameOn.jpg
38 -142.4114 50.4835 273.0252 -0.5324 0.3745 0.7592 0.5311 0.4307
38 -138.0308 51.4978 271.2203 0.6855 0.6187 0.3839 0.5186 0.4255
38 -146.7654 60.1688 261.7299 -0.6303 0.6160 0.4725 0.5062 0.4650
MRinSpiritualFinfameOn.jpg
38 -133.4736 35.7777 282.1465 0.1869 -0.5670 0.8022 0.5447 0.3792
38 -138.0308 51.4978 271.2203 0.6855 0.6187 0.3839 0.5186 0.4255
38 -142.4114 50.4835 273.0252 -0.5324 0.3745 0.7592 0.5311 0.4307
MRinSpiritualFinfameOn.jpg
38 -140.0179 58.9522 257.7763 0.8744 0.4346 0.2158 0.4869 0.4536
38 -146.7654 60.1688 261.7299 -0.6303 0.6160 0.4725 0.5062 0.4650
38 -138.0308 51.4978 271.2203 0.6855 0.6187 0.3839 0.5186 0.4255
MRinSpiritualFinfameOn.jpg
49 -37.6154 -123.9303 201.5519 0.4293 0.5420 0.7225 0.3167 0.6227
49 -39.0596 -119.6185 196.8195 0.3873 0.7373 0.5535 0.2938 0.6446
49 -41.2086 -119.3511 197.9666 0.2564 0.7125 0.6532 0.2876 0.6347
MRinSpiritualFinfameOn.jpg
49 -40.6109 -127.0228 204.8467 0.4399 0.4197 0.7939 0.3214 0.5951
49 -37.6154 -123.9303 201.5519 0.4293 0.5420 0.7225 0.3167 0.6227
49 -41.2086 -119.3511 197.9666 0.2564 0.7125 0.6532 0.2876 0.6347
MRinSpiritualFinfameOn.jpg
49 -35.2967 -126.7607 199.7324 0.6873 0.1006 0.7194 0.3454 0.6394
49 -37.6154 -123.9303 201.5519 0.4293 0.5420 0.7225 0.3167 0.6227
49 -40.6109 -127.0228 204.8467 0.4399 0.4197 0.7939 0.3214 0.5951
MRinSpiritualFinfameOn.jpg
49 -35.6480 -129.6388 179.7924 -0.6161 -0.5496 -0.5642 0.2907 0.4385
49 -34.8314 -128.0546 182.1423 -0.9177 -0.0981 0.3850 0.3271 0.4333
49 -37.7109 -123.8050 176.3618 -0.6161 -0.5496 -0.5642 0.2991 0.3709
MRinSpiritualFinfameOn.jpg
49 -34.3292 -128.5352 180.0038 0.4222 -0.3439 -0.8387 0.2756 0.4338
49 -35.6480 -129.6388 179.7924 -0.6161 -0.5496 -0.5642 0.2907 0.4385
49 -37.7109 -123.8050 176.3618 -0.6161 -0.5496 -0.5642 0.2991 0.3709
MRinSpiritualFinfameOn.jpg
25 -36.1932 31.4522 83.9201 0.0370 0.9813 -0.1889 0.2397 0.9047
25 -54.9986 34.6180 96.6803 -0.3023 0.9444 0.1290 0.2174 0.9047
25 -18.0404 30.3614 102.3791 0.1454 0.9846 -0.0973 0.2397 0.9531
MRinSpiritualFinfameOn.jpg
25 -37.2717 34.8792 114.9272 -0.1065 0.9686 0.2248 0.2174 0.9531
25 -54.9986 34.6180 96.6803 -0.3023 0.9444 0.1290 0.2174 0.9047
25 -56.2635 17.5499 118.5354 -0.6655 0.2703 0.6958 0.1721 0.9531
MRinSpiritualFinfameOn.jpg
25 -54.9986 34.6180 96.6803 -0.3023 0.9444 0.1290 0.2174 0.9047
25 -70.3361 16.4162 99.8726 -0.8495 0.0951 0.5189 0.1721 0.9047
25 -56.2635 17.5499 118.5354 -0.6655 0.2703 0.6958 0.1721 0.9531
MRinSpiritualFinfameOn.jpg
25 -79.7921 20.9328 79.4288 -0.9079 0.3224 0.2679 0.1721 0.8621
25 -74.0206 -1.4785 80.2130 -0.6515 -0.7549 0.0749 0.1253 0.8792
25 -70.3361 16.4162 99.8726 -0.8495 0.0951 0.5189 0.1721 0.9047
MRinSpiritualFinfameOn.jpg
26 -83.3170 8.6367 58.6583 -0.8114 -0.5671 0.1415 0.1232 0.8397
25 -74.0206 -1.4785 80.2130 -0.6515 -0.7549 0.0749 0.1253 0.8792
25 -79.7921 20.9328 79.4288 -0.9079 0.3224 0.2679 0.1721 0.8621
MRinSpiritualFinfameOn.jpg
25 -61.9363 -1.4450 60.5642 -0.0514 -0.6762 -0.7349 0.0815 0.8485
25 -50.1483 -8.5596 68.1614 0.2546 -0.8373 -0.4839 0.0815 0.8876
25 -74.0206 -1.4785 80.2130 -0.6515 -0.7549 0.0749 0.1253 0.8792
MRinSpiritualFinfameOn.jpg
25 -61.9363 -1.4450 60.5642 -0.0514 -0.6762 -0.7349 0.0815 0.8485
25 -39.6754 6.7420 64.9256 0.5576 -0.0389 -0.8292 0.0477 0.8876
25 -50.1483 -8.5596 68.1614 0.2546 -0.8373 -0.4839 0.0815 0.8876
MRinSpiritualFinfameOn.jpg
25 -51.5227 26.4198 71.0255 0.5342 0.4368 -0.7238 0.0139 0.8397
25 -36.1932 31.4522 83.9201 0.6080 0.4229 -0.6719 0.0139 0.8876
25 -39.6754 6.7420 64.9256 0.5576 -0.0389 -0.8292 0.0477 0.8876
MRinSpiritualFinfameOn.jpg
23 -25.4716 -19.0902 110.2613 0.1610 -0.9846 0.0687 0.0815 0.9901
25 -50.1483 -8.5596 68.1614 0.2546 -0.8373 -0.4839 0.0815 0.8876
25 -19.6592 9.2795 88.3775 0.7445 -0.1088 -0.6587 0.0477 0.9526
MRinSpiritualFinfameOn.jpg
29 -98.0828 58.4581 3.1890 -0.2110 -0.8346 -0.5088 0.7538 0.1835
29 -112.0396 66.0536 -4.0353 -0.9794 0.0442 -0.1971 0.7164 0.1971
29 -98.4735 73.7239 4.7360 0.0255 0.1014 -0.9945 0.7455 0.1721
MRinSpiritualFinfameOn.jpg
29 -106.1022 40.1031 8.6004 -0.7876 -0.3509 0.5065 0.7377 0.2002
29 -110.1124 39.7450 -6.7102 -0.6328 -0.1877 -0.7512 0.7164 0.1971
29 -93.8583 37.4695 2.4901 0.0716 -0.9415 -0.3292 0.7538 0.1835
MRinSpiritualFinfameOn.jpg
29 -93.8583 37.4695 2.4901 0.0716 -0.9415 -0.3292 0.7538 0.1835
29 -110.1124 39.7450 -6.7102 -0.6328 -0.1877 -0.7512 0.7164 0.1971
29 -99.1373 51.3881 3.8166 -0.0461 0.0775 -0.9959 0.7455 0.1721
MRinSpiritualFinfameOn.jpg
29 -82.7587 23.0379 -0.0123 0.3105 -0.8754 -0.3705 0.7538 0.1835
29 -97.8896 21.7028 -8.0473 -0.6944 -0.3053 -0.6516 0.7164 0.1971
29 -90.4741 33.3748 1.9030 -0.0848 0.1200 -0.9891 0.7455 0.1721
MRinSpiritualFinfameOn.jpg
30 43.7417 -13.0629 109.2144 0.7457 0.6475 -0.1569 0.2174 0.9531
30 53.8359 -31.8574 95.3530 0.8602 0.4668 -0.2053 0.2174 0.9047
30 24.5490 -8.2581 96.7139 0.5186 0.6985 -0.4931 0.2397 0.9531
MRinSpiritualFinfameOn.jpg
30 35.8069 -26.5327 82.1968 0.5823 0.5903 -0.5590 0.2397 0.9047
30 53.8359 -31.8574 95.3530 0.8602 0.4668 -0.2053 0.2174 0.9047
30 41.8677 -44.8047 74.7045 0.5192 0.7336 -0.4385 0.2397 0.8397
MRinSpiritualFinfameOn.jpg
30 41.8677 -44.8047 74.7045 0.5192 0.7336 -0.4385 0.2397 0.8397
30 53.8359 -31.8574 95.3530 0.8602 0.4668 -0.2053 0.2174 0.9047
30 58.9494 -51.5981 80.8396 0.8929 0.4331 -0.1231 0.2174 0.8454
MRinSpiritualFinfameOn.jpg
30 41.8148 -74.1407 97.2460 0.0030 -0.8888 0.4584 0.1253 0.8792
30 53.8531 -52.5087 107.6110 0.7742 -0.2940 0.5605 0.1721 0.9047
30 28.6350 -55.7375 122.0784 -0.0748 -0.7186 0.6914 0.1268 0.9526
MRinSpiritualFinfameOn.jpg
30 53.8359 -31.8574 95.3530 0.8602 0.4668 -0.2053 0.2174 0.9047
30 53.8531 -52.5087 107.6110 0.7742 -0.2940 0.5605 0.1721 0.9047
30 60.5794 -63.6292 88.6675 0.9259 -0.2807 0.2528 0.1721 0.8621
MRinSpiritualFinfameOn.jpg
30 60.5794 -63.6292 88.6675 0.9259 -0.2807 0.2528 0.1721 0.8621
30 53.8531 -52.5087 107.6110 0.7742 -0.2940 0.5605 0.1721 0.9047
30 41.8148 -74.1407 97.2460 0.0030 -0.8888 0.4584 0.1253 0.8792
MRinSpiritualFinfameOn.jpg
30 58.9494 -51.5981 80.8396 0.8929 0.4331 -0.1231 0.2174 0.8454
30 53.8359 -31.8574 95.3530 0.8602 0.4668 -0.2053 0.2174 0.9047
30 60.5794 -63.6292 88.6675 0.9259 -0.2807 0.2528 0.1721 0.8621
MRinSpiritualFinfameOn.jpg
31 51.8261 -82.0580 75.4008 0.2475 -0.8387 0.4852 0.1232 0.8397
30 41.8148 -74.1407 97.2460 0.0030 -0.8888 0.4584 0.1253 0.8792
30 29.7762 -73.7850 77.5793 -0.5188 -0.7570 -0.3973 0.0815 0.8485
MRinSpiritualFinfameOn.jpg
30 29.7762 -73.7850 77.5793 -0.5188 -0.7570 -0.3973 0.0815 0.8485
30 41.8148 -74.1407 97.2460 0.0030 -0.8888 0.4584 0.1253 0.8792
30 17.5961 -67.7791 85.5081 -0.8111 -0.5649 -0.1518 0.0815 0.8876
MRinSpiritualFinfameOn.jpg
30 17.5961 -67.7791 85.5081 -0.8111 -0.5649 -0.1518 0.0815 0.8876
30 41.8148 -74.1407 97.2460 0.0030 -0.8888 0.4584 0.1253 0.8792
23 -8.3620 -29.6849 109.7418 -0.9494 -0.2969 0.1024 0.0815 0.9901
MRinSpiritualFinfameOn.jpg
30 29.7762 -73.7850 77.5793 -0.5188 -0.7570 -0.3973 0.0815 0.8485
30 19.2813 -52.2128 75.0585 -0.5702 0.0200 -0.8213 0.0477 0.8876
30 28.2247 -64.0068 71.1474 -0.4403 -0.0851 -0.8938 0.0477 0.8584
MRinSpiritualFinfameOn.jpg
30 29.7762 -73.7850 77.5793 -0.5188 -0.7570 -0.3973 0.0815 0.8485
30 17.5961 -67.7791 85.5081 -0.8111 -0.5649 -0.1518 0.0815 0.8876
30 19.2813 -52.2128 75.0585 -0.5702 0.0200 -0.8213 0.0477 0.8876
MRinSpiritualFinfameOn.jpg
30 28.2247 -64.0068 71.1474 -0.4403 -0.0851 -0.8938 0.0477 0.8584
30 19.2813 -52.2128 75.0585 -0.5702 0.0200 -0.8213 0.0477 0.8876
30 41.8677 -44.8047 74.7045 -0.2256 0.3548 -0.9073 0.0139 0.8397
MRinSpiritualFinfameOn.jpg
30 41.8677 -44.8047 74.7045 -0.2256 0.3548 -0.9073 0.0139 0.8397
30 19.2813 -52.2128 75.0585 -0.5702 0.0200 -0.8213 0.0477 0.8876
30 35.8069 -26.5327 82.1968 -0.2817 0.4141 -0.8656 0.0139 0.8876
MRinSpiritualFinfameOn.jpg
30 19.2813 -52.2128 75.0585 -0.5702 0.0200 -0.8213 0.0477 0.8876
30 17.5961 -67.7791 85.5081 -0.8111 -0.5649 -0.1518 0.0815 0.8876
30 9.8041 -28.4357 92.4287 -0.7274 0.1624 -0.6667 0.0477 0.9526
MRinSpiritualFinfameOn.jpg
30 35.8069 -26.5327 82.1968 -0.2817 0.4141 -0.8656 0.0139 0.8876
30 19.2813 -52.2128 75.0585 -0.5702 0.0200 -0.8213 0.0477 0.8876
30 9.8041 -28.4357 92.4287 -0.7274 0.1624 -0.6667 0.0477 0.9526
MRinSpiritualFinfameOn.jpg
30 24.5490 -8.2581 96.7139 -0.2462 0.3702 -0.8957 0.0139 0.9526
30 35.8069 -26.5327 82.1968 -0.2817 0.4141 -0.8656 0.0139 0.8876
30 9.8041 -28.4357 92.4287 -0.7274 0.1624 -0.6667 0.0477 0.9526
MRinSpiritualFinfameOn.jpg
47 151.8727 -65.7168 49.0763 0.1924 0.6859 -0.7017 0.8871 0.3943
47 138.3476 -78.0816 41.0279 -0.7869 -0.2004 -0.5837 0.8579 0.3006
47 145.0411 -68.8710 51.0457 -0.9921 0.0822 -0.0950 0.8506 0.3932
MRinSpiritualFinfameOn.jpg
47 153.3345 -73.3048 46.0331 0.8257 -0.3378 -0.4518 0.9110 0.3480
47 138.3476 -78.0816 41.0279 -0.7869 -0.2004 -0.5837 0.8579 0.3006
47 151.8727 -65.7168 49.0763 0.1924 0.6859 -0.7017 0.8871 0.3943
MRinSpiritualFinfameOn.jpg
39 -109.1765 21.5547 164.4478 0.7719 -0.2756 0.5729 0.8173 0.6373
39 -106.6084 30.5571 157.4519 0.9284 0.3127 0.2009 0.8007 0.6545
39 -115.8826 29.9626 169.5665 0.3343 0.2568 0.9068 0.7851 0.6248
MRinSpiritualFinfameOn.jpg
39 -106.6084 30.5571 157.4519 0.9284 0.3127 0.2009 0.8007 0.6545
39 -109.1765 21.5547 164.4478 0.7719 -0.2756 0.5729 0.8173 0.6373
39 -106.9382 26.2063 150.1940 0.9572 -0.0017 -0.2895 0.8069 0.6680
MRinSpiritualFinfameOn.jpg
39 -106.9382 26.2063 150.1940 0.9572 -0.0017 -0.2895 0.8069 0.6680
39 -112.7207 36.5509 149.4019 0.5469 0.7086 -0.4459 0.7871 0.6690
39 -106.6084 30.5571 157.4519 0.9284 0.3127 0.2009 0.8007 0.6545
MRinSpiritualFinfameOn.jpg
39 -109.6436 15.4080 154.1757 0.7586 -0.6449 -0.0923 0.8309 0.6685
39 -106.9382 26.2063 150.1940 0.9572 -0.0017 -0.2895 0.8069 0.6680
39 -109.1765 21.5547 164.4478 0.7719 -0.2756 0.5729 0.8173 0.6373
MRinSpiritualFinfameOn.jpg
39 -111.3559 36.5016 161.0720 0.5576 0.7244 0.4054 0.7861 0.6487
39 -115.8826 29.9626 169.5665 0.3343 0.2568 0.9068 0.7851 0.6248
39 -106.6084 30.5571 157.4519 0.9284 0.3127 0.2009 0.8007 0.6545
MRinSpiritualFinfameOn.jpg
39 -106.6084 30.5571 157.4519 0.9284 0.3127 0.2009 0.8007 0.6545
39 -112.7207 36.5509 149.4019 0.5469 0.7086 -0.4459 0.7871 0.6690
39 -111.3559 36.5016 161.0720 0.5576 0.7244 0.4054 0.7861 0.6487
MRinSpiritualFinfameOn.jpg
39 -115.8826 29.9626 169.5665 0.3343 0.2568 0.9068 0.7851 0.6248
39 -111.3559 36.5016 161.0720 0.5576 0.7244 0.4054 0.7861 0.6487
39 -125.8324 35.7207 166.5380 -0.3019 0.6397 0.7069 0.7554 0.6388
MRinSpiritualFinfameOn.jpg
39 -106.9382 26.2063 150.1940 0.9572 -0.0017 -0.2895 0.8069 0.6680
39 -109.6436 15.4080 154.1757 0.7586 -0.6449 -0.0923 0.8309 0.6685
39 -112.1649 26.0026 143.5458 0.6400 -0.0368 -0.7675 0.8022 0.6831
MRinSpiritualFinfameOn.jpg
39 -112.1649 26.0026 143.5458 0.6400 -0.0368 -0.7675 0.8022 0.6831
39 -112.7207 36.5509 149.4019 0.5469 0.7086 -0.4459 0.7871 0.6690
39 -106.9382 26.2063 150.1940 0.9572 -0.0017 -0.2895 0.8069 0.6680
MRinSpiritualFinfameOn.jpg
39 -117.0164 15.1199 144.7799 0.3044 -0.6405 -0.7050 0.8178 0.6997
39 -112.1649 26.0026 143.5458 0.6400 -0.0368 -0.7675 0.8022 0.6831
39 -109.6436 15.4080 154.1757 0.7586 -0.6449 -0.0923 0.8309 0.6685
MRinSpiritualFinfameOn.jpg
39 -118.3819 40.5730 158.9276 0.0690 0.9786 0.1940 0.7726 0.6555
39 -125.8324 35.7207 166.5380 -0.3019 0.6397 0.7069 0.7554 0.6388
39 -111.3559 36.5016 161.0720 0.5576 0.7244 0.4054 0.7861 0.6487
MRinSpiritualFinfameOn.jpg
39 -111.3559 36.5016 161.0720 0.5576 0.7244 0.4054 0.7861 0.6487
39 -112.7207 36.5509 149.4019 0.5469 0.7086 -0.4459 0.7871 0.6690
39 -118.3819 40.5730 158.9276 0.0690 0.9786 0.1940 0.7726 0.6555
MRinSpiritualFinfameOn.jpg
39 -125.8324 35.7207 166.5380 -0.3019 0.6397 0.7069 0.7554 0.6388
39 -118.3819 40.5730 158.9276 0.0690 0.9786 0.1940 0.7726 0.6555
39 -133.1954 35.4467 157.1370 -0.7586 0.6449 0.0923 0.7434 0.6701
MRinSpiritualFinfameOn.jpg
39 -119.2009 30.0598 141.4067 0.1676 0.2159 -0.9619 0.7882 0.6888
39 -112.7207 36.5509 149.4019 0.5469 0.7086 -0.4459 0.7871 0.6690
39 -112.1649 26.0026 143.5458 0.6400 -0.0368 -0.7675 0.8022 0.6831
MRinSpiritualFinfameOn.jpg
39 -112.1649 26.0026 143.5458 0.6400 -0.0368 -0.7675 0.8022 0.6831
39 -117.0164 15.1199 144.7799 0.3044 -0.6405 -0.7050 0.8178 0.6997
39 -119.2009 30.0598 141.4067 0.1676 0.2159 -0.9619 0.7882 0.6888
MRinSpiritualFinfameOn.jpg
39 -126.9811 20.8567 141.7592 -0.3314 -0.2602 -0.9069 0.7871 0.7122
39 -119.2009 30.0598 141.4067 0.1676 0.2159 -0.9619 0.7882 0.6888
39 -117.0164 15.1199 144.7799 0.3044 -0.6405 -0.7050 0.8178 0.6997
MRinSpiritualFinfameOn.jpg
39 -118.3819 40.5730 158.9276 0.0690 0.9786 0.1940 0.7726 0.6555
39 -112.7207 36.5509 149.4019 0.5469 0.7086 -0.4459 0.7871 0.6690
39 -123.6038 40.3763 152.2768 -0.2381 0.9253 -0.2952 0.7668 0.6701
MRinSpiritualFinfameOn.jpg
39 -123.6038 40.3763 152.2768 -0.2381 0.9253 -0.2952 0.7668 0.6701
39 -133.1954 35.4467 157.1370 -0.7586 0.6449 0.0923 0.7434 0.6701
39 -118.3819 40.5730 158.9276 0.0690 0.9786 0.1940 0.7726 0.6555
MRinSpiritualFinfameOn.jpg
39 -133.1954 35.4467 157.1370 -0.7586 0.6449 0.0923 0.7434 0.6701
39 -123.6038 40.3763 152.2768 -0.2381 0.9253 -0.2952 0.7668 0.6701
39 -133.6844 29.2842 146.8739 -0.7716 0.2732 -0.5744 0.7564 0.6997
MRinSpiritualFinfameOn.jpg
39 -119.2009 30.0598 141.4067 0.1676 0.2159 -0.9619 0.7882 0.6888
39 -126.9811 20.8567 141.7592 -0.3314 -0.2602 -0.9069 0.7871 0.7122
39 -123.9385 36.0185 145.0216 -0.1931 0.6098 -0.7687 0.7731 0.6841
MRinSpiritualFinfameOn.jpg
39 -123.9385 36.0185 145.0216 -0.1931 0.6098 -0.7687 0.7731 0.6841
39 -112.7207 36.5509 149.4019 0.5469 0.7086 -0.4459 0.7871 0.6690
39 -119.2009 30.0598 141.4067 0.1676 0.2159 -0.9619 0.7882 0.6888
MRinSpiritualFinfameOn.jpg
39 -123.9385 36.0185 145.0216 -0.1931 0.6098 -0.7687 0.7731 0.6841
39 -133.6844 29.2842 146.8739 -0.7716 0.2732 -0.5744 0.7564 0.6997
39 -123.6038 40.3763 152.2768 -0.2381 0.9253 -0.2952 0.7668 0.6701
MRinSpiritualFinfameOn.jpg
39 -133.6844 29.2842 146.8739 -0.7716 0.2732 -0.5744 0.7564 0.6997
39 -123.9385 36.0185 145.0216 -0.1931 0.6098 -0.7687 0.7731 0.6841
39 -126.9811 20.8567 141.7592 -0.3314 -0.2602 -0.9069 0.7871 0.7122
MRinSpiritualFinfameOn.jpg
39 -123.6038 40.3763 152.2768 -0.2381 0.9253 -0.2952 0.7668 0.6701
39 -112.7207 36.5509 149.4019 0.5469 0.7086 -0.4459 0.7871 0.6690
39 -123.9385 36.0185 145.0216 -0.1931 0.6098 -0.7687 0.7731 0.6841
MRinSpiritualFinfameOn.jpg
39 -133.1954 35.4467 157.1370 -0.7586 0.6449 0.0923 0.7434 0.6701
39 -135.9007 24.6484 161.1187 -0.9002 0.0412 0.4334 0.7668 0.6701
39 -125.8324 35.7207 166.5380 -0.3019 0.6397 0.7069 0.7554 0.6388
MRinSpiritualFinfameOn.jpg
39 -135.9007 24.6484 161.1187 -0.9002 0.0412 0.4334 0.7668 0.6701
39 -133.1954 35.4467 157.1370 -0.7586 0.6449 0.0923 0.7434 0.6701
39 -136.2355 20.2905 153.8635 -0.9747 -0.2078 -0.0828 0.7731 0.6841
MRinSpiritualFinfameOn.jpg
39 -133.6844 29.2842 146.8739 -0.7716 0.2732 -0.5744 0.7564 0.6997
39 -136.2355 20.2905 153.8635 -0.9747 -0.2078 -0.0828 0.7731 0.6841
39 -133.1954 35.4467 157.1370 -0.7586 0.6449 0.0923 0.7434 0.6701
MRinSpiritualFinfameOn.jpg
39 -136.2355 20.2905 153.8635 -0.9747 -0.2078 -0.0828 0.7731 0.6841
39 -130.1183 14.3038 161.9108 -0.5469 -0.7088 0.4455 0.7871 0.6690
39 -135.9007 24.6484 161.1187 -0.9002 0.0412 0.4334 0.7668 0.6701
MRinSpiritualFinfameOn.jpg
39 -135.9007 24.6484 161.1187 -0.9002 0.0412 0.4334 0.7668 0.6701
39 -130.1183 14.3038 161.9108 -0.5469 -0.7088 0.4455 0.7871 0.6690
39 -130.6839 24.8380 167.7721 -0.5172 -0.0080 0.8558 0.7726 0.6555
MRinSpiritualFinfameOn.jpg
39 -125.8324 35.7207 166.5380 -0.3019 0.6397 0.7069 0.7554 0.6388
39 -130.6839 24.8380 167.7721 -0.5172 -0.0080 0.8558 0.7726 0.6555
39 -115.8826 29.9626 169.5665 0.3343 0.2568 0.9068 0.7851 0.6248
MRinSpiritualFinfameOn.jpg
39 -130.6839 24.8380 167.7721 -0.5172 -0.0080 0.8558 0.7726 0.6555
39 -125.8324 35.7207 166.5380 -0.3019 0.6397 0.7069 0.7554 0.6388
39 -135.9007 24.6484 161.1187 -0.9002 0.0412 0.4334 0.7668 0.6701
MRinSpiritualFinfameOn.jpg
39 -126.9811 20.8567 141.7592 -0.3314 -0.2602 -0.9069 0.7871 0.7122
39 -131.5050 14.3372 150.2497 -0.6832 -0.6182 -0.3887 0.7882 0.6888
39 -133.6844 29.2842 146.8739 -0.7716 0.2732 -0.5744 0.7564 0.6997
MRinSpiritualFinfameOn.jpg
39 -136.2355 20.2905 153.8635 -0.9747 -0.2078 -0.0828 0.7731 0.6841
39 -133.6844 29.2842 146.8739 -0.7716 0.2732 -0.5744 0.7564 0.6997
39 -131.5050 14.3372 150.2497 -0.6832 -0.6182 -0.3887 0.7882 0.6888
MRinSpiritualFinfameOn.jpg
39 -131.5050 14.3372 150.2497 -0.6832 -0.6182 -0.3887 0.7882 0.6888
39 -130.1183 14.3038 161.9108 -0.5469 -0.7088 0.4455 0.7871 0.6690
39 -136.2355 20.2905 153.8635 -0.9747 -0.2078 -0.0828 0.7731 0.6841
MRinSpiritualFinfameOn.jpg
39 -123.6530 20.7737 169.9138 -0.0484 -0.3184 0.9467 0.7861 0.6487
39 -115.8826 29.9626 169.5665 0.3343 0.2568 0.9068 0.7851 0.6248
39 -130.6839 24.8380 167.7721 -0.5172 -0.0080 0.8558 0.7726 0.6555
MRinSpiritualFinfameOn.jpg
39 -130.6839 24.8380 167.7721 -0.5172 -0.0080 0.8558 0.7726 0.6555
39 -130.1183 14.3038 161.9108 -0.5469 -0.7088 0.4455 0.7871 0.6690
39 -123.6530 20.7737 169.9138 -0.0484 -0.3184 0.9467 0.7861 0.6487
MRinSpiritualFinfameOn.jpg
39 -115.8826 29.9626 169.5665 0.3343 0.2568 0.9068 0.7851 0.6248
39 -123.6530 20.7737 169.9138 -0.0484 -0.3184 0.9467 0.7861 0.6487
39 -109.1765 21.5547 164.4478 0.7719 -0.2756 0.5729 0.8173 0.6373
MRinSpiritualFinfameOn.jpg
39 -131.5050 14.3372 150.2497 -0.6832 -0.6182 -0.3887 0.7882 0.6888
39 -126.9811 20.8567 141.7592 -0.3314 -0.2602 -0.9069 0.7871 0.7122
39 -124.4570 10.2817 152.3851 -0.1944 -0.9374 -0.2888 0.8022 0.6831
MRinSpiritualFinfameOn.jpg
39 -124.4570 10.2817 152.3851 -0.1944 -0.9374 -0.2888 0.8022 0.6831
39 -130.1183 14.3038 161.9108 -0.5469 -0.7088 0.4455 0.7871 0.6690
39 -131.5050 14.3372 150.2497 -0.6832 -0.6182 -0.3887 0.7882 0.6888
MRinSpiritualFinfameOn.jpg
39 -117.0164 15.1199 144.7799 0.3044 -0.6405 -0.7050 0.8178 0.6997
39 -124.4570 10.2817 152.3851 -0.1944 -0.9374 -0.2888 0.8022 0.6831
39 -126.9811 20.8567 141.7592 -0.3314 -0.2602 -0.9069 0.7871 0.7122
MRinSpiritualFinfameOn.jpg
39 -123.6530 20.7737 169.9138 -0.0484 -0.3184 0.9467 0.7861 0.6487
39 -130.1183 14.3038 161.9108 -0.5469 -0.7088 0.4455 0.7871 0.6690
39 -118.9103 14.8221 166.2963 0.2422 -0.7129 0.6581 0.8007 0.6545
MRinSpiritualFinfameOn.jpg
39 -109.1765 21.5547 164.4478 0.7719 -0.2756 0.5729 0.8173 0.6373
39 -118.9103 14.8221 166.2963 0.2422 -0.7129 0.6581 0.8007 0.6545
39 -109.6436 15.4080 154.1757 0.7586 -0.6449 -0.0923 0.8309 0.6685
MRinSpiritualFinfameOn.jpg
39 -118.9103 14.8221 166.2963 0.2422 -0.7129 0.6581 0.8007 0.6545
39 -109.1765 21.5547 164.4478 0.7719 -0.2756 0.5729 0.8173 0.6373
39 -123.6530 20.7737 169.9138 -0.0484 -0.3184 0.9467 0.7861 0.6487
MRinSpiritualFinfameOn.jpg
39 -124.4570 10.2817 152.3851 -0.1944 -0.9374 -0.2888 0.8022 0.6831
39 -117.0164 15.1199 144.7799 0.3044 -0.6405 -0.7050 0.8178 0.6997
39 -119.2423 10.4838 159.0370 0.1871 -0.9708 0.1503 0.8069 0.6680
MRinSpiritualFinfameOn.jpg
39 -119.2423 10.4838 159.0370 0.1871 -0.9708 0.1503 0.8069 0.6680
39 -130.1183 14.3038 161.9108 -0.5469 -0.7088 0.4455 0.7871 0.6690
39 -124.4570 10.2817 152.3851 -0.1944 -0.9374 -0.2888 0.8022 0.6831
MRinSpiritualFinfameOn.jpg
39 -109.6436 15.4080 154.1757 0.7586 -0.6449 -0.0923 0.8309 0.6685
39 -119.2423 10.4838 159.0370 0.1871 -0.9708 0.1503 0.8069 0.6680
39 -117.0164 15.1199 144.7799 0.3044 -0.6405 -0.7050 0.8178 0.6997
MRinSpiritualFinfameOn.jpg
39 -119.2423 10.4838 159.0370 0.1871 -0.9708 0.1503 0.8069 0.6680
39 -109.6436 15.4080 154.1757 0.7586 -0.6449 -0.0923 0.8309 0.6685
39 -118.9103 14.8221 166.2963 0.2422 -0.7129 0.6581 0.8007 0.6545
MRinSpiritualFinfameOn.jpg
39 -118.9103 14.8221 166.2963 0.2422 -0.7129 0.6581 0.8007 0.6545
39 -130.1183 14.3038 161.9108 -0.5469 -0.7088 0.4455 0.7871 0.6690
39 -119.2423 10.4838 159.0370 0.1871 -0.9708 0.1503 0.8069 0.6680
MRinSpiritualFinfameOn.jpg
45 103.0858 -25.6636 148.8499 -0.8123 -0.0081 0.5832 0.8173 0.6373
45 112.7446 -21.6236 154.5292 -0.1887 0.2411 0.9520 0.7851 0.6248
45 104.4948 -15.5166 143.2254 -0.7092 0.6384 0.2992 0.8007 0.6545
MRinSpiritualFinfameOn.jpg
45 104.4948 -15.5166 143.2254 -0.7092 0.6384 0.2992 0.8007 0.6545
45 102.9192 -18.5316 135.4742 -0.8711 0.4373 -0.2236 0.8069 0.6680
45 103.0858 -25.6636 148.8499 -0.8123 -0.0081 0.5832 0.8173 0.6373
MRinSpiritualFinfameOn.jpg
45 102.9192 -18.5316 135.4742 -0.8711 0.4373 -0.2236 0.8069 0.6680
45 104.4948 -15.5166 143.2254 -0.7092 0.6384 0.2992 0.8007 0.6545
45 112.5125 -11.5298 135.6069 -0.2011 0.9272 -0.3161 0.7871 0.6690
MRinSpiritualFinfameOn.jpg
45 100.8572 -29.9217 137.8802 -0.9603 -0.2508 -0.1223 0.8309 0.6685
45 103.0858 -25.6636 148.8499 -0.8123 -0.0081 0.5832 0.8173 0.6373
45 102.9192 -18.5316 135.4742 -0.8711 0.4373 -0.2236 0.8069 0.6680
MRinSpiritualFinfameOn.jpg
45 111.3293 -12.6630 147.2415 -0.1980 0.8251 0.5292 0.7861 0.6487
45 104.4948 -15.5166 143.2254 -0.7092 0.6384 0.2992 0.8007 0.6545
45 112.7446 -21.6236 154.5292 -0.1887 0.2411 0.9520 0.7851 0.6248
MRinSpiritualFinfameOn.jpg
45 104.4948 -15.5166 143.2254 -0.7092 0.6384 0.2992 0.8007 0.6545
45 111.3293 -12.6630 147.2415 -0.1980 0.8251 0.5292 0.7861 0.6487
45 112.5125 -11.5298 135.6069 -0.2011 0.9272 -0.3161 0.7871 0.6690
MRinSpiritualFinfameOn.jpg
45 112.7446 -21.6236 154.5292 -0.1887 0.2411 0.9520 0.7851 0.6248
45 124.1715 -20.1576 151.5964 0.5481 0.3488 0.7602 0.7554 0.6388
45 111.3293 -12.6630 147.2415 -0.1980 0.8251 0.5292 0.7861 0.6487
MRinSpiritualFinfameOn.jpg
45 107.5178 -19.9466 128.5206 -0.6018 0.3418 -0.7218 0.8022 0.6831
45 102.9192 -18.5316 135.4742 -0.8711 0.4373 -0.2236 0.8069 0.6680
45 112.5125 -11.5298 135.6069 -0.2011 0.9272 -0.3161 0.7871 0.6690
MRinSpiritualFinfameOn.jpg
45 102.9192 -18.5316 135.4742 -0.8711 0.4373 -0.2236 0.8069 0.6680
45 107.5178 -19.9466 128.5206 -0.6018 0.3418 -0.7218 0.8022 0.6831
45 100.8572 -29.9217 137.8802 -0.9603 -0.2508 -0.1223 0.8309 0.6685
MRinSpiritualFinfameOn.jpg
45 107.3559 -31.9134 128.0557 -0.5509 -0.3488 -0.7582 0.8178 0.6997
45 100.8572 -29.9217 137.8802 -0.9603 -0.2508 -0.1223 0.8309 0.6685
45 107.5178 -19.9466 128.5206 -0.6018 0.3418 -0.7218 0.8022 0.6831
MRinSpiritualFinfameOn.jpg
45 111.3293 -12.6630 147.2415 -0.1980 0.8251 0.5292 0.7861 0.6487
45 119.4094 -11.6204 145.1668 0.3506 0.8803 0.3196 0.7726 0.6555
45 112.5125 -11.5298 135.6069 -0.2011 0.9272 -0.3161 0.7871 0.6690
MRinSpiritualFinfameOn.jpg
45 119.4094 -11.6204 145.1668 0.3506 0.8803 0.3196 0.7726 0.6555
45 111.3293 -12.6630 147.2415 -0.1980 0.8251 0.5292 0.7861 0.6487
45 124.1715 -20.1576 151.5964 0.5481 0.3488 0.7602 0.7554 0.6388
MRinSpiritualFinfameOn.jpg
45 124.1715 -20.1576 151.5964 0.5481 0.3488 0.7602 0.7554 0.6388
45 130.6760 -22.1300 141.7705 0.9603 0.2509 0.1222 0.7434 0.6701
45 119.4094 -11.6204 145.1668 0.3506 0.8803 0.3196 0.7726 0.6555
MRinSpiritualFinfameOn.jpg
45 115.6009 -18.9216 126.4486 -0.0679 0.4000 -0.9140 0.7882 0.6888
45 107.5178 -19.9466 128.5206 -0.6018 0.3418 -0.7218 0.8022 0.6831
45 112.5125 -11.5298 135.6069 -0.2011 0.9272 -0.3161 0.7871 0.6690
MRinSpiritualFinfameOn.jpg
45 107.5178 -19.9466 128.5206 -0.6018 0.3418 -0.7218 0.8022 0.6831
45 115.6009 -18.9216 126.4486 -0.0679 0.4000 -0.9140 0.7882 0.6888
45 107.3559 -31.9134 128.0557 -0.5509 -0.3488 -0.7582 0.8178 0.6997
MRinSpiritualFinfameOn.jpg
45 118.7875 -30.4738 125.1269 0.1846 -0.2430 -0.9523 0.7871 0.7122
45 107.3559 -31.9134 128.0557 -0.5509 -0.3488 -0.7582 0.8178 0.6997
45 115.6009 -18.9216 126.4486 -0.0679 0.4000 -0.9140 0.7882 0.6888
MRinSpiritualFinfameOn.jpg
45 124.0065 -13.0267 138.2119 0.6034 0.7740 -0.1919 0.7668 0.6701
45 119.4094 -11.6204 145.1668 0.3506 0.8803 0.3196 0.7726 0.6555
45 130.6760 -22.1300 141.7705 0.9603 0.2509 0.1222 0.7434 0.6701
MRinSpiritualFinfameOn.jpg
45 119.4094 -11.6204 145.1668 0.3506 0.8803 0.3196 0.7726 0.6555
45 124.0065 -13.0267 138.2119 0.6034 0.7740 -0.1919 0.7668 0.6701
45 112.5125 -11.5298 135.6069 -0.2011 0.9272 -0.3161 0.7871 0.6690
MRinSpiritualFinfameOn.jpg
45 130.6760 -22.1300 141.7705 0.9603 0.2509 0.1222 0.7434 0.6701
45 128.4431 -26.4163 130.8035 0.8107 0.0061 -0.5854 0.7564 0.6997
45 124.0065 -13.0267 138.2119 0.6034 0.7740 -0.1919 0.7668 0.6701
MRinSpiritualFinfameOn.jpg
45 122.4324 -16.0505 130.4619 0.4266 0.5765 -0.6969 0.7731 0.6841
45 115.6009 -18.9216 126.4486 -0.0679 0.4000 -0.9140 0.7882 0.6888
45 112.5125 -11.5298 135.6069 -0.2011 0.9272 -0.3161 0.7871 0.6690
MRinSpiritualFinfameOn.jpg
45 124.0065 -13.0267 138.2119 0.6034 0.7740 -0.1919 0.7668 0.6701
45 122.4324 -16.0505 130.4619 0.4266 0.5765 -0.6969 0.7731 0.6841
45 112.5125 -11.5298 135.6069 -0.2011 0.9272 -0.3161 0.7871 0.6690
MRinSpiritualFinfameOn.jpg
45 115.6009 -18.9216 126.4486 -0.0679 0.4000 -0.9140 0.7882 0.6888
45 122.4324 -16.0505 130.4619 0.4266 0.5765 -0.6969 0.7731 0.6841
45 118.7875 -30.4738 125.1269 0.1846 -0.2430 -0.9523 0.7871 0.7122
MRinSpiritualFinfameOn.jpg
45 128.4431 -26.4163 130.8035 0.8107 0.0061 -0.5854 0.7564 0.6997
45 118.7875 -30.4738 125.1269 0.1846 -0.2430 -0.9523 0.7871 0.7122
45 122.4324 -16.0505 130.4619 0.4266 0.5765 -0.6969 0.7731 0.6841
MRinSpiritualFinfameOn.jpg
45 122.4324 -16.0505 130.4619 0.4266 0.5765 -0.6969 0.7731 0.6841
45 124.0065 -13.0267 138.2119 0.6034 0.7740 -0.1919 0.7668 0.6701
45 128.4431 -26.4163 130.8035 0.8107 0.0061 -0.5854 0.7564 0.6997
MRinSpiritualFinfameOn.jpg
45 130.6760 -22.1300 141.7705 0.9603 0.2509 0.1222 0.7434 0.6701
45 124.1715 -20.1576 151.5964 0.5481 0.3488 0.7602 0.7554 0.6388
45 128.6051 -33.5219 144.1752 0.8370 -0.3987 0.3748 0.7668 0.6701
MRinSpiritualFinfameOn.jpg
45 128.4431 -26.4163 130.8035 0.8107 0.0061 -0.5854 0.7564 0.6997
45 130.6760 -22.1300 141.7705 0.9603 0.2509 0.1222 0.7434 0.6701
45 127.0311 -36.5457 136.4252 0.7960 -0.5802 -0.1725 0.7731 0.6841
MRinSpiritualFinfameOn.jpg
45 128.6051 -33.5219 144.1752 0.8370 -0.3987 0.3748 0.7668 0.6701
45 127.0311 -36.5457 136.4252 0.7960 -0.5802 -0.1725 0.7731 0.6841
45 130.6760 -22.1300 141.7705 0.9603 0.2509 0.1222 0.7434 0.6701
MRinSpiritualFinfameOn.jpg
45 127.0311 -36.5457 136.4252 0.7960 -0.5802 -0.1725 0.7731 0.6841
45 128.6051 -33.5219 144.1752 0.8370 -0.3987 0.3748 0.7668 0.6701
45 119.0118 -40.5237 144.0424 0.2010 -0.9273 0.3159 0.7871 0.6690
MRinSpiritualFinfameOn.jpg
45 124.1715 -20.1576 151.5964 0.5481 0.3488 0.7602 0.7554 0.6388
45 112.7446 -21.6236 154.5292 -0.1887 0.2411 0.9520 0.7851 0.6248
45 124.0096 -32.1245 151.1315 0.4721 -0.3435 0.8119 0.7726 0.6555
MRinSpiritualFinfameOn.jpg
45 128.6051 -33.5219 144.1752 0.8370 -0.3987 0.3748 0.7668 0.6701
45 124.0096 -32.1245 151.1315 0.4721 -0.3435 0.8119 0.7726 0.6555
45 119.0118 -40.5237 144.0424 0.2010 -0.9273 0.3159 0.7871 0.6690
MRinSpiritualFinfameOn.jpg
45 124.0096 -32.1245 151.1315 0.4721 -0.3435 0.8119 0.7726 0.6555
45 128.6051 -33.5219 144.1752 0.8370 -0.3987 0.3748 0.7668 0.6701
45 124.1715 -20.1576 151.5964 0.5481 0.3488 0.7602 0.7554 0.6388
MRinSpiritualFinfameOn.jpg
45 120.1996 -39.4169 132.4119 0.3567 -0.7843 -0.5077 0.7882 0.6888
45 127.0311 -36.5457 136.4252 0.7960 -0.5802 -0.1725 0.7731 0.6841
45 119.0118 -40.5237 144.0424 0.2010 -0.9273 0.3159 0.7871 0.6690
MRinSpiritualFinfameOn.jpg
45 118.7875 -30.4738 125.1269 0.1846 -0.2430 -0.9523 0.7871 0.7122
45 128.4431 -26.4163 130.8035 0.8107 0.0061 -0.5854 0.7564 0.6997
45 120.1996 -39.4169 132.4119 0.3567 -0.7843 -0.5077 0.7882 0.6888
MRinSpiritualFinfameOn.jpg
45 127.0311 -36.5457 136.4252 0.7960 -0.5802 -0.1725 0.7731 0.6841
45 120.1996 -39.4169 132.4119 0.3567 -0.7843 -0.5077 0.7882 0.6888
45 128.4431 -26.4163 130.8035 0.8107 0.0061 -0.5854 0.7564 0.6997
MRinSpiritualFinfameOn.jpg
45 124.0096 -32.1245 151.1315 0.4721 -0.3435 0.8119 0.7726 0.6555
45 115.9280 -33.1582 153.2048 -0.0833 -0.4403 0.8940 0.7861 0.6487
45 119.0118 -40.5237 144.0424 0.2010 -0.9273 0.3159 0.7871 0.6690
MRinSpiritualFinfameOn.jpg
45 112.7446 -21.6236 154.5292 -0.1887 0.2411 0.9520 0.7851 0.6248
45 103.0858 -25.6636 148.8499 -0.8123 -0.0081 0.5832 0.8173 0.6373
45 115.9280 -33.1582 153.2048 -0.0833 -0.4403 0.8940 0.7861 0.6487
MRinSpiritualFinfameOn.jpg
45 115.9280 -33.1582 153.2048 -0.0833 -0.4403 0.8940 0.7861 0.6487
45 124.0096 -32.1245 151.1315 0.4721 -0.3435 0.8119 0.7726 0.6555
45 112.7446 -21.6236 154.5292 -0.1887 0.2411 0.9520 0.7851 0.6248
MRinSpiritualFinfameOn.jpg
45 107.3559 -31.9134 128.0557 -0.5509 -0.3488 -0.7582 0.8178 0.6997
45 118.7875 -30.4738 125.1269 0.1846 -0.2430 -0.9523 0.7871 0.7122
45 112.1150 -40.4331 134.4825 -0.2204 -0.8819 -0.4167 0.8022 0.6831
MRinSpiritualFinfameOn.jpg
45 112.1150 -40.4331 134.4825 -0.2204 -0.8819 -0.4167 0.8022 0.6831
45 120.1996 -39.4169 132.4119 0.3567 -0.7843 -0.5077 0.7882 0.6888
45 119.0118 -40.5237 144.0424 0.2010 -0.9273 0.3159 0.7871 0.6690
MRinSpiritualFinfameOn.jpg
45 120.1996 -39.4169 132.4119 0.3567 -0.7843 -0.5077 0.7882 0.6888
45 112.1150 -40.4331 134.4825 -0.2204 -0.8819 -0.4167 0.8022 0.6831
45 118.7875 -30.4738 125.1269 0.1846 -0.2430 -0.9523 0.7871 0.7122
MRinSpiritualFinfameOn.jpg
45 115.9280 -33.1582 153.2048 -0.0833 -0.4403 0.8940 0.7861 0.6487
45 109.0950 -36.0206 149.1901 -0.5151 -0.6331 0.5778 0.8007 0.6545
45 119.0118 -40.5237 144.0424 0.2010 -0.9273 0.3159 0.7871 0.6690
MRinSpiritualFinfameOn.jpg
45 109.0950 -36.0206 149.1901 -0.5151 -0.6331 0.5778 0.8007 0.6545
45 115.9280 -33.1582 153.2048 -0.0833 -0.4403 0.8940 0.7861 0.6487
45 103.0858 -25.6636 148.8499 -0.8123 -0.0081 0.5832 0.8173 0.6373
MRinSpiritualFinfameOn.jpg
45 103.0858 -25.6636 148.8499 -0.8123 -0.0081 0.5832 0.8173 0.6373
45 100.8572 -29.9217 137.8802 -0.9603 -0.2508 -0.1223 0.8309 0.6685
45 109.0950 -36.0206 149.1901 -0.5151 -0.6331 0.5778 0.8007 0.6545
MRinSpiritualFinfameOn.jpg
45 109.0950 -36.0206 149.1901 -0.5151 -0.6331 0.5778 0.8007 0.6545
45 107.5179 -39.0268 141.4375 -0.5775 -0.8155 0.0390 0.8069 0.6680
45 119.0118 -40.5237 144.0424 0.2010 -0.9273 0.3159 0.7871 0.6690
MRinSpiritualFinfameOn.jpg
45 107.5179 -39.0268 141.4375 -0.5775 -0.8155 0.0390 0.8069 0.6680
45 112.1150 -40.4331 134.4825 -0.2204 -0.8819 -0.4167 0.8022 0.6831
45 119.0118 -40.5237 144.0424 0.2010 -0.9273 0.3159 0.7871 0.6690
MRinSpiritualFinfameOn.jpg
45 112.1150 -40.4331 134.4825 -0.2204 -0.8819 -0.4167 0.8022 0.6831
45 107.5179 -39.0268 141.4375 -0.5775 -0.8155 0.0390 0.8069 0.6680
45 107.3559 -31.9134 128.0557 -0.5509 -0.3488 -0.7582 0.8178 0.6997
MRinSpiritualFinfameOn.jpg
45 107.5179 -39.0268 141.4375 -0.5775 -0.8155 0.0390 0.8069 0.6680
45 109.0950 -36.0206 149.1901 -0.5151 -0.6331 0.5778 0.8007 0.6545
45 100.8572 -29.9217 137.8802 -0.9603 -0.2508 -0.1223 0.8309 0.6685
MRinSpiritualFinfameOn.jpg
45 100.8572 -29.9217 137.8802 -0.9603 -0.2508 -0.1223 0.8309 0.6685
45 107.3559 -31.9134 128.0557 -0.5509 -0.3488 -0.7582 0.8178 0.6997
45 107.5179 -39.0268 141.4375 -0.5775 -0.8155 0.0390 0.8069 0.6680
MRinSpiritualFinfameOn.jpg
9 201.1718 128.4606 154.9743 0.4954 -0.6951 0.5209 0.2616 0.6295
9 209.2386 131.9380 155.7048 0.7315 0.0353 -0.6809 0.2652 0.6394
9 199.6738 138.1371 158.3545 0.1382 0.8603 0.4906 0.2725 0.6524
MRinSpiritualFinfameOn.jpg
9 197.2180 143.6436 149.3184 0.4633 0.3652 -0.8075 0.2652 0.6394
9 192.7253 136.6880 150.4866 -0.7086 0.6645 -0.2372 0.2616 0.6295
9 199.6738 138.1371 158.3545 0.1382 0.8603 0.4906 0.2725 0.6524
MRinSpiritualFinfameOn.jpg
9 121.0385 172.8490 166.5735 0.6502 -0.5018 0.5705 0.2616 0.6295
9 128.0612 178.1666 166.6830 0.6950 0.1336 -0.7064 0.2652 0.6394
9 117.3373 182.2054 169.0209 0.1624 0.8127 0.5596 0.2725 0.6524
MRinSpiritualFinfameOn.jpg
9 113.5629 186.0061 159.5607 0.3584 0.3748 -0.8550 0.2652 0.6394
9 110.8480 178.3575 161.5675 -0.8470 0.4524 -0.2791 0.2616 0.6295
9 117.3373 182.2054 169.0209 0.1624 0.8127 0.5596 0.2725 0.6524
MRinSpiritualFinfameOn.jpg
49 19.9014 -87.6704 248.7263 -0.8642 0.4905 -0.1121 0.3219 0.9911
49 25.5990 -73.4070 267.2227 -0.8642 0.4905 -0.1121 0.2663 0.9901
49 25.6550 -80.8796 234.0902 -0.8642 0.4905 -0.1121 0.3157 0.9490
MRinSpiritualFinfameOn.jpg
9 198.7685 120.7676 152.1176 -0.2633 -0.7378 -0.6215 0.2652 0.6394
9 201.1718 128.4606 154.9743 0.4954 -0.6951 0.5209 0.2616 0.6295
9 190.3875 128.1662 155.1787 -0.7616 -0.5747 0.2995 0.2725 0.6524
MRinSpiritualFinfameOn.jpg
9 193.2287 128.6872 151.5476 0.1814 -0.3252 -0.9281 0.2762 0.6414
9 209.2386 131.9380 155.7048 0.7315 0.0353 -0.6809 0.2652 0.6394
9 201.1718 128.4606 154.9743 0.4954 -0.6951 0.5209 0.2616 0.6295
MRinSpiritualFinfameOn.jpg
9 198.7685 120.7676 152.1176 -0.2633 -0.7378 -0.6215 0.2652 0.6394
9 190.3875 128.1662 155.1787 -0.7616 -0.5747 0.2995 0.2725 0.6524
9 193.2287 128.6872 151.5476 0.1814 -0.3252 -0.9281 0.2762 0.6414
MRinSpiritualFinfameOn.jpg
9 197.2180 143.6436 149.3184 0.4633 0.3652 -0.8075 0.2652 0.6394
9 193.2287 128.6872 151.5476 0.1814 -0.3252 -0.9281 0.2762 0.6414
9 192.7253 136.6880 150.4866 -0.7086 0.6645 -0.2372 0.2616 0.6295
MRinSpiritualFinfameOn.jpg
9 198.7685 120.7676 152.1176 -0.2633 -0.7378 -0.6215 0.2652 0.6394
9 193.2287 128.6872 151.5476 0.1814 -0.3252 -0.9281 0.2762 0.6414
9 201.1718 128.4606 154.9743 0.4954 -0.6951 0.5209 0.2616 0.6295
MRinSpiritualFinfameOn.jpg
9 113.5629 186.0061 159.5607 0.3584 0.3748 -0.8550 0.2652 0.6394
9 113.2252 170.8574 163.4190 0.2442 -0.3702 -0.8963 0.2762 0.6414
9 110.8480 178.3575 161.5675 -0.8470 0.4524 -0.2791 0.2616 0.6295
MRinSpiritualFinfameOn.jpg
9 113.2252 170.8574 163.4190 0.2442 -0.3702 -0.8963 0.2762 0.6414
9 128.0612 178.1666 166.6830 0.6950 0.1336 -0.7064 0.2652 0.6394
9 121.0385 172.8490 166.5735 0.6502 -0.5018 0.5705 0.2616 0.6295
MRinSpiritualFinfameOn.jpg
9 120.4791 164.5450 164.5968 -0.0892 -0.8405 -0.5344 0.2652 0.6394
9 110.6214 170.0797 167.1786 -0.6024 -0.7010 0.3817 0.2725 0.6524
9 113.2252 170.8574 163.4190 0.2442 -0.3702 -0.8963 0.2762 0.6414
MRinSpiritualFinfameOn.jpg
9 120.4791 164.5450 164.5968 -0.0892 -0.8405 -0.5344 0.2652 0.6394
9 121.0385 172.8490 166.5735 0.6502 -0.5018 0.5705 0.2616 0.6295
9 110.6214 170.0797 167.1786 -0.6024 -0.7010 0.3817 0.2725 0.6524
MRinSpiritualFinfameOn.jpg
9 120.4791 164.5450 164.5968 -0.0892 -0.8405 -0.5344 0.2652 0.6394
9 113.2252 170.8574 163.4190 0.2442 -0.3702 -0.8963 0.2762 0.6414
9 121.0385 172.8490 166.5735 0.6502 -0.5018 0.5705 0.2616 0.6295
MRinSpiritualFinfameOn.jpg
9 192.7253 136.6880 150.4866 -0.7086 0.6645 -0.2372 0.2616 0.6295
9 186.6416 132.5786 145.6745 -0.3905 -0.5973 -0.7005 0.2652 0.6394
9 190.3875 128.1662 155.1787 -0.7616 -0.5747 0.2995 0.2725 0.6524
MRinSpiritualFinfameOn.jpg
9 193.2287 128.6872 151.5476 0.1814 -0.3252 -0.9281 0.2762 0.6414
9 186.6416 132.5786 145.6745 -0.3905 -0.5973 -0.7005 0.2652 0.6394
9 192.7253 136.6880 150.4866 -0.7086 0.6645 -0.2372 0.2616 0.6295
MRinSpiritualFinfameOn.jpg
9 190.3875 128.1662 155.1787 -0.7616 -0.5747 0.2995 0.2725 0.6524
9 186.6416 132.5786 145.6745 -0.3905 -0.5973 -0.7005 0.2652 0.6394
9 193.2287 128.6872 151.5476 0.1814 -0.3252 -0.9281 0.2762 0.6414
MRinSpiritualFinfameOn.jpg
9 113.2252 170.8574 163.4190 0.2442 -0.3702 -0.8963 0.2762 0.6414
9 105.8542 172.4555 157.4121 -0.2453 -0.7431 -0.6225 0.2652 0.6394
9 110.8480 178.3575 161.5675 -0.8470 0.4524 -0.2791 0.2616 0.6295
MRinSpiritualFinfameOn.jpg
9 110.6214 170.0797 167.1786 -0.6024 -0.7010 0.3817 0.2725 0.6524
9 105.8542 172.4555 157.4121 -0.2453 -0.7431 -0.6225 0.2652 0.6394
9 113.2252 170.8574 163.4190 0.2442 -0.3702 -0.8963 0.2762 0.6414
MRinSpiritualFinfameOn.jpg
9 110.8480 178.3575 161.5675 -0.8470 0.4524 -0.2791 0.2616 0.6295
9 105.8542 172.4555 157.4121 -0.2453 -0.7431 -0.6225 0.2652 0.6394
9 110.6214 170.0797 167.1786 -0.6024 -0.7010 0.3817 0.2725 0.6524
MRinSpiritualFinfameOn.jpg
9 113.5629 186.0061 159.5607 0.3584 0.3748 -0.8550 0.2652 0.6394
9 118.5813 180.3659 164.9033 0.5840 0.4398 -0.6823 0.2762 0.6414
9 113.2252 170.8574 163.4190 0.2442 -0.3702 -0.8963 0.2762 0.6414
MRinSpiritualFinfameOn.jpg
9 117.3373 182.2054 169.0209 0.1624 0.8127 0.5596 0.2725 0.6524
9 128.0612 178.1666 166.6830 0.6950 0.1336 -0.7064 0.2652 0.6394
9 118.5813 180.3659 164.9033 0.5840 0.4398 -0.6823 0.2762 0.6414
MRinSpiritualFinfameOn.jpg
9 118.5813 180.3659 164.9033 0.5840 0.4398 -0.6823 0.2762 0.6414
9 128.0612 178.1666 166.6830 0.6950 0.1336 -0.7064 0.2652 0.6394
9 113.2252 170.8574 163.4190 0.2442 -0.3702 -0.8963 0.2762 0.6414
MRinSpiritualFinfameOn.jpg
9 113.5629 186.0061 159.5607 0.3584 0.3748 -0.8550 0.2652 0.6394
9 117.3373 182.2054 169.0209 0.1624 0.8127 0.5596 0.2725 0.6524
9 118.5813 180.3659 164.9033 0.5840 0.4398 -0.6823 0.2762 0.6414
MRinSpiritualFinfameOn.jpg
9 197.2180 143.6436 149.3184 0.4633 0.3652 -0.8075 0.2652 0.6394
9 200.5956 136.4767 154.0781 0.6933 0.3562 -0.6265 0.2762 0.6414
9 193.2287 128.6872 151.5476 0.1814 -0.3252 -0.9281 0.2762 0.6414
MRinSpiritualFinfameOn.jpg
9 199.6738 138.1371 158.3545 0.1382 0.8603 0.4906 0.2725 0.6524
9 209.2386 131.9380 155.7048 0.7315 0.0353 -0.6809 0.2652 0.6394
9 200.5956 136.4767 154.0781 0.6933 0.3562 -0.6265 0.2762 0.6414
MRinSpiritualFinfameOn.jpg
9 197.2180 143.6436 149.3184 0.4633 0.3652 -0.8075 0.2652 0.6394
9 199.6738 138.1371 158.3545 0.1382 0.8603 0.4906 0.2725 0.6524
9 200.5956 136.4767 154.0781 0.6933 0.3562 -0.6265 0.2762 0.6414
MRinSpiritualFinfameOn.jpg
9 200.5956 136.4767 154.0781 0.6933 0.3562 -0.6265 0.2762 0.6414
9 209.2386 131.9380 155.7048 0.7315 0.0353 -0.6809 0.2652 0.6394
9 193.2287 128.6872 151.5476 0.1814 -0.3252 -0.9281 0.2762 0.6414
MRinSpiritualFinfameOn.jpg
16 -156.6522 149.9137 117.3902 -0.0897 -0.9820 -0.1663 0.2616 0.6295
16 -162.4415 155.0947 124.2419 -0.7693 0.2500 0.5880 0.2725 0.6524
16 -164.9335 149.1702 114.4631 -0.3646 0.2043 -0.9085 0.2652 0.6394
MRinSpiritualFinfameOn.jpg
16 -161.3908 165.4551 121.1449 -0.3324 0.6059 -0.7228 0.2652 0.6394
16 -162.4415 155.0947 124.2419 -0.7693 0.2500 0.5880 0.2725 0.6524
16 -154.1616 161.3586 122.0862 0.1841 0.8547 0.4854 0.2616 0.6295
MRinSpiritualFinfameOn.jpg
16 -128.0977 200.8945 188.8918 -0.3363 -0.9296 -0.1505 0.2616 0.6295
16 -131.7993 207.1800 196.2416 -0.7776 0.1647 0.6068 0.2725 0.6524
16 -136.5657 202.1842 186.7967 -0.3909 0.3020 -0.8695 0.2652 0.6394
MRinSpiritualFinfameOn.jpg
16 -128.6294 217.0531 192.9869 -0.2477 0.6784 -0.6917 0.2652 0.6394
16 -131.7993 207.1800 196.2416 -0.7776 0.1647 0.6068 0.2725 0.6524
16 -122.5275 211.3435 193.2418 0.4276 0.7789 0.4588 0.2616 0.6295
MRinSpiritualFinfameOn.jpg
49 -32.5676 -90.4835 266.3004 0.5713 0.5675 -0.5929 0.3219 0.9911
49 -46.5796 -84.7525 258.2846 0.5713 0.5675 -0.5929 0.3157 0.9490
49 -27.3491 -76.2458 284.9573 0.5713 0.5675 -0.5929 0.2663 0.9901
MRinSpiritualFinfameOn.jpg
16 -149.3527 147.1160 113.9249 0.8243 -0.0394 -0.5648 0.2652 0.6394
16 -148.5852 153.2244 123.7457 0.8266 -0.3337 0.4532 0.2725 0.6524
16 -156.6522 149.9137 117.3902 -0.0897 -0.9820 -0.1663 0.2616 0.6295
MRinSpiritualFinfameOn.jpg
16 -149.9521 154.9058 119.6428 0.3324 0.2920 -0.8968 0.2762 0.6414
16 -156.6522 149.9137 117.3902 -0.0897 -0.9820 -0.1663 0.2616 0.6295
16 -164.9335 149.1702 114.4631 -0.3646 0.2043 -0.9085 0.2652 0.6394
MRinSpiritualFinfameOn.jpg
16 -149.3527 147.1160 113.9249 0.8243 -0.0394 -0.5648 0.2652 0.6394
16 -156.6522 149.9137 117.3902 -0.0897 -0.9820 -0.1663 0.2616 0.6295
16 -149.9521 154.9058 119.6428 0.3324 0.2920 -0.8968 0.2762 0.6414
MRinSpiritualFinfameOn.jpg
16 -149.3527 147.1160 113.9249 0.8243 -0.0394 -0.5648 0.2652 0.6394
16 -149.9521 154.9058 119.6428 0.3324 0.2920 -0.8968 0.2762 0.6414
16 -148.5852 153.2244 123.7457 0.8266 -0.3337 0.4532 0.2725 0.6524
MRinSpiritualFinfameOn.jpg
16 -161.3908 165.4551 121.1449 -0.3324 0.6059 -0.7228 0.2652 0.6394
16 -154.1616 161.3586 122.0862 0.1841 0.8547 0.4854 0.2616 0.6295
16 -149.9521 154.9058 119.6428 0.3324 0.2920 -0.8968 0.2762 0.6414
MRinSpiritualFinfameOn.jpg
16 -120.2234 204.1140 190.4565 0.3046 0.2194 -0.9269 0.2762 0.6414
16 -128.0977 200.8945 188.8918 -0.3363 -0.9296 -0.1505 0.2616 0.6295
16 -136.5657 202.1842 186.7967 -0.3909 0.3020 -0.8695 0.2652 0.6394
MRinSpiritualFinfameOn.jpg
16 -128.6294 217.0531 192.9869 -0.2477 0.6784 -0.6917 0.2652 0.6394
16 -122.5275 211.3435 193.2418 0.4276 0.7789 0.4588 0.2616 0.6295
16 -120.2234 204.1140 190.4565 0.3046 0.2194 -0.9269 0.2762 0.6414
MRinSpiritualFinfameOn.jpg
16 -122.0452 196.4921 184.7608 0.7336 -0.2249 -0.6413 0.2652 0.6394
16 -118.9114 202.0917 194.4199 0.7628 -0.5278 0.3736 0.2725 0.6524
16 -128.0977 200.8945 188.8918 -0.3363 -0.9296 -0.1505 0.2616 0.6295
MRinSpiritualFinfameOn.jpg
16 -122.0452 196.4921 184.7608 0.7336 -0.2249 -0.6413 0.2652 0.6394
16 -128.0977 200.8945 188.8918 -0.3363 -0.9296 -0.1505 0.2616 0.6295
16 -120.2234 204.1140 190.4565 0.3046 0.2194 -0.9269 0.2762 0.6414
MRinSpiritualFinfameOn.jpg
16 -122.0452 196.4921 184.7608 0.7336 -0.2249 -0.6413 0.2652 0.6394
16 -120.2234 204.1140 190.4565 0.3046 0.2194 -0.9269 0.2762 0.6414
16 -118.9114 202.0917 194.4199 0.7628 -0.5278 0.3736 0.2725 0.6524
MRinSpiritualFinfameOn.jpg
16 -148.5852 153.2244 123.7457 0.8266 -0.3337 0.4532 0.2725 0.6524
16 -149.9521 154.9058 119.6428 0.3324 0.2920 -0.8968 0.2762 0.6414
16 -145.7889 163.5457 120.6660 0.8547 0.1519 -0.4963 0.2652 0.6394
MRinSpiritualFinfameOn.jpg
16 -149.9521 154.9058 119.6428 0.3324 0.2920 -0.8968 0.2762 0.6414
16 -154.1616 161.3586 122.0862 0.1841 0.8547 0.4854 0.2616 0.6295
16 -145.7889 163.5457 120.6660 0.8547 0.1519 -0.4963 0.2652 0.6394
MRinSpiritualFinfameOn.jpg
16 -154.1616 161.3586 122.0862 0.1841 0.8547 0.4854 0.2616 0.6295
16 -148.5852 153.2244 123.7457 0.8266 -0.3337 0.4532 0.2725 0.6524
16 -145.7889 163.5457 120.6660 0.8547 0.1519 -0.4963 0.2652 0.6394
MRinSpiritualFinfameOn.jpg
16 -122.5275 211.3435 193.2418 0.4276 0.7789 0.4588 0.2616 0.6295
16 -118.9114 202.0917 194.4199 0.7628 -0.5278 0.3736 0.2725 0.6524
16 -114.0412 211.4928 191.0059 0.8146 -0.0486 -0.5780 0.2652 0.6394
MRinSpiritualFinfameOn.jpg
16 -118.9114 202.0917 194.4199 0.7628 -0.5278 0.3736 0.2725 0.6524
16 -120.2234 204.1140 190.4565 0.3046 0.2194 -0.9269 0.2762 0.6414
16 -114.0412 211.4928 191.0059 0.8146 -0.0486 -0.5780 0.2652 0.6394
MRinSpiritualFinfameOn.jpg
16 -120.2234 204.1140 190.4565 0.3046 0.2194 -0.9269 0.2762 0.6414
16 -122.5275 211.3435 193.2418 0.4276 0.7789 0.4588 0.2616 0.6295
16 -114.0412 211.4928 191.0059 0.8146 -0.0486 -0.5780 0.2652 0.6394
MRinSpiritualFinfameOn.jpg
16 -128.6294 217.0531 192.9869 -0.2477 0.6784 -0.6917 0.2652 0.6394
16 -120.2234 204.1140 190.4565 0.3046 0.2194 -0.9269 0.2762 0.6414
16 -130.4142 208.0484 191.8608 -0.5036 0.5391 -0.6751 0.2762 0.6414
MRinSpiritualFinfameOn.jpg
16 -131.7993 207.1800 196.2416 -0.7776 0.1647 0.6068 0.2725 0.6524
16 -130.4142 208.0484 191.8608 -0.5036 0.5391 -0.6751 0.2762 0.6414
16 -136.5657 202.1842 186.7967 -0.3909 0.3020 -0.8695 0.2652 0.6394
MRinSpiritualFinfameOn.jpg
16 -128.6294 217.0531 192.9869 -0.2477 0.6784 -0.6917 0.2652 0.6394
16 -130.4142 208.0484 191.8608 -0.5036 0.5391 -0.6751 0.2762 0.6414
16 -131.7993 207.1800 196.2416 -0.7776 0.1647 0.6068 0.2725 0.6524
MRinSpiritualFinfameOn.jpg
16 -130.4142 208.0484 191.8608 -0.5036 0.5391 -0.6751 0.2762 0.6414
16 -120.2234 204.1140 190.4565 0.3046 0.2194 -0.9269 0.2762 0.6414
16 -136.5657 202.1842 186.7967 -0.3909 0.3020 -0.8695 0.2652 0.6394
MRinSpiritualFinfameOn.jpg
16 -162.4415 155.0947 124.2419 -0.7693 0.2500 0.5880 0.2725 0.6524
16 -160.8738 156.2978 120.0006 -0.5484 0.4086 -0.7296 0.2762 0.6414
16 -164.9335 149.1702 114.4631 -0.3646 0.2043 -0.9085 0.2652 0.6394
MRinSpiritualFinfameOn.jpg
16 -161.3908 165.4551 121.1449 -0.3324 0.6059 -0.7228 0.2652 0.6394
16 -160.8738 156.2978 120.0006 -0.5484 0.4086 -0.7296 0.2762 0.6414
16 -162.4415 155.0947 124.2419 -0.7693 0.2500 0.5880 0.2725 0.6524
MRinSpiritualFinfameOn.jpg
16 -160.8738 156.2978 120.0006 -0.5484 0.4086 -0.7296 0.2762 0.6414
16 -149.9521 154.9058 119.6428 0.3324 0.2920 -0.8968 0.2762 0.6414
16 -164.9335 149.1702 114.4631 -0.3646 0.2043 -0.9085 0.2652 0.6394
MRinSpiritualFinfameOn.jpg
16 -161.3908 165.4551 121.1449 -0.3324 0.6059 -0.7228 0.2652 0.6394
16 -149.9521 154.9058 119.6428 0.3324 0.2920 -0.8968 0.2762 0.6414
16 -160.8738 156.2978 120.0006 -0.5484 0.4086 -0.7296 0.2762 0.6414
MRinSpiritualFinfameOn.jpg
31 51.8261 -82.0580 75.4008 0.0907 -0.9809 -0.1719 0.9875 0.2923
31 54.8546 -78.4518 61.4985 0.4714 -0.6921 -0.5466 0.9589 0.2923
31 64.2869 -69.7910 76.7250 0.9260 -0.3377 -0.1689 0.9771 0.2626
MRinSpiritualFinfameOn.jpg
31 61.4730 -64.8318 62.2845 0.8958 -0.1149 -0.4293 0.9531 0.2657
31 64.2869 -69.7910 76.7250 0.9260 -0.3377 -0.1689 0.9771 0.2626
31 54.8546 -78.4518 61.4985 0.4714 -0.6921 -0.5466 0.9589 0.2923
MRinSpiritualFinfameOn.jpg
31 54.8546 -78.4518 61.4985 0.4714 -0.6921 -0.5466 0.9589 0.2923
31 52.6819 -62.0970 53.2225 0.0778 -0.4156 -0.9062 0.9323 0.2923
31 61.4730 -64.8318 62.2845 0.8958 -0.1149 -0.4293 0.9531 0.2657
MRinSpiritualFinfameOn.jpg
31 64.2869 -69.7910 76.7250 0.9260 -0.3377 -0.1689 0.9771 0.2626
31 61.4730 -64.8318 62.2845 0.8958 -0.1149 -0.4293 0.9531 0.2657
31 60.7948 -53.7279 73.4405 0.9374 0.3232 0.1293 0.9516 0.2392
MRinSpiritualFinfameOn.jpg
31 61.4730 -64.8318 62.2845 0.8958 -0.1149 -0.4293 0.9531 0.2657
31 57.5201 -49.3656 53.7777 0.9580 0.0205 -0.2859 0.9297 0.2710
31 60.7948 -53.7279 73.4405 0.9374 0.3232 0.1293 0.9516 0.2392
MRinSpiritualFinfameOn.jpg
31 52.6819 -62.0970 53.2225 0.0778 -0.4156 -0.9062 0.9323 0.2923
31 57.5201 -49.3656 53.7777 0.9580 0.0205 -0.2859 0.9297 0.2710
31 61.4730 -64.8318 62.2845 0.8958 -0.1149 -0.4293 0.9531 0.2657
MRinSpiritualFinfameOn.jpg
31 52.6819 -62.0970 53.2225 0.0778 -0.4156 -0.9062 0.9323 0.2923
31 50.8142 -45.1974 40.2820 0.3300 -0.9401 -0.0855 0.8839 0.2923
31 57.5201 -49.3656 53.7777 0.9580 0.0205 -0.2859 0.9297 0.2710
MRinSpiritualFinfameOn.jpg
31 57.5201 -49.3656 53.7777 0.9580 0.0205 -0.2859 0.9297 0.2710
31 58.1270 -39.6653 63.5082 0.5822 0.5839 0.5657 0.9198 0.2444
31 60.7948 -53.7279 73.4405 0.9374 0.3232 0.1293 0.9516 0.2392
MRinSpiritualFinfameOn.jpg
31 60.7948 -53.7279 73.4405 0.9374 0.3232 0.1293 0.9516 0.2392
31 58.1270 -39.6653 63.5082 0.5822 0.5839 0.5657 0.9198 0.2444
30 41.8677 -44.8047 74.7045 -0.3150 0.1724 0.9333 0.9365 0.2236
MRinSpiritualFinfameOn.jpg
31 58.1270 -39.6653 63.5082 0.5822 0.5839 0.5657 0.9198 0.2444
31 42.4847 -34.5243 64.8026 -0.3545 0.5177 0.7786 0.9068 0.2236
30 41.8677 -44.8047 74.7045 -0.3150 0.1724 0.9333 0.9365 0.2236
MRinSpiritualFinfameOn.jpg
31 42.4847 -34.5243 64.8026 -0.3545 0.5177 0.7786 0.9068 0.2236
31 58.1270 -39.6653 63.5082 0.5822 0.5839 0.5657 0.9198 0.2444
31 42.4066 -24.2062 52.6067 -0.4716 0.4969 0.7285 0.8756 0.2236
MRinSpiritualFinfameOn.jpg
31 55.9749 -35.6227 48.8732 0.9093 -0.1453 0.3900 0.8876 0.2730
31 57.5201 -49.3656 53.7777 0.9580 0.0205 -0.2859 0.9297 0.2710
31 50.8142 -45.1974 40.2820 0.3300 -0.9401 -0.0855 0.8839 0.2923
MRinSpiritualFinfameOn.jpg
31 50.8142 -45.1974 40.2820 0.3300 -0.9401 -0.0855 0.8839 0.2923
31 57.6797 -38.9692 44.3422 0.6792 -0.4445 0.5840 0.8772 0.2751
31 55.9749 -35.6227 48.8732 0.9093 -0.1453 0.3900 0.8876 0.2730
MRinSpiritualFinfameOn.jpg
31 55.9749 -35.6227 48.8732 0.9093 -0.1453 0.3900 0.8876 0.2730
31 57.6797 -38.9692 44.3422 0.6792 -0.4445 0.5840 0.8772 0.2751
32 58.1697 -19.6833 46.6619 0.7869 0.1704 0.5931 0.8584 0.2553
MRinSpiritualFinfameOn.jpg
31 57.5201 -49.3656 53.7777 0.9580 0.0205 -0.2859 0.9297 0.2710
31 52.2384 -27.1085 52.7620 0.6888 0.3301 0.6454 0.8803 0.2481
31 58.1270 -39.6653 63.5082 0.5822 0.5839 0.5657 0.9198 0.2444
MRinSpiritualFinfameOn.jpg
31 58.1270 -39.6653 63.5082 0.5822 0.5839 0.5657 0.9198 0.2444
31 52.2384 -27.1085 52.7620 0.6888 0.3301 0.6454 0.8803 0.2481
31 42.4066 -24.2062 52.6067 -0.4716 0.4969 0.7285 0.8756 0.2236
MRinSpiritualFinfameOn.jpg
31 55.9749 -35.6227 48.8732 0.9093 -0.1453 0.3900 0.8876 0.2730
31 52.2384 -27.1085 52.7620 0.6888 0.3301 0.6454 0.8803 0.2481
31 57.5201 -49.3656 53.7777 0.9580 0.0205 -0.2859 0.9297 0.2710
MRinSpiritualFinfameOn.jpg
31 52.2384 -27.1085 52.7620 0.6888 0.3301 0.6454 0.8803 0.2481
31 55.9749 -35.6227 48.8732 0.9093 -0.1453 0.3900 0.8876 0.2730
32 58.1697 -19.6833 46.6619 0.7869 0.1704 0.5931 0.8584 0.2553
MRinSpiritualFinfameOn.jpg
31 42.4066 -24.2062 52.6067 -0.4716 0.4969 0.7285 0.8756 0.2236
31 52.2384 -27.1085 52.7620 0.6888 0.3301 0.6454 0.8803 0.2481
32 50.5944 -15.3544 51.6684 0.3069 0.4824 0.8204 0.8569 0.2371
MRinSpiritualFinfameOn.jpg
32 50.5944 -15.3544 51.6684 0.3069 0.4824 0.8204 0.8569 0.2371
31 52.2384 -27.1085 52.7620 0.6888 0.3301 0.6454 0.8803 0.2481
32 58.1697 -19.6833 46.6619 0.7869 0.1704 0.5931 0.8584 0.2553
MRinSpiritualFinfameOn.jpg
32 42.9678 -12.8046 49.0280 -0.3171 0.8850 0.3408 0.8527 0.2236
31 42.4066 -24.2062 52.6067 -0.4716 0.4969 0.7285 0.8756 0.2236
32 50.5944 -15.3544 51.6684 0.3069 0.4824 0.8204 0.8569 0.2371
MRinSpiritualFinfameOn.jpg
32 50.5944 -15.3544 51.6684 0.3069 0.4824 0.8204 0.8569 0.2371
32 54.5227 -13.1612 43.5535 0.3233 0.8914 0.3177 0.8449 0.2439
32 42.9678 -12.8046 49.0280 -0.3171 0.8850 0.3408 0.8527 0.2236
MRinSpiritualFinfameOn.jpg
32 54.5227 -13.1612 43.5535 0.3233 0.8914 0.3177 0.8449 0.2439
32 50.5944 -15.3544 51.6684 0.3069 0.4824 0.8204 0.8569 0.2371
32 58.1697 -19.6833 46.6619 0.7869 0.1704 0.5931 0.8584 0.2553
MRinSpiritualFinfameOn.jpg
32 54.5227 -13.1612 43.5535 0.3233 0.8914 0.3177 0.8449 0.2439
32 47.3532 -12.2699 38.3315 -0.2573 0.9646 -0.0573 0.8345 0.2314
32 42.9678 -12.8046 49.0280 -0.3171 0.8850 0.3408 0.8527 0.2236
MRinSpiritualFinfameOn.jpg
46 147.4070 -65.9940 102.4159 0.6992 -0.7128 -0.0560 0.3095 0.1679
46 139.5210 -65.3806 89.2266 0.7698 -0.6088 -0.1916 0.2923 0.1440
46 158.0481 -49.6219 113.5912 0.9006 -0.4344 -0.0154 0.2923 0.2075
MRinSpiritualFinfameOn.jpg
46 135.0406 -73.0970 101.1812 0.8177 -0.5754 -0.0162 0.3292 0.1523
46 147.4070 -65.9940 102.4159 0.6992 -0.7128 -0.0560 0.3095 0.1679
46 147.3826 -56.1656 122.7978 0.7666 -0.6281 0.1332 0.3251 0.2064
MRinSpiritualFinfameOn.jpg
46 140.5531 -73.2977 113.0712 0.7806 -0.6157 0.1072 0.3422 0.1716
46 135.0406 -73.0970 101.1812 0.8177 -0.5754 -0.0162 0.3292 0.1523
46 147.3826 -56.1656 122.7978 0.7666 -0.6281 0.1332 0.3251 0.2064
MRinSpiritualFinfameOn.jpg
46 129.3909 -78.1844 115.4690 0.4199 -0.6466 0.6369 0.3631 0.1653
46 140.5531 -73.2977 113.0712 0.7806 -0.6157 0.1072 0.3422 0.1716
46 133.3918 -61.5856 129.6834 0.1590 -0.7595 0.6308 0.3657 0.2064
MRinSpiritualFinfameOn.jpg
23 18.0544 8.0865 103.3591 0.3456 0.4040 -0.8469 0.8324 0.5858
23 8.9767 -2.5737 98.1231 0.1516 0.4015 -0.9032 0.7939 0.5977
23 -1.0295 1.8337 98.4899 0.0272 0.0928 -0.9953 0.7788 0.5743
MRinSpiritualFinfameOn.jpg
23 25.3237 -4.5246 103.8297 0.5785 0.4371 -0.6887 0.8361 0.6201
23 8.9767 -2.5737 98.1231 0.1516 0.4015 -0.9032 0.7939 0.5977
23 18.0544 8.0865 103.3591 0.3456 0.4040 -0.8469 0.8324 0.5858
MRinSpiritualFinfameOn.jpg
30 24.5490 -8.2581 96.7139 -0.1725 0.9422 -0.2873 0.8064 0.6191
23 8.9767 -2.5737 98.1231 0.1516 0.4015 -0.9032 0.7939 0.5977
23 25.3237 -4.5246 103.8297 0.5785 0.4371 -0.6887 0.8361 0.6201
MRinSpiritualFinfameOn.jpg
31 65.8922 -71.2597 74.6277 0.8850 -0.4431 0.1433 0.0144 0.1294
31 58.0027 -86.9143 66.8210 0.4241 -0.8385 -0.3421 0.0618 0.1216
31 56.7127 -71.2050 52.9841 0.4378 -0.5738 -0.6922 0.0498 0.1601
MRinSpiritualFinfameOn.jpg
31 54.8495 -87.1046 77.0474 0.2574 -0.9269 0.2732 0.0602 0.0821
31 58.0027 -86.9143 66.8210 0.4241 -0.8385 -0.3421 0.0618 0.1216
31 65.8922 -71.2597 74.6277 0.8850 -0.4431 0.1433 0.0144 0.1294
MRinSpiritualFinfameOn.jpg
30 44.8918 -81.1322 100.7206 0.2747 -0.9345 0.2264 0.0165 0.0077
31 54.8495 -87.1046 77.0474 0.2574 -0.9269 0.2732 0.0602 0.0821
31 65.8922 -71.2597 74.6277 0.8850 -0.4431 0.1433 0.0144 0.1294
MRinSpiritualFinfameOn.jpg
46 123.6451 -75.6605 104.5010 -0.5646 -0.7762 -0.2807 0.4421 0.1971
48 111.6812 -77.7371 115.0871 -0.3451 -0.6551 -0.6721 0.4682 0.1861
46 119.9287 -63.0230 110.5733 -0.6290 0.4277 -0.6492 0.4421 0.1768
MRinSpiritualFinfameOn.jpg
48 110.9417 -66.8150 114.2731 -0.4130 0.4846 -0.7711 0.4645 0.1710
48 111.6812 -77.7371 115.0871 -0.3451 -0.6551 -0.6721 0.4682 0.1861
48 98.9371 -71.5855 117.8303 -0.3168 0.1368 -0.9386 0.4911 0.1690
MRinSpiritualFinfameOn.jpg
48 101.6730 -78.3988 119.0106 0.0931 -0.7171 -0.6907 0.4885 0.1841
48 98.9371 -71.5855 117.8303 -0.3168 0.1368 -0.9386 0.4911 0.1690
48 111.6812 -77.7371 115.0871 -0.3451 -0.6551 -0.6721 0.4682 0.1861
MRinSpiritualFinfameOn.jpg
48 76.2859 -92.9445 118.0132 -0.6946 -0.6606 -0.2849 0.5483 0.2028
48 98.9371 -71.5855 117.8303 -0.3168 0.1368 -0.9386 0.4911 0.1690
48 101.6730 -78.3988 119.0106 0.0931 -0.7171 -0.6907 0.4885 0.1841
MRinSpiritualFinfameOn.jpg
48 76.2859 -92.9445 118.0132 -0.6946 -0.6606 -0.2849 0.5483 0.2028
48 97.6296 -66.2208 123.1522 -0.3974 0.8561 -0.3306 0.4983 0.1539
48 98.9371 -71.5855 117.8303 -0.3168 0.1368 -0.9386 0.4911 0.1690
MRinSpiritualFinfameOn.jpg
48 98.9371 -71.5855 117.8303 -0.3168 0.1368 -0.9386 0.4911 0.1690
48 97.6296 -66.2208 123.1522 -0.3974 0.8561 -0.3306 0.4983 0.1539
48 110.9417 -66.8150 114.2731 -0.4130 0.4846 -0.7711 0.4645 0.1710
MRinSpiritualFinfameOn.jpg
48 100.7097 -64.2032 131.5625 0.5515 0.7319 0.4002 0.5088 0.1377
48 97.6296 -66.2208 123.1522 -0.3974 0.8561 -0.3306 0.4983 0.1539
48 89.0000 -75.5333 127.1306 -0.7019 0.3386 0.6266 0.5270 0.1606
MRinSpiritualFinfameOn.jpg
48 100.7097 -64.2032 131.5625 0.5515 0.7319 0.4002 0.5088 0.1377
48 100.8891 -69.4180 127.0201 0.2927 0.7683 0.5692 0.4905 0.1377
48 97.6296 -66.2208 123.1522 -0.3974 0.8561 -0.3306 0.4983 0.1539
MRinSpiritualFinfameOn.jpg
48 112.7986 -61.6246 120.7072 -0.2444 0.9695 0.0201 0.4635 0.1544
48 110.9417 -66.8150 114.2731 -0.4130 0.4846 -0.7711 0.4645 0.1710
48 97.6296 -66.2208 123.1522 -0.3974 0.8561 -0.3306 0.4983 0.1539
MRinSpiritualFinfameOn.jpg
48 97.6296 -66.2208 123.1522 -0.3974 0.8561 -0.3306 0.4983 0.1539
48 100.8891 -69.4180 127.0201 0.2927 0.7683 0.5692 0.4905 0.1377
48 112.7986 -61.6246 120.7072 -0.2444 0.9695 0.0201 0.4635 0.1544
MRinSpiritualFinfameOn.jpg
48 114.9449 -62.7450 126.4140 0.0944 0.8332 0.5449 0.4640 0.1377
48 112.7986 -61.6246 120.7072 -0.2444 0.9695 0.0201 0.4635 0.1544
48 100.8891 -69.4180 127.0201 0.2927 0.7683 0.5692 0.4905 0.1377
MRinSpiritualFinfameOn.jpg
48 112.7986 -61.6246 120.7072 -0.2444 0.9695 0.0201 0.4635 0.1544
48 116.6282 -62.0865 116.5735 -0.2286 0.9623 -0.1471 0.4494 0.1544
48 110.9417 -66.8150 114.2731 -0.4130 0.4846 -0.7711 0.4645 0.1710
MRinSpiritualFinfameOn.jpg
48 112.7986 -61.6246 120.7072 -0.2444 0.9695 0.0201 0.4635 0.1544
48 114.9449 -62.7450 126.4140 0.0944 0.8332 0.5449 0.4640 0.1377
48 116.6282 -62.0865 116.5735 -0.2286 0.9623 -0.1471 0.4494 0.1544
MRinSpiritualFinfameOn.jpg
48 120.4261 -63.4036 123.3974 0.0361 0.7855 0.6177 0.4500 0.1377
48 116.6282 -62.0865 116.5735 -0.2286 0.9623 -0.1471 0.4494 0.1544
48 114.9449 -62.7450 126.4140 0.0944 0.8332 0.5449 0.4640 0.1377
MRinSpiritualFinfameOn.jpg
46 120.6864 -56.1854 121.0428 -0.7293 0.6773 0.0970 0.4323 0.1544
48 116.6282 -62.0865 116.5735 -0.2286 0.9623 -0.1471 0.4494 0.1544
46 129.9668 -50.6793 126.8168 -0.5492 0.3974 0.7352 0.4135 0.1377
MRinSpiritualFinfameOn.jpg
9 192.7253 136.6880 150.4866 -0.7086 0.6645 -0.2372 0.2616 0.6295
9 190.3875 128.1662 155.1787 -0.7616 -0.5747 0.2995 0.2725 0.6524
9 191.1241 134.4588 164.5755 -0.6613 0.6970 -0.2772 0.2257 0.6768
MRinSpiritualFinfameOn.jpg
9 191.1241 134.4588 164.5755 -0.6613 0.6970 -0.2772 0.2257 0.6768
9 199.6738 138.1371 158.3545 0.1382 0.8603 0.4906 0.2725 0.6524
9 192.7253 136.6880 150.4866 -0.7086 0.6645 -0.2372 0.2616 0.6295
MRinSpiritualFinfameOn.jpg
9 199.4943 142.8156 166.5249 -0.5994 0.6936 -0.3996 0.2767 0.6805
9 199.6738 138.1371 158.3545 0.1382 0.8603 0.4906 0.2725 0.6524
9 191.1241 134.4588 164.5755 -0.6613 0.6970 -0.2772 0.2257 0.6768
MRinSpiritualFinfameOn.jpg
9 207.8108 143.7949 156.2779 0.5969 -0.7203 0.3534 0.2991 0.6519
9 199.6738 138.1371 158.3545 0.1382 0.8603 0.4906 0.2725 0.6524
9 199.4943 142.8156 166.5249 -0.5994 0.6936 -0.3996 0.2767 0.6805
MRinSpiritualFinfameOn.jpg
9 109.9447 177.3170 175.8644 -0.8094 0.4906 -0.3228 0.2257 0.6768
9 117.3373 182.2054 169.0209 0.1624 0.8127 0.5596 0.2725 0.6524
9 110.8480 178.3575 161.5675 -0.8470 0.4524 -0.2791 0.2616 0.6295
MRinSpiritualFinfameOn.jpg
9 110.8480 178.3575 161.5675 -0.8470 0.4524 -0.2791 0.2616 0.6295
9 110.6214 170.0797 167.1786 -0.6024 -0.7010 0.3817 0.2725 0.6524
9 109.9447 177.3170 175.8644 -0.8094 0.4906 -0.3228 0.2257 0.6768
MRinSpiritualFinfameOn.jpg
9 116.1278 187.5552 176.6748 -0.7510 0.4868 -0.4461 0.2767 0.6805
9 117.3373 182.2054 169.0209 0.1624 0.8127 0.5596 0.2725 0.6524
9 109.9447 177.3170 175.8644 -0.8094 0.4906 -0.3228 0.2257 0.6768
MRinSpiritualFinfameOn.jpg
9 123.8923 189.3570 166.0983 0.1786 -0.5081 -0.8426 0.2991 0.6519
9 117.3373 182.2054 169.0209 0.1624 0.8127 0.5596 0.2725 0.6524
9 116.1278 187.5552 176.6748 -0.7510 0.4868 -0.4461 0.2767 0.6805
MRinSpiritualFinfameOn.jpg
47 145.4047 -87.8691 106.8386 0.9677 -0.2457 0.0570 0.9328 0.4666
46 135.0406 -73.0970 101.1812 0.8708 0.2479 -0.4247 0.8891 0.5181
46 140.5531 -73.2977 113.0712 0.7218 -0.2245 0.6547 0.9328 0.5181
MRinSpiritualFinfameOn.jpg
47 145.4047 -87.8691 106.8386 0.9677 -0.2457 0.0570 0.9328 0.4666
47 140.0973 -89.3340 94.6943 0.4026 0.2217 -0.8881 0.8871 0.4546
46 135.0406 -73.0970 101.1812 0.8708 0.2479 -0.4247 0.8891 0.5181
MRinSpiritualFinfameOn.jpg
46 135.0406 -73.0970 101.1812 0.8708 0.2479 -0.4247 0.8891 0.5181
47 140.0973 -89.3340 94.6943 0.4026 0.2217 -0.8881 0.8871 0.4546
46 123.6451 -75.6605 104.5010 -0.9346 0.0067 -0.3555 0.8506 0.5181
MRinSpiritualFinfameOn.jpg
47 145.4047 -87.8691 106.8386 0.9677 -0.2457 0.0570 0.9328 0.4666
47 142.2239 -91.0364 104.1417 0.9188 -0.1435 0.3677 0.9245 0.4536
47 140.0973 -89.3340 94.6943 0.4026 0.2217 -0.8881 0.8871 0.4546
MRinSpiritualFinfameOn.jpg
47 140.0973 -89.3340 94.6943 0.4026 0.2217 -0.8881 0.8871 0.4546
47 142.2239 -91.0364 104.1417 0.9188 -0.1435 0.3677 0.9245 0.4536
47 149.1489 -108.7177 91.1538 0.6140 0.3446 -0.7101 0.8871 0.3943
MRinSpiritualFinfameOn.jpg
47 128.7674 -95.9392 96.7477 -0.8404 -0.3444 -0.4185 0.8506 0.4432
46 123.6451 -75.6605 104.5010 -0.9346 0.0067 -0.3555 0.8506 0.5181
47 140.0973 -89.3340 94.6943 0.4026 0.2217 -0.8881 0.8871 0.4546
MRinSpiritualFinfameOn.jpg
47 140.0973 -89.3340 94.6943 0.4026 0.2217 -0.8881 0.8871 0.4546
47 149.1489 -108.7177 91.1538 0.6140 0.3446 -0.7101 0.8871 0.3943
47 128.7674 -95.9392 96.7477 -0.8404 -0.3444 -0.4185 0.8506 0.4432
MRinSpiritualFinfameOn.jpg
47 146.8882 -101.1471 100.9703 0.8278 0.2677 0.4929 0.9245 0.4193
47 149.1489 -108.7177 91.1538 0.6140 0.3446 -0.7101 0.8871 0.3943
47 142.2239 -91.0364 104.1417 0.9188 -0.1435 0.3677 0.9245 0.4536
MRinSpiritualFinfameOn.jpg
47 151.4091 -109.5334 98.6796 0.8991 0.0476 0.4351 0.9209 0.3828
47 149.1489 -108.7177 91.1538 0.6140 0.3446 -0.7101 0.8871 0.3943
47 146.8882 -101.1471 100.9703 0.8278 0.2677 0.4929 0.9245 0.4193
MRinSpiritualFinfameOn.jpg
47 128.7674 -95.9392 96.7477 -0.8404 -0.3444 -0.4185 0.8506 0.4432
47 149.1489 -108.7177 91.1538 0.6140 0.3446 -0.7101 0.8871 0.3943
47 139.7039 -110.8409 93.6932 -0.9533 -0.0297 -0.3006 0.8506 0.3932
MRinSpiritualFinfameOn.jpg
47 151.4091 -109.5334 98.6796 0.8991 0.0476 0.4351 0.9209 0.3828
47 151.1786 -118.1591 94.2917 0.8065 -0.5766 0.1306 0.9110 0.3480
47 149.1489 -108.7177 91.1538 0.6140 0.3446 -0.7101 0.8871 0.3943
MRinSpiritualFinfameOn.jpg
47 149.1489 -108.7177 91.1538 0.6140 0.3446 -0.7101 0.8871 0.3943
47 146.3577 -117.2566 87.8224 0.3140 0.1493 -0.9376 0.8808 0.3480
47 139.7039 -110.8409 93.6932 -0.9533 -0.0297 -0.3006 0.8506 0.3932
MRinSpiritualFinfameOn.jpg
47 151.1786 -118.1591 94.2917 0.8065 -0.5766 0.1306 0.9110 0.3480
47 146.3577 -117.2566 87.8224 0.3140 0.1493 -0.9376 0.8808 0.3480
47 149.1489 -108.7177 91.1538 0.6140 0.3446 -0.7101 0.8871 0.3943
MRinSpiritualFinfameOn.jpg
47 135.2350 -127.1445 83.7456 -0.0117 -0.9680 -0.2508 0.8579 0.3006
47 139.7039 -110.8409 93.6932 -0.9533 -0.0297 -0.3006 0.8506 0.3932
47 146.3577 -117.2566 87.8224 0.3140 0.1493 -0.9376 0.8808 0.3480
MRinSpiritualFinfameOn.jpg
47 135.2350 -127.1445 83.7456 -0.0117 -0.9680 -0.2508 0.8579 0.3006
47 146.3577 -117.2566 87.8224 0.3140 0.1493 -0.9376 0.8808 0.3480
47 151.1786 -118.1591 94.2917 0.8065 -0.5766 0.1306 0.9110 0.3480
MRinSpiritualFinfameOn.jpg
46 131.9700 -31.2514 88.8218 -0.5489 0.6988 -0.4587 0.0456 0.7299
46 137.7133 -47.0071 77.3269 -0.5819 0.0663 -0.8106 0.0560 0.7096
46 122.9069 -46.4053 101.8353 -0.9242 0.3521 -0.1480 0.0097 0.7278
MRinSpiritualFinfameOn.jpg
46 146.6191 -40.0370 76.6217 -0.2311 0.6365 -0.7359 0.0748 0.7185
46 137.7133 -47.0071 77.3269 -0.5819 0.0663 -0.8106 0.0560 0.7096
46 131.9700 -31.2514 88.8218 -0.5489 0.6988 -0.4587 0.0456 0.7299
MRinSpiritualFinfameOn.jpg
46 149.0069 -25.9666 94.5181 -0.5345 0.7511 -0.3876 0.0675 0.7434
46 146.6191 -40.0370 76.6217 -0.2311 0.6365 -0.7359 0.0748 0.7185
46 131.9700 -31.2514 88.8218 -0.5489 0.6988 -0.4587 0.0456 0.7299
MRinSpiritualFinfameOn.jpg
46 133.1064 -59.0182 81.9886 -0.4869 -0.2792 -0.8276 0.0326 0.7018
46 137.7133 -47.0071 77.3269 -0.5819 0.0663 -0.8106 0.0560 0.7096
46 144.2497 -54.2964 81.6181 0.1415 -0.4049 -0.9033 0.0472 0.6940
MRinSpiritualFinfameOn.jpg
46 122.9069 -46.4053 101.8353 -0.9242 0.3521 -0.1480 0.0097 0.7278
46 133.1064 -59.0182 81.9886 -0.4869 -0.2792 -0.8276 0.0326 0.7018
46 126.0267 -67.1958 91.0427 -0.5279 -0.3825 -0.7583 0.0092 0.7013
MRinSpiritualFinfameOn.jpg
46 126.0267 -67.1958 91.0427 -0.5279 -0.3825 -0.7583 0.0092 0.7013
46 133.1064 -59.0182 81.9886 -0.4869 -0.2792 -0.8276 0.0326 0.7018
46 139.5210 -65.3806 89.2266 0.0108 -0.7463 -0.6656 0.0248 0.6893
MRinSpiritualFinfameOn.jpg
31 58.0027 -86.9143 66.8210 0.4241 -0.8385 -0.3421 0.0618 0.1216
31 54.8495 -87.1046 77.0474 0.2574 -0.9269 0.2732 0.0602 0.0821
31 40.5830 -81.2893 66.2554 -0.3515 -0.9024 -0.2495 0.0144 0.1294
MRinSpiritualFinfameOn.jpg
31 56.7127 -71.2050 52.9841 0.4378 -0.5738 -0.6922 0.0498 0.1601
31 58.0027 -86.9143 66.8210 0.4241 -0.8385 -0.3421 0.0618 0.1216
31 40.5830 -81.2893 66.2554 -0.3515 -0.9024 -0.2495 0.0144 0.1294
MRinSpiritualFinfameOn.jpg
30 44.8918 -81.1322 100.7206 0.2747 -0.9345 0.2264 0.0165 0.0077
31 40.5830 -81.2893 66.2554 -0.3515 -0.9024 -0.2495 0.0144 0.1294
31 54.8495 -87.1046 77.0474 0.2574 -0.9269 0.2732 0.0602 0.0821
MRinSpiritualFinfameOn.jpg
33 53.6456 -81.1265 8.0141 -0.5265 -0.3477 0.7758 0.8038 0.1518
33 62.7207 -88.3867 -3.4187 -0.1166 -0.8777 0.4648 0.7986 0.1383
33 71.9068 -81.1374 12.5753 -0.0201 -0.4376 0.8990 0.8168 0.1325
MRinSpiritualFinfameOn.jpg
33 53.6456 -81.1265 8.0141 -0.5265 -0.3477 0.7758 0.8038 0.1518
33 71.9068 -81.1374 12.5753 -0.0201 -0.4376 0.8990 0.8168 0.1325
33 54.9872 -74.2206 8.8815 -0.6657 -0.2041 0.7178 0.8147 0.1622
MRinSpiritualFinfameOn.jpg
33 54.9872 -74.2206 8.8815 -0.6657 -0.2041 0.7178 0.8147 0.1622
33 47.6463 -83.2524 -4.1933 -0.8919 0.0808 0.4449 0.7877 0.1658
33 53.6456 -81.1265 8.0141 -0.5265 -0.3477 0.7758 0.8038 0.1518
MRinSpiritualFinfameOn.jpg
33 71.9068 -81.1374 12.5753 -0.0201 -0.4376 0.8990 0.8168 0.1325
33 71.1630 -72.9457 12.9498 0.0227 -0.1850 0.9825 0.8303 0.1403
33 54.9872 -74.2206 8.8815 -0.6657 -0.2041 0.7178 0.8147 0.1622
MRinSpiritualFinfameOn.jpg
33 51.1444 -47.7815 -0.6020 -0.9639 0.2472 0.0989 0.8246 0.2038
33 47.6463 -83.2524 -4.1933 -0.8919 0.0808 0.4449 0.7877 0.1658
33 54.9872 -74.2206 8.8815 -0.6657 -0.2041 0.7178 0.8147 0.1622
MRinSpiritualFinfameOn.jpg
32 51.7447 -42.7021 14.3518 -0.7470 0.3852 -0.5418 0.8600 0.1971
33 51.1444 -47.7815 -0.6020 -0.9639 0.2472 0.0989 0.8246 0.2038
33 54.9872 -74.2206 8.8815 -0.6657 -0.2041 0.7178 0.8147 0.1622
MRinSpiritualFinfameOn.jpg
33 51.1444 -47.7815 -0.6020 -0.9639 0.2472 0.0989 0.8246 0.2038
32 51.7447 -42.7021 14.3518 -0.7470 0.3852 -0.5418 0.8600 0.1971
33 62.4126 -36.0880 8.0502 -0.1944 0.9797 -0.0481 0.8371 0.2127
MRinSpiritualFinfameOn.jpg
33 62.4126 -36.0880 8.0502 -0.1944 0.9797 -0.0481 0.8371 0.2127
32 51.7447 -42.7021 14.3518 -0.7470 0.3852 -0.5418 0.8600 0.1971
32 60.9132 -36.3114 16.4113 0.1747 0.8510 -0.4953 0.8595 0.2127
MRinSpiritualFinfameOn.jpg
33 71.1630 -72.9457 12.9498 0.0227 -0.1850 0.9825 0.8303 0.1403
32 63.8871 -60.3016 22.0404 -0.1813 -0.4275 0.8857 0.8527 0.1502
33 54.9872 -74.2206 8.8815 -0.6657 -0.2041 0.7178 0.8147 0.1622
MRinSpiritualFinfameOn.jpg
32 60.9132 -36.3114 16.4113 0.1747 0.8510 -0.4953 0.8595 0.2127
32 51.7447 -42.7021 14.3518 -0.7470 0.3852 -0.5418 0.8600 0.1971
32 53.4172 -22.7120 28.6606 0.1647 0.5799 -0.7979 0.9073 0.2127
MRinSpiritualFinfameOn.jpg
32 63.8871 -60.3016 22.0404 -0.1813 -0.4275 0.8857 0.8527 0.1502
32 53.3303 -57.4026 18.2861 -0.7809 -0.5447 0.3057 0.8491 0.1684
33 54.9872 -74.2206 8.8815 -0.6657 -0.2041 0.7178 0.8147 0.1622
MRinSpiritualFinfameOn.jpg
32 53.3303 -57.4026 18.2861 -0.7809 -0.5447 0.3057 0.8491 0.1684
32 51.7447 -42.7021 14.3518 -0.7470 0.3852 -0.5418 0.8600 0.1971
33 54.9872 -74.2206 8.8815 -0.6657 -0.2041 0.7178 0.8147 0.1622
MRinSpiritualFinfameOn.jpg
32 57.9925 -51.9852 31.8793 -0.0091 -0.8531 0.5217 0.8839 0.1481
32 53.3303 -57.4026 18.2861 -0.7809 -0.5447 0.3057 0.8491 0.1684
32 63.8871 -60.3016 22.0404 -0.1813 -0.4275 0.8857 0.8527 0.1502
MRinSpiritualFinfameOn.jpg
32 57.9925 -51.9852 31.8793 -0.0091 -0.8531 0.5217 0.8839 0.1481
32 47.9181 -48.9965 27.8555 -0.5704 -0.8214 -0.0023 0.8917 0.1632
32 53.3303 -57.4026 18.2861 -0.7809 -0.5447 0.3057 0.8491 0.1684
MRinSpiritualFinfameOn.jpg
32 57.9925 -51.9852 31.8793 -0.0091 -0.8531 0.5217 0.8839 0.1481
32 55.1768 -51.1766 37.0079 0.0015 -0.8369 0.5473 0.8990 0.1445
32 47.9181 -48.9965 27.8555 -0.5704 -0.8214 -0.0023 0.8917 0.1632
MRinSpiritualFinfameOn.jpg
32 40.9010 -38.1097 28.8346 -0.7618 -0.3046 -0.5717 0.8969 0.1762
32 51.7447 -42.7021 14.3518 -0.7470 0.3852 -0.5418 0.8600 0.1971
32 53.3303 -57.4026 18.2861 -0.7809 -0.5447 0.3057 0.8491 0.1684
MRinSpiritualFinfameOn.jpg
32 47.9181 -48.9965 27.8555 -0.5704 -0.8214 -0.0023 0.8917 0.1632
32 40.9010 -38.1097 28.8346 -0.7618 -0.3046 -0.5717 0.8969 0.1762
32 53.3303 -57.4026 18.2861 -0.7809 -0.5447 0.3057 0.8491 0.1684
MRinSpiritualFinfameOn.jpg
32 55.1768 -51.1766 37.0079 0.0015 -0.8369 0.5473 0.8990 0.1445
32 43.5526 -47.9220 34.3351 -0.6600 -0.7190 0.2179 0.9047 0.1601
32 47.9181 -48.9965 27.8555 -0.5704 -0.8214 -0.0023 0.8917 0.1632
MRinSpiritualFinfameOn.jpg
32 40.9010 -38.1097 28.8346 -0.7618 -0.3046 -0.5717 0.8969 0.1762
32 47.9181 -48.9965 27.8555 -0.5704 -0.8214 -0.0023 0.8917 0.1632
32 43.5526 -47.9220 34.3351 -0.6600 -0.7190 0.2179 0.9047 0.1601
MRinSpiritualFinfameOn.jpg
32 55.1768 -51.1766 37.0079 0.0015 -0.8369 0.5473 0.8990 0.1445
31 50.8142 -45.1974 40.2820 -0.3696 -0.1366 0.9191 0.9162 0.1476
32 43.5526 -47.9220 34.3351 -0.6600 -0.7190 0.2179 0.9047 0.1601
MRinSpiritualFinfameOn.jpg
32 40.9010 -38.1097 28.8346 -0.7618 -0.3046 -0.5717 0.8969 0.1762
32 43.5526 -47.9220 34.3351 -0.6600 -0.7190 0.2179 0.9047 0.1601
32 33.3961 -35.8799 32.8412 -0.9408 -0.3391 -0.0000 0.9219 0.1794
MRinSpiritualFinfameOn.jpg
32 33.3961 -35.8799 32.8412 -0.9408 -0.3391 -0.0000 0.9219 0.1794
32 43.5526 -47.9220 34.3351 -0.6600 -0.7190 0.2179 0.9047 0.1601
31 50.8142 -45.1974 40.2820 -0.3696 -0.1366 0.9191 0.9162 0.1476
MRinSpiritualFinfameOn.jpg
32 33.3961 -35.8799 32.8412 -0.9408 -0.3391 -0.0000 0.9219 0.1794
31 50.8142 -45.1974 40.2820 -0.3696 -0.1366 0.9191 0.9162 0.1476
32 37.8856 -31.2473 37.3321 -0.6987 -0.0951 0.7090 0.9391 0.1825
MRinSpiritualFinfameOn.jpg
32 40.9010 -38.1097 28.8346 -0.7618 -0.3046 -0.5717 0.8969 0.1762
32 45.0230 -30.1360 25.7531 -0.4434 0.2249 -0.8677 0.9058 0.1986
32 51.7447 -42.7021 14.3518 -0.7470 0.3852 -0.5418 0.8600 0.1971
MRinSpiritualFinfameOn.jpg
32 45.0230 -30.1360 25.7531 -0.4434 0.2249 -0.8677 0.9058 0.1986
32 53.4172 -22.7120 28.6606 0.1647 0.5799 -0.7979 0.9073 0.2127
32 51.7447 -42.7021 14.3518 -0.7470 0.3852 -0.5418 0.8600 0.1971
MRinSpiritualFinfameOn.jpg
32 40.9010 -38.1097 28.8346 -0.7618 -0.3046 -0.5717 0.8969 0.1762
32 33.3961 -35.8799 32.8412 -0.9408 -0.3391 -0.0000 0.9219 0.1794
32 45.0230 -30.1360 25.7531 -0.4434 0.2249 -0.8677 0.9058 0.1986
MRinSpiritualFinfameOn.jpg
32 53.4172 -22.7120 28.6606 0.1647 0.5799 -0.7979 0.9073 0.2127
32 45.0230 -30.1360 25.7531 -0.4434 0.2249 -0.8677 0.9058 0.1986
32 34.6131 -18.4724 31.7092 -0.8275 0.4650 -0.3147 0.9334 0.1939
MRinSpiritualFinfameOn.jpg
32 33.3961 -35.8799 32.8412 -0.9408 -0.3391 -0.0000 0.9219 0.1794
32 37.8856 -31.2473 37.3321 -0.6987 -0.0951 0.7090 0.9391 0.1825
32 34.6131 -18.4724 31.7092 -0.8275 0.4650 -0.3147 0.9334 0.1939
MRinSpiritualFinfameOn.jpg
32 33.3961 -35.8799 32.8412 -0.9408 -0.3391 -0.0000 0.9219 0.1794
32 34.6131 -18.4724 31.7092 -0.8275 0.4650 -0.3147 0.9334 0.1939
32 45.0230 -30.1360 25.7531 -0.4434 0.2249 -0.8677 0.9058 0.1986
MRinSpiritualFinfameOn.jpg
32 37.8856 -31.2473 37.3321 -0.6987 -0.0951 0.7090 0.9391 0.1825
32 38.4734 -18.4466 37.5323 -0.6871 0.4738 0.5508 0.9448 0.1997
32 34.6131 -18.4724 31.7092 -0.8275 0.4650 -0.3147 0.9334 0.1939
MRinSpiritualFinfameOn.jpg
32 38.4734 -18.4466 37.5323 -0.6871 0.4738 0.5508 0.9448 0.1997
32 46.4028 -9.5687 34.7051 -0.2746 0.9543 0.1178 0.9354 0.2127
32 34.6131 -18.4724 31.7092 -0.8275 0.4650 -0.3147 0.9334 0.1939
MRinSpiritualFinfameOn.jpg
32 46.4028 -9.5687 34.7051 -0.2746 0.9543 0.1178 0.9354 0.2127
32 53.4172 -22.7120 28.6606 0.1647 0.5799 -0.7979 0.9073 0.2127
32 34.6131 -18.4724 31.7092 -0.8275 0.4650 -0.3147 0.9334 0.1939
MRinSpiritualFinfameOn.jpg
32 47.3532 -12.2699 38.3315 -0.4284 0.6672 0.6093 0.9474 0.2127
32 46.4028 -9.5687 34.7051 -0.2746 0.9543 0.1178 0.9354 0.2127
32 38.4734 -18.4466 37.5323 -0.6871 0.4738 0.5508 0.9448 0.1997
MRinSpiritualFinfameOn.jpg
23 2.1473 -40.1381 153.3033 0.4524 -0.8607 -0.2337 0.9204 0.0727
23 -3.3683 -40.0276 156.0140 -0.1015 -0.9921 0.0736 0.9328 0.0659
23 1.8108 -41.9664 147.2961 0.4744 -0.8801 -0.0200 0.9209 0.0883
MRinSpiritualFinfameOn.jpg
24 0.9908 -42.4832 159.2273 -0.1244 -0.7802 -0.6130 0.9391 0.0540
23 -3.3683 -40.0276 156.0140 -0.1015 -0.9921 0.0736 0.9328 0.0659
23 2.1473 -40.1381 153.3033 0.4524 -0.8607 -0.2337 0.9204 0.0727
MRinSpiritualFinfameOn.jpg
23 1.0992 -36.0009 151.7035 0.5878 -0.5068 0.6306 0.9099 0.0800
23 2.1473 -40.1381 153.3033 0.4524 -0.8607 -0.2337 0.9204 0.0727
23 1.8108 -41.9664 147.2961 0.4744 -0.8801 -0.0200 0.9209 0.0883
MRinSpiritualFinfameOn.jpg
23 18.5836 -34.8529 149.1836 0.5058 -0.8245 0.2538 0.8808 0.0899
23 1.0992 -36.0009 151.7035 0.5878 -0.5068 0.6306 0.9099 0.0800
23 1.8108 -41.9664 147.2961 0.4744 -0.8801 -0.0200 0.9209 0.0883
MRinSpiritualFinfameOn.jpg
23 18.5836 -34.8529 149.1836 0.5058 -0.8245 0.2538 0.8808 0.0899
23 17.0074 -32.8665 151.6431 0.2960 -0.6414 0.7078 0.8798 0.0800
23 1.0992 -36.0009 151.7035 0.5878 -0.5068 0.6306 0.9099 0.0800
MRinSpiritualFinfameOn.jpg
23 18.5836 -34.8529 149.1836 0.5058 -0.8245 0.2538 0.8808 0.0899
23 29.7350 -21.1213 152.7238 0.4925 -0.4490 0.7455 0.8449 0.0800
23 17.0074 -32.8665 151.6431 0.2960 -0.6414 0.7078 0.8798 0.0800
MRinSpiritualFinfameOn.jpg
23 31.6089 -22.7455 150.5803 0.8858 -0.4460 0.1284 0.8470 0.0899
23 29.7350 -21.1213 152.7238 0.4925 -0.4490 0.7455 0.8449 0.0800
23 18.5836 -34.8529 149.1836 0.5058 -0.8245 0.2538 0.8808 0.0899
MRinSpiritualFinfameOn.jpg
23 31.6089 -22.7455 150.5803 0.8858 -0.4460 0.1284 0.8470 0.0899
23 34.1257 -4.1089 155.2057 0.8814 -0.0637 0.4680 0.8074 0.0800
23 29.7350 -21.1213 152.7238 0.4925 -0.4490 0.7455 0.8449 0.0800
MRinSpiritualFinfameOn.jpg
8 126.7782 135.8976 108.7291 0.8225 -0.3953 0.4091 0.8283 0.0399
8 122.9828 129.6550 110.4739 0.8243 -0.3853 0.4148 0.8283 0.0638
8 125.9780 119.1193 94.7378 0.8112 -0.3864 0.4389 0.7897 0.0399
MRinSpiritualFinfameOn.jpg
8 126.7782 135.8976 108.7291 0.8225 -0.3953 0.4091 0.8283 0.0399
8 125.9780 119.1193 94.7378 0.8112 -0.3864 0.4389 0.7897 0.0399
8 130.6155 140.8148 105.8138 0.8043 -0.4207 0.4197 0.8283 0.0113
MRinSpiritualFinfameOn.jpg
8 124.5716 145.8712 123.8326 0.8035 -0.4502 0.3894 0.8621 0.0399
8 126.7782 135.8976 108.7291 0.8225 -0.3953 0.4091 0.8283 0.0399
8 130.6155 140.8148 105.8138 0.8043 -0.4207 0.4197 0.8283 0.0113
MRinSpiritualFinfameOn.jpg
8 130.6155 140.8148 105.8138 0.8043 -0.4207 0.4197 0.8283 0.0113
8 125.9780 119.1193 94.7378 0.8112 -0.3864 0.4389 0.7897 0.0399
7 131.9257 115.2604 81.4239 0.7629 -0.5243 0.3783 0.7564 0.0113
MRinSpiritualFinfameOn.jpg
7 131.9257 115.2604 81.4239 0.7629 -0.5243 0.3783 0.7564 0.0113
8 125.9780 119.1193 94.7378 0.8112 -0.3864 0.4389 0.7897 0.0399
7 127.7278 113.0693 87.1360 0.7806 -0.5062 0.3666 0.7564 0.0399
MRinSpiritualFinfameOn.jpg
9 124.9934 163.6637 134.9741 0.8172 -0.3843 0.4297 0.9047 0.0113
8 124.5716 145.8712 123.8326 0.8035 -0.4502 0.3894 0.8621 0.0399
8 130.6155 140.8148 105.8138 0.8043 -0.4207 0.4197 0.8283 0.0113
MRinSpiritualFinfameOn.jpg
7 127.7278 113.0693 87.1360 0.7806 -0.5062 0.3666 0.7564 0.0399
7 121.7925 99.0050 81.1057 0.7857 -0.4863 0.3822 0.7174 0.0399
7 131.9257 115.2604 81.4239 0.7629 -0.5243 0.3783 0.7564 0.0113
MRinSpiritualFinfameOn.jpg
7 123.4793 110.7946 93.4608 0.7952 -0.4892 0.3582 0.7564 0.0638
7 121.7925 99.0050 81.1057 0.7857 -0.4863 0.3822 0.7174 0.0399
7 127.7278 113.0693 87.1360 0.7806 -0.5062 0.3666 0.7564 0.0399
MRinSpiritualFinfameOn.jpg
7 131.9257 115.2604 81.4239 0.7629 -0.5243 0.3783 0.7564 0.0113
7 121.7925 99.0050 81.1057 0.7857 -0.4863 0.3822 0.7174 0.0399
7 121.9415 88.8938 68.4441 0.7932 -0.4680 0.3896 0.6867 0.0113
MRinSpiritualFinfameOn.jpg
7 121.7925 99.0050 81.1057 0.7857 -0.4863 0.3822 0.7174 0.0399
7 118.2140 88.6819 75.8448 0.8018 -0.4597 0.3818 0.6867 0.0399
7 121.9415 88.8938 68.4441 0.7932 -0.4680 0.3896 0.6867 0.0113
MRinSpiritualFinfameOn.jpg
7 118.2140 88.6819 75.8448 0.8018 -0.4597 0.3818 0.6867 0.0399
7 113.8688 86.7790 83.0406 0.8099 -0.4564 0.3684 0.6867 0.0638
6 114.0054 83.4890 77.6353 0.6920 -0.6324 0.3482 0.6482 0.0399
MRinSpiritualFinfameOn.jpg
6 106.7179 74.2484 75.4681 0.7007 -0.6300 0.3348 0.6196 0.0399
6 97.3324 65.6627 79.0335 0.7000 -0.6356 0.3256 0.5842 0.0399
6 109.3743 72.6727 67.1250 0.6953 -0.6334 0.3395 0.6196 0.0113
MRinSpiritualFinfameOn.jpg
6 103.3178 74.3749 83.1429 0.7027 -0.6345 0.3218 0.6196 0.0638
6 97.3324 65.6627 79.0335 0.7000 -0.6356 0.3256 0.5842 0.0399
6 106.7179 74.2484 75.4681 0.7007 -0.6300 0.3348 0.6196 0.0399
MRinSpiritualFinfameOn.jpg
6 109.3743 72.6727 67.1250 0.6953 -0.6334 0.3395 0.6196 0.0113
6 97.3324 65.6627 79.0335 0.7000 -0.6356 0.3256 0.5842 0.0399
6 92.9884 57.9244 72.9910 0.6925 -0.6497 0.3136 0.5629 0.0113
MRinSpiritualFinfameOn.jpg
6 97.3324 65.6627 79.0335 0.7000 -0.6356 0.3256 0.5842 0.0399
6 91.1808 59.4850 80.1812 0.6942 -0.6469 0.3156 0.5629 0.0399
6 92.9884 57.9244 72.9910 0.6925 -0.6497 0.3136 0.5629 0.0113
MRinSpiritualFinfameOn.jpg
6 91.1808 59.4850 80.1812 0.6942 -0.6469 0.3156 0.5629 0.0399
5 78.2903 54.0523 92.4027 0.6011 -0.7295 0.3263 0.5035 0.0399
6 92.9884 57.9244 72.9910 0.6925 -0.6497 0.3136 0.5629 0.0113
MRinSpiritualFinfameOn.jpg
6 91.1808 59.4850 80.1812 0.6942 -0.6469 0.3156 0.5629 0.0399
6 88.5787 60.7090 88.3686 0.6908 -0.6500 0.3167 0.5629 0.0638
5 78.2903 54.0523 92.4027 0.6011 -0.7295 0.3263 0.5035 0.0399
MRinSpiritualFinfameOn.jpg
6 92.9884 57.9244 72.9910 0.6925 -0.6497 0.3136 0.5629 0.0113
5 78.2903 54.0523 92.4027 0.6011 -0.7295 0.3263 0.5035 0.0399
5 78.3170 51.2899 86.0757 0.5889 -0.7431 0.3177 0.5035 0.0113
MRinSpiritualFinfameOn.jpg
5 78.2903 54.0523 92.4027 0.6011 -0.7295 0.3263 0.5035 0.0399
5 62.7667 46.9669 104.5000 0.5695 -0.7594 0.3145 0.4500 0.0399
5 78.3170 51.2899 86.0757 0.5889 -0.7431 0.3177 0.5035 0.0113
MRinSpiritualFinfameOn.jpg
5 77.5714 56.6482 99.8335 0.5870 -0.7449 0.3170 0.5035 0.0638
5 62.7667 46.9669 104.5000 0.5695 -0.7594 0.3145 0.4500 0.0399
5 78.2903 54.0523 92.4027 0.6011 -0.7295 0.3263 0.5035 0.0399
MRinSpiritualFinfameOn.jpg
5 78.3170 51.2899 86.0757 0.5889 -0.7431 0.3177 0.5035 0.0113
5 62.7667 46.9669 104.5000 0.5695 -0.7594 0.3145 0.4500 0.0399
5 62.5027 44.5059 98.8961 0.5553 -0.7721 0.3092 0.4500 0.0113
MRinSpiritualFinfameOn.jpg
5 62.7667 46.9669 104.5000 0.5695 -0.7594 0.3145 0.4500 0.0399
4 45.2357 42.9622 124.1865 0.5188 -0.7953 0.3137 0.3781 0.0399
5 62.5027 44.5059 98.8961 0.5553 -0.7721 0.3092 0.4500 0.0113
MRinSpiritualFinfameOn.jpg
5 62.7667 46.9669 104.5000 0.5695 -0.7594 0.3145 0.4500 0.0399
5 62.1659 49.2094 111.2046 0.5463 -0.7784 0.3093 0.4500 0.0638
4 45.2357 42.9622 124.1865 0.5188 -0.7953 0.3137 0.3781 0.0399
MRinSpiritualFinfameOn.jpg
5 62.5027 44.5059 98.8961 0.5553 -0.7721 0.3092 0.4500 0.0113
4 45.2357 42.9622 124.1865 0.5188 -0.7953 0.3137 0.3781 0.0399
4 43.3786 39.6206 118.7511 0.5091 -0.8013 0.3143 0.3781 0.0113
MRinSpiritualFinfameOn.jpg
4 45.2357 42.9622 124.1865 0.5188 -0.7953 0.3137 0.3781 0.0399
3 26.0042 37.2762 142.6273 0.5143 -0.8082 0.2867 0.3105 0.0399
4 43.3786 39.6206 118.7511 0.5091 -0.8013 0.3143 0.3781 0.0113
MRinSpiritualFinfameOn.jpg
4 46.1148 45.9162 130.3351 0.5010 -0.8059 0.3156 0.3781 0.0638
3 26.0042 37.2762 142.6273 0.5143 -0.8082 0.2867 0.3105 0.0399
4 45.2357 42.9622 124.1865 0.5188 -0.7953 0.3137 0.3781 0.0399
MRinSpiritualFinfameOn.jpg
4 43.3786 39.6206 118.7511 0.5091 -0.8013 0.3143 0.3781 0.0113
3 26.0042 37.2762 142.6273 0.5143 -0.8082 0.2867 0.3105 0.0399
3 22.8882 33.4549 137.3808 0.5091 -0.8112 0.2878 0.3105 0.0113
MRinSpiritualFinfameOn.jpg
3 26.0042 37.2762 142.6273 0.5143 -0.8082 0.2867 0.3105 0.0399
3 28.0488 40.5427 148.2240 0.5054 -0.8128 0.2898 0.3105 0.0638
23 19.7303 20.2411 155.4116 0.1395 -0.9818 0.1286 0.2507 0.0399
MRinSpiritualFinfameOn.jpg
8 122.8127 130.0297 110.4157 -0.8243 0.3853 -0.4148 0.8283 0.0638
8 126.6081 136.2723 108.6709 -0.8225 0.3953 -0.4091 0.8283 0.0399
8 125.8079 119.4940 94.6796 -0.8114 0.3863 -0.4387 0.7897 0.0399
MRinSpiritualFinfameOn.jpg
8 125.8079 119.4940 94.6796 -0.8114 0.3863 -0.4387 0.7897 0.0399
8 126.6081 136.2723 108.6709 -0.8225 0.3953 -0.4091 0.8283 0.0399
8 130.4454 141.1895 105.7556 -0.8044 0.4206 -0.4197 0.8283 0.0113
MRinSpiritualFinfameOn.jpg
8 126.6081 136.2723 108.6709 -0.8225 0.3953 -0.4091 0.8283 0.0399
8 124.4015 146.2459 123.7744 -0.8035 0.4501 -0.3895 0.8621 0.0399
8 130.4454 141.1895 105.7556 -0.8044 0.4206 -0.4197 0.8283 0.0113
MRinSpiritualFinfameOn.jpg
8 125.8079 119.4940 94.6796 -0.8114 0.3863 -0.4387 0.7897 0.0399
8 130.4454 141.1895 105.7556 -0.8044 0.4206 -0.4197 0.8283 0.0113
7 131.8080 115.6684 81.4260 -0.7633 0.5240 -0.3779 0.7564 0.0113
MRinSpiritualFinfameOn.jpg
8 125.8079 119.4940 94.6796 -0.8114 0.3863 -0.4387 0.7897 0.0399
7 131.8080 115.6684 81.4260 -0.7633 0.5240 -0.3779 0.7564 0.0113
7 127.6126 113.4687 87.1382 -0.7808 0.5060 -0.3665 0.7564 0.0399
MRinSpiritualFinfameOn.jpg
8 124.4015 146.2459 123.7744 -0.8035 0.4501 -0.3895 0.8621 0.0399
9 124.8026 164.0141 134.8575 -0.8168 0.3846 -0.4300 0.9047 0.0113
8 130.4454 141.1895 105.7556 -0.8044 0.4206 -0.4197 0.8283 0.0113
MRinSpiritualFinfameOn.jpg
7 121.6773 99.4044 81.1078 -0.7858 0.4862 -0.3822 0.7174 0.0399
7 127.6126 113.4687 87.1382 -0.7808 0.5060 -0.3665 0.7564 0.0399
7 131.8080 115.6684 81.4260 -0.7633 0.5240 -0.3779 0.7564 0.0113
MRinSpiritualFinfameOn.jpg
7 121.6773 99.4044 81.1078 -0.7858 0.4862 -0.3822 0.7174 0.0399
7 123.3617 111.2026 93.4630 -0.7948 0.4893 -0.3589 0.7564 0.0638
7 127.6126 113.4687 87.1382 -0.7808 0.5060 -0.3665 0.7564 0.0399
MRinSpiritualFinfameOn.jpg
7 121.6773 99.4044 81.1078 -0.7858 0.4862 -0.3822 0.7174 0.0399
7 131.8080 115.6684 81.4260 -0.7633 0.5240 -0.3779 0.7564 0.0113
7 121.8263 89.2932 68.4462 -0.7932 0.4680 -0.3897 0.6867 0.0113
MRinSpiritualFinfameOn.jpg
7 118.0989 89.0813 75.8470 -0.8016 0.4600 -0.3820 0.6867 0.0399
7 121.6773 99.4044 81.1078 -0.7858 0.4862 -0.3822 0.7174 0.0399
7 121.8263 89.2932 68.4462 -0.7932 0.4680 -0.3897 0.6867 0.0113
MRinSpiritualFinfameOn.jpg
6 113.9909 83.9134 77.6324 -0.6919 0.6325 -0.3482 0.6482 0.0399
7 118.0989 89.0813 75.8470 -0.8016 0.4600 -0.3820 0.6867 0.0399
7 121.8263 89.2932 68.4462 -0.7932 0.4680 -0.3897 0.6867 0.0113
MRinSpiritualFinfameOn.jpg
7 113.7512 87.1870 83.0428 -0.8096 0.4566 -0.3689 0.6867 0.0638
7 118.0989 89.0813 75.8470 -0.8016 0.4600 -0.3820 0.6867 0.0399
6 113.9909 83.9134 77.6324 -0.6919 0.6325 -0.3482 0.6482 0.0399
MRinSpiritualFinfameOn.jpg
6 113.9909 83.9134 77.6324 -0.6919 0.6325 -0.3482 0.6482 0.0399
7 121.8263 89.2932 68.4462 -0.7932 0.4680 -0.3897 0.6867 0.0113
6 109.3598 73.0971 67.1221 -0.6955 0.6335 -0.3391 0.6196 0.0113
MRinSpiritualFinfameOn.jpg
6 91.1666 59.9004 80.1784 -0.6940 0.6471 -0.3156 0.5629 0.0399
6 97.3183 66.0781 79.0307 -0.7001 0.6356 -0.3253 0.5842 0.0399
6 92.9743 58.3398 72.9881 -0.6926 0.6495 -0.3138 0.5629 0.0113
MRinSpiritualFinfameOn.jpg
5 78.3444 54.4682 92.3360 -0.6011 0.7295 -0.3265 0.5035 0.0399
6 91.1666 59.9004 80.1784 -0.6940 0.6471 -0.3156 0.5629 0.0399
6 92.9743 58.3398 72.9881 -0.6926 0.6495 -0.3138 0.5629 0.0113
MRinSpiritualFinfameOn.jpg
6 88.5645 61.1243 88.3658 -0.6905 0.6503 -0.3167 0.5629 0.0638
6 91.1666 59.9004 80.1784 -0.6940 0.6471 -0.3156 0.5629 0.0399
5 78.3444 54.4682 92.3360 -0.6011 0.7295 -0.3265 0.5035 0.0399
MRinSpiritualFinfameOn.jpg
5 78.3444 54.4682 92.3360 -0.6011 0.7295 -0.3265 0.5035 0.0399
6 92.9743 58.3398 72.9881 -0.6926 0.6495 -0.3138 0.5629 0.0113
5 78.3699 51.6970 86.0104 -0.5893 0.7425 -0.3186 0.5035 0.0113
MRinSpiritualFinfameOn.jpg
5 62.8207 47.3828 104.4333 -0.5698 0.7591 -0.3148 0.4500 0.0399
5 78.3444 54.4682 92.3360 -0.6011 0.7295 -0.3265 0.5035 0.0399
5 78.3699 51.6970 86.0104 -0.5893 0.7425 -0.3186 0.5035 0.0113
MRinSpiritualFinfameOn.jpg
5 62.8207 47.3828 104.4333 -0.5698 0.7591 -0.3148 0.4500 0.0399
5 78.3699 51.6970 86.0104 -0.5893 0.7425 -0.3186 0.5035 0.0113
5 62.5556 44.9129 98.8308 -0.5556 0.7716 -0.3097 0.4500 0.0113
MRinSpiritualFinfameOn.jpg
4 45.3056 43.3582 124.0815 -0.5191 0.7951 -0.3138 0.3781 0.0399
5 62.8207 47.3828 104.4333 -0.5698 0.7591 -0.3148 0.4500 0.0399
5 62.5556 44.9129 98.8308 -0.5556 0.7716 -0.3097 0.4500 0.0113
MRinSpiritualFinfameOn.jpg
5 62.2199 49.6253 111.1378 -0.5466 0.7782 -0.3093 0.4500 0.0638
5 62.8207 47.3828 104.4333 -0.5698 0.7591 -0.3148 0.4500 0.0399
4 45.3056 43.3582 124.0815 -0.5191 0.7951 -0.3138 0.3781 0.0399
MRinSpiritualFinfameOn.jpg
4 45.3056 43.3582 124.0815 -0.5191 0.7951 -0.3138 0.3781 0.0399
5 62.5556 44.9129 98.8308 -0.5556 0.7716 -0.3097 0.4500 0.0113
4 43.4484 40.0167 118.6461 -0.5089 0.8014 -0.3142 0.3781 0.0113
MRinSpiritualFinfameOn.jpg
3 26.0676 37.6708 142.5134 -0.5141 0.8085 -0.2865 0.3105 0.0399
4 45.3056 43.3582 124.0815 -0.5191 0.7951 -0.3138 0.3781 0.0399
4 43.4484 40.0167 118.6461 -0.5089 0.8014 -0.3142 0.3781 0.0113
MRinSpiritualFinfameOn.jpg
3 26.0676 37.6708 142.5134 -0.5141 0.8085 -0.2865 0.3105 0.0399
4 46.1847 46.3122 130.2301 -0.5010 0.8059 -0.3156 0.3781 0.0638
4 45.3056 43.3582 124.0815 -0.5191 0.7951 -0.3138 0.3781 0.0399
MRinSpiritualFinfameOn.jpg
3 26.0676 37.6708 142.5134 -0.5141 0.8085 -0.2865 0.3105 0.0399
4 43.4484 40.0167 118.6461 -0.5089 0.8014 -0.3142 0.3781 0.0113
3 22.9529 33.8582 137.2644 -0.5086 0.8117 -0.2870 0.3105 0.0113
MRinSpiritualFinfameOn.jpg
23 19.9457 20.5918 155.3535 -0.1392 0.9820 -0.1280 0.2507 0.0399
3 26.0676 37.6708 142.5134 -0.5141 0.8085 -0.2865 0.3105 0.0399
3 22.9529 33.8582 137.2644 -0.5086 0.8117 -0.2870 0.3105 0.0113
MRinSpiritualFinfameOn.jpg
3 28.1122 40.9374 148.1101 -0.5054 0.8128 -0.2898 0.3105 0.0638
3 26.0676 37.6708 142.5134 -0.5141 0.8085 -0.2865 0.3105 0.0399
23 19.9457 20.5918 155.3535 -0.1392 0.9820 -0.1280 0.2507 0.0399
MRinSpiritualFinfameOn.jpg
23 19.9457 20.5918 155.3535 -0.1392 0.9820 -0.1280 0.2507 0.0399
3 22.9529 33.8582 137.2644 -0.5086 0.8117 -0.2870 0.3105 0.0113
23 15.2006 19.2453 150.1306 -0.1385 0.9821 -0.1274 0.2507 0.0113
MRinSpiritualFinfameOn.jpg
46 122.9069 -46.4053 101.8353 -0.9242 0.3521 -0.1480 0.0097 0.7278
46 126.0267 -67.1958 91.0427 -0.7852 -0.4155 -0.4591 0.0326 0.7018
46 119.9287 -63.0230 110.5733 -0.9793 0.0066 -0.2025 0.0467 0.7247
MRinSpiritualFinfameOn.jpg
46 119.9287 -63.0230 110.5733 -0.9793 0.0066 -0.2025 0.0467 0.7247
46 126.0267 -67.1958 91.0427 -0.7852 -0.4155 -0.4591 0.0326 0.7018
46 123.6451 -75.6605 104.5010 -0.5824 -0.6377 -0.5041 0.0560 0.7096
MRinSpiritualFinfameOn.jpg
46 123.6451 -75.6605 104.5010 -0.5824 -0.6377 -0.5041 0.0560 0.7096
46 126.0267 -67.1958 91.0427 -0.7852 -0.4155 -0.4591 0.0326 0.7018
46 135.0406 -73.0970 101.1812 0.0373 -0.8488 -0.5273 0.0472 0.6940
MRinSpiritualFinfameOn.jpg
8 189.3000 94.6256 99.3358 -0.1884 0.4822 0.8556 0.8283 0.0638
8 195.1570 99.2177 98.0372 -0.7057 -0.0821 0.7037 0.8283 0.0399
8 189.9287 85.9169 87.1803 -0.5868 0.6278 -0.5115 0.7897 0.0399
MRinSpiritualFinfameOn.jpg
8 189.9287 85.9169 87.1803 -0.5868 0.6278 -0.5115 0.7897 0.0399
8 195.1570 99.2177 98.0372 -0.7057 -0.0821 0.7037 0.8283 0.0399
8 200.7427 102.7456 96.0354 -0.5547 0.6811 -0.4779 0.8283 0.0113
MRinSpiritualFinfameOn.jpg
8 195.1570 99.2177 98.0372 -0.7057 -0.0821 0.7037 0.8283 0.0399
8 195.3753 107.4154 110.4277 -0.8305 -0.5455 0.1126 0.8621 0.0399
8 200.7427 102.7456 96.0354 -0.5547 0.6811 -0.4779 0.8283 0.0113
MRinSpiritualFinfameOn.jpg
8 189.9287 85.9169 87.1803 -0.5868 0.6278 -0.5115 0.7897 0.0399
8 200.7427 102.7456 96.0354 -0.5547 0.6811 -0.4779 0.8283 0.0113
7 188.4501 76.1754 70.5595 0.6142 -0.0092 -0.7891 0.7564 0.0113
MRinSpiritualFinfameOn.jpg
8 189.9287 85.9169 87.1803 -0.5868 0.6278 -0.5115 0.7897 0.0399
7 188.4501 76.1754 70.5595 0.6142 -0.0092 -0.7891 0.7564 0.0113
7 183.3568 75.0769 75.1292 -0.5439 0.7310 -0.4121 0.7564 0.0399
MRinSpiritualFinfameOn.jpg
8 195.3753 107.4154 110.4277 -0.8305 -0.5455 0.1126 0.8621 0.0399
9 203.0483 123.0908 126.2282 -0.6012 0.6553 -0.4573 0.9047 0.0113
8 200.7427 102.7456 96.0354 -0.5547 0.6811 -0.4779 0.8283 0.0113
MRinSpiritualFinfameOn.jpg
7 173.3229 65.2536 71.4092 -0.5585 0.7173 -0.4166 0.7174 0.0399
7 183.3568 75.0769 75.1292 -0.5439 0.7310 -0.4121 0.7564 0.0399
7 188.4501 76.1754 70.5595 0.6142 -0.0092 -0.7891 0.7564 0.0113
MRinSpiritualFinfameOn.jpg
7 173.3229 65.2536 71.4092 -0.5585 0.7173 -0.4166 0.7174 0.0399
7 178.1753 73.8934 80.3048 -0.4795 0.1169 0.8697 0.7564 0.0638
7 183.3568 75.0769 75.1292 -0.5439 0.7310 -0.4121 0.7564 0.0399
MRinSpiritualFinfameOn.jpg
7 173.3229 65.2536 71.4092 -0.5585 0.7173 -0.4166 0.7174 0.0399
7 188.4501 76.1754 70.5595 0.6142 -0.0092 -0.7891 0.7564 0.0113
7 170.7637 57.7198 62.0241 -0.1365 -0.6844 -0.7162 0.6867 0.0113
MRinSpiritualFinfameOn.jpg
7 166.7748 57.9472 68.1462 -0.6343 0.6377 -0.4370 0.6867 0.0399
7 173.3229 65.2536 71.4092 -0.5585 0.7173 -0.4166 0.7174 0.0399
7 170.7637 57.7198 62.0241 -0.1365 -0.6844 -0.7162 0.6867 0.0113
MRinSpiritualFinfameOn.jpg
7 161.6923 56.9464 74.3728 -0.6404 0.6482 -0.4120 0.6867 0.0638
7 166.7748 57.9472 68.1462 -0.6343 0.6377 -0.4370 0.6867 0.0399
7 170.7637 57.7198 62.0241 -0.1365 -0.6844 -0.7162 0.6867 0.0113
MRinSpiritualFinfameOn.jpg
7 161.6923 56.9464 74.3728 -0.6404 0.6482 -0.4120 0.6867 0.0638
7 170.7637 57.7198 62.0241 -0.1365 -0.6844 -0.7162 0.6867 0.0113
6 143.8170 39.2225 62.3503 0.0120 -0.3913 -0.9202 0.6196 0.0113
MRinSpiritualFinfameOn.jpg
6 122.1484 32.2361 76.7381 -0.4987 0.8143 -0.2969 0.5629 0.0399
6 129.7037 35.9586 74.4638 -0.4860 0.8091 -0.3304 0.5842 0.0399
6 123.8345 30.8210 70.2677 -0.2501 -0.4535 -0.8554 0.5629 0.0113
MRinSpiritualFinfameOn.jpg
5 102.0629 26.7591 91.2814 -0.3787 0.8599 -0.3423 0.5035 0.0399
6 122.1484 32.2361 76.7381 -0.4987 0.8143 -0.2969 0.5629 0.0399
6 123.8345 30.8210 70.2677 -0.2501 -0.4535 -0.8554 0.5629 0.0113
MRinSpiritualFinfameOn.jpg
6 119.6236 33.2597 84.3239 0.3414 0.4858 0.8046 0.5629 0.0638
6 122.1484 32.2361 76.7381 -0.4987 0.8143 -0.2969 0.5629 0.0399
5 102.0629 26.7591 91.2814 -0.3787 0.8599 -0.3423 0.5035 0.0399
MRinSpiritualFinfameOn.jpg
5 102.0629 26.7591 91.2814 -0.3787 0.8599 -0.3423 0.5035 0.0399
6 123.8345 30.8210 70.2677 -0.2501 -0.4535 -0.8554 0.5629 0.0113
5 101.9851 24.4166 85.3593 -0.5223 -0.4683 -0.7127 0.5035 0.0113
MRinSpiritualFinfameOn.jpg
5 84.9434 24.7067 104.7619 -0.3798 0.8698 -0.3150 0.4500 0.0399
5 102.0629 26.7591 91.2814 -0.3787 0.8599 -0.3423 0.5035 0.0399
5 101.9851 24.4166 85.3593 -0.5223 -0.4683 -0.7127 0.5035 0.0113
MRinSpiritualFinfameOn.jpg
5 84.9434 24.7067 104.7619 -0.3798 0.8698 -0.3150 0.4500 0.0399
5 101.3351 29.0745 98.3952 0.5195 0.4830 0.7049 0.5035 0.0638
5 102.0629 26.7591 91.2814 -0.3787 0.8599 -0.3423 0.5035 0.0399
MRinSpiritualFinfameOn.jpg
5 84.9434 24.7067 104.7619 -0.3798 0.8698 -0.3150 0.4500 0.0399
5 101.9851 24.4166 85.3593 -0.5223 -0.4683 -0.7127 0.5035 0.0113
5 84.5507 22.6489 99.3239 -0.8982 -0.4240 -0.1163 0.4500 0.0113
MRinSpiritualFinfameOn.jpg
5 84.4104 26.6809 111.4019 -0.3469 0.8924 -0.2885 0.4500 0.0638
5 84.9434 24.7067 104.7619 -0.3798 0.8698 -0.3150 0.4500 0.0399
5 84.5507 22.6489 99.3239 -0.8982 -0.4240 -0.1163 0.4500 0.0113
MRinSpiritualFinfameOn.jpg
5 84.4104 26.6809 111.4019 -0.3469 0.8924 -0.2885 0.4500 0.0638
5 84.5507 22.6489 99.3239 -0.8982 -0.4240 -0.1163 0.4500 0.0113
4 62.1559 22.7165 118.3828 -0.4440 -0.4013 -0.8011 0.3781 0.0113
MRinSpiritualFinfameOn.jpg
5 84.4104 26.6809 111.4019 -0.3469 0.8924 -0.2885 0.4500 0.0638
4 62.1559 22.7165 118.3828 -0.4440 -0.4013 -0.8011 0.3781 0.0113
4 64.3172 25.2591 124.0117 -0.2148 0.9216 -0.3232 0.3781 0.0399
MRinSpiritualFinfameOn.jpg
4 41.7029 25.9463 138.9894 -0.1727 0.9296 -0.3255 0.3105 0.0399
4 64.3172 25.2591 124.0117 -0.2148 0.9216 -0.3232 0.3781 0.0399
4 62.1559 22.7165 118.3828 -0.4440 -0.4013 -0.8011 0.3781 0.0113
MRinSpiritualFinfameOn.jpg
4 41.7029 25.9463 138.9894 -0.1727 0.9296 -0.3255 0.3105 0.0399
4 65.3615 27.6120 130.2921 0.5075 0.3762 0.7752 0.3781 0.0638
4 64.3172 25.2591 124.0117 -0.2148 0.9216 -0.3232 0.3781 0.0399
MRinSpiritualFinfameOn.jpg
4 41.7029 25.9463 138.9894 -0.1727 0.9296 -0.3255 0.3105 0.0399
4 62.1559 22.7165 118.3828 -0.4440 -0.4013 -0.8011 0.3781 0.0113
4 38.5945 23.3399 133.0975 -0.1617 0.9316 -0.3254 0.3105 0.0113
MRinSpiritualFinfameOn.jpg
23 30.5150 12.1843 148.3210 -0.0862 0.1917 0.9777 0.2507 0.0399
4 41.7029 25.9463 138.9894 -0.1727 0.9296 -0.3255 0.3105 0.0399
4 38.5945 23.3399 133.0975 -0.1617 0.9316 -0.3254 0.3105 0.0113
MRinSpiritualFinfameOn.jpg
4 43.5603 28.3175 145.0214 0.0458 0.3399 0.9394 0.3105 0.0638
4 41.7029 25.9463 138.9894 -0.1727 0.9296 -0.3255 0.3105 0.0399
23 30.5150 12.1843 148.3210 -0.0862 0.1917 0.9777 0.2507 0.0399
MRinSpiritualFinfameOn.jpg
23 30.5150 12.1843 148.3210 -0.0862 0.1917 0.9777 0.2507 0.0399
4 38.5945 23.3399 133.0975 -0.1617 0.9316 -0.3254 0.3105 0.0113
23 25.8273 12.2770 142.9483 -0.7230 0.2710 0.6355 0.2507 0.0113
MRinSpiritualFinfameOn.jpg
8 195.1570 99.2177 98.0372 -0.7057 -0.0821 0.7037 0.8283 0.0399
8 189.3000 94.6256 99.3358 -0.1884 0.4822 0.8556 0.8283 0.0638
8 189.9879 85.7865 87.2005 0.5880 -0.6253 0.5130 0.7897 0.0399
MRinSpiritualFinfameOn.jpg
8 200.7982 102.6234 96.0544 0.5452 -0.6850 0.4832 0.8283 0.0113
8 189.9879 85.7865 87.2005 0.5880 -0.6253 0.5130 0.7897 0.0399
7 188.4501 76.1754 70.5595 0.6142 -0.0092 -0.7891 0.7564 0.0113
MRinSpiritualFinfameOn.jpg
8 195.1570 99.2177 98.0372 -0.7057 -0.0821 0.7037 0.8283 0.0399
8 189.9879 85.7865 87.2005 0.5880 -0.6253 0.5130 0.7897 0.0399
8 200.7982 102.6234 96.0544 0.5452 -0.6850 0.4832 0.8283 0.0113
MRinSpiritualFinfameOn.jpg
8 195.3753 107.4154 110.4277 -0.8305 -0.5455 0.1126 0.8621 0.0399
8 195.1570 99.2177 98.0372 -0.7057 -0.0821 0.7037 0.8283 0.0399
8 200.7982 102.6234 96.0544 0.5452 -0.6850 0.4832 0.8283 0.0113
MRinSpiritualFinfameOn.jpg
7 188.4501 76.1754 70.5595 0.6142 -0.0092 -0.7891 0.7564 0.0113
8 189.9879 85.7865 87.2005 0.5880 -0.6253 0.5130 0.7897 0.0399
7 183.3968 74.9380 75.1285 0.5487 -0.7299 0.4077 0.7564 0.0399
MRinSpiritualFinfameOn.jpg
9 203.1147 122.9690 126.2687 0.5932 -0.6602 0.4606 0.9047 0.0113
8 195.3753 107.4154 110.4277 -0.8305 -0.5455 0.1126 0.8621 0.0399
8 200.7982 102.6234 96.0544 0.5452 -0.6850 0.4832 0.8283 0.0113
MRinSpiritualFinfameOn.jpg
7 178.1753 73.8934 80.3048 -0.4795 0.1169 0.8697 0.7564 0.0638
7 173.3604 65.1234 71.4085 0.5625 -0.7183 0.4095 0.7174 0.0399
7 183.3968 74.9380 75.1285 0.5487 -0.7299 0.4077 0.7564 0.0399
MRinSpiritualFinfameOn.jpg
7 183.3968 74.9380 75.1285 0.5487 -0.7299 0.4077 0.7564 0.0399
7 173.3604 65.1234 71.4085 0.5625 -0.7183 0.4095 0.7174 0.0399
7 188.4501 76.1754 70.5595 0.6142 -0.0092 -0.7891 0.7564 0.0113
MRinSpiritualFinfameOn.jpg
7 188.4501 76.1754 70.5595 0.6142 -0.0092 -0.7891 0.7564 0.0113
7 173.3604 65.1234 71.4085 0.5625 -0.7183 0.4095 0.7174 0.0399
7 170.7637 57.7198 62.0241 -0.1365 -0.6844 -0.7162 0.6867 0.0113
MRinSpiritualFinfameOn.jpg
7 173.3604 65.1234 71.4085 0.5625 -0.7183 0.4095 0.7174 0.0399
7 166.8123 57.8170 68.1455 0.6210 -0.6672 0.4114 0.6867 0.0399
7 170.7637 57.7198 62.0241 -0.1365 -0.6844 -0.7162 0.6867 0.0113
MRinSpiritualFinfameOn.jpg
7 170.7637 57.7198 62.0241 -0.1365 -0.6844 -0.7162 0.6867 0.0113
7 161.7298 56.8162 74.3721 0.6316 -0.6686 0.3926 0.6867 0.0638
6 143.8170 39.2225 62.3503 0.0120 -0.3913 -0.9202 0.6196 0.0113
MRinSpiritualFinfameOn.jpg
7 166.8123 57.8170 68.1455 0.6210 -0.6672 0.4114 0.6867 0.0399
7 161.7298 56.8162 74.3721 0.6316 -0.6686 0.3926 0.6867 0.0638
7 170.7637 57.7198 62.0241 -0.1365 -0.6844 -0.7162 0.6867 0.0113
MRinSpiritualFinfameOn.jpg
6 143.8170 39.2225 62.3503 0.0120 -0.3913 -0.9202 0.6196 0.0113
7 161.7298 56.8162 74.3721 0.6316 -0.6686 0.3926 0.6867 0.0638
6 141.1825 40.7191 69.5762 0.4825 -0.8067 0.3413 0.6196 0.0399
MRinSpiritualFinfameOn.jpg
6 143.8170 39.2225 62.3503 0.0120 -0.3913 -0.9202 0.6196 0.0113
6 129.7083 35.8232 74.4647 0.4852 -0.8125 0.3233 0.5842 0.0399
6 123.8345 30.8210 70.2677 -0.2501 -0.4535 -0.8554 0.5629 0.0113
MRinSpiritualFinfameOn.jpg
6 137.5016 41.4187 76.5244 0.1742 0.4607 0.8703 0.6196 0.0638
6 129.7083 35.8232 74.4647 0.4852 -0.8125 0.3233 0.5842 0.0399
6 141.1825 40.7191 69.5762 0.4825 -0.8067 0.3413 0.6196 0.0399
MRinSpiritualFinfameOn.jpg
6 141.1825 40.7191 69.5762 0.4825 -0.8067 0.3413 0.6196 0.0399
6 129.7083 35.8232 74.4647 0.4852 -0.8125 0.3233 0.5842 0.0399
6 143.8170 39.2225 62.3503 0.0120 -0.3913 -0.9202 0.6196 0.0113
MRinSpiritualFinfameOn.jpg
6 129.7083 35.8232 74.4647 0.4852 -0.8125 0.3233 0.5842 0.0399
6 122.1530 32.1007 76.7390 0.4980 -0.8169 0.2910 0.5629 0.0399
6 123.8345 30.8210 70.2677 -0.2501 -0.4535 -0.8554 0.5629 0.0113
MRinSpiritualFinfameOn.jpg
6 123.8345 30.8210 70.2677 -0.2501 -0.4535 -0.8554 0.5629 0.0113
5 102.0456 26.6264 91.3027 0.3761 -0.8624 0.3388 0.5035 0.0399
5 101.9851 24.4166 85.3593 -0.5223 -0.4683 -0.7127 0.5035 0.0113
MRinSpiritualFinfameOn.jpg
6 122.1530 32.1007 76.7390 0.4980 -0.8169 0.2910 0.5629 0.0399
6 119.6236 33.2597 84.3239 0.3414 0.4858 0.8046 0.5629 0.0638
5 102.0456 26.6264 91.3027 0.3761 -0.8624 0.3388 0.5035 0.0399
MRinSpiritualFinfameOn.jpg
6 122.1530 32.1007 76.7390 0.4980 -0.8169 0.2910 0.5629 0.0399
5 102.0456 26.6264 91.3027 0.3761 -0.8624 0.3388 0.5035 0.0399
6 123.8345 30.8210 70.2677 -0.2501 -0.4535 -0.8554 0.5629 0.0113
MRinSpiritualFinfameOn.jpg
5 101.9851 24.4166 85.3593 -0.5223 -0.4683 -0.7127 0.5035 0.0113
5 84.9250 24.5651 104.7846 0.3428 -0.8862 0.3116 0.4500 0.0399
5 84.5507 22.6489 99.3239 -0.8982 -0.4240 -0.1163 0.4500 0.0113
MRinSpiritualFinfameOn.jpg
5 102.0456 26.6264 91.3027 0.3761 -0.8624 0.3388 0.5035 0.0399
5 84.9250 24.5651 104.7846 0.3428 -0.8862 0.3116 0.4500 0.0399
5 101.9851 24.4166 85.3593 -0.5223 -0.4683 -0.7127 0.5035 0.0113
MRinSpiritualFinfameOn.jpg
5 101.3351 29.0745 98.3952 0.5195 0.4830 0.7049 0.5035 0.0638
5 84.9250 24.5651 104.7846 0.3428 -0.8862 0.3116 0.4500 0.0399
5 102.0456 26.6264 91.3027 0.3761 -0.8624 0.3388 0.5035 0.0399
MRinSpiritualFinfameOn.jpg
5 84.9250 24.5651 104.7846 0.3428 -0.8862 0.3116 0.4500 0.0399
5 84.3931 26.5482 111.4232 0.2973 -0.9124 0.2813 0.4500 0.0638
5 84.5507 22.6489 99.3239 -0.8982 -0.4240 -0.1163 0.4500 0.0113
MRinSpiritualFinfameOn.jpg
5 84.5507 22.6489 99.3239 -0.8982 -0.4240 -0.1163 0.4500 0.0113
5 84.3931 26.5482 111.4232 0.2973 -0.9124 0.2813 0.4500 0.0638
4 62.1559 22.7165 118.3828 -0.4440 -0.4013 -0.8011 0.3781 0.0113
MRinSpiritualFinfameOn.jpg
4 62.1559 22.7165 118.3828 -0.4440 -0.4013 -0.8011 0.3781 0.0113
5 84.3931 26.5482 111.4232 0.2973 -0.9124 0.2813 0.4500 0.0638
4 64.2929 25.1214 124.0482 0.2115 -0.9242 0.3180 0.3781 0.0399
MRinSpiritualFinfameOn.jpg
4 64.2929 25.1214 124.0482 0.2115 -0.9242 0.3180 0.3781 0.0399
4 41.6801 25.8172 139.0236 0.1729 -0.9281 0.3297 0.3105 0.0399
4 62.1559 22.7165 118.3828 -0.4440 -0.4013 -0.8011 0.3781 0.0113
MRinSpiritualFinfameOn.jpg
4 65.3615 27.6120 130.2921 0.5075 0.3762 0.7752 0.3781 0.0638
4 41.6801 25.8172 139.0236 0.1729 -0.9281 0.3297 0.3105 0.0399
4 64.2929 25.1214 124.0482 0.2115 -0.9242 0.3180 0.3781 0.0399
MRinSpiritualFinfameOn.jpg
4 41.6801 25.8172 139.0236 0.1729 -0.9281 0.3297 0.3105 0.0399
4 43.5603 28.3175 145.0214 0.0458 0.3399 0.9394 0.3105 0.0638
23 30.5150 12.1843 148.3210 -0.0862 0.1917 0.9777 0.2507 0.0399
MRinSpiritualFinfameOn.jpg
4 62.1559 22.7165 118.3828 -0.4440 -0.4013 -0.8011 0.3781 0.0113
4 41.6801 25.8172 139.0236 0.1729 -0.9281 0.3297 0.3105 0.0399
4 38.5702 23.2021 133.1340 0.1604 -0.9313 0.3270 0.3105 0.0113
MRinSpiritualFinfameOn.jpg
49 25.6550 -80.8796 234.0902 0.9627 -0.2023 0.1797 0.2444 0.2298
35 28.4065 -95.2066 230.9916 0.5720 -0.7401 0.3537 0.2788 0.2668
35 29.7713 -80.6722 247.9209 0.5045 -0.6748 0.5386 0.2788 0.1788
MRinSpiritualFinfameOn.jpg
49 25.6550 -80.8796 234.0902 0.9627 -0.2023 0.1797 0.2444 0.2298
49 25.0171 -92.4711 221.9269 0.9406 -0.3195 0.1149 0.2132 0.2772
35 28.4065 -95.2066 230.9916 0.5720 -0.7401 0.3537 0.2788 0.2668
MRinSpiritualFinfameOn.jpg
49 20.3078 -104.2191 215.2445 0.8918 -0.4273 -0.1486 0.1820 0.3058
35 28.4065 -95.2066 230.9916 0.5720 -0.7401 0.3537 0.2788 0.2668
49 25.0171 -92.4711 221.9269 0.9406 -0.3195 0.1149 0.2132 0.2772
MRinSpiritualFinfameOn.jpg
49 20.3078 -104.2191 215.2445 0.8918 -0.4273 -0.1486 0.1820 0.3058
35 25.3304 -95.9324 213.2139 0.6712 -0.6871 -0.2780 0.2788 0.3271
35 28.4065 -95.2066 230.9916 0.5720 -0.7401 0.3537 0.2788 0.2668
MRinSpiritualFinfameOn.jpg
49 20.3078 -104.2191 215.2445 0.8918 -0.4273 -0.1486 0.1820 0.3058
49 17.5279 -97.1361 198.5644 0.7512 -0.4161 -0.5124 0.2205 0.3605
35 25.3304 -95.9324 213.2139 0.6712 -0.6871 -0.2780 0.2788 0.3271
MRinSpiritualFinfameOn.jpg
35 25.3304 -95.9324 213.2139 0.6712 -0.6871 -0.2780 0.2788 0.3271
49 17.5279 -97.1361 198.5644 0.7512 -0.4161 -0.5124 0.2205 0.3605
49 15.7096 -85.1031 190.9028 0.7293 -0.2857 -0.6217 0.2621 0.3953
MRinSpiritualFinfameOn.jpg
49 17.5279 -97.1361 198.5644 0.7512 -0.4161 -0.5124 0.2205 0.3605
49 7.6881 -97.9477 188.3132 0.6762 -0.4020 -0.6173 0.2163 0.4156
49 15.7096 -85.1031 190.9028 0.7293 -0.2857 -0.6217 0.2621 0.3953
MRinSpiritualFinfameOn.jpg
49 -1.1796 -113.7470 191.8683 0.5565 -0.4921 -0.6694 0.1700 0.4302
49 7.6881 -97.9477 188.3132 0.6762 -0.4020 -0.6173 0.2163 0.4156
49 17.5279 -97.1361 198.5644 0.7512 -0.4161 -0.5124 0.2205 0.3605
MRinSpiritualFinfameOn.jpg
49 17.5279 -97.1361 198.5644 0.7512 -0.4161 -0.5124 0.2205 0.3605
49 20.3078 -104.2191 215.2445 0.8918 -0.4273 -0.1486 0.1820 0.3058
49 8.9991 -123.1633 212.8311 0.7445 -0.6211 -0.2450 0.1299 0.3391
MRinSpiritualFinfameOn.jpg
49 25.6550 -80.8796 234.0902 0.9627 -0.2023 0.1797 0.2444 0.2298
49 25.7579 -91.6678 241.2165 0.7526 -0.5345 0.3846 0.2049 0.2142
49 25.0171 -92.4711 221.9269 0.9406 -0.3195 0.1149 0.2132 0.2772
MRinSpiritualFinfameOn.jpg
49 25.0171 -92.4711 221.9269 0.9406 -0.3195 0.1149 0.2132 0.2772
49 23.3809 -101.4298 232.8705 0.7838 -0.5007 0.3675 0.1768 0.2449
49 20.3078 -104.2191 215.2445 0.8918 -0.4273 -0.1486 0.1820 0.3058
MRinSpiritualFinfameOn.jpg
49 25.7579 -91.6678 241.2165 0.7526 -0.5345 0.3846 0.2049 0.2142
49 23.3809 -101.4298 232.8705 0.7838 -0.5007 0.3675 0.1768 0.2449
49 25.0171 -92.4711 221.9269 0.9406 -0.3195 0.1149 0.2132 0.2772
MRinSpiritualFinfameOn.jpg
49 25.4864 -80.6821 260.9649 0.6189 -0.6172 0.4858 0.2361 0.1528
49 25.7579 -91.6678 241.2165 0.7526 -0.5345 0.3846 0.2049 0.2142
49 25.6550 -80.8796 234.0902 0.9627 -0.2023 0.1797 0.2444 0.2298
MRinSpiritualFinfameOn.jpg
49 25.4864 -80.6821 260.9649 0.6189 -0.6172 0.4858 0.2361 0.1528
49 25.6550 -80.8796 234.0902 0.9627 -0.2023 0.1797 0.2444 0.2298
49 25.5990 -73.4070 267.2227 0.4061 -0.5995 0.6897 0.2538 0.1247
MRinSpiritualFinfameOn.jpg
49 19.9014 -87.6704 248.7263 -0.1187 -0.7710 0.6257 0.2002 0.1830
49 25.7579 -91.6678 241.2165 0.7526 -0.5345 0.3846 0.2049 0.2142
49 25.4864 -80.6821 260.9649 0.6189 -0.6172 0.4858 0.2361 0.1528
MRinSpiritualFinfameOn.jpg
49 25.5990 -73.4070 267.2227 0.4061 -0.5995 0.6897 0.2538 0.1247
49 19.9014 -87.6704 248.7263 -0.1187 -0.7710 0.6257 0.2002 0.1830
49 25.4864 -80.6821 260.9649 0.6189 -0.6172 0.4858 0.2361 0.1528
MRinSpiritualFinfameOn.jpg
49 19.9014 -87.6704 248.7263 -0.1187 -0.7710 0.6257 0.2002 0.1830
49 17.8383 -100.3580 235.1238 0.5953 -0.5564 0.5797 0.1648 0.2288
49 25.7579 -91.6678 241.2165 0.7526 -0.5345 0.3846 0.2049 0.2142
MRinSpiritualFinfameOn.jpg
49 25.7579 -91.6678 241.2165 0.7526 -0.5345 0.3846 0.2049 0.2142
49 17.8383 -100.3580 235.1238 0.5953 -0.5564 0.5797 0.1648 0.2288
49 23.3809 -101.4298 232.8705 0.7838 -0.5007 0.3675 0.1768 0.2449
MRinSpiritualFinfameOn.jpg
49 8.8232 -114.9854 239.4802 0.7718 -0.5108 0.3788 0.1070 0.2356
49 17.8383 -100.3580 235.1238 0.5953 -0.5564 0.5797 0.1648 0.2288
49 12.0711 -103.8289 247.5445 0.4839 -0.7395 0.4679 0.1383 0.1955
MRinSpiritualFinfameOn.jpg
49 18.3319 -95.1212 244.1868 0.8293 -0.5383 0.1504 0.1747 0.1986
49 12.0711 -103.8289 247.5445 0.4839 -0.7395 0.4679 0.1383 0.1955
49 17.8383 -100.3580 235.1238 0.5953 -0.5564 0.5797 0.1648 0.2288
MRinSpiritualFinfameOn.jpg
49 18.3319 -95.1212 244.1868 0.8293 -0.5383 0.1504 0.1747 0.1986
49 18.7225 -91.9498 271.5547 0.2884 -0.8876 0.3592 0.1799 0.1284
49 12.0711 -103.8289 247.5445 0.4839 -0.7395 0.4679 0.1383 0.1955
MRinSpiritualFinfameOn.jpg
49 11.1125 -95.2968 260.3483 -0.1611 -0.8268 0.5389 0.1481 0.1502
49 12.0711 -103.8289 247.5445 0.4839 -0.7395 0.4679 0.1383 0.1955
49 18.7225 -91.9498 271.5547 0.2884 -0.8876 0.3592 0.1799 0.1284
MRinSpiritualFinfameOn.jpg
49 11.1125 -95.2968 260.3483 -0.1611 -0.8268 0.5389 0.1481 0.1502
49 8.0075 -102.4608 250.0735 0.7825 -0.4513 0.4290 0.1279 0.1825
49 12.0711 -103.8289 247.5445 0.4839 -0.7395 0.4679 0.1383 0.1955
MRinSpiritualFinfameOn.jpg
49 2.5043 -124.1916 246.6013 0.8171 -0.5177 0.2536 0.0581 0.2288
49 8.0075 -102.4608 250.0735 0.7825 -0.4513 0.4290 0.1279 0.1825
49 -4.4354 -119.1149 258.3709 0.2699 0.4094 0.8715 0.0560 0.1783
MRinSpiritualFinfameOn.jpg
49 -4.4354 -119.1149 258.3709 0.2699 0.4094 0.8715 0.0560 0.1783
49 8.0075 -102.4608 250.0735 0.7825 -0.4513 0.4290 0.1279 0.1825
49 -1.9734 -112.1723 266.8329 0.2630 -0.6895 0.6748 0.0732 0.1455
MRinSpiritualFinfameOn.jpg
49 -1.9734 -112.1723 266.8329 0.2630 -0.6895 0.6748 0.0732 0.1455
49 8.0075 -102.4608 250.0735 0.7825 -0.4513 0.4290 0.1279 0.1825
49 8.2651 -95.4859 265.3191 0.9618 -0.1821 0.2043 0.1336 0.1393
MRinSpiritualFinfameOn.jpg
49 8.2651 -95.4859 265.3191 0.9618 -0.1821 0.2043 0.1336 0.1393
49 3.0263 -79.8413 286.9348 0.2657 -0.6786 0.6847 0.1341 0.0451
49 -1.9734 -112.1723 266.8329 0.2630 -0.6895 0.6748 0.0732 0.1455
MRinSpiritualFinfameOn.jpg
49 6.5866 -93.4983 262.5058 0.7847 0.5306 -0.3204 0.1435 0.1414
49 8.2651 -95.4859 265.3191 0.9618 -0.1821 0.2043 0.1336 0.1393
49 8.0075 -102.4608 250.0735 0.7825 -0.4513 0.4290 0.1279 0.1825
MRinSpiritualFinfameOn.jpg
49 6.5396 -78.9108 284.9254 0.9798 0.1983 -0.0260 0.1533 0.0503
49 8.2651 -95.4859 265.3191 0.9618 -0.1821 0.2043 0.1336 0.1393
49 6.5866 -93.4983 262.5058 0.7847 0.5306 -0.3204 0.1435 0.1414
MRinSpiritualFinfameOn.jpg
49 6.5396 -78.9108 284.9254 0.9798 0.1983 -0.0260 0.1533 0.0503
49 3.0263 -79.8413 286.9348 0.2657 -0.6786 0.6847 0.1341 0.0451
49 8.2651 -95.4859 265.3191 0.9618 -0.1821 0.2043 0.1336 0.1393
MRinSpiritualFinfameOn.jpg
49 5.2778 -73.5860 294.6584 0.3073 0.1442 0.9406 0.1632 0.0155
49 3.0263 -79.8413 286.9348 0.2657 -0.6786 0.6847 0.1341 0.0451
49 6.5396 -78.9108 284.9254 0.9798 0.1983 -0.0260 0.1533 0.0503
MRinSpiritualFinfameOn.jpg
49 5.2778 -73.5860 294.6584 0.3073 0.1442 0.9406 0.1632 0.0155
49 6.5396 -78.9108 284.9254 0.9798 0.1983 -0.0260 0.1533 0.0503
49 -3.5850 -83.4265 266.6224 -0.1545 0.9377 -0.3111 0.1752 0.1107
MRinSpiritualFinfameOn.jpg
49 -3.5850 -83.4265 266.6224 -0.1545 0.9377 -0.3111 0.1752 0.1107
49 6.5396 -78.9108 284.9254 0.9798 0.1983 -0.0260 0.1533 0.0503
49 6.5866 -93.4983 262.5058 0.7847 0.5306 -0.3204 0.1435 0.1414
MRinSpiritualFinfameOn.jpg
46 147.4070 -65.9940 102.4159 0.6937 -0.3180 0.6463 0.9328 0.5181
47 152.5417 -83.3674 91.2888 0.9781 -0.2077 -0.0132 0.9328 0.4666
46 139.5210 -65.3806 89.2266 0.9712 -0.2373 -0.0221 0.8891 0.5181
MRinSpiritualFinfameOn.jpg
47 146.3093 -83.7831 77.2332 0.4132 0.3564 -0.8380 0.8871 0.4546
46 139.5210 -65.3806 89.2266 0.9712 -0.2373 -0.0221 0.8891 0.5181
47 152.5417 -83.3674 91.2888 0.9781 -0.2077 -0.0132 0.9328 0.4666
MRinSpiritualFinfameOn.jpg
46 139.5210 -65.3806 89.2266 0.9712 -0.2373 -0.0221 0.8891 0.5181
47 146.3093 -83.7831 77.2332 0.4132 0.3564 -0.8380 0.8871 0.4546
46 126.0267 -67.1958 91.0427 -0.9399 0.0705 -0.3341 0.8506 0.5181
MRinSpiritualFinfameOn.jpg
47 152.5417 -83.3674 91.2888 0.9781 -0.2077 -0.0132 0.9328 0.4666
47 148.9632 -86.9170 87.8343 0.9268 -0.1399 0.3485 0.9245 0.4536
47 146.3093 -83.7831 77.2332 0.4132 0.3564 -0.8380 0.8871 0.4546
MRinSpiritualFinfameOn.jpg
47 146.3093 -83.7831 77.2332 0.4132 0.3564 -0.8380 0.8871 0.4546
47 148.9632 -86.9170 87.8343 0.9268 -0.1399 0.3485 0.9245 0.4536
47 157.6481 -105.6949 71.0626 0.5990 0.4287 -0.6763 0.8871 0.3943
MRinSpiritualFinfameOn.jpg
47 146.3093 -83.7831 77.2332 0.4132 0.3564 -0.8380 0.8871 0.4546
47 157.6481 -105.6949 71.0626 0.5990 0.4287 -0.6763 0.8871 0.3943
47 133.4727 -92.3973 78.7720 -0.8265 -0.3364 -0.4513 0.8506 0.4432
MRinSpiritualFinfameOn.jpg
47 133.4727 -92.3973 78.7720 -0.8265 -0.3364 -0.4513 0.8506 0.4432
46 126.0267 -67.1958 91.0427 -0.9399 0.0705 -0.3341 0.8506 0.5181
47 146.3093 -83.7831 77.2332 0.4132 0.3564 -0.8380 0.8871 0.4546
MRinSpiritualFinfameOn.jpg
47 154.8027 -98.1677 83.0932 0.8185 0.2489 0.5177 0.9245 0.4193
47 157.6481 -105.6949 71.0626 0.5990 0.4287 -0.6763 0.8871 0.3943
47 148.9632 -86.9170 87.8343 0.9268 -0.1399 0.3485 0.9245 0.4536
MRinSpiritualFinfameOn.jpg
47 160.3983 -107.5157 79.5655 0.8982 0.0406 0.4378 0.9209 0.3828
47 157.6481 -105.6949 71.0626 0.5990 0.4287 -0.6763 0.8871 0.3943
47 154.8027 -98.1677 83.0932 0.8185 0.2489 0.5177 0.9245 0.4193
MRinSpiritualFinfameOn.jpg
47 133.4727 -92.3973 78.7720 -0.8265 -0.3364 -0.4513 0.8506 0.4432
47 157.6481 -105.6949 71.0626 0.5990 0.4287 -0.6763 0.8871 0.3943
47 146.8072 -108.9972 73.6600 -0.9526 -0.0360 -0.3021 0.8506 0.3932
MRinSpiritualFinfameOn.jpg
47 160.3983 -107.5157 79.5655 0.8982 0.0406 0.4378 0.9209 0.3828
47 160.4765 -117.1257 73.5867 0.8321 -0.5502 0.0700 0.9110 0.3480
47 157.6481 -105.6949 71.0626 0.5990 0.4287 -0.6763 0.8871 0.3943
MRinSpiritualFinfameOn.jpg
47 157.6481 -105.6949 71.0626 0.5990 0.4287 -0.6763 0.8871 0.3943
47 154.7535 -115.4631 66.2843 0.2996 0.2490 -0.9210 0.8808 0.3480
47 146.8072 -108.9972 73.6600 -0.9526 -0.0360 -0.3021 0.8506 0.3932
MRinSpiritualFinfameOn.jpg
47 160.4765 -117.1257 73.5867 0.8321 -0.5502 0.0700 0.9110 0.3480
47 154.7535 -115.4631 66.2843 0.2996 0.2490 -0.9210 0.8808 0.3480
47 157.6481 -105.6949 71.0626 0.5990 0.4287 -0.6763 0.8871 0.3943
MRinSpiritualFinfameOn.jpg
47 142.2406 -127.1558 60.4629 0.0312 -0.9323 -0.3604 0.8579 0.3006
47 154.7535 -115.4631 66.2843 0.2996 0.2490 -0.9210 0.8808 0.3480
47 160.4765 -117.1257 73.5867 0.8321 -0.5502 0.0700 0.9110 0.3480
MRinSpiritualFinfameOn.jpg
47 142.2406 -127.1558 60.4629 0.0312 -0.9323 -0.3604 0.8579 0.3006
47 146.8072 -108.9972 73.6600 -0.9526 -0.0360 -0.3021 0.8506 0.3932
47 154.7535 -115.4631 66.2843 0.2996 0.2490 -0.9210 0.8808 0.3480
MRinSpiritualFinfameOn.jpg
46 153.2681 -45.7468 81.1300 0.9406 0.2826 -0.1881 0.9328 0.5181
46 144.2497 -54.2964 81.6181 0.8082 -0.5882 -0.0309 0.8891 0.5181
47 153.7926 -56.4034 65.3694 0.9011 -0.3758 -0.2162 0.9328 0.4666
MRinSpiritualFinfameOn.jpg
47 145.7430 -64.0357 66.2786 0.0022 -0.9154 0.4025 0.8871 0.4546
47 153.7926 -56.4034 65.3694 0.9011 -0.3758 -0.2162 0.9328 0.4666
46 144.2497 -54.2964 81.6181 0.8082 -0.5882 -0.0309 0.8891 0.5181
MRinSpiritualFinfameOn.jpg
46 144.2497 -54.2964 81.6181 0.8082 -0.5882 -0.0309 0.8891 0.5181
46 137.7133 -47.0071 77.3269 -0.9888 0.0762 -0.1281 0.8506 0.5181
47 145.7430 -64.0357 66.2786 0.0022 -0.9154 0.4025 0.8871 0.4546
MRinSpiritualFinfameOn.jpg
47 153.7926 -56.4034 65.3694 0.9011 -0.3758 -0.2162 0.9328 0.4666
47 145.7430 -64.0357 66.2786 0.0022 -0.9154 0.4025 0.8871 0.4546
47 150.5926 -58.0586 63.4710 0.9855 -0.0885 -0.1447 0.9245 0.4536
MRinSpiritualFinfameOn.jpg
47 138.4723 -60.4346 60.8759 -0.9399 -0.1364 -0.3131 0.8506 0.4432
47 145.7430 -64.0357 66.2786 0.0022 -0.9154 0.4025 0.8871 0.4546
46 137.7133 -47.0071 77.3269 -0.9888 0.0762 -0.1281 0.8506 0.5181
MRinSpiritualFinfameOn.jpg
47 145.7430 -64.0357 66.2786 0.0022 -0.9154 0.4025 0.8871 0.4546
47 150.6212 -73.1399 53.2256 0.1266 -0.8252 0.5505 0.8871 0.3943
47 150.5926 -58.0586 63.4710 0.9855 -0.0885 -0.1447 0.9245 0.4536
MRinSpiritualFinfameOn.jpg
47 145.7430 -64.0357 66.2786 0.0022 -0.9154 0.4025 0.8871 0.4546
47 138.4723 -60.4346 60.8759 -0.9399 -0.1364 -0.3131 0.8506 0.4432
47 150.6212 -73.1399 53.2256 0.1266 -0.8252 0.5505 0.8871 0.3943
MRinSpiritualFinfameOn.jpg
47 155.0634 -68.4452 51.4368 0.9997 -0.0039 0.0234 0.9209 0.3828
47 150.5926 -58.0586 63.4710 0.9855 -0.0885 -0.1447 0.9245 0.4536
47 150.6212 -73.1399 53.2256 0.1266 -0.8252 0.5505 0.8871 0.3943
MRinSpiritualFinfameOn.jpg
47 138.4723 -60.4346 60.8759 -0.9399 -0.1364 -0.3131 0.8506 0.4432
47 145.0411 -68.8710 51.0457 -0.9921 0.0822 -0.0950 0.8506 0.3932
47 150.6212 -73.1399 53.2256 0.1266 -0.8252 0.5505 0.8871 0.3943
MRinSpiritualFinfameOn.jpg
47 155.0634 -68.4452 51.4368 0.9997 -0.0039 0.0234 0.9209 0.3828
47 150.6212 -73.1399 53.2256 0.1266 -0.8252 0.5505 0.8871 0.3943
47 153.3345 -73.3048 46.0331 0.8257 -0.3378 -0.4518 0.9110 0.3480
MRinSpiritualFinfameOn.jpg
47 138.3476 -78.0816 41.0279 -0.7869 -0.2004 -0.5837 0.8579 0.3006
47 153.3345 -73.3048 46.0331 0.8257 -0.3378 -0.4518 0.9110 0.3480
47 150.6212 -73.1399 53.2256 0.1266 -0.8252 0.5505 0.8871 0.3943
MRinSpiritualFinfameOn.jpg
47 138.3476 -78.0816 41.0279 -0.7869 -0.2004 -0.5837 0.8579 0.3006
47 150.6212 -73.1399 53.2256 0.1266 -0.8252 0.5505 0.8871 0.3943
47 145.0411 -68.8710 51.0457 -0.9921 0.0822 -0.0950 0.8506 0.3932
MRinSpiritualFinfameOn.jpg
35 61.0105 -37.5258 229.5020 0.7716 0.4329 0.4661 0.8277 0.5114
35 40.7784 -10.5275 235.0402 -0.5165 0.1927 0.8343 0.8184 0.4010
35 46.2882 -23.6118 241.4727 0.1820 0.8381 -0.5143 0.7923 0.4432
MRinSpiritualFinfameOn.jpg
33 71.9068 -81.1374 12.5753 -0.0201 -0.4376 0.8990 0.8168 0.1325
33 79.1324 -86.8542 -3.5953 0.3573 -0.8189 0.4491 0.7986 0.1383
33 89.5577 -74.8343 10.0275 0.4441 -0.0032 0.8960 0.8038 0.1518
MRinSpiritualFinfameOn.jpg
33 71.9068 -81.1374 12.5753 -0.0201 -0.4376 0.8990 0.8168 0.1325
33 89.5577 -74.8343 10.0275 0.4441 -0.0032 0.8960 0.8038 0.1518
33 71.1630 -72.9457 12.9498 0.0227 -0.1850 0.9825 0.8303 0.1403
MRinSpiritualFinfameOn.jpg
33 71.1630 -72.9457 12.9498 0.0227 -0.1850 0.9825 0.8303 0.1403
33 85.2456 -71.3915 10.4530 0.6221 0.1094 0.7753 0.8147 0.1622
32 63.8871 -60.3016 22.0404 -0.1813 -0.4275 0.8857 0.8527 0.1502
MRinSpiritualFinfameOn.jpg
33 89.5577 -74.8343 10.0275 0.4441 -0.0032 0.8960 0.8038 0.1518
33 85.2456 -71.3915 10.4530 0.6221 0.1094 0.7753 0.8147 0.1622
33 71.1630 -72.9457 12.9498 0.0227 -0.1850 0.9825 0.8303 0.1403
MRinSpiritualFinfameOn.jpg
33 85.2456 -71.3915 10.4530 0.6221 0.1094 0.7753 0.8147 0.1622
33 89.5577 -74.8343 10.0275 0.4441 -0.0032 0.8960 0.8038 0.1518
33 93.7890 -74.2218 -5.3781 0.7741 0.5461 0.3202 0.7877 0.1658
MRinSpiritualFinfameOn.jpg
33 93.7890 -74.2218 -5.3781 0.7741 0.5461 0.3202 0.7877 0.1658
33 79.8163 -41.2643 0.4714 0.7668 0.5627 0.3089 0.8246 0.2038
33 85.2456 -71.3915 10.4530 0.6221 0.1094 0.7753 0.8147 0.1622
MRinSpiritualFinfameOn.jpg
33 85.2456 -71.3915 10.4530 0.6221 0.1094 0.7753 0.8147 0.1622
32 72.5863 -56.0172 23.6234 0.5126 -0.2686 0.8155 0.8522 0.1684
32 63.8871 -60.3016 22.0404 -0.1813 -0.4275 0.8857 0.8527 0.1502
MRinSpiritualFinfameOn.jpg
32 63.8871 -60.3016 22.0404 -0.1813 -0.4275 0.8857 0.8527 0.1502
32 72.5863 -56.0172 23.6234 0.5126 -0.2686 0.8155 0.8522 0.1684
32 57.9925 -51.9852 31.8793 -0.0091 -0.8531 0.5217 0.8839 0.1481
MRinSpiritualFinfameOn.jpg
32 60.9132 -36.3114 16.4113 0.1747 0.8510 -0.4953 0.8595 0.2127
32 71.4669 -40.2131 21.7955 0.7862 0.5800 0.2134 0.8600 0.1971
33 62.4126 -36.0880 8.0502 -0.1944 0.9797 -0.0481 0.8371 0.2127
MRinSpiritualFinfameOn.jpg
33 62.4126 -36.0880 8.0502 -0.1944 0.9797 -0.0481 0.8371 0.2127
32 71.4669 -40.2131 21.7955 0.7862 0.5800 0.2134 0.8600 0.1971
33 79.8163 -41.2643 0.4714 0.7668 0.5627 0.3089 0.8246 0.2038
MRinSpiritualFinfameOn.jpg
32 71.4669 -40.2131 21.7955 0.7862 0.5800 0.2134 0.8600 0.1971
32 72.5863 -56.0172 23.6234 0.5126 -0.2686 0.8155 0.8522 0.1684
33 85.2456 -71.3915 10.4530 0.6221 0.1094 0.7753 0.8147 0.1622
MRinSpiritualFinfameOn.jpg
33 79.8163 -41.2643 0.4714 0.7668 0.5627 0.3089 0.8246 0.2038
32 71.4669 -40.2131 21.7955 0.7862 0.5800 0.2134 0.8600 0.1971
33 85.2456 -71.3915 10.4530 0.6221 0.1094 0.7753 0.8147 0.1622
MRinSpiritualFinfameOn.jpg
32 64.5159 -44.6561 35.4962 0.6943 -0.4938 0.5235 0.8917 0.1632
32 57.9925 -51.9852 31.8793 -0.0091 -0.8531 0.5217 0.8839 0.1481
32 72.5863 -56.0172 23.6234 0.5126 -0.2686 0.8155 0.8522 0.1684
MRinSpiritualFinfameOn.jpg
32 64.5159 -44.6561 35.4962 0.6943 -0.4938 0.5235 0.8917 0.1632
32 55.1768 -51.1766 37.0079 0.0015 -0.8369 0.5473 0.8990 0.1445
32 57.9925 -51.9852 31.8793 -0.0091 -0.8531 0.5217 0.8839 0.1481
MRinSpiritualFinfameOn.jpg
32 53.4172 -22.7120 28.6606 0.1647 0.5799 -0.7979 0.9073 0.2127
32 63.2202 -27.1028 34.2183 0.8232 0.4919 -0.2836 0.9058 0.1986
32 60.9132 -36.3114 16.4113 0.1747 0.8510 -0.4953 0.8595 0.2127
MRinSpiritualFinfameOn.jpg
32 71.4669 -40.2131 21.7955 0.7862 0.5800 0.2134 0.8600 0.1971
32 60.9132 -36.3114 16.4113 0.1747 0.8510 -0.4953 0.8595 0.2127
32 63.2202 -27.1028 34.2183 0.8232 0.4919 -0.2836 0.9058 0.1986
MRinSpiritualFinfameOn.jpg
32 63.2202 -27.1028 34.2183 0.8232 0.4919 -0.2836 0.9058 0.1986
32 64.4195 -32.9216 37.8840 0.9717 0.0456 0.2320 0.8969 0.1762
32 71.4669 -40.2131 21.7955 0.7862 0.5800 0.2134 0.8600 0.1971
MRinSpiritualFinfameOn.jpg
32 64.4195 -32.9216 37.8840 0.9717 0.0456 0.2320 0.8969 0.1762
32 72.5863 -56.0172 23.6234 0.5126 -0.2686 0.8155 0.8522 0.1684
32 71.4669 -40.2131 21.7955 0.7862 0.5800 0.2134 0.8600 0.1971
MRinSpiritualFinfameOn.jpg
32 64.4195 -32.9216 37.8840 0.9717 0.0456 0.2320 0.8969 0.1762
32 64.5159 -44.6561 35.4962 0.6943 -0.4938 0.5235 0.8917 0.1632
32 72.5863 -56.0172 23.6234 0.5126 -0.2686 0.8155 0.8522 0.1684
MRinSpiritualFinfameOn.jpg
32 55.1768 -51.1766 37.0079 0.0015 -0.8369 0.5473 0.8990 0.1445
32 64.5159 -44.6561 35.4962 0.6943 -0.4938 0.5235 0.8917 0.1632
32 63.0238 -43.0947 41.9257 0.4293 -0.4511 0.7824 0.9047 0.1601
MRinSpiritualFinfameOn.jpg
32 64.4195 -32.9216 37.8840 0.9717 0.0456 0.2320 0.8969 0.1762
32 63.0238 -43.0947 41.9257 0.4293 -0.4511 0.7824 0.9047 0.1601
32 64.5159 -44.6561 35.4962 0.6943 -0.4938 0.5235 0.8917 0.1632
MRinSpiritualFinfameOn.jpg
32 55.1768 -51.1766 37.0079 0.0015 -0.8369 0.5473 0.8990 0.1445
32 63.0238 -43.0947 41.9257 0.4293 -0.4511 0.7824 0.9047 0.1601
31 50.8142 -45.1974 40.2820 -0.3696 -0.1366 0.9191 0.9162 0.1476
MRinSpiritualFinfameOn.jpg
31 57.6797 -38.9692 44.3422 -0.2990 -0.1428 0.9435 0.9240 0.1606
31 50.8142 -45.1974 40.2820 -0.3696 -0.1366 0.9191 0.9162 0.1476
32 63.0238 -43.0947 41.9257 0.4293 -0.4511 0.7824 0.9047 0.1601
MRinSpiritualFinfameOn.jpg
32 64.4195 -32.9216 37.8840 0.9717 0.0456 0.2320 0.8969 0.1762
32 65.1714 -28.0867 47.0525 0.7625 0.0389 0.6458 0.9219 0.1794
32 63.0238 -43.0947 41.9257 0.4293 -0.4511 0.7824 0.9047 0.1601
MRinSpiritualFinfameOn.jpg
32 65.1714 -28.0867 47.0525 0.7625 0.0389 0.6458 0.9219 0.1794
31 57.6797 -38.9692 44.3422 -0.2990 -0.1428 0.9435 0.9240 0.1606
32 63.0238 -43.0947 41.9257 0.4293 -0.4511 0.7824 0.9047 0.1601
MRinSpiritualFinfameOn.jpg
32 64.4195 -32.9216 37.8840 0.9717 0.0456 0.2320 0.8969 0.1762
32 63.2202 -27.1028 34.2183 0.8232 0.4919 -0.2836 0.9058 0.1986
32 65.1714 -28.0867 47.0525 0.7625 0.0389 0.6458 0.9219 0.1794
MRinSpiritualFinfameOn.jpg
32 65.1714 -28.0867 47.0525 0.7625 0.0389 0.6458 0.9219 0.1794
32 58.1697 -19.6833 46.6619 0.0786 0.2386 0.9679 0.9391 0.1825
31 57.6797 -38.9692 44.3422 -0.2990 -0.1428 0.9435 0.9240 0.1606
MRinSpiritualFinfameOn.jpg
32 59.6664 -12.1749 42.4218 0.6122 0.7708 0.1763 0.9334 0.1939
32 53.4172 -22.7120 28.6606 0.1647 0.5799 -0.7979 0.9073 0.2127
32 46.4028 -9.5687 34.7051 -0.2746 0.9543 0.1178 0.9354 0.2127
MRinSpiritualFinfameOn.jpg
32 59.6664 -12.1749 42.4218 0.6122 0.7708 0.1763 0.9334 0.1939
32 63.2202 -27.1028 34.2183 0.8232 0.4919 -0.2836 0.9058 0.1986
32 53.4172 -22.7120 28.6606 0.1647 0.5799 -0.7979 0.9073 0.2127
MRinSpiritualFinfameOn.jpg
32 65.1714 -28.0867 47.0525 0.7625 0.0389 0.6458 0.9219 0.1794
32 63.2202 -27.1028 34.2183 0.8232 0.4919 -0.2836 0.9058 0.1986
32 59.6664 -12.1749 42.4218 0.6122 0.7708 0.1763 0.9334 0.1939
MRinSpiritualFinfameOn.jpg
32 65.1714 -28.0867 47.0525 0.7625 0.0389 0.6458 0.9219 0.1794
32 59.6664 -12.1749 42.4218 0.6122 0.7708 0.1763 0.9334 0.1939
32 58.1697 -19.6833 46.6619 0.0786 0.2386 0.9679 0.9391 0.1825
MRinSpiritualFinfameOn.jpg
32 58.1697 -19.6833 46.6619 0.0786 0.2386 0.9679 0.9391 0.1825
32 59.6664 -12.1749 42.4218 0.6122 0.7708 0.1763 0.9334 0.1939
32 54.5227 -13.1612 43.5535 -0.1182 0.7272 0.6761 0.9448 0.1997
MRinSpiritualFinfameOn.jpg
32 59.6664 -12.1749 42.4218 0.6122 0.7708 0.1763 0.9334 0.1939
32 46.4028 -9.5687 34.7051 -0.2746 0.9543 0.1178 0.9354 0.2127
32 54.5227 -13.1612 43.5535 -0.1182 0.7272 0.6761 0.9448 0.1997
MRinSpiritualFinfameOn.jpg
32 54.5227 -13.1612 43.5535 -0.1182 0.7272 0.6761 0.9448 0.1997
32 46.4028 -9.5687 34.7051 -0.2746 0.9543 0.1178 0.9354 0.2127
32 47.3532 -12.2699 38.3315 -0.4284 0.6672 0.6093 0.9474 0.2127
MRinSpiritualFinfameOn.jpg
9 117.3373 182.2054 169.0209 0.1624 0.8127 0.5596 0.2725 0.6524
9 123.8923 189.3570 166.0983 0.1786 -0.5081 -0.8426 0.2991 0.6519
9 116.2163 187.5003 176.7190 0.7504 -0.4911 0.4424 0.2767 0.6805
MRinSpiritualFinfameOn.jpg
9 121.0385 172.8490 166.5735 0.6502 -0.5018 0.5705 0.2616 0.6295
9 117.3373 182.2054 169.0209 0.1624 0.8127 0.5596 0.2725 0.6524
9 110.0333 177.2620 175.9086 0.6932 -0.4608 0.5541 0.2257 0.6768
MRinSpiritualFinfameOn.jpg
9 201.1718 128.4606 154.9743 0.4954 -0.6951 0.5209 0.2616 0.6295
9 199.6738 138.1371 158.3545 0.1382 0.8603 0.4906 0.2725 0.6524
9 191.1882 134.3770 164.6114 0.5448 -0.6693 0.5052 0.2257 0.6768
MRinSpiritualFinfameOn.jpg
9 199.6738 138.1371 158.3545 0.1382 0.8603 0.4906 0.2725 0.6524
9 207.8108 143.7949 156.2779 0.5969 -0.7203 0.3534 0.2991 0.6519
9 191.1882 134.3770 164.6114 0.5448 -0.6693 0.5052 0.2257 0.6768
MRinSpiritualFinfameOn.jpg
9 186.4527 121.0907 148.9528 0.6950 0.2167 -0.6855 0.2991 0.6519
9 190.3875 128.1662 155.1787 -0.7616 -0.5747 0.2995 0.2725 0.6524
9 183.7174 125.6531 161.1501 0.6112 -0.6866 0.3938 0.2767 0.6805
MRinSpiritualFinfameOn.jpg
9 108.4012 161.6554 161.8240 0.6181 0.2992 -0.7269 0.2991 0.6519
9 110.6214 170.0797 167.1786 -0.6024 -0.7010 0.3817 0.2725 0.6524
9 104.7831 166.7207 173.5952 0.7591 -0.4800 0.4396 0.2767 0.6805
MRinSpiritualFinfameOn.jpg
31 49.8531 -75.3235 79.8284 -0.3604 0.9324 -0.0285 -1.1111 0.7476
30 44.8918 -81.1322 100.7206 -0.4159 0.8972 0.1482 -1.1111 0.7939
31 65.8922 -71.2597 74.6277 -0.2432 0.9700 0.0079 -1.1366 0.7294
MRinSpiritualFinfameOn.jpg
31 49.8531 -75.3235 79.8284 -0.3604 0.9324 -0.0285 -1.1111 0.7476
31 65.8922 -71.2597 74.6277 -0.2432 0.9700 0.0079 -1.1366 0.7294
31 56.7127 -71.2050 52.9841 -0.3810 0.9235 0.0443 -1.1111 0.6956
MRinSpiritualFinfameOn.jpg
31 49.8531 -75.3235 79.8284 -0.3604 0.9324 -0.0285 -1.1111 0.7476
31 56.7127 -71.2050 52.9841 -0.3810 0.9235 0.0443 -1.1111 0.6956
31 40.5830 -81.2893 66.2554 -0.4716 0.8795 -0.0644 -1.1366 0.7294
MRinSpiritualFinfameOn.jpg
31 49.8531 -75.3235 79.8284 -0.3604 0.9324 -0.0285 -1.1111 0.7476
31 40.5830 -81.2893 66.2554 -0.4716 0.8795 -0.0644 -1.1366 0.7294
30 44.8918 -81.1322 100.7206 -0.4159 0.8972 0.1482 -1.1111 0.7939
MRinSpiritualFinfameOn.jpg
9 191.1241 134.4588 164.5755 -0.6613 0.6970 -0.2772 0.2257 0.6768
9 190.3875 128.1662 155.1787 -0.7616 -0.5747 0.2995 0.2725 0.6524
9 183.6461 125.7301 161.1115 -0.6112 0.6841 -0.3981 0.2767 0.6805
MRinSpiritualFinfameOn.jpg
9 190.3875 128.1662 155.1787 -0.7616 -0.5747 0.2995 0.2725 0.6524
9 186.4527 121.0907 148.9528 0.6950 0.2167 -0.6855 0.2991 0.6519
9 183.6461 125.7301 161.1115 -0.6112 0.6841 -0.3981 0.2767 0.6805
MRinSpiritualFinfameOn.jpg
9 110.6214 170.0797 167.1786 -0.6024 -0.7010 0.3817 0.2725 0.6524
9 108.4012 161.6554 161.8240 0.6181 0.2992 -0.7269 0.2991 0.6519
9 104.6945 166.7757 173.5511 -0.7586 0.4771 -0.4438 0.2767 0.6805
MRinSpiritualFinfameOn.jpg
9 109.9447 177.3170 175.8644 -0.8094 0.4906 -0.3228 0.2257 0.6768
9 110.6214 170.0797 167.1786 -0.6024 -0.7010 0.3817 0.2725 0.6524
9 104.6945 166.7757 173.5511 -0.7586 0.4771 -0.4438 0.2767 0.6805
MRinSpiritualFinfameOn.jpg
35 14.4733 -84.1753 163.3492 0.1581 -0.7722 -0.6154 0.4458 0.5936
35 17.4189 -89.5688 172.9178 -0.1649 -0.9092 -0.3823 0.4604 0.5665
35 1.9786 -81.9316 161.1715 -0.1209 -0.8552 -0.5039 0.4104 0.5915
MRinSpiritualFinfameOn.jpg
35 14.4733 -84.1753 163.3492 0.1581 -0.7722 -0.6154 0.4458 0.5936
35 31.4006 -95.8582 174.5549 -0.2627 -0.9056 -0.3328 0.5072 0.5681
35 17.4189 -89.5688 172.9178 -0.1649 -0.9092 -0.3823 0.4604 0.5665
MRinSpiritualFinfameOn.jpg
35 17.4189 -89.5688 172.9178 -0.1649 -0.9092 -0.3823 0.4604 0.5665
35 31.4006 -95.8582 174.5549 -0.2627 -0.9056 -0.3328 0.5072 0.5681
35 23.1198 -94.6327 183.7292 -0.3179 -0.9121 -0.2590 0.4812 0.5379
MRinSpiritualFinfameOn.jpg
35 17.1957 -94.0714 185.6184 0.0573 -0.9283 -0.3674 0.4656 0.5306
35 17.4189 -89.5688 172.9178 -0.1649 -0.9092 -0.3823 0.4604 0.5665
35 23.1198 -94.6327 183.7292 -0.3179 -0.9121 -0.2590 0.4812 0.5379
MRinSpiritualFinfameOn.jpg
35 17.1957 -94.0714 185.6184 0.0573 -0.9283 -0.3674 0.4656 0.5306
35 12.3841 -90.1453 173.8311 0.1659 -0.8537 -0.4937 0.4458 0.5577
35 17.4189 -89.5688 172.9178 -0.1649 -0.9092 -0.3823 0.4604 0.5665
MRinSpiritualFinfameOn.jpg
35 23.1198 -94.6327 183.7292 -0.3179 -0.9121 -0.2590 0.4812 0.5379
35 31.4006 -95.8582 174.5549 -0.2627 -0.9056 -0.3328 0.5072 0.5681
35 25.9862 -96.5672 186.7108 -0.2434 -0.9528 -0.1813 0.4905 0.5301
MRinSpiritualFinfameOn.jpg
44 86.4222 -78.9374 208.1498 0.6128 -0.7812 -0.1197 0.5597 0.5186
35 25.9862 -96.5672 186.7108 -0.2434 -0.9528 -0.1813 0.4905 0.5301
35 31.4006 -95.8582 174.5549 -0.2627 -0.9056 -0.3328 0.5072 0.5681
MRinSpiritualFinfameOn.jpg
44 86.4222 -78.9374 208.1498 0.6128 -0.7812 -0.1197 0.5597 0.5186
35 31.4006 -95.8582 174.5549 -0.2627 -0.9056 -0.3328 0.5072 0.5681
44 85.0363 -78.0888 198.3918 0.3720 -0.9187 -0.1327 0.5421 0.5379
MRinSpiritualFinfameOn.jpg
44 86.4222 -78.9374 208.1498 0.6128 -0.7812 -0.1197 0.5597 0.5186
35 34.3271 -101.2377 204.4385 -0.1113 -0.9934 -0.0283 0.5140 0.4827
35 25.9862 -96.5672 186.7108 -0.2434 -0.9528 -0.1813 0.4905 0.5301
MRinSpiritualFinfameOn.jpg
35 34.3271 -101.2377 204.4385 -0.1113 -0.9934 -0.0283 0.5140 0.4827
35 18.0316 -95.9068 188.2458 -0.1194 -0.9725 -0.2001 0.4697 0.5238
35 25.9862 -96.5672 186.7108 -0.2434 -0.9528 -0.1813 0.4905 0.5301
MRinSpiritualFinfameOn.jpg
32 47.3532 -12.2699 38.3315 -0.2573 0.9646 -0.0573 0.8345 0.2314
32 38.4734 -18.4466 37.5323 -0.6948 0.6550 -0.2971 0.8449 0.2439
32 42.9678 -12.8046 49.0280 -0.3171 0.8850 0.3408 0.8527 0.2236
MRinSpiritualFinfameOn.jpg
32 38.4734 -18.4466 37.5323 -0.6948 0.6550 -0.2971 0.8449 0.2439
32 36.1763 -16.9799 44.7133 -0.9549 0.2211 0.1982 0.8569 0.2371
32 42.9678 -12.8046 49.0280 -0.3171 0.8850 0.3408 0.8527 0.2236
MRinSpiritualFinfameOn.jpg
32 42.9678 -12.8046 49.0280 -0.3171 0.8850 0.3408 0.8527 0.2236
32 36.1763 -16.9799 44.7133 -0.9549 0.2211 0.1982 0.8569 0.2371
31 42.4066 -24.2062 52.6067 -0.4716 0.4969 0.7285 0.8756 0.2236
MRinSpiritualFinfameOn.jpg
32 37.8856 -31.2473 37.3321 -0.9614 -0.2695 -0.0562 0.8584 0.2553
32 36.1763 -16.9799 44.7133 -0.9549 0.2211 0.1982 0.8569 0.2371
32 38.4734 -18.4466 37.5323 -0.6948 0.6550 -0.2971 0.8449 0.2439
MRinSpiritualFinfameOn.jpg
31 39.1863 -31.8694 46.6845 -0.9439 -0.3300 0.0100 0.8803 0.2481
32 36.1763 -16.9799 44.7133 -0.9549 0.2211 0.1982 0.8569 0.2371
32 37.8856 -31.2473 37.3321 -0.9614 -0.2695 -0.0562 0.8584 0.2553
MRinSpiritualFinfameOn.jpg
32 36.1763 -16.9799 44.7133 -0.9549 0.2211 0.1982 0.8569 0.2371
31 39.1863 -31.8694 46.6845 -0.9439 -0.3300 0.0100 0.8803 0.2481
31 42.4066 -24.2062 52.6067 -0.4716 0.4969 0.7285 0.8756 0.2236
MRinSpiritualFinfameOn.jpg
31 52.6819 -62.0970 53.2225 0.0778 -0.4156 -0.9062 0.9323 0.2923
31 39.1863 -31.8694 46.6845 -0.9439 -0.3300 0.0100 0.8803 0.2481
31 50.8142 -45.1974 40.2820 0.3300 -0.9401 -0.0855 0.8839 0.2923
MRinSpiritualFinfameOn.jpg
31 39.1863 -31.8694 46.6845 -0.9439 -0.3300 0.0100 0.8803 0.2481
32 37.8856 -31.2473 37.3321 -0.9614 -0.2695 -0.0562 0.8584 0.2553
31 45.1556 -41.3094 40.4261 -0.6704 -0.6550 0.3486 0.8772 0.2751
MRinSpiritualFinfameOn.jpg
31 45.1556 -41.3094 40.4261 -0.6704 -0.6550 0.3486 0.8772 0.2751
31 50.8142 -45.1974 40.2820 0.3300 -0.9401 -0.0855 0.8839 0.2923
31 39.1863 -31.8694 46.6845 -0.9439 -0.3300 0.0100 0.8803 0.2481
MRinSpiritualFinfameOn.jpg
31 33.2224 -52.1327 58.7399 -0.9966 0.0712 -0.0415 0.9198 0.2444
31 39.1863 -31.8694 46.6845 -0.9439 -0.3300 0.0100 0.8803 0.2481
31 52.6819 -62.0970 53.2225 0.0778 -0.4156 -0.9062 0.9323 0.2923
MRinSpiritualFinfameOn.jpg
31 33.2224 -52.1327 58.7399 -0.9966 0.0712 -0.0415 0.9198 0.2444
31 42.4847 -34.5243 64.8026 -0.3545 0.5177 0.7786 0.9068 0.2236
31 42.4066 -24.2062 52.6067 -0.4716 0.4969 0.7285 0.8756 0.2236
MRinSpiritualFinfameOn.jpg
30 41.8677 -44.8047 74.7045 -0.3150 0.1724 0.9333 0.9365 0.2236
31 42.4847 -34.5243 64.8026 -0.3545 0.5177 0.7786 0.9068 0.2236
31 33.2224 -52.1327 58.7399 -0.9966 0.0712 -0.0415 0.9198 0.2444
MRinSpiritualFinfameOn.jpg
31 39.1863 -31.8694 46.6845 -0.9439 -0.3300 0.0100 0.8803 0.2481
31 33.2224 -52.1327 58.7399 -0.9966 0.0712 -0.0415 0.9198 0.2444
31 42.4066 -24.2062 52.6067 -0.4716 0.4969 0.7285 0.8756 0.2236
MRinSpiritualFinfameOn.jpg
31 34.8375 -64.2994 67.5497 -0.9880 -0.0434 0.1480 0.9516 0.2392
30 41.8677 -44.8047 74.7045 -0.3150 0.1724 0.9333 0.9365 0.2236
31 33.2224 -52.1327 58.7399 -0.9966 0.0712 -0.0415 0.9198 0.2444
MRinSpiritualFinfameOn.jpg
31 37.8660 -75.8308 62.8853 -0.6050 -0.6259 -0.4921 0.9531 0.2657
31 33.2224 -52.1327 58.7399 -0.9966 0.0712 -0.0415 0.9198 0.2444
31 52.6819 -62.0970 53.2225 0.0778 -0.4156 -0.9062 0.9323 0.2923
MRinSpiritualFinfameOn.jpg
31 34.8375 -64.2994 67.5497 -0.9880 -0.0434 0.1480 0.9516 0.2392
31 33.2224 -52.1327 58.7399 -0.9966 0.0712 -0.0415 0.9198 0.2444
31 37.8660 -75.8308 62.8853 -0.6050 -0.6259 -0.4921 0.9531 0.2657
MRinSpiritualFinfameOn.jpg
31 54.8546 -78.4518 61.4985 0.4714 -0.6921 -0.5466 0.9589 0.2923
31 37.8660 -75.8308 62.8853 -0.6050 -0.6259 -0.4921 0.9531 0.2657
31 52.6819 -62.0970 53.2225 0.0778 -0.4156 -0.9062 0.9323 0.2923
MRinSpiritualFinfameOn.jpg
31 54.8546 -78.4518 61.4985 0.4714 -0.6921 -0.5466 0.9589 0.2923
31 51.8261 -82.0580 75.4008 0.0907 -0.9809 -0.1719 0.9875 0.2923
31 37.8660 -75.8308 62.8853 -0.6050 -0.6259 -0.4921 0.9531 0.2657
MRinSpiritualFinfameOn.jpg
31 37.5509 -77.1466 72.2512 -0.7277 -0.6754 -0.1194 0.9771 0.2626
31 37.8660 -75.8308 62.8853 -0.6050 -0.6259 -0.4921 0.9531 0.2657
31 51.8261 -82.0580 75.4008 0.0907 -0.9809 -0.1719 0.9875 0.2923
MRinSpiritualFinfameOn.jpg
31 37.5509 -77.1466 72.2512 -0.7277 -0.6754 -0.1194 0.9771 0.2626
31 34.8375 -64.2994 67.5497 -0.9880 -0.0434 0.1480 0.9516 0.2392
31 37.8660 -75.8308 62.8853 -0.6050 -0.6259 -0.4921 0.9531 0.2657
MRinSpiritualFinfameOn.jpg
46 129.9668 -50.6793 126.8168 -0.5492 0.3974 0.7352 0.4135 0.1377
48 120.4261 -63.4036 123.3974 0.0361 0.7855 0.6177 0.4500 0.1377
46 133.3918 -61.5856 129.6834 -0.0028 -0.2645 0.9644 0.4146 0.1544
MRinSpiritualFinfameOn.jpg
48 120.4261 -63.4036 123.3974 0.0361 0.7855 0.6177 0.4500 0.1377
48 114.9449 -62.7450 126.4140 0.0944 0.8332 0.5449 0.4640 0.1377
48 116.4023 -68.6828 128.3093 0.1476 0.2143 0.9656 0.4635 0.1544
MRinSpiritualFinfameOn.jpg
48 114.9449 -62.7450 126.4140 0.0944 0.8332 0.5449 0.4640 0.1377
48 100.8891 -69.4180 127.0201 0.2927 0.7683 0.5692 0.4905 0.1377
48 116.4023 -68.6828 128.3093 0.1476 0.2143 0.9656 0.4635 0.1544
MRinSpiritualFinfameOn.jpg
48 111.6812 -77.7371 115.0871 -0.3451 -0.6551 -0.6721 0.4682 0.1861
46 123.6451 -75.6605 104.5010 -0.5646 -0.7762 -0.2807 0.4421 0.1971
46 127.2515 -74.9442 118.8749 0.2814 -0.8763 0.3911 0.4421 0.1768
MRinSpiritualFinfameOn.jpg
46 127.2515 -74.9442 118.8749 0.2814 -0.8763 0.3911 0.4421 0.1768
46 129.3909 -78.1844 115.4690 -0.3134 -0.7785 0.5437 0.4297 0.1814
46 133.3918 -61.5856 129.6834 -0.0028 -0.2645 0.9644 0.4146 0.1544
MRinSpiritualFinfameOn.jpg
48 101.4412 -73.6804 131.1923 0.1965 -0.2574 0.9461 0.4983 0.1539
48 116.4023 -68.6828 128.3093 0.1476 0.2143 0.9656 0.4635 0.1544
48 100.8891 -69.4180 127.0201 0.2927 0.7683 0.5692 0.4905 0.1377
MRinSpiritualFinfameOn.jpg
48 76.2859 -92.9445 118.0132 -0.6946 -0.6606 -0.2849 0.5483 0.2028
48 101.4412 -73.6804 131.1923 0.1965 -0.2574 0.9461 0.4983 0.1539
48 89.0000 -75.5333 127.1306 -0.7019 0.3386 0.6266 0.5270 0.1606
MRinSpiritualFinfameOn.jpg
48 100.8891 -69.4180 127.0201 0.2927 0.7683 0.5692 0.4905 0.1377
48 100.7097 -64.2032 131.5625 0.5515 0.7319 0.4002 0.5088 0.1377
48 101.4412 -73.6804 131.1923 0.1965 -0.2574 0.9461 0.4983 0.1539
MRinSpiritualFinfameOn.jpg
48 116.4023 -68.6828 128.3093 0.1476 0.2143 0.9656 0.4635 0.1544
48 101.4412 -73.6804 131.1923 0.1965 -0.2574 0.9461 0.4983 0.1539
46 127.2515 -74.9442 118.8749 0.2814 -0.8763 0.3911 0.4421 0.1768
MRinSpiritualFinfameOn.jpg
48 101.6730 -78.3988 119.0106 0.0931 -0.7171 -0.6907 0.4885 0.1841
48 111.6812 -77.7371 115.0871 -0.3451 -0.6551 -0.6721 0.4682 0.1861
48 102.8240 -79.1917 126.0260 0.2144 -0.9434 0.2530 0.4911 0.1690
MRinSpiritualFinfameOn.jpg
48 76.2859 -92.9445 118.0132 -0.6946 -0.6606 -0.2849 0.5483 0.2028
48 102.8240 -79.1917 126.0260 0.2144 -0.9434 0.2530 0.4911 0.1690
48 101.4412 -73.6804 131.1923 0.1965 -0.2574 0.9461 0.4983 0.1539
MRinSpiritualFinfameOn.jpg
48 76.2859 -92.9445 118.0132 -0.6946 -0.6606 -0.2849 0.5483 0.2028
48 101.6730 -78.3988 119.0106 0.0931 -0.7171 -0.6907 0.4885 0.1841
48 102.8240 -79.1917 126.0260 0.2144 -0.9434 0.2530 0.4911 0.1690
MRinSpiritualFinfameOn.jpg
46 127.2515 -74.9442 118.8749 0.2814 -0.8763 0.3911 0.4421 0.1768
48 102.8240 -79.1917 126.0260 0.2144 -0.9434 0.2530 0.4911 0.1690
48 111.6812 -77.7371 115.0871 -0.3451 -0.6551 -0.6721 0.4682 0.1861
MRinSpiritualFinfameOn.jpg
49 -6.7762 -104.7322 179.1942 0.5797 -0.6222 -0.5261 0.2408 0.0571
49 -5.8666 -97.0012 176.2823 0.6658 -0.3434 -0.6624 0.2590 0.1003
49 -1.1796 -113.7470 191.8683 0.5079 -0.5597 -0.6548 0.2012 0.0644
MRinSpiritualFinfameOn.jpg
49 -5.8666 -97.0012 176.2823 0.6658 -0.3434 -0.6624 0.2590 0.1003
49 7.6881 -97.9477 188.3132 0.6046 -0.3617 -0.7097 0.1913 0.1232
49 -1.1796 -113.7470 191.8683 0.5079 -0.5597 -0.6548 0.2012 0.0644
MRinSpiritualFinfameOn.jpg
49 -5.8666 -97.0012 176.2823 0.6658 -0.3434 -0.6624 0.2590 0.1003
49 15.7096 -85.1031 190.9028 0.6334 -0.2477 -0.7331 0.1877 0.1768
49 7.6881 -97.9477 188.3132 0.6046 -0.3617 -0.7097 0.1913 0.1232
MRinSpiritualFinfameOn.jpg
34 79.3377 -96.3504 0.9525 0.9414 -0.0957 0.3233 0.7538 0.1835
33 79.1324 -86.8542 -3.5953 0.8293 -0.4491 0.3326 0.7799 0.1716
33 71.9068 -81.1374 12.5753 0.0205 0.5109 0.8594 0.8038 0.2023
MRinSpiritualFinfameOn.jpg
34 72.9361 -99.9438 14.2580 0.0868 -0.3157 0.9449 0.7637 0.2028
34 79.3377 -96.3504 0.9525 0.9414 -0.0957 0.3233 0.7538 0.1835
33 71.9068 -81.1374 12.5753 0.0205 0.5109 0.8594 0.8038 0.2023
MRinSpiritualFinfameOn.jpg
34 72.9361 -99.9438 14.2580 0.0868 -0.3157 0.9449 0.7637 0.2028
34 73.3113 -108.0097 6.0901 0.1214 -0.8709 0.4762 0.7377 0.2002
34 79.3377 -96.3504 0.9525 0.9414 -0.0957 0.3233 0.7538 0.1835
MRinSpiritualFinfameOn.jpg
34 79.3377 -96.3504 0.9525 0.9414 -0.0957 0.3233 0.7538 0.1835
34 73.3113 -108.0097 6.0901 0.1214 -0.8709 0.4762 0.7377 0.2002
34 73.3755 -111.3285 -9.3886 0.0639 -0.6262 -0.7770 0.7164 0.1971
MRinSpiritualFinfameOn.jpg
34 51.6631 -109.3058 -8.4990 -0.0003 -0.7398 -0.6728 0.7164 0.1971
34 59.2955 -97.4163 1.0206 0.8783 -0.2287 0.4199 0.7538 0.1835
34 52.1712 -104.4799 6.4828 -0.0909 -0.8256 0.5568 0.7377 0.2002
MRinSpiritualFinfameOn.jpg
34 53.1764 -96.0698 13.6090 -0.0214 -0.1677 0.9856 0.7637 0.2028
34 52.1712 -104.4799 6.4828 -0.0909 -0.8256 0.5568 0.7377 0.2002
34 59.2955 -97.4163 1.0206 0.8783 -0.2287 0.4199 0.7538 0.1835
MRinSpiritualFinfameOn.jpg
34 53.1764 -96.0698 13.6090 -0.0214 -0.1677 0.9856 0.7637 0.2028
34 59.2955 -97.4163 1.0206 0.8783 -0.2287 0.4199 0.7538 0.1835
33 53.6456 -81.1265 8.0141 -0.0045 0.5813 0.8137 0.8038 0.2023
MRinSpiritualFinfameOn.jpg
34 59.2955 -97.4163 1.0206 0.8783 -0.2287 0.4199 0.7538 0.1835
33 62.7207 -88.3867 -3.4187 -0.0038 -0.7674 0.6411 0.7799 0.1716
33 53.6456 -81.1265 8.0141 -0.0045 0.5813 0.8137 0.8038 0.2023
MRinSpiritualFinfameOn.jpg
35 56.3020 -37.1222 178.8071 0.7659 0.3944 -0.5077 0.4687 0.9474
35 62.8880 -38.3096 182.2340 0.4822 0.8204 -0.3072 0.4999 0.9433
35 46.3682 -46.5899 163.4745 0.3726 0.6584 -0.6539 0.4671 0.9896
MRinSpiritualFinfameOn.jpg
24 32.6802 -35.9043 171.2319 0.6371 -0.2345 -0.7343 0.3938 0.9896
24 54.6089 -29.4262 185.4727 0.8313 -0.0234 -0.5554 0.4349 0.9511
35 46.3682 -46.5899 163.4745 0.3726 0.6584 -0.6539 0.4671 0.9896
MRinSpiritualFinfameOn.jpg
35 56.3020 -37.1222 178.8071 0.7659 0.3944 -0.5077 0.4687 0.9474
24 57.4308 -15.1290 205.7726 0.9128 0.3419 -0.2232 0.4338 0.9115
35 62.2178 -29.8044 195.5045 0.7434 0.6560 -0.1305 0.4744 0.8959
MRinSpiritualFinfameOn.jpg
24 54.6089 -29.4262 185.4727 0.8313 -0.0234 -0.5554 0.4349 0.9511
24 57.4308 -15.1290 205.7726 0.9128 0.3419 -0.2232 0.4338 0.9115
35 56.3020 -37.1222 178.8071 0.7659 0.3944 -0.5077 0.4687 0.9474
MRinSpiritualFinfameOn.jpg
24 43.4876 -16.9969 177.1761 0.8336 0.1012 -0.5430 0.3948 0.9511
24 54.6089 -29.4262 185.4727 0.8313 -0.0234 -0.5554 0.4349 0.9511
24 32.6802 -35.9043 171.2319 0.6371 -0.2345 -0.7343 0.3938 0.9896
MRinSpiritualFinfameOn.jpg
24 43.4876 -16.9969 177.1761 0.8336 0.1012 -0.5430 0.3948 0.9511
24 57.4308 -15.1290 205.7726 0.9128 0.3419 -0.2232 0.4338 0.9115
24 54.6089 -29.4262 185.4727 0.8313 -0.0234 -0.5554 0.4349 0.9511
MRinSpiritualFinfameOn.jpg
44 91.9189 -58.8567 196.3840 0.9228 -0.3719 -0.1004 0.6810 0.9641
35 34.7535 -92.3879 173.7994 -0.1970 -0.8681 -0.4557 0.7471 0.9058
44 82.0715 -60.7963 178.5033 0.7328 -0.4836 -0.4786 0.7471 0.9641
MRinSpiritualFinfameOn.jpg
35 43.3686 -99.7918 181.9891 -0.0472 -0.9860 -0.1602 0.7039 0.9058
35 34.7535 -92.3879 173.7994 -0.1970 -0.8681 -0.4557 0.7471 0.9058
44 91.9189 -58.8567 196.3840 0.9228 -0.3719 -0.1004 0.6810 0.9641
MRinSpiritualFinfameOn.jpg
35 28.4065 -95.2066 230.9916 0.6208 -0.7580 0.2001 0.6654 0.7767
35 25.3304 -95.9324 213.2139 0.1808 -0.9657 0.1865 0.7075 0.8168
35 37.9966 -89.5829 222.5441 0.4786 -0.7674 0.4266 0.6565 0.8204
MRinSpiritualFinfameOn.jpg
35 29.7713 -80.6722 247.9209 0.6209 -0.4474 0.6437 0.6331 0.7658
35 28.4065 -95.2066 230.9916 0.6208 -0.7580 0.2001 0.6654 0.7767
35 37.9966 -89.5829 222.5441 0.4786 -0.7674 0.4266 0.6565 0.8204
MRinSpiritualFinfameOn.jpg
43 57.5735 -87.2834 225.2017 0.1792 -0.8167 0.5485 0.6607 0.8636
35 48.2868 -75.8771 229.1881 0.5212 -0.4493 0.7255 0.6003 0.8184
35 37.9966 -89.5829 222.5441 0.4786 -0.7674 0.4266 0.6565 0.8204
MRinSpiritualFinfameOn.jpg
35 37.9966 -89.5829 222.5441 0.4786 -0.7674 0.4266 0.6565 0.8204
35 48.2868 -75.8771 229.1881 0.5212 -0.4493 0.7255 0.6003 0.8184
35 29.7713 -80.6722 247.9209 0.6209 -0.4474 0.6437 0.6331 0.7658
MRinSpiritualFinfameOn.jpg
35 11.9515 -72.7096 262.3711 0.6377 -0.2101 0.7411 0.6024 0.6904
35 29.7713 -80.6722 247.9209 0.6209 -0.4474 0.6437 0.6331 0.7658
35 41.5284 -34.8700 246.3048 0.6394 0.1139 0.7604 0.4869 0.7689
MRinSpiritualFinfameOn.jpg
49 25.6550 -80.8796 234.0902 0.8040 -0.2115 0.5558 0.7034 0.7492
35 29.7713 -80.6722 247.9209 0.6209 -0.4474 0.6437 0.6331 0.7658
35 11.9515 -72.7096 262.3711 0.6377 -0.2101 0.7411 0.6024 0.6904
MRinSpiritualFinfameOn.jpg
49 25.6550 -80.8796 234.0902 0.8040 -0.2115 0.5558 0.7034 0.7492
35 11.9515 -72.7096 262.3711 0.6377 -0.2101 0.7411 0.6024 0.6904
49 19.9014 -87.6704 248.7263 0.8401 -0.0068 0.5424 0.7117 0.7018
MRinSpiritualFinfameOn.jpg
49 6.5866 -93.4983 262.5058 0.5839 -0.0179 0.8116 0.7341 0.6456
49 19.9014 -87.6704 248.7263 0.8401 -0.0068 0.5424 0.7117 0.7018
35 11.9515 -72.7096 262.3711 0.6377 -0.2101 0.7411 0.6024 0.6904
MRinSpiritualFinfameOn.jpg
35 11.9515 -72.7096 262.3711 0.6377 -0.2101 0.7411 0.6024 0.6904
49 -3.5850 -83.4265 266.6224 0.3207 -0.2000 0.9258 0.6737 0.6300
49 6.5866 -93.4983 262.5058 0.5839 -0.0179 0.8116 0.7341 0.6456
MRinSpiritualFinfameOn.jpg
35 -5.0124 -67.7269 279.3736 0.0927 -0.3616 0.9277 0.5988 0.6191
49 -3.5850 -83.4265 266.6224 0.3207 -0.2000 0.9258 0.6737 0.6300
35 11.9515 -72.7096 262.3711 0.6377 -0.2101 0.7411 0.6024 0.6904
MRinSpiritualFinfameOn.jpg
35 -5.0124 -67.7269 279.3736 0.0927 -0.3616 0.9277 0.5988 0.6191
35 11.9515 -72.7096 262.3711 0.6377 -0.2101 0.7411 0.6024 0.6904
35 0.5384 -54.0551 281.8271 0.3990 0.7445 0.5352 0.5332 0.6185
MRinSpiritualFinfameOn.jpg
35 37.0899 -7.9657 235.7130 0.6854 0.5074 0.5223 0.4135 0.8017
35 12.3670 3.3576 244.5658 0.3766 0.5351 0.7562 0.3693 0.7507
35 41.5284 -34.8700 246.3048 0.6394 0.1139 0.7604 0.4869 0.7689
MRinSpiritualFinfameOn.jpg
35 12.3670 3.3576 244.5658 0.3766 0.5351 0.7562 0.3693 0.7507
35 37.0899 -7.9657 235.7130 0.6854 0.5074 0.5223 0.4135 0.8017
24 11.7766 32.2999 204.5616 0.3698 0.9235 0.1020 0.3173 0.8028
MRinSpiritualFinfameOn.jpg
35 37.0899 -7.9657 235.7130 0.6854 0.5074 0.5223 0.4135 0.8017
24 32.8873 21.0567 204.7559 0.6221 0.7827 -0.0187 0.3620 0.8366
24 11.7766 32.2999 204.5616 0.3698 0.9235 0.1020 0.3173 0.8028
MRinSpiritualFinfameOn.jpg
24 11.7766 32.2999 204.5616 0.3698 0.9235 0.1020 0.3173 0.8028
24 32.8873 21.0567 204.7559 0.6221 0.7827 -0.0187 0.3620 0.8366
23 15.4310 24.9402 169.3734 0.5170 0.8424 -0.1522 0.2808 0.8366
MRinSpiritualFinfameOn.jpg
24 32.8873 21.0567 204.7559 0.6221 0.7827 -0.0187 0.3620 0.8366
23 29.1306 11.6169 157.0134 0.8135 0.5349 -0.2285 0.3017 0.8943
23 15.4310 24.9402 169.3734 0.5170 0.8424 -0.1522 0.2808 0.8366
MRinSpiritualFinfameOn.jpg
24 43.4876 -16.9969 177.1761 0.8336 0.1012 -0.5430 0.3948 0.9511
24 46.6104 1.5072 195.7977 0.8716 0.4736 -0.1262 0.3964 0.8834
24 57.4308 -15.1290 205.7726 0.9128 0.3419 -0.2232 0.4338 0.9115
MRinSpiritualFinfameOn.jpg
24 46.6104 1.5072 195.7977 0.8716 0.4736 -0.1262 0.3964 0.8834
24 32.8873 21.0567 204.7559 0.6221 0.7827 -0.0187 0.3620 0.8366
35 37.0899 -7.9657 235.7130 0.6854 0.5074 0.5223 0.4135 0.8017
MRinSpiritualFinfameOn.jpg
23 29.1306 11.6169 157.0134 0.8135 0.5349 -0.2285 0.3017 0.8943
24 32.8873 21.0567 204.7559 0.6221 0.7827 -0.0187 0.3620 0.8366
24 46.6104 1.5072 195.7977 0.8716 0.4736 -0.1262 0.3964 0.8834
MRinSpiritualFinfameOn.jpg
24 57.4308 -15.1290 205.7726 0.9128 0.3419 -0.2232 0.4338 0.9115
24 46.6104 1.5072 195.7977 0.8716 0.4736 -0.1262 0.3964 0.8834
35 54.5642 -30.1745 222.0465 0.8173 0.4211 0.3933 0.4624 0.8459
MRinSpiritualFinfameOn.jpg
35 54.5642 -30.1745 222.0465 0.8173 0.4211 0.3933 0.4624 0.8459
35 37.0899 -7.9657 235.7130 0.6854 0.5074 0.5223 0.4135 0.8017
35 41.5284 -34.8700 246.3048 0.6394 0.1139 0.7604 0.4869 0.7689
MRinSpiritualFinfameOn.jpg
24 46.6104 1.5072 195.7977 0.8716 0.4736 -0.1262 0.3964 0.8834
35 37.0899 -7.9657 235.7130 0.6854 0.5074 0.5223 0.4135 0.8017
35 54.5642 -30.1745 222.0465 0.8173 0.4211 0.3933 0.4624 0.8459
MRinSpiritualFinfameOn.jpg
35 62.2178 -29.8044 195.5045 0.7434 0.6560 -0.1305 0.4744 0.8959
24 57.4308 -15.1290 205.7726 0.9128 0.3419 -0.2232 0.4338 0.9115
35 54.5642 -30.1745 222.0465 0.8173 0.4211 0.3933 0.4624 0.8459
MRinSpiritualFinfameOn.jpg
24 36.8395 2.6693 168.0264 0.9466 0.1613 -0.2793 0.3428 0.9172
24 46.6104 1.5072 195.7977 0.8716 0.4736 -0.1262 0.3964 0.8834
24 43.4876 -16.9969 177.1761 0.8336 0.1012 -0.5430 0.3948 0.9511
MRinSpiritualFinfameOn.jpg
24 36.8395 2.6693 168.0264 0.9466 0.1613 -0.2793 0.3428 0.9172
23 29.1306 11.6169 157.0134 0.8135 0.5349 -0.2285 0.3017 0.8943
24 46.6104 1.5072 195.7977 0.8716 0.4736 -0.1262 0.3964 0.8834
MRinSpiritualFinfameOn.jpg
23 34.1257 -4.1089 155.2057 0.9620 0.0580 -0.2667 0.3230 0.9282
23 29.1306 11.6169 157.0134 0.8135 0.5349 -0.2285 0.3017 0.8943
24 36.8395 2.6693 168.0264 0.9466 0.1613 -0.2793 0.3428 0.9172
MRinSpiritualFinfameOn.jpg
23 34.1257 -4.1089 155.2057 0.9620 0.0580 -0.2667 0.3230 0.9282
24 36.8395 2.6693 168.0264 0.9466 0.1613 -0.2793 0.3428 0.9172
23 29.7350 -21.1213 152.7238 0.8399 -0.5174 -0.1638 0.3350 0.9615
MRinSpiritualFinfameOn.jpg
35 52.4610 -46.8511 234.4303 0.6873 0.0686 0.7231 0.5238 0.8173
35 54.5642 -30.1745 222.0465 0.8173 0.4211 0.3933 0.4624 0.8459
35 41.5284 -34.8700 246.3048 0.6394 0.1139 0.7604 0.4869 0.7689
MRinSpiritualFinfameOn.jpg
43 62.4567 -67.2303 238.6273 0.3349 -0.2921 0.8958 0.6061 0.8564
35 48.2868 -75.8771 229.1881 0.5212 -0.4493 0.7255 0.6003 0.8184
43 57.5735 -87.2834 225.2017 0.1792 -0.8167 0.5485 0.6607 0.8636
MRinSpiritualFinfameOn.jpg
35 64.6760 -40.0229 216.6324 0.7392 0.5037 0.4471 0.5150 0.8579
35 54.5642 -30.1745 222.0465 0.8173 0.4211 0.3933 0.4624 0.8459
35 52.4610 -46.8511 234.4303 0.6873 0.0686 0.7231 0.5238 0.8173
MRinSpiritualFinfameOn.jpg
23 29.7350 -21.1213 152.7238 0.8399 -0.5174 -0.1638 0.3350 0.9615
24 36.8395 2.6693 168.0264 0.9466 0.1613 -0.2793 0.3428 0.9172
24 34.1563 -16.3865 163.2461 0.8518 -0.2912 -0.4354 0.3552 0.9557
MRinSpiritualFinfameOn.jpg
24 27.4518 -24.2724 161.6432 0.7634 -0.5591 -0.3235 0.3584 0.9896
24 34.1563 -16.3865 163.2461 0.8518 -0.2912 -0.4354 0.3552 0.9557
24 32.6802 -35.9043 171.2319 0.6371 -0.2345 -0.7343 0.3938 0.9896
MRinSpiritualFinfameOn.jpg
23 29.7350 -21.1213 152.7238 0.8399 -0.5174 -0.1638 0.3350 0.9615
24 34.1563 -16.3865 163.2461 0.8518 -0.2912 -0.4354 0.3552 0.9557
24 27.4518 -24.2724 161.6432 0.7634 -0.5591 -0.3235 0.3584 0.9896
MRinSpiritualFinfameOn.jpg
23 17.0074 -32.8665 151.6431 0.6795 -0.7281 -0.0903 0.3350 0.9896
23 29.7350 -21.1213 152.7238 0.8399 -0.5174 -0.1638 0.3350 0.9615
24 27.4518 -24.2724 161.6432 0.7634 -0.5591 -0.3235 0.3584 0.9896
MRinSpiritualFinfameOn.jpg
46 139.5210 -65.3806 89.2266 0.7698 -0.6088 -0.1916 0.2923 0.1440
46 152.8584 -57.3570 90.9968 0.8671 -0.3385 -0.3655 0.3095 0.1679
46 158.0481 -49.6219 113.5912 0.9006 -0.4344 -0.0154 0.2923 0.2075
MRinSpiritualFinfameOn.jpg
46 155.6128 -37.4099 104.2731 0.9330 -0.3010 -0.1972 0.3251 0.2064
46 152.8584 -57.3570 90.9968 0.8671 -0.3385 -0.3655 0.3095 0.1679
46 144.2497 -54.2964 81.6181 0.9262 -0.2696 -0.2637 0.3292 0.1523
MRinSpiritualFinfameOn.jpg
46 155.6128 -37.4099 104.2731 0.9330 -0.3010 -0.1972 0.3251 0.2064
46 144.2497 -54.2964 81.6181 0.9262 -0.2696 -0.2637 0.3292 0.1523
46 153.2681 -45.7468 81.1300 0.8856 -0.4622 -0.0447 0.3422 0.1716
MRinSpiritualFinfameOn.jpg
46 155.6128 -37.4099 104.2731 0.9330 -0.3010 -0.1972 0.3251 0.2064
46 153.2681 -45.7468 81.1300 0.8856 -0.4622 -0.0447 0.3422 0.1716
46 157.6251 -39.0477 93.3051 0.9100 -0.0740 -0.4080 0.3407 0.1934
MRinSpiritualFinfameOn.jpg
46 157.6251 -39.0477 93.3051 0.9100 -0.0740 -0.4080 0.3407 0.1934
46 153.2681 -45.7468 81.1300 0.8856 -0.4622 -0.0447 0.3422 0.1716
46 146.6191 -40.0370 76.6217 0.7187 0.4804 -0.5027 0.3631 0.1653
MRinSpiritualFinfameOn.jpg
46 157.6251 -39.0477 93.3051 0.9100 -0.0740 -0.4080 0.3407 0.1934
46 146.6191 -40.0370 76.6217 0.7187 0.4804 -0.5027 0.3631 0.1653
46 149.0069 -25.9666 94.5181 0.6335 0.4534 -0.6270 0.3657 0.2064
MRinSpiritualFinfameOn.jpg
33 98.4841 -84.3670 2.5665 0.8900 0.2992 0.3440 0.7538 0.1835
33 93.7890 -74.2218 -5.3781 0.7953 0.5565 0.2406 0.7799 0.1716
33 89.5577 -74.8343 10.0275 -0.0224 0.5122 0.8586 0.8038 0.2023
MRinSpiritualFinfameOn.jpg
34 93.2965 -89.7325 13.6080 0.2943 -0.4312 0.8529 0.7637 0.2028
33 98.4841 -84.3670 2.5665 0.8900 0.2992 0.3440 0.7538 0.1835
33 89.5577 -74.8343 10.0275 -0.0224 0.5122 0.8586 0.8038 0.2023
MRinSpiritualFinfameOn.jpg
34 97.5183 -100.3802 -8.8671 0.4872 -0.8315 -0.2670 0.7164 0.1971
33 98.4841 -84.3670 2.5665 0.8900 0.2992 0.3440 0.7538 0.1835
34 93.2965 -89.7325 13.6080 0.2943 -0.4312 0.8529 0.7637 0.2028
MRinSpiritualFinfameOn.jpg
21 92.6130 149.8727 45.6670 -0.0145 -0.5842 0.8115 0.6747 0.2616
21 100.4023 150.5652 38.7105 0.9286 -0.3648 -0.0675 0.6867 0.2288
21 91.3090 170.2161 60.2897 -0.0305 -0.2932 0.9556 0.7247 0.3011
MRinSpiritualFinfameOn.jpg
21 109.4445 174.0574 44.0739 0.9673 0.0551 -0.2475 0.7403 0.2579
21 91.3090 170.2161 60.2897 -0.0305 -0.2932 0.9556 0.7247 0.3011
21 100.4023 150.5652 38.7105 0.9286 -0.3648 -0.0675 0.6867 0.2288
MRinSpiritualFinfameOn.jpg
21 109.4445 174.0574 44.0739 0.9673 0.0551 -0.2475 0.7403 0.2579
21 100.4023 150.5652 38.7105 0.9286 -0.3648 -0.0675 0.6867 0.2288
21 92.5904 171.3474 28.9949 0.0414 0.0196 -0.9990 0.7554 0.2163
MRinSpiritualFinfameOn.jpg
21 93.1620 150.1341 32.4350 0.0469 -0.1586 -0.9862 0.6956 0.2038
21 92.5904 171.3474 28.9949 0.0414 0.0196 -0.9990 0.7554 0.2163
21 100.4023 150.5652 38.7105 0.9286 -0.3648 -0.0675 0.6867 0.2288
MRinSpiritualFinfameOn.jpg
21 92.5904 171.3474 28.9949 0.0414 0.0196 -0.9990 0.7554 0.2163
21 91.3077 197.3105 38.6114 0.0226 0.4427 -0.8964 0.8173 0.2434
21 109.4445 174.0574 44.0739 0.9673 0.0551 -0.2475 0.7403 0.2579
MRinSpiritualFinfameOn.jpg
21 101.8490 199.8055 48.2071 0.9308 0.3653 0.0162 0.8095 0.2725
21 109.4445 174.0574 44.0739 0.9673 0.0551 -0.2475 0.7403 0.2579
21 91.3077 197.3105 38.6114 0.0226 0.4427 -0.8964 0.8173 0.2434
MRinSpiritualFinfameOn.jpg
21 101.8490 199.8055 48.2071 0.9308 0.3653 0.0162 0.8095 0.2725
21 91.3090 170.2161 60.2897 -0.0305 -0.2932 0.9556 0.7247 0.3011
21 109.4445 174.0574 44.0739 0.9673 0.0551 -0.2475 0.7403 0.2579
MRinSpiritualFinfameOn.jpg
49 11.1125 -95.2968 260.3483 -0.5641 0.8075 -0.1727 0.3537 0.1518
49 18.7225 -91.9498 271.5547 -0.4324 0.9013 0.0245 0.3391 0.1414
49 17.2472 -92.2319 255.8530 -0.5090 0.8534 -0.1128 0.3573 0.1403
MRinSpiritualFinfameOn.jpg
49 11.1125 -95.2968 260.3483 -0.5641 0.8075 -0.1727 0.3537 0.1518
49 17.2472 -92.2319 255.8530 -0.5090 0.8534 -0.1128 0.3573 0.1403
49 18.3319 -95.1212 244.1868 -0.4928 0.8697 0.0280 0.3724 0.1377
MRinSpiritualFinfameOn.jpg
49 11.1125 -95.2968 260.3483 -0.5641 0.8075 -0.1727 0.3537 0.1518
49 18.3319 -95.1212 244.1868 -0.4928 0.8697 0.0280 0.3724 0.1377
49 8.0075 -102.4608 250.0735 0.6655 -0.2944 0.6859 0.3698 0.1591
MRinSpiritualFinfameOn.jpg
49 8.0075 -102.4608 250.0735 0.6655 -0.2944 0.6859 0.3698 0.1591
49 18.3319 -95.1212 244.1868 -0.4928 0.8697 0.0280 0.3724 0.1377
49 19.9014 -87.6704 248.7263 0.6903 -0.5081 0.5151 0.4057 0.1617
MRinSpiritualFinfameOn.jpg
49 8.0075 -102.4608 250.0735 0.6655 -0.2944 0.6859 0.3698 0.1591
49 19.9014 -87.6704 248.7263 0.6903 -0.5081 0.5151 0.4057 0.1617
49 6.5866 -93.4983 262.5058 0.7109 -0.5295 0.4629 0.3745 0.1747
MRinSpiritualFinfameOn.jpg
49 -10.9133 -103.0971 170.7221 0.6395 -0.4398 -0.6305 0.1341 0.6014
49 -5.8666 -97.0012 176.2823 0.8523 -0.3561 -0.3831 0.1794 0.5998
49 -14.1554 -116.5755 180.9046 0.6106 -0.7013 -0.3678 0.1195 0.6701
MRinSpiritualFinfameOn.jpg
44 84.3944 -81.3272 233.3120 -0.7858 0.6161 0.0541 0.5951 0.4614
44 87.0097 -78.3378 212.3346 -0.7405 0.6687 0.0675 0.5681 0.5114
44 71.2126 -93.7926 224.3631 -0.7091 0.6964 0.1100 0.5421 0.4494
MRinSpiritualFinfameOn.jpg
44 71.2126 -93.7926 224.3631 -0.7091 0.6964 0.1100 0.5421 0.4494
44 87.0097 -78.3378 212.3346 -0.7405 0.6687 0.0675 0.5681 0.5114
35 34.4330 -101.0041 204.5261 0.1533 0.9825 0.1058 0.5140 0.4827
MRinSpiritualFinfameOn.jpg
35 34.4330 -101.0041 204.5261 0.1533 0.9825 0.1058 0.5140 0.4827
44 87.0097 -78.3378 212.3346 -0.7405 0.6687 0.0675 0.5681 0.5114
35 26.0885 -96.3413 186.7955 0.1630 0.9704 0.1785 0.4905 0.5301
MRinSpiritualFinfameOn.jpg
35 18.1375 -95.6732 188.3334 0.1203 0.9726 0.1992 0.4697 0.5238
35 34.4330 -101.0041 204.5261 0.1533 0.9825 0.1058 0.5140 0.4827
35 26.0885 -96.3413 186.7955 0.1630 0.9704 0.1785 0.4905 0.5301
MRinSpiritualFinfameOn.jpg
46 152.8584 -57.3570 90.9968 0.9548 0.2953 -0.0345 0.9328 0.5181
46 139.5210 -65.3806 89.2266 0.9712 -0.2373 -0.0221 0.8891 0.5181
47 156.1740 -70.9966 76.7537 0.8764 -0.4691 0.1090 0.9328 0.4666
MRinSpiritualFinfameOn.jpg
47 146.0529 -79.2622 76.1893 -0.1537 -0.8488 0.5059 0.8871 0.4546
47 156.1740 -70.9966 76.7537 0.8764 -0.4691 0.1090 0.9328 0.4666
46 139.5210 -65.3806 89.2266 0.9712 -0.2373 -0.0221 0.8891 0.5181
MRinSpiritualFinfameOn.jpg
46 139.5210 -65.3806 89.2266 0.9712 -0.2373 -0.0221 0.8891 0.5181
46 133.1064 -59.0182 81.9886 -0.9271 0.1088 -0.3586 0.8506 0.5181
47 146.0529 -79.2622 76.1893 -0.1537 -0.8488 0.5059 0.8871 0.4546
MRinSpiritualFinfameOn.jpg
47 152.9177 -73.0378 73.4891 0.9825 -0.1325 0.1309 0.9245 0.4536
47 156.1740 -70.9966 76.7537 0.8764 -0.4691 0.1090 0.9328 0.4666
47 146.0529 -79.2622 76.1893 -0.1537 -0.8488 0.5059 0.8871 0.4546
MRinSpiritualFinfameOn.jpg
47 146.0529 -79.2622 76.1893 -0.1537 -0.8488 0.5059 0.8871 0.4546
47 155.5991 -92.8984 63.4940 0.0646 -0.7076 0.7037 0.8871 0.3943
47 152.9177 -73.0378 73.4891 0.9825 -0.1325 0.1309 0.9245 0.4536
MRinSpiritualFinfameOn.jpg
47 139.3768 -75.2816 66.1391 -0.8260 -0.1484 -0.5437 0.8506 0.4432
47 146.0529 -79.2622 76.1893 -0.1537 -0.8488 0.5059 0.8871 0.4546
46 133.1064 -59.0182 81.9886 -0.9271 0.1088 -0.3586 0.8506 0.5181
MRinSpiritualFinfameOn.jpg
47 155.5991 -92.8984 63.4940 0.0646 -0.7076 0.7037 0.8871 0.3943
47 146.0529 -79.2622 76.1893 -0.1537 -0.8488 0.5059 0.8871 0.4546
47 139.3768 -75.2816 66.1391 -0.8260 -0.1484 -0.5437 0.8506 0.4432
MRinSpiritualFinfameOn.jpg
47 157.1754 -81.2051 67.1148 0.8812 0.1618 0.4442 0.9245 0.4193
47 152.9177 -73.0378 73.4891 0.9825 -0.1325 0.1309 0.9245 0.4536
47 155.5991 -92.8984 63.4940 0.0646 -0.7076 0.7037 0.8871 0.3943
MRinSpiritualFinfameOn.jpg
47 161.4082 -87.9749 61.9964 0.9588 0.0020 0.2842 0.9209 0.3828
47 157.1754 -81.2051 67.1148 0.8812 0.1618 0.4442 0.9245 0.4193
47 155.5991 -92.8984 63.4940 0.0646 -0.7076 0.7037 0.8871 0.3943
MRinSpiritualFinfameOn.jpg
47 155.5991 -92.8984 63.4940 0.0646 -0.7076 0.7037 0.8871 0.3943
47 139.3768 -75.2816 66.1391 -0.8260 -0.1484 -0.5437 0.8506 0.4432
47 149.7368 -87.6991 57.8415 -0.9389 0.1361 -0.3161 0.8506 0.3932
MRinSpiritualFinfameOn.jpg
47 160.8052 -94.6150 55.4586 0.8578 -0.4475 -0.2529 0.9110 0.3480
47 161.4082 -87.9749 61.9964 0.9588 0.0020 0.2842 0.9209 0.3828
47 155.5991 -92.8984 63.4940 0.0646 -0.7076 0.7037 0.8871 0.3943
MRinSpiritualFinfameOn.jpg
47 153.4445 -97.5751 55.9276 -0.2531 -0.8462 0.4690 0.8808 0.3480
47 155.5991 -92.8984 63.4940 0.0646 -0.7076 0.7037 0.8871 0.3943
47 149.7368 -87.6991 57.8415 -0.9389 0.1361 -0.3161 0.8506 0.3932
MRinSpiritualFinfameOn.jpg
47 153.4445 -97.5751 55.9276 -0.2531 -0.8462 0.4690 0.8808 0.3480
47 160.8052 -94.6150 55.4586 0.8578 -0.4475 -0.2529 0.9110 0.3480
47 155.5991 -92.8984 63.4940 0.0646 -0.7076 0.7037 0.8871 0.3943
MRinSpiritualFinfameOn.jpg
24 4.3873 -37.3838 155.8949 -0.4644 0.6762 0.5719 0.9802 0.6576
23 2.1473 -40.1381 153.3033 0.6469 0.2624 0.7160 0.9708 0.6607
23 1.0992 -36.0009 151.7035 0.6582 0.4107 0.6309 0.9698 0.6555
MRinSpiritualFinfameOn.jpg
24 4.3873 -37.3838 155.8949 -0.4644 0.6762 0.5719 0.9802 0.6576
24 0.9908 -42.4832 159.2273 -0.4739 0.6807 0.5586 0.9906 0.6612
23 2.1473 -40.1381 153.3033 0.6469 0.2624 0.7160 0.9708 0.6607
MRinSpiritualFinfameOn.jpg
24 4.3873 -37.3838 155.8949 -0.4644 0.6762 0.5719 0.9802 0.6576
23 -3.3683 -40.0276 156.0140 -0.8240 0.5636 -0.0586 0.9833 0.6565
24 0.9908 -42.4832 159.2273 -0.4739 0.6807 0.5586 0.9906 0.6612
MRinSpiritualFinfameOn.jpg
33 62.4126 -36.0880 8.0502 -0.1234 0.6644 -0.7371 0.9833 0.7471
33 79.8163 -41.2643 0.4714 -0.0569 0.3186 -0.9462 0.9911 0.7689
33 51.1444 -47.7815 -0.6020 -0.0574 0.4028 -0.9135 0.9687 0.7580
MRinSpiritualFinfameOn.jpg
33 47.6463 -83.2524 -4.1933 -0.0127 0.0366 -0.9992 0.9589 0.8038
33 51.1444 -47.7815 -0.6020 -0.0574 0.4028 -0.9135 0.9687 0.7580
33 79.8163 -41.2643 0.4714 -0.0569 0.3186 -0.9462 0.9911 0.7689
MRinSpiritualFinfameOn.jpg
33 93.7890 -74.2218 -5.3781 -0.0168 -0.0448 -0.9989 0.9823 0.8189
33 47.6463 -83.2524 -4.1933 -0.0127 0.0366 -0.9992 0.9589 0.8038
33 79.8163 -41.2643 0.4714 -0.0569 0.3186 -0.9462 0.9911 0.7689
MRinSpiritualFinfameOn.jpg
33 47.6463 -83.2524 -4.1933 -0.0127 0.0366 -0.9992 0.9589 0.8038
33 93.7890 -74.2218 -5.3781 -0.0168 -0.0448 -0.9989 0.9823 0.8189
33 62.7207 -88.3867 -3.4187 0.0025 -0.1426 -0.9898 0.9609 0.8168
MRinSpiritualFinfameOn.jpg
33 93.7890 -74.2218 -5.3781 -0.0168 -0.0448 -0.9989 0.9823 0.8189
33 79.1324 -86.8542 -3.5953 0.0026 -0.1428 -0.9897 0.9708 0.8241
33 62.7207 -88.3867 -3.4187 0.0025 -0.1426 -0.9898 0.9609 0.8168
MRinSpiritualFinfameOn.jpg
44 82.0715 -60.7963 178.5033 0.2355 -0.2119 -0.9485 0.9573 0.7466
35 34.7535 -92.3879 173.7994 -0.4011 -0.6248 -0.6699 0.9375 0.7939
35 28.7084 -72.8915 164.9464 -0.0703 -0.3843 -0.9205 0.8813 0.7564
MRinSpiritualFinfameOn.jpg
35 34.7535 -92.3879 173.7994 -0.4011 -0.6248 -0.6699 0.9375 0.7939
35 22.3758 -87.1572 174.1102 -0.0411 -0.7839 -0.6195 0.9016 0.8116
35 28.7084 -72.8915 164.9464 -0.0703 -0.3843 -0.9205 0.8813 0.7564
MRinSpiritualFinfameOn.jpg
24 4.3873 -37.3838 155.8949 0.2232 -0.8326 -0.5069 0.7398 0.7788
24 27.4518 -24.2724 161.6432 0.5285 -0.6708 -0.5203 0.7601 0.7231
24 19.6115 -45.4225 168.3627 0.3823 -0.4261 -0.8199 0.7741 0.7653
MRinSpiritualFinfameOn.jpg
23 17.0074 -32.8665 151.6431 0.2487 -0.9683 0.0247 0.7414 0.7278
24 27.4518 -24.2724 161.6432 0.5285 -0.6708 -0.5203 0.7601 0.7231
24 4.3873 -37.3838 155.8949 0.2232 -0.8326 -0.5069 0.7398 0.7788
MRinSpiritualFinfameOn.jpg
23 1.0992 -36.0009 151.7035 0.1887 -0.9617 -0.1990 0.7289 0.7544
23 17.0074 -32.8665 151.6431 0.2487 -0.9683 0.0247 0.7414 0.7278
24 4.3873 -37.3838 155.8949 0.2232 -0.8326 -0.5069 0.7398 0.7788
MRinSpiritualFinfameOn.jpg
35 -3.0757 -67.8319 153.5490 0.0374 -0.3515 -0.9354 0.8048 0.8350
24 25.0046 -61.4930 177.0158 0.3604 -0.5261 -0.7703 0.8147 0.7668
35 28.7084 -72.8915 164.9464 -0.0703 -0.3843 -0.9205 0.8813 0.7564
MRinSpiritualFinfameOn.jpg
35 -8.5279 -81.5865 161.7950 -0.0852 -0.6814 -0.7269 0.8163 0.8798
35 28.7084 -72.8915 164.9464 -0.0703 -0.3843 -0.9205 0.8813 0.7564
35 22.3758 -87.1572 174.1102 -0.0411 -0.7839 -0.6195 0.9016 0.8116
MRinSpiritualFinfameOn.jpg
35 -8.5279 -81.5865 161.7950 -0.0852 -0.6814 -0.7269 0.8163 0.8798
35 -3.0757 -67.8319 153.5490 0.0374 -0.3515 -0.9354 0.8048 0.8350
35 28.7084 -72.8915 164.9464 -0.0703 -0.3843 -0.9205 0.8813 0.7564
MRinSpiritualFinfameOn.jpg
35 29.2922 -97.5577 190.5854 -0.2722 -0.9244 -0.2673 0.9537 0.8449
35 19.6941 -95.7855 192.6236 0.0744 -0.9645 -0.2533 0.9344 0.9053
35 22.3758 -87.1572 174.1102 -0.0411 -0.7839 -0.6195 0.9016 0.8116
MRinSpiritualFinfameOn.jpg
35 25.3304 -95.9324 213.2139 0.0251 -0.9996 -0.0140 0.9870 0.9557
35 19.6941 -95.7855 192.6236 0.0744 -0.9645 -0.2533 0.9344 0.9053
35 29.2922 -97.5577 190.5854 -0.2722 -0.9244 -0.2673 0.9537 0.8449
MRinSpiritualFinfameOn.jpg
35 19.6941 -95.7855 192.6236 0.0744 -0.9645 -0.2533 0.9344 0.9053
35 25.3304 -95.9324 213.2139 0.0251 -0.9996 -0.0140 0.9870 0.9557
49 4.7858 -90.4201 182.3912 0.4673 -0.6136 -0.6364 0.8720 0.9557
MRinSpiritualFinfameOn.jpg
35 19.6941 -95.7855 192.6236 0.0744 -0.9645 -0.2533 0.9344 0.9053
49 4.7858 -90.4201 182.3912 0.4673 -0.6136 -0.6364 0.8720 0.9557
35 4.7573 -95.4308 180.5132 0.0562 -0.8515 -0.5214 0.8720 0.9079
MRinSpiritualFinfameOn.jpg
35 -8.5279 -81.5865 161.7950 -0.0852 -0.6814 -0.7269 0.8163 0.8798
35 22.3758 -87.1572 174.1102 -0.0411 -0.7839 -0.6195 0.9016 0.8116
35 4.7573 -95.4308 180.5132 0.0562 -0.8515 -0.5214 0.8720 0.9079
MRinSpiritualFinfameOn.jpg
35 22.3758 -87.1572 174.1102 -0.0411 -0.7839 -0.6195 0.9016 0.8116
35 19.6941 -95.7855 192.6236 0.0744 -0.9645 -0.2533 0.9344 0.9053
35 4.7573 -95.4308 180.5132 0.0562 -0.8515 -0.5214 0.8720 0.9079
MRinSpiritualFinfameOn.jpg
35 4.7573 -95.4308 180.5132 0.0562 -0.8515 -0.5214 0.8720 0.9079
35 -13.6165 -89.3625 178.6516 -0.0498 -0.5381 -0.8414 0.8184 0.9245
35 -8.5279 -81.5865 161.7950 -0.0852 -0.6814 -0.7269 0.8163 0.8798
MRinSpiritualFinfameOn.jpg
35 -13.6165 -89.3625 178.6516 -0.0498 -0.5381 -0.8414 0.8184 0.9245
35 4.7573 -95.4308 180.5132 0.0562 -0.8515 -0.5214 0.8720 0.9079
49 4.7858 -90.4201 182.3912 0.4673 -0.6136 -0.6364 0.8720 0.9557
MRinSpiritualFinfameOn.jpg
35 -13.6165 -89.3625 178.6516 -0.0498 -0.5381 -0.8414 0.8184 0.9245
49 4.7858 -90.4201 182.3912 0.4673 -0.6136 -0.6364 0.8720 0.9557
49 -5.8666 -97.0012 176.2823 0.2504 0.0363 -0.9675 0.8329 0.9547
MRinSpiritualFinfameOn.jpg
35 -13.6165 -89.3625 178.6516 -0.0498 -0.5381 -0.8414 0.8184 0.9245
49 -5.8666 -97.0012 176.2823 0.2504 0.0363 -0.9675 0.8329 0.9547
49 -20.0915 -93.2437 175.3197 -0.0749 0.0796 -0.9940 0.7944 0.9547
MRinSpiritualFinfameOn.jpg
35 -35.4924 -84.9059 180.1781 -0.1323 -0.3294 -0.9349 0.7601 0.9547
35 -13.6165 -89.3625 178.6516 -0.0498 -0.5381 -0.8414 0.8184 0.9245
49 -20.0915 -93.2437 175.3197 -0.0749 0.0796 -0.9940 0.7944 0.9547
MRinSpiritualFinfameOn.jpg
35 -8.5279 -81.5865 161.7950 -0.0852 -0.6814 -0.7269 0.8163 0.8798
35 -13.6165 -89.3625 178.6516 -0.0498 -0.5381 -0.8414 0.8184 0.9245
35 -34.7475 -76.6330 169.5678 -0.3956 -0.6800 -0.6173 0.7601 0.9136
MRinSpiritualFinfameOn.jpg
35 -13.6165 -89.3625 178.6516 -0.0498 -0.5381 -0.8414 0.8184 0.9245
35 -35.4924 -84.9059 180.1781 -0.1323 -0.3294 -0.9349 0.7601 0.9547
35 -34.7475 -76.6330 169.5678 -0.3956 -0.6800 -0.6173 0.7601 0.9136
MRinSpiritualFinfameOn.jpg
35 -34.7475 -76.6330 169.5678 -0.3956 -0.6800 -0.6173 0.7601 0.9136
35 -30.9268 -56.5262 155.1851 -0.3173 -0.2697 -0.9092 0.7523 0.8699
35 -8.5279 -81.5865 161.7950 -0.0852 -0.6814 -0.7269 0.8163 0.8798
MRinSpiritualFinfameOn.jpg
35 -30.9268 -56.5262 155.1851 -0.3173 -0.2697 -0.9092 0.7523 0.8699
35 -3.0757 -67.8319 153.5490 0.0374 -0.3515 -0.9354 0.8048 0.8350
35 -8.5279 -81.5865 161.7950 -0.0852 -0.6814 -0.7269 0.8163 0.8798
MRinSpiritualFinfameOn.jpg
24 -15.6032 -38.6960 158.6546 -0.2301 -0.6214 -0.7489 0.7164 0.8074
23 -19.5582 -30.5916 149.5305 -0.5268 -0.8479 -0.0592 0.7008 0.7887
24 4.3873 -37.3838 155.8949 0.2232 -0.8326 -0.5069 0.7398 0.7788
MRinSpiritualFinfameOn.jpg
23 -10.3172 -37.2025 136.3369 -0.3191 -0.9178 0.2364 0.6883 0.7632
23 -19.5582 -30.5916 149.5305 -0.5268 -0.8479 -0.0592 0.7008 0.7887
23 -21.3258 -32.4687 129.5997 -0.5195 -0.8452 0.1256 0.6701 0.7684
MRinSpiritualFinfameOn.jpg
21 92.6130 149.8727 45.6670 -0.0449 0.0861 0.9953 0.6987 0.1268
19 82.7013 113.2160 48.0467 -0.0650 0.2592 0.9636 0.5811 0.1268
21 100.4023 150.5652 38.7105 0.9379 0.0629 0.3411 0.6987 0.1034
MRinSpiritualFinfameOn.jpg
19 89.8122 107.3077 41.9263 0.8995 -0.4214 0.1153 0.5811 0.1034
21 100.4023 150.5652 38.7105 0.9379 0.0629 0.3411 0.6987 0.1034
19 82.7013 113.2160 48.0467 -0.0650 0.2592 0.9636 0.5811 0.1268
MRinSpiritualFinfameOn.jpg
21 100.4023 150.5652 38.7105 0.9379 0.0629 0.3411 0.6987 0.1034
19 89.8122 107.3077 41.9263 0.8995 -0.4214 0.1153 0.5811 0.1034
21 93.1620 150.1341 32.4350 0.0442 -0.0636 -0.9970 0.6987 0.0821
MRinSpiritualFinfameOn.jpg
19 82.8068 108.0314 34.5024 0.0419 -0.2992 -0.9533 0.5811 0.0821
21 93.1620 150.1341 32.4350 0.0442 -0.0636 -0.9970 0.6987 0.0821
19 89.8122 107.3077 41.9263 0.8995 -0.4214 0.1153 0.5811 0.1034
MRinSpiritualFinfameOn.jpg
19 82.7013 113.2160 48.0467 -0.0650 0.2592 0.9636 0.5811 0.1268
19 59.3234 75.4018 65.0253 0.0960 0.5203 0.8486 0.4760 0.1268
19 89.8122 107.3077 41.9263 0.8995 -0.4214 0.1153 0.5811 0.1034
MRinSpiritualFinfameOn.jpg
19 89.8122 107.3077 41.9263 0.8995 -0.4214 0.1153 0.5811 0.1034
19 66.1451 66.7687 58.6119 0.7913 -0.5900 -0.1604 0.4760 0.1034
19 82.8068 108.0314 34.5024 0.0419 -0.2992 -0.9533 0.5811 0.0821
MRinSpiritualFinfameOn.jpg
19 66.1451 66.7687 58.6119 0.7913 -0.5900 -0.1604 0.4760 0.1034
19 89.8122 107.3077 41.9263 0.8995 -0.4214 0.1153 0.5811 0.1034
19 59.3234 75.4018 65.0253 0.0960 0.5203 0.8486 0.4760 0.1268
MRinSpiritualFinfameOn.jpg
19 57.2902 65.8370 50.7183 -0.0713 -0.4829 -0.8728 0.4760 0.0821
19 82.8068 108.0314 34.5024 0.0419 -0.2992 -0.9533 0.5811 0.0821
19 66.1451 66.7687 58.6119 0.7913 -0.5900 -0.1604 0.4760 0.1034
MRinSpiritualFinfameOn.jpg
19 57.2902 65.8370 50.7183 -0.0713 -0.4829 -0.8728 0.4760 0.0821
19 66.1451 66.7687 58.6119 0.7913 -0.5900 -0.1604 0.4760 0.1034
18 30.5324 36.3931 81.3095 -0.1794 -0.6627 -0.7271 0.3719 0.0821
MRinSpiritualFinfameOn.jpg
18 41.2147 37.3454 90.0823 0.8208 -0.5343 0.2020 0.3719 0.1034
18 30.5324 36.3931 81.3095 -0.1794 -0.6627 -0.7271 0.3719 0.0821
19 66.1451 66.7687 58.6119 0.7913 -0.5900 -0.1604 0.4760 0.1034
MRinSpiritualFinfameOn.jpg
19 66.1451 66.7687 58.6119 0.7913 -0.5900 -0.1604 0.4760 0.1034
19 59.3234 75.4018 65.0253 0.0960 0.5203 0.8486 0.4760 0.1268
18 41.2147 37.3454 90.0823 0.8208 -0.5343 0.2020 0.3719 0.1034
MRinSpiritualFinfameOn.jpg
18 30.5324 36.3931 81.3095 -0.1794 -0.6627 -0.7271 0.3719 0.0821
18 41.2147 37.3454 90.0823 0.8208 -0.5343 0.2020 0.3719 0.1034
23 9.8326 18.9475 107.2108 -0.4332 -0.6700 -0.6028 0.2730 0.0821
MRinSpiritualFinfameOn.jpg
18 34.9939 50.4606 94.5950 0.2218 0.7056 0.6730 0.3719 0.1268
18 41.2147 37.3454 90.0823 0.8208 -0.5343 0.2020 0.3719 0.1034
19 59.3234 75.4018 65.0253 0.0960 0.5203 0.8486 0.4760 0.1268
MRinSpiritualFinfameOn.jpg
18 41.2147 37.3454 90.0823 0.8208 -0.5343 0.2020 0.3719 0.1034
18 34.9939 50.4606 94.5950 0.2218 0.7056 0.6730 0.3719 0.1268
23 23.5578 17.3353 114.5490 0.9520 -0.2675 0.1487 0.2730 0.1034
MRinSpiritualFinfameOn.jpg
49 -33.2747 -94.7378 176.1709 -0.2275 0.8032 -0.5506 0.5931 0.3188
49 -20.0915 -93.2437 175.3197 -0.0011 0.9371 -0.3491 0.5946 0.3001
49 -26.7330 -96.7971 166.3167 -0.1481 0.9170 -0.3703 0.6071 0.3131
MRinSpiritualFinfameOn.jpg
35 -35.4924 -84.9059 180.1781 0.1422 0.3856 -0.9117 0.5863 0.3147
49 -20.0915 -93.2437 175.3197 -0.0011 0.9371 -0.3491 0.5946 0.3001
49 -33.2747 -94.7378 176.1709 -0.2275 0.8032 -0.5506 0.5931 0.3188
MRinSpiritualFinfameOn.jpg
8 195.3753 107.4154 110.4277 -0.8305 -0.5455 0.1126 0.8621 0.0399
9 197.6077 119.0086 127.8225 -0.6217 0.6423 -0.4483 0.9047 0.0399
9 203.0483 123.0908 126.2282 -0.6012 0.6553 -0.4573 0.9047 0.0113
MRinSpiritualFinfameOn.jpg
8 195.3753 107.4154 110.4277 -0.8305 -0.5455 0.1126 0.8621 0.0399
9 192.4686 113.8760 127.8927 -0.7580 -0.6330 0.1573 0.9047 0.0638
9 197.6077 119.0086 127.8225 -0.6217 0.6423 -0.4483 0.9047 0.0399
MRinSpiritualFinfameOn.jpg
9 195.7830 126.2644 142.6307 -0.7818 -0.5209 0.3427 0.9433 0.0399
9 203.0483 123.0908 126.2282 -0.6012 0.6553 -0.4573 0.9047 0.0113
9 197.6077 119.0086 127.8225 -0.6217 0.6423 -0.4483 0.9047 0.0399
MRinSpiritualFinfameOn.jpg
9 195.7830 126.2644 142.6307 -0.7818 -0.5209 0.3427 0.9433 0.0399
9 199.2239 138.8720 157.8204 -0.6298 0.6618 -0.4066 0.9776 0.0113
9 203.0483 123.0908 126.2282 -0.6012 0.6553 -0.4573 0.9047 0.0113
MRinSpiritualFinfameOn.jpg
9 190.2427 129.5679 156.6008 -0.6910 -0.7151 -0.1050 0.9776 0.0638
9 199.2239 138.8720 157.8204 -0.6298 0.6618 -0.4066 0.9776 0.0113
9 195.7830 126.2644 142.6307 -0.7818 -0.5209 0.3427 0.9433 0.0399
MRinSpiritualFinfameOn.jpg
9 192.4686 113.8760 127.8927 -0.7580 -0.6330 0.1573 0.9047 0.0638
8 195.3753 107.4154 110.4277 -0.8305 -0.5455 0.1126 0.8621 0.0399
9 197.6699 118.8943 127.8605 0.6164 -0.6464 0.4498 0.9047 0.0399
MRinSpiritualFinfameOn.jpg
9 197.6699 118.8943 127.8605 0.6164 -0.6464 0.4498 0.9047 0.0399
8 195.3753 107.4154 110.4277 -0.8305 -0.5455 0.1126 0.8621 0.0399
9 203.1147 122.9690 126.2687 0.5932 -0.6602 0.4606 0.9047 0.0113
MRinSpiritualFinfameOn.jpg
9 203.1147 122.9690 126.2687 0.5932 -0.6602 0.4606 0.9047 0.0113
9 195.7830 126.2644 142.6307 -0.7818 -0.5209 0.3427 0.9433 0.0399
9 197.6699 118.8943 127.8605 0.6164 -0.6464 0.4498 0.9047 0.0399
MRinSpiritualFinfameOn.jpg
9 199.2861 138.7577 157.8584 0.6189 -0.6711 0.4082 0.9776 0.0113
9 190.2427 129.5679 156.6008 -0.6910 -0.7151 -0.1050 0.9776 0.0638
9 195.7830 126.2644 142.6307 -0.7818 -0.5209 0.3427 0.9433 0.0399
MRinSpiritualFinfameOn.jpg
9 199.2861 138.7577 157.8584 0.6189 -0.6711 0.4082 0.9776 0.0113
9 195.7830 126.2644 142.6307 -0.7818 -0.5209 0.3427 0.9433 0.0399
9 203.1147 122.9690 126.2687 0.5932 -0.6602 0.4606 0.9047 0.0113
MRinSpiritualFinfameOn.jpg
9 121.3048 158.4704 137.6425 0.8306 -0.3564 0.4280 0.9047 0.0399
8 124.5716 145.8712 123.8326 0.8035 -0.4502 0.3894 0.8621 0.0399
9 124.9934 163.6637 134.9741 0.8172 -0.3843 0.4297 0.9047 0.0113
MRinSpiritualFinfameOn.jpg
9 118.2915 151.9375 138.4333 0.8394 -0.3354 0.4277 0.9047 0.0638
8 124.5716 145.8712 123.8326 0.8035 -0.4502 0.3894 0.8621 0.0399
9 121.3048 158.4704 137.6425 0.8306 -0.3564 0.4280 0.9047 0.0399
MRinSpiritualFinfameOn.jpg
9 124.9934 163.6637 134.9741 0.8172 -0.3843 0.4297 0.9047 0.0113
9 117.7545 166.8862 152.5434 0.8219 -0.4087 0.3968 0.9433 0.0399
9 121.3048 158.4704 137.6425 0.8306 -0.3564 0.4280 0.9047 0.0399
MRinSpiritualFinfameOn.jpg
9 118.4426 180.9367 166.3949 0.8176 -0.4240 0.3895 0.9776 0.0113
9 117.7545 166.8862 152.5434 0.8219 -0.4087 0.3968 0.9433 0.0399
9 124.9934 163.6637 134.9741 0.8172 -0.3843 0.4297 0.9047 0.0113
MRinSpiritualFinfameOn.jpg
9 118.4426 180.9367 166.3949 0.8176 -0.4240 0.3895 0.9776 0.0113
9 112.7657 169.5717 166.8139 0.8369 -0.4045 0.3687 0.9776 0.0638
9 117.7545 166.8862 152.5434 0.8219 -0.4087 0.3968 0.9433 0.0399
MRinSpiritualFinfameOn.jpg
8 124.4015 146.2459 123.7744 -0.8035 0.4501 -0.3895 0.8621 0.0399
9 121.1099 158.8284 137.5234 -0.8304 0.3565 -0.4282 0.9047 0.0399
9 124.8026 164.0141 134.8575 -0.8168 0.3846 -0.4300 0.9047 0.0113
MRinSpiritualFinfameOn.jpg
8 124.4015 146.2459 123.7744 -0.8035 0.4501 -0.3895 0.8621 0.0399
9 118.1007 152.2879 138.3167 -0.8399 0.3345 -0.4274 0.9047 0.0638
9 121.1099 158.8284 137.5234 -0.8304 0.3565 -0.4282 0.9047 0.0399
MRinSpiritualFinfameOn.jpg
9 117.5596 167.2442 152.4243 -0.8217 0.4090 -0.3969 0.9433 0.0399
9 124.8026 164.0141 134.8575 -0.8168 0.3846 -0.4300 0.9047 0.0113
9 121.1099 158.8284 137.5234 -0.8304 0.3565 -0.4282 0.9047 0.0399
MRinSpiritualFinfameOn.jpg
9 117.5596 167.2442 152.4243 -0.8217 0.4090 -0.3969 0.9433 0.0399
9 118.2477 181.2947 166.2758 -0.8177 0.4240 -0.3894 0.9776 0.0113
9 124.8026 164.0141 134.8575 -0.8168 0.3846 -0.4300 0.9047 0.0113
MRinSpiritualFinfameOn.jpg
9 112.5749 169.9221 166.6974 -0.8374 0.4040 -0.3682 0.9776 0.0638
9 118.2477 181.2947 166.2758 -0.8177 0.4240 -0.3894 0.9776 0.0113
9 117.5596 167.2442 152.4243 -0.8217 0.4090 -0.3969 0.9433 0.0399
MRinSpiritualFinfameOn.jpg
23 -3.9480 -15.0703 102.3721 0.0491 -0.4615 -0.8858 0.2064 0.5046
23 -8.3620 -29.6849 109.7418 -0.0796 -0.7954 -0.6009 0.2174 0.4760
23 -11.2689 -14.8674 101.8604 -0.2644 -0.3834 -0.8849 0.1955 0.4978
MRinSpiritualFinfameOn.jpg
23 -20.8335 -30.8977 113.7753 -0.4469 -0.6940 -0.5646 0.2023 0.4578
23 -8.3620 -29.6849 109.7418 -0.0796 -0.7954 -0.6009 0.2174 0.4760
23 -21.0805 -31.6842 121.6786 -0.5242 -0.8392 -0.1449 0.2090 0.4447
MRinSpiritualFinfameOn.jpg
23 -8.3620 -29.6849 109.7418 -0.0796 -0.7954 -0.6009 0.2174 0.4760
23 -2.7911 -34.4852 119.7669 -0.1107 -0.9872 -0.1148 0.2366 0.4640
23 -21.0805 -31.6842 121.6786 -0.5242 -0.8392 -0.1449 0.2090 0.4447
MRinSpiritualFinfameOn.jpg
23 1.7389 -34.7888 135.0998 0.1078 -0.9884 0.1066 0.2564 0.4437
23 5.9635 -34.6711 128.9840 0.3579 -0.9260 0.1197 0.2579 0.4572
23 26.6513 -19.4466 139.9076 0.5182 -0.8354 0.1830 0.3069 0.4583
MRinSpiritualFinfameOn.jpg
30 58.5319 -46.9598 103.8915 0.9185 -0.1549 0.3639 0.6971 0.1377
30 52.9489 -32.7891 124.0167 0.9024 -0.1225 0.4131 0.6388 0.1377
30 45.3138 -48.5613 118.7053 0.5672 -0.6005 0.5637 0.6597 0.1809
MRinSpiritualFinfameOn.jpg
30 42.1182 -41.6380 129.3858 0.5001 -0.5538 0.6658 0.6264 0.1814
30 45.3138 -48.5613 118.7053 0.5672 -0.6005 0.5637 0.6597 0.1809
30 52.9489 -32.7891 124.0167 0.9024 -0.1225 0.4131 0.6388 0.1377
MRinSpiritualFinfameOn.jpg
30 52.9489 -32.7891 124.0167 0.9024 -0.1225 0.4131 0.6388 0.1377
30 45.1903 -21.4587 138.0819 0.8192 -0.0051 0.5735 0.5920 0.1377
30 42.1182 -41.6380 129.3858 0.5001 -0.5538 0.6658 0.6264 0.1814
MRinSpiritualFinfameOn.jpg
30 42.1182 -41.6380 129.3858 0.5001 -0.5538 0.6658 0.6264 0.1814
30 25.0379 -47.9730 130.5655 0.2435 -0.6297 0.7377 0.6185 0.2252
30 45.3138 -48.5613 118.7053 0.5672 -0.6005 0.5637 0.6597 0.1809
MRinSpiritualFinfameOn.jpg
30 45.1903 -21.4587 138.0819 0.8192 -0.0051 0.5735 0.5920 0.1377
30 34.7014 -29.2027 142.4706 -0.0568 -0.4231 0.9043 0.5821 0.1721
30 42.1182 -41.6380 129.3858 0.5001 -0.5538 0.6658 0.6264 0.1814
MRinSpiritualFinfameOn.jpg
30 37.3819 -13.4683 146.5168 0.6723 0.1360 0.7277 0.5587 0.1377
30 34.7014 -29.2027 142.4706 -0.0568 -0.4231 0.9043 0.5821 0.1721
30 45.1903 -21.4587 138.0819 0.8192 -0.0051 0.5735 0.5920 0.1377
MRinSpiritualFinfameOn.jpg
23 25.0622 -26.8409 136.8328 -0.7558 -0.2125 0.6194 0.5577 0.1736
30 34.7014 -29.2027 142.4706 -0.0568 -0.4231 0.9043 0.5821 0.1721
23 28.5214 -15.6271 148.8135 0.1345 0.3415 0.9302 0.5285 0.1377
MRinSpiritualFinfameOn.jpg
30 31.7157 -37.3388 138.2227 -0.0486 -0.3810 0.9233 0.5967 0.1929
30 25.0379 -47.9730 130.5655 0.2435 -0.6297 0.7377 0.6185 0.2252
30 42.1182 -41.6380 129.3858 0.5001 -0.5538 0.6658 0.6264 0.1814
MRinSpiritualFinfameOn.jpg
30 42.1182 -41.6380 129.3858 0.5001 -0.5538 0.6658 0.6264 0.1814
30 34.7014 -29.2027 142.4706 -0.0568 -0.4231 0.9043 0.5821 0.1721
30 31.7157 -37.3388 138.2227 -0.0486 -0.3810 0.9233 0.5967 0.1929
MRinSpiritualFinfameOn.jpg
30 31.7157 -37.3388 138.2227 -0.0486 -0.3810 0.9233 0.5967 0.1929
30 34.7014 -29.2027 142.4706 -0.0568 -0.4231 0.9043 0.5821 0.1721
30 29.2992 -33.3965 136.4402 -0.5329 -0.0344 0.8455 0.5842 0.1960
MRinSpiritualFinfameOn.jpg
30 31.7157 -37.3388 138.2227 -0.0486 -0.3810 0.9233 0.5967 0.1929
30 22.1938 -39.1254 136.8126 0.1639 -0.3572 0.9195 0.5894 0.2200
30 25.0379 -47.9730 130.5655 0.2435 -0.6297 0.7377 0.6185 0.2252
MRinSpiritualFinfameOn.jpg
30 31.7157 -37.3388 138.2227 -0.0486 -0.3810 0.9233 0.5967 0.1929
30 29.2992 -33.3965 136.4402 -0.5329 -0.0344 0.8455 0.5842 0.1960
30 22.1938 -39.1254 136.8126 0.1639 -0.3572 0.9195 0.5894 0.2200
MRinSpiritualFinfameOn.jpg
30 22.1938 -39.1254 136.8126 0.1639 -0.3572 0.9195 0.5894 0.2200
30 17.8103 -43.6765 136.1142 0.3971 -0.5005 0.7693 0.5967 0.2366
30 25.0379 -47.9730 130.5655 0.2435 -0.6297 0.7377 0.6185 0.2252
MRinSpiritualFinfameOn.jpg
30 22.1938 -39.1254 136.8126 0.1639 -0.3572 0.9195 0.5894 0.2200
30 17.4488 -38.8576 139.9227 0.4416 -0.5357 0.7197 0.5826 0.2330
30 17.8103 -43.6765 136.1142 0.3971 -0.5005 0.7693 0.5967 0.2366
MRinSpiritualFinfameOn.jpg
30 58.5319 -46.9598 103.8915 0.9185 -0.1549 0.3639 0.6971 0.1377
30 53.4107 -27.1759 107.5180 0.9420 0.3355 0.0091 0.6597 0.1809
30 52.9489 -32.7891 124.0167 0.9024 -0.1225 0.4131 0.6388 0.1377
MRinSpiritualFinfameOn.jpg
30 50.5664 -19.3249 117.7217 0.8975 0.4318 0.0891 0.6264 0.1814
30 52.9489 -32.7891 124.0167 0.9024 -0.1225 0.4131 0.6388 0.1377
30 53.4107 -27.1759 107.5180 0.9420 0.3355 0.0091 0.6597 0.1809
MRinSpiritualFinfameOn.jpg
30 45.1903 -21.4587 138.0819 0.8192 -0.0051 0.5735 0.5920 0.1377
30 52.9489 -32.7891 124.0167 0.9024 -0.1225 0.4131 0.6388 0.1377
30 50.5664 -19.3249 117.7217 0.8975 0.4318 0.0891 0.6264 0.1814
MRinSpiritualFinfameOn.jpg
30 40.6033 -6.8514 109.0506 0.7564 0.6540 -0.0116 0.6185 0.2252
30 50.5664 -19.3249 117.7217 0.8975 0.4318 0.0891 0.6264 0.1814
30 53.4107 -27.1759 107.5180 0.9420 0.3355 0.0091 0.6597 0.1809
MRinSpiritualFinfameOn.jpg
30 42.1997 -9.3860 132.1119 0.4524 0.8751 0.1717 0.5821 0.1721
30 45.1903 -21.4587 138.0819 0.8192 -0.0051 0.5735 0.5920 0.1377
30 50.5664 -19.3249 117.7217 0.8975 0.4318 0.0891 0.6264 0.1814
MRinSpiritualFinfameOn.jpg
30 42.1997 -9.3860 132.1119 0.4524 0.8751 0.1717 0.5821 0.1721
30 37.3819 -13.4683 146.5168 0.6723 0.1360 0.7277 0.5587 0.1377
30 45.1903 -21.4587 138.0819 0.8192 -0.0051 0.5735 0.5920 0.1377
MRinSpiritualFinfameOn.jpg
23 28.5214 -15.6271 148.8135 0.1345 0.3415 0.9302 0.5285 0.1377
30 37.3819 -13.4683 146.5168 0.6723 0.1360 0.7277 0.5587 0.1377
30 42.1997 -9.3860 132.1119 0.4524 0.8751 0.1717 0.5821 0.1721
MRinSpiritualFinfameOn.jpg
30 42.1997 -9.3860 132.1119 0.4524 0.8751 0.1717 0.5821 0.1721
30 33.4994 -10.5357 137.0629 -0.2317 0.9550 -0.1854 0.5577 0.1736
23 28.5214 -15.6271 148.8135 0.1345 0.3415 0.9302 0.5285 0.1377
MRinSpiritualFinfameOn.jpg
30 33.4994 -10.5357 137.0629 -0.2317 0.9550 -0.1854 0.5577 0.1736
30 42.1997 -9.3860 132.1119 0.4524 0.8751 0.1717 0.5821 0.1721
30 38.2284 -9.8002 124.0989 -0.1772 0.9352 0.3065 0.5842 0.1960
MRinSpiritualFinfameOn.jpg
30 42.1997 -9.3860 132.1119 0.4524 0.8751 0.1717 0.5821 0.1721
30 50.5664 -19.3249 117.7217 0.8975 0.4318 0.0891 0.6264 0.1814
30 42.7503 -8.1795 122.9743 0.4427 0.8700 0.2172 0.5967 0.1929
MRinSpiritualFinfameOn.jpg
30 42.1997 -9.3860 132.1119 0.4524 0.8751 0.1717 0.5821 0.1721
30 42.7503 -8.1795 122.9743 0.4427 0.8700 0.2172 0.5967 0.1929
30 38.2284 -9.8002 124.0989 -0.1772 0.9352 0.3065 0.5842 0.1960
MRinSpiritualFinfameOn.jpg
30 42.7503 -8.1795 122.9743 0.4427 0.8700 0.2172 0.5967 0.1929
30 50.5664 -19.3249 117.7217 0.8975 0.4318 0.0891 0.6264 0.1814
30 40.6033 -6.8514 109.0506 0.7564 0.6540 -0.0116 0.6185 0.2252
MRinSpiritualFinfameOn.jpg
30 42.7503 -8.1795 122.9743 0.4427 0.8700 0.2172 0.5967 0.1929
30 40.6033 -6.8514 109.0506 0.7564 0.6540 -0.0116 0.6185 0.2252
30 35.6569 -3.5472 118.2088 0.6048 0.7374 0.3006 0.5894 0.2200
MRinSpiritualFinfameOn.jpg
30 38.2284 -9.8002 124.0989 -0.1772 0.9352 0.3065 0.5842 0.1960
30 42.7503 -8.1795 122.9743 0.4427 0.8700 0.2172 0.5967 0.1929
30 35.6569 -3.5472 118.2088 0.6048 0.7374 0.3006 0.5894 0.2200
MRinSpiritualFinfameOn.jpg
30 40.6033 -6.8514 109.0506 0.7564 0.6540 -0.0116 0.6185 0.2252
30 34.3138 -0.0625 113.3033 0.8216 0.5463 0.1631 0.5967 0.2366
30 35.6569 -3.5472 118.2088 0.6048 0.7374 0.3006 0.5894 0.2200
MRinSpiritualFinfameOn.jpg
26 -83.3170 8.6367 58.6583 -0.6822 -0.5002 -0.5333 0.9875 0.2923
26 -84.6780 24.1611 66.7090 -0.8764 0.4598 -0.1433 0.9771 0.2626
26 -80.9207 18.4587 48.0170 -0.7124 0.0839 -0.6968 0.9589 0.2923
MRinSpiritualFinfameOn.jpg
26 -76.9925 31.2182 55.2065 -0.6655 0.6860 -0.2940 0.9531 0.2657
26 -80.9207 18.4587 48.0170 -0.7124 0.0839 -0.6968 0.9589 0.2923
26 -84.6780 24.1611 66.7090 -0.8764 0.4598 -0.1433 0.9771 0.2626
MRinSpiritualFinfameOn.jpg
26 -80.9207 18.4587 48.0170 -0.7124 0.0839 -0.6968 0.9589 0.2923
26 -76.9925 31.2182 55.2065 -0.6655 0.6860 -0.2940 0.9531 0.2657
26 -67.2441 30.7882 46.7409 -0.1824 0.1450 -0.9725 0.9323 0.2923
MRinSpiritualFinfameOn.jpg
26 -84.6780 24.1611 66.7090 -0.8764 0.4598 -0.1433 0.9771 0.2626
26 -71.0329 33.4537 69.6183 -0.5001 0.7721 0.3921 0.9516 0.2392
26 -76.9925 31.2182 55.2065 -0.6655 0.6860 -0.2940 0.9531 0.2657
MRinSpiritualFinfameOn.jpg
26 -76.9925 31.2182 55.2065 -0.6655 0.6860 -0.2940 0.9531 0.2657
26 -71.0329 33.4537 69.6183 -0.5001 0.7721 0.3921 0.9516 0.2392
26 -62.5492 41.9000 53.0884 -0.6461 0.7566 -0.1004 0.9297 0.2710
MRinSpiritualFinfameOn.jpg
26 -67.2441 30.7882 46.7409 -0.1824 0.1450 -0.9725 0.9323 0.2923
26 -76.9925 31.2182 55.2065 -0.6655 0.6860 -0.2940 0.9531 0.2657
26 -62.5492 41.9000 53.0884 -0.6461 0.7566 -0.1004 0.9297 0.2710
MRinSpiritualFinfameOn.jpg
26 -67.2441 30.7882 46.7409 -0.1824 0.1450 -0.9725 0.9323 0.2923
26 -62.5492 41.9000 53.0884 -0.6461 0.7566 -0.1004 0.9297 0.2710
26 -52.6836 45.5231 41.5202 -0.8463 -0.3505 -0.4012 0.8839 0.2923
MRinSpiritualFinfameOn.jpg
26 -62.5492 41.9000 53.0884 -0.6461 0.7566 -0.1004 0.9297 0.2710
26 -71.0329 33.4537 69.6183 -0.5001 0.7721 0.3921 0.9516 0.2392
26 -58.2255 44.6480 65.8524 -0.1382 0.5321 0.8353 0.9198 0.2444
MRinSpiritualFinfameOn.jpg
26 -71.0329 33.4537 69.6183 -0.5001 0.7721 0.3921 0.9516 0.2392
25 -51.5227 26.4198 71.0255 0.2083 -0.4563 0.8651 0.9365 0.2236
26 -58.2255 44.6480 65.8524 -0.1382 0.5321 0.8353 0.9198 0.2444
MRinSpiritualFinfameOn.jpg
26 -58.2255 44.6480 65.8524 -0.1382 0.5321 0.8353 0.9198 0.2444
25 -51.5227 26.4198 71.0255 0.2083 -0.4563 0.8651 0.9365 0.2236
26 -43.5270 37.1368 66.6288 0.4743 -0.2111 0.8546 0.9068 0.2236
MRinSpiritualFinfameOn.jpg
26 -43.5270 37.1368 66.6288 0.4743 -0.2111 0.8546 0.9068 0.2236
26 -34.7238 48.5390 59.7292 0.5549 -0.2814 0.7829 0.8756 0.2236
26 -58.2255 44.6480 65.8524 -0.1382 0.5321 0.8353 0.9198 0.2444
MRinSpiritualFinfameOn.jpg
26 -51.5973 51.6307 53.9113 -0.8289 0.3498 0.4365 0.8876 0.2730
26 -52.6836 45.5231 41.5202 -0.8463 -0.3505 -0.4012 0.8839 0.2923
26 -62.5492 41.9000 53.0884 -0.6461 0.7566 -0.1004 0.9297 0.2710
MRinSpiritualFinfameOn.jpg
26 -52.6836 45.5231 41.5202 -0.8463 -0.3505 -0.4012 0.8839 0.2923
26 -51.5973 51.6307 53.9113 -0.8289 0.3498 0.4365 0.8876 0.2730
26 -54.3114 52.4087 48.7476 -0.8873 -0.0699 0.4559 0.8772 0.2751
MRinSpiritualFinfameOn.jpg
26 -51.5973 51.6307 53.9113 -0.8289 0.3498 0.4365 0.8876 0.2730
27 -43.0855 62.5450 59.8122 -0.6405 0.3667 0.6747 0.8584 0.2553
26 -54.3114 52.4087 48.7476 -0.8873 -0.0699 0.4559 0.8772 0.2751
MRinSpiritualFinfameOn.jpg
26 -62.5492 41.9000 53.0884 -0.6461 0.7566 -0.1004 0.9297 0.2710
26 -58.2255 44.6480 65.8524 -0.1382 0.5321 0.8353 0.9198 0.2444
26 -43.8914 53.0804 60.2433 -0.3964 0.4077 0.8226 0.8803 0.2481
MRinSpiritualFinfameOn.jpg
26 -43.8914 53.0804 60.2433 -0.3964 0.4077 0.8226 0.8803 0.2481
27 -43.0855 62.5450 59.8122 -0.6405 0.3667 0.6747 0.8584 0.2553
26 -51.5973 51.6307 53.9113 -0.8289 0.3498 0.4365 0.8876 0.2730
MRinSpiritualFinfameOn.jpg
26 -51.5973 51.6307 53.9113 -0.8289 0.3498 0.4365 0.8876 0.2730
26 -62.5492 41.9000 53.0884 -0.6461 0.7566 -0.1004 0.9297 0.2710
26 -43.8914 53.0804 60.2433 -0.3964 0.4077 0.8226 0.8803 0.2481
MRinSpiritualFinfameOn.jpg
26 -58.2255 44.6480 65.8524 -0.1382 0.5321 0.8353 0.9198 0.2444
26 -34.7238 48.5390 59.7292 0.5549 -0.2814 0.7829 0.8756 0.2236
26 -43.8914 53.0804 60.2433 -0.3964 0.4077 0.8226 0.8803 0.2481
MRinSpiritualFinfameOn.jpg
27 -37.4165 56.2722 65.2623 -0.2204 0.0308 0.9749 0.8569 0.2371
27 -43.0855 62.5450 59.8122 -0.6405 0.3667 0.6747 0.8584 0.2553
26 -43.8914 53.0804 60.2433 -0.3964 0.4077 0.8226 0.8803 0.2481
MRinSpiritualFinfameOn.jpg
26 -34.7238 48.5390 59.7292 0.5549 -0.2814 0.7829 0.8756 0.2236
27 -37.4165 56.2722 65.2623 -0.2204 0.0308 0.9749 0.8569 0.2371
26 -43.8914 53.0804 60.2433 -0.3964 0.4077 0.8226 0.8803 0.2481
MRinSpiritualFinfameOn.jpg
27 -29.7536 52.9965 63.7335 0.6382 -0.0204 0.7696 0.8527 0.2236
27 -37.4165 56.2722 65.2623 -0.2204 0.0308 0.9749 0.8569 0.2371
26 -34.7238 48.5390 59.7292 0.5549 -0.2814 0.7829 0.8756 0.2236
MRinSpiritualFinfameOn.jpg
27 -35.2487 64.2167 60.9906 0.2369 0.4731 0.8486 0.8449 0.2439
27 -43.0855 62.5450 59.8122 -0.6405 0.3667 0.6747 0.8584 0.2553
27 -37.4165 56.2722 65.2623 -0.2204 0.0308 0.9749 0.8569 0.2371
MRinSpiritualFinfameOn.jpg
27 -37.4165 56.2722 65.2623 -0.2204 0.0308 0.9749 0.8569 0.2371
27 -29.7536 52.9965 63.7335 0.6382 -0.0204 0.7696 0.8527 0.2236
27 -35.2487 64.2167 60.9906 0.2369 0.4731 0.8486 0.8449 0.2439
MRinSpiritualFinfameOn.jpg
27 -35.2487 64.2167 60.9906 0.2369 0.4731 0.8486 0.8449 0.2439
27 -29.7536 52.9965 63.7335 0.6382 -0.0204 0.7696 0.8527 0.2236
27 -27.9197 61.8563 56.5148 0.8122 0.2582 0.5232 0.8345 0.2314
MRinSpiritualFinfameOn.jpg
40 -171.3558 19.5861 131.3059 -0.9965 0.0437 -0.0706 0.2923 0.2075
40 -169.0346 0.5751 119.4918 -0.9476 -0.2952 -0.1219 0.3095 0.1679
40 -177.1879 13.2336 137.7124 -0.9573 -0.2127 0.1959 0.3074 0.2095
MRinSpiritualFinfameOn.jpg
40 -165.5646 8.4258 140.4298 -0.9781 -0.1958 0.0699 0.3251 0.2064
40 -167.0487 -9.5059 129.8937 -0.9832 -0.1773 0.0440 0.3422 0.1716
40 -171.7081 2.7480 145.7216 -0.9575 -0.1670 0.2353 0.3396 0.2085
MRinSpiritualFinfameOn.jpg
23 -19.4062 29.2517 146.9408 -0.5195 0.8414 0.1486 0.9412 0.6274
23 -23.5594 27.8863 119.5815 -0.5466 0.8154 -0.1907 0.8756 0.6326
23 -30.5599 15.9799 141.6449 -0.7795 0.6202 0.0874 0.9453 0.6602
MRinSpiritualFinfameOn.jpg
23 -6.2316 38.1834 124.1888 -0.0103 0.9819 -0.1892 0.8860 0.5936
23 -23.5594 27.8863 119.5815 -0.5466 0.8154 -0.1907 0.8756 0.6326
23 -19.4062 29.2517 146.9408 -0.5195 0.8414 0.1486 0.9412 0.6274
MRinSpiritualFinfameOn.jpg
23 2.6085 30.3077 115.1851 0.3475 0.7740 -0.5293 0.8621 0.5707
23 -7.1580 32.6418 113.5591 -0.0535 0.8079 -0.5869 0.8610 0.5951
23 -6.2316 38.1834 124.1888 -0.0103 0.9819 -0.1892 0.8860 0.5936
MRinSpiritualFinfameOn.jpg
23 -18.1893 22.4167 105.1331 0.1040 0.7310 -0.6744 0.8361 0.6201
23 -23.5594 27.8863 119.5815 -0.5466 0.8154 -0.1907 0.8756 0.6326
23 -7.1580 32.6418 113.5591 -0.0535 0.8079 -0.5869 0.8610 0.5951
MRinSpiritualFinfameOn.jpg
23 2.6085 30.3077 115.1851 0.3475 0.7740 -0.5293 0.8621 0.5707
23 -3.7012 21.5581 104.0197 0.1708 0.5124 -0.8416 0.8324 0.5858
23 -7.1580 32.6418 113.5591 -0.0535 0.8079 -0.5869 0.8610 0.5951
MRinSpiritualFinfameOn.jpg
23 9.8326 18.9475 107.2108 0.2823 0.4961 -0.8211 0.8277 0.5514
23 -3.7012 21.5581 104.0197 0.1708 0.5124 -0.8416 0.8324 0.5858
23 2.6085 30.3077 115.1851 0.3475 0.7740 -0.5293 0.8621 0.5707
MRinSpiritualFinfameOn.jpg
23 -18.1893 22.4167 105.1331 0.1040 0.7310 -0.6744 0.8361 0.6201
23 -7.1580 32.6418 113.5591 -0.0535 0.8079 -0.5869 0.8610 0.5951
23 -3.7012 21.5581 104.0197 0.1708 0.5124 -0.8416 0.8324 0.5858
MRinSpiritualFinfameOn.jpg
23 -18.1893 22.4167 105.1331 0.1040 0.7310 -0.6744 0.8361 0.6201
23 -3.7012 21.5581 104.0197 0.1708 0.5124 -0.8416 0.8324 0.5858
23 -9.4307 8.8246 98.6820 0.2524 0.3390 -0.9063 0.7939 0.5977
MRinSpiritualFinfameOn.jpg
25 -18.0404 30.3614 102.3791 0.7866 0.6130 0.0736 0.8064 0.6191
23 -18.1893 22.4167 105.1331 0.1040 0.7310 -0.6744 0.8361 0.6201
23 -9.4307 8.8246 98.6820 0.2524 0.3390 -0.9063 0.7939 0.5977
MRinSpiritualFinfameOn.jpg
23 -14.6760 -8.4273 102.6979 -0.2243 -0.0993 -0.9694 0.7471 0.6071
23 -9.4307 8.8246 98.6820 0.2524 0.3390 -0.9063 0.7939 0.5977
23 -1.0295 1.8337 98.4899 0.0272 0.0928 -0.9953 0.7788 0.5743
MRinSpiritualFinfameOn.jpg
23 -11.2689 -14.8674 101.8604 -0.1110 -0.1308 -0.9852 0.7320 0.5957
23 -14.6760 -8.4273 102.6979 -0.2243 -0.0993 -0.9694 0.7471 0.6071
23 -1.0295 1.8337 98.4899 0.0272 0.0928 -0.9953 0.7788 0.5743
MRinSpiritualFinfameOn.jpg
26 -86.4753 25.1061 64.4757 -0.9662 0.2414 0.0909 0.0144 0.1294
26 -76.1507 27.7019 43.5145 -0.5864 0.1957 -0.7861 0.0498 0.1601
26 -89.6663 13.0000 49.9360 -0.8071 -0.1221 -0.5777 0.0618 0.1216
MRinSpiritualFinfameOn.jpg
26 -89.1239 6.7396 58.6005 -0.8422 -0.5327 -0.0833 0.0602 0.0821
26 -86.4753 25.1061 64.4757 -0.9662 0.2414 0.0909 0.0144 0.1294
26 -89.6663 13.0000 49.9360 -0.8071 -0.1221 -0.5777 0.0618 0.1216
MRinSpiritualFinfameOn.jpg
25 -81.3911 -5.3762 81.1653 -0.8486 -0.5173 -0.1110 0.0165 0.0077
26 -86.4753 25.1061 64.4757 -0.9662 0.2414 0.0909 0.0144 0.1294
26 -89.1239 6.7396 58.6005 -0.8422 -0.5327 -0.0833 0.0602 0.0821
MRinSpiritualFinfameOn.jpg
42 -138.0448 -17.9835 132.2178 0.6287 0.2943 -0.7198 0.4645 0.1710
42 -144.2571 -27.0269 131.7551 -0.0115 -0.6561 -0.7546 0.4682 0.1861
40 -143.9107 -10.1076 128.6911 0.7920 0.1049 -0.6015 0.4421 0.1768
MRinSpiritualFinfameOn.jpg
42 -138.0448 -17.9835 132.2178 0.6287 0.2943 -0.7198 0.4645 0.1710
42 -130.2509 -28.5630 134.8345 0.3754 0.0656 -0.9245 0.4911 0.1690
42 -144.2571 -27.0269 131.7551 -0.0115 -0.6561 -0.7546 0.4682 0.1861
MRinSpiritualFinfameOn.jpg
42 -136.1120 -33.1283 135.2802 -0.4196 -0.4847 -0.7674 0.4885 0.1841
42 -144.2571 -27.0269 131.7551 -0.0115 -0.6561 -0.7546 0.4682 0.1861
42 -130.2509 -28.5630 134.8345 0.3754 0.0656 -0.9245 0.4911 0.1690
MRinSpiritualFinfameOn.jpg
42 -121.5797 -58.3135 131.8281 0.2736 -0.8834 -0.3805 0.5483 0.2028
42 -136.1120 -33.1283 135.2802 -0.4196 -0.4847 -0.7674 0.4885 0.1841
42 -130.2509 -28.5630 134.8345 0.3754 0.0656 -0.9245 0.4911 0.1690
MRinSpiritualFinfameOn.jpg
42 -130.2509 -28.5630 134.8345 0.3754 0.0656 -0.9245 0.4911 0.1690
42 -138.0448 -17.9835 132.2178 0.6287 0.2943 -0.7198 0.4645 0.1710
42 -126.6014 -25.2665 140.7158 0.7878 0.5680 -0.2380 0.4983 0.1539
MRinSpiritualFinfameOn.jpg
42 -121.5797 -58.3135 131.8281 0.2736 -0.8834 -0.3805 0.5483 0.2028
42 -130.2509 -28.5630 134.8345 0.3754 0.0656 -0.9245 0.4911 0.1690
42 -126.6014 -25.2665 140.7158 0.7878 0.5680 -0.2380 0.4983 0.1539
MRinSpiritualFinfameOn.jpg
42 -121.5797 -58.3135 131.8281 0.2736 -0.8834 -0.3805 0.5483 0.2028
42 -126.6014 -25.2665 140.7158 0.7878 0.5680 -0.2380 0.4983 0.1539
42 -124.0229 -38.0615 143.3092 0.7544 -0.1400 0.6413 0.5270 0.1606
MRinSpiritualFinfameOn.jpg
42 -128.5190 -22.9640 149.3901 -0.1184 0.8582 0.4995 0.5088 0.1377
42 -126.6014 -25.2665 140.7158 0.7878 0.5680 -0.2380 0.4983 0.1539
42 -131.1572 -26.7948 144.2692 0.1173 0.7380 0.6645 0.4905 0.1377
MRinSpiritualFinfameOn.jpg
42 -137.2483 -13.3599 139.2742 0.7014 0.7012 0.1281 0.4635 0.1544
42 -126.6014 -25.2665 140.7158 0.7878 0.5680 -0.2380 0.4983 0.1539
42 -138.0448 -17.9835 132.2178 0.6287 0.2943 -0.7198 0.4645 0.1710
MRinSpiritualFinfameOn.jpg
42 -126.6014 -25.2665 140.7158 0.7878 0.5680 -0.2380 0.4983 0.1539
42 -137.2483 -13.3599 139.2742 0.7014 0.7012 0.1281 0.4635 0.1544
42 -131.1572 -26.7948 144.2692 0.1173 0.7380 0.6645 0.4905 0.1377
MRinSpiritualFinfameOn.jpg
42 -139.8661 -13.8935 144.8681 0.3219 0.6957 0.6421 0.4640 0.1377
42 -131.1572 -26.7948 144.2692 0.1173 0.7380 0.6645 0.4905 0.1377
42 -137.2483 -13.3599 139.2742 0.7014 0.7012 0.1281 0.4635 0.1544
MRinSpiritualFinfameOn.jpg
42 -140.6257 -11.3295 135.2263 0.6900 0.7227 -0.0390 0.4494 0.1544
42 -138.0448 -17.9835 132.2178 0.6287 0.2943 -0.7198 0.4645 0.1710
40 -143.9107 -10.1076 128.6911 0.7920 0.1049 -0.6015 0.4421 0.1768
MRinSpiritualFinfameOn.jpg
42 -137.2483 -13.3599 139.2742 0.7014 0.7012 0.1281 0.4635 0.1544
42 -140.6257 -11.3295 135.2263 0.6900 0.7227 -0.0390 0.4494 0.1544
42 -139.8661 -13.8935 144.8681 0.3219 0.6957 0.6421 0.4640 0.1377
MRinSpiritualFinfameOn.jpg
42 -137.2483 -13.3599 139.2742 0.7014 0.7012 0.1281 0.4635 0.1544
42 -138.0448 -17.9835 132.2178 0.6287 0.2943 -0.7198 0.4645 0.1710
42 -140.6257 -11.3295 135.2263 0.6900 0.7227 -0.0390 0.4494 0.1544
MRinSpiritualFinfameOn.jpg
40 -141.9613 -4.1377 139.5308 0.9552 0.2488 0.1605 0.4323 0.1544
42 -140.6257 -11.3295 135.2263 0.6900 0.7227 -0.0390 0.4494 0.1544
40 -143.9107 -10.1076 128.6911 0.7920 0.1049 -0.6015 0.4421 0.1768
MRinSpiritualFinfameOn.jpg
42 -144.8052 -11.3234 141.9537 0.3454 0.6169 0.7072 0.4500 0.1377
42 -139.8661 -13.8935 144.8681 0.3219 0.6957 0.6421 0.4640 0.1377
42 -140.6257 -11.3295 135.2263 0.6900 0.7227 -0.0390 0.4494 0.1544
MRinSpiritualFinfameOn.jpg
42 -144.8052 -11.3234 141.9537 0.3454 0.6169 0.7072 0.4500 0.1377
42 -140.6257 -11.3295 135.2263 0.6900 0.7227 -0.0390 0.4494 0.1544
40 -147.8680 4.8662 145.3310 0.6289 0.0621 0.7750 0.4135 0.1377
MRinSpiritualFinfameOn.jpg
16 -155.6737 151.5039 132.4124 0.1408 0.8863 0.4412 0.2257 0.6768
16 -154.1616 161.3586 122.0862 0.1841 0.8547 0.4854 0.2616 0.6295
16 -162.4415 155.0947 124.2419 -0.7693 0.2500 0.5880 0.2725 0.6524
MRinSpiritualFinfameOn.jpg
16 -125.3409 201.9569 203.7431 0.3892 0.8206 0.4184 0.2257 0.6768
16 -122.5275 211.3435 193.2418 0.4276 0.7789 0.4588 0.2616 0.6295
16 -131.7993 207.1800 196.2416 -0.7776 0.1647 0.6068 0.2725 0.6524
MRinSpiritualFinfameOn.jpg
41 -175.1902 -20.1078 124.9733 -0.9842 0.1523 0.0903 0.9328 0.4666
40 -167.0487 -9.5059 129.8937 -0.7788 0.1177 0.6161 0.9328 0.5181
40 -161.4120 -11.4740 118.2195 -0.6263 0.6459 -0.4365 0.8891 0.5181
MRinSpiritualFinfameOn.jpg
41 -175.1902 -20.1078 124.9733 -0.9842 0.1523 0.0903 0.9328 0.4666
40 -161.4120 -11.4740 118.2195 -0.6263 0.6459 -0.4365 0.8891 0.5181
41 -171.3425 -23.9047 112.7899 -0.3190 0.3326 -0.8875 0.8871 0.4546
MRinSpiritualFinfameOn.jpg
40 -161.4120 -11.4740 118.2195 -0.6263 0.6459 -0.4365 0.8891 0.5181
40 -152.7704 -19.2453 121.7382 0.8466 -0.4220 -0.3244 0.8506 0.5181
41 -171.3425 -23.9047 112.7899 -0.3190 0.3326 -0.8875 0.8871 0.4546
MRinSpiritualFinfameOn.jpg
41 -175.1902 -20.1078 124.9733 -0.9842 0.1523 0.0903 0.9328 0.4666
41 -171.3425 -23.9047 112.7899 -0.3190 0.3326 -0.8875 0.8871 0.4546
41 -173.5989 -24.3431 122.3497 -0.8876 0.2369 0.3951 0.9245 0.4536
MRinSpiritualFinfameOn.jpg
41 -171.3425 -23.9047 112.7899 -0.3190 0.3326 -0.8875 0.8871 0.4546
41 -187.3265 -38.3480 110.3211 -0.4595 0.5334 -0.7102 0.8871 0.3943
41 -173.5989 -24.3431 122.3497 -0.8876 0.2369 0.3951 0.9245 0.4536
MRinSpiritualFinfameOn.jpg
41 -163.3877 -34.3251 114.8747 0.6246 -0.6571 -0.4221 0.8506 0.4432
41 -171.3425 -23.9047 112.7899 -0.3190 0.3326 -0.8875 0.8871 0.4546
40 -152.7704 -19.2453 121.7382 0.8466 -0.4220 -0.3244 0.8506 0.5181
MRinSpiritualFinfameOn.jpg
41 -171.3425 -23.9047 112.7899 -0.3190 0.3326 -0.8875 0.8871 0.4546
41 -163.3877 -34.3251 114.8747 0.6246 -0.6571 -0.4221 0.8506 0.4432
41 -187.3265 -38.3480 110.3211 -0.4595 0.5334 -0.7102 0.8871 0.3943
MRinSpiritualFinfameOn.jpg
41 -181.9345 -31.9415 119.7376 -0.6401 0.5836 0.4997 0.9245 0.4193
41 -173.5989 -24.3431 122.3497 -0.8876 0.2369 0.3951 0.9245 0.4536
41 -187.3265 -38.3480 110.3211 -0.4595 0.5334 -0.7102 0.8871 0.3943
MRinSpiritualFinfameOn.jpg
41 -189.4283 -37.9835 117.9234 -0.7929 0.4071 0.4534 0.9209 0.3828
41 -181.9345 -31.9415 119.7376 -0.6401 0.5836 0.4997 0.9245 0.4193
41 -187.3265 -38.3480 110.3211 -0.4595 0.5334 -0.7102 0.8871 0.3943
MRinSpiritualFinfameOn.jpg
41 -163.3877 -34.3251 114.8747 0.6246 -0.6571 -0.4221 0.8506 0.4432
41 -179.3446 -43.8972 112.7335 0.8551 -0.4073 -0.3208 0.8506 0.3932
41 -187.3265 -38.3480 110.3211 -0.4595 0.5334 -0.7102 0.8871 0.3943
MRinSpiritualFinfameOn.jpg
41 -189.4283 -37.9835 117.9234 -0.7929 0.4071 0.4534 0.9209 0.3828
41 -187.3265 -38.3480 110.3211 -0.4595 0.5334 -0.7102 0.8871 0.3943
41 -192.7344 -46.1522 113.9205 -0.9612 -0.2133 0.1749 0.9110 0.3480
MRinSpiritualFinfameOn.jpg
41 -192.7344 -46.1522 113.9205 -0.9612 -0.2133 0.1749 0.9110 0.3480
41 -187.3265 -38.3480 110.3211 -0.4595 0.5334 -0.7102 0.8871 0.3943
41 -188.1921 -47.4022 107.3089 -0.2675 0.2295 -0.9358 0.8808 0.3480
MRinSpiritualFinfameOn.jpg
41 -187.3265 -38.3480 110.3211 -0.4595 0.5334 -0.7102 0.8871 0.3943
41 -179.3446 -43.8972 112.7335 0.8551 -0.4073 -0.3208 0.8506 0.3932
41 -188.1921 -47.4022 107.3089 -0.2675 0.2295 -0.9358 0.8808 0.3480
MRinSpiritualFinfameOn.jpg
41 -181.9273 -60.9651 103.4197 -0.3738 -0.9040 -0.2076 0.8579 0.3006
41 -188.1921 -47.4022 107.3089 -0.2675 0.2295 -0.9358 0.8808 0.3480
41 -179.3446 -43.8972 112.7335 0.8551 -0.4073 -0.3208 0.8506 0.3932
MRinSpiritualFinfameOn.jpg
41 -181.9273 -60.9651 103.4197 -0.3738 -0.9040 -0.2076 0.8579 0.3006
41 -192.7344 -46.1522 113.9205 -0.9612 -0.2133 0.1749 0.9110 0.3480
41 -188.1921 -47.4022 107.3089 -0.2675 0.2295 -0.9358 0.8808 0.3480
MRinSpiritualFinfameOn.jpg
40 -152.0012 0.7602 99.9995 0.3449 -0.4436 -0.8272 0.0326 0.7018
40 -150.1373 13.6903 95.9374 0.5901 -0.1851 -0.7859 0.0560 0.7096
40 -138.2219 6.2716 120.8983 0.9880 -0.1209 -0.0965 0.0097 0.7278
MRinSpiritualFinfameOn.jpg
40 -152.0012 0.7602 99.9995 0.3449 -0.4436 -0.8272 0.0326 0.7018
40 -159.5663 10.1936 99.5624 -0.2634 -0.2544 -0.9305 0.0472 0.6940
40 -150.1373 13.6903 95.9374 0.5901 -0.1851 -0.7859 0.0560 0.7096
MRinSpiritualFinfameOn.jpg
40 -138.2219 6.2716 120.8983 0.9880 -0.1209 -0.0965 0.0097 0.7278
40 -150.1195 -10.1421 108.7553 0.3285 -0.5563 -0.7633 0.0092 0.7013
40 -152.0012 0.7602 99.9995 0.3449 -0.4436 -0.8272 0.0326 0.7018
MRinSpiritualFinfameOn.jpg
40 -150.1195 -10.1421 108.7553 0.3285 -0.5563 -0.7633 0.0092 0.7013
40 -161.0554 -2.0929 106.6249 -0.3224 -0.6260 -0.7101 0.0248 0.6893
40 -152.0012 0.7602 99.9995 0.3449 -0.4436 -0.8272 0.0326 0.7018
MRinSpiritualFinfameOn.jpg
25 -81.3911 -5.3762 81.1653 -0.8486 -0.5173 -0.1110 0.0165 0.0077
26 -89.1239 6.7396 58.6005 -0.8422 -0.5327 -0.0833 0.0602 0.0821
26 -73.0454 5.3721 48.9509 -0.2922 -0.7098 -0.6410 0.0144 0.1294
MRinSpiritualFinfameOn.jpg
26 -89.6663 13.0000 49.9360 -0.8071 -0.1221 -0.5777 0.0618 0.1216
26 -73.0454 5.3721 48.9509 -0.2922 -0.7098 -0.6410 0.0144 0.1294
26 -89.1239 6.7396 58.6005 -0.8422 -0.5327 -0.0833 0.0602 0.0821
MRinSpiritualFinfameOn.jpg
26 -76.1507 27.7019 43.5145 -0.5864 0.1957 -0.7861 0.0498 0.1601
26 -73.0454 5.3721 48.9509 -0.2922 -0.7098 -0.6410 0.0144 0.1294
26 -89.6663 13.0000 49.9360 -0.8071 -0.1221 -0.5777 0.0618 0.1216
MRinSpiritualFinfameOn.jpg
29 -75.2165 34.9540 7.3223 -0.1625 -0.7434 0.6488 0.8038 0.1518
29 -84.5139 50.2560 13.1544 -0.4981 -0.3591 0.7892 0.8168 0.1325
29 -84.2109 41.4818 -4.6125 -0.7738 -0.5730 0.2698 0.7986 0.1383
MRinSpiritualFinfameOn.jpg
29 -75.2165 34.9540 7.3223 -0.1625 -0.7434 0.6488 0.8038 0.1518
28 -66.5722 43.6818 10.2956 0.3006 -0.6164 0.7278 0.8147 0.1622
29 -84.5139 50.2560 13.1544 -0.4981 -0.3591 0.7892 0.8168 0.1325
MRinSpiritualFinfameOn.jpg
28 -66.5722 43.6818 10.2956 0.3006 -0.6164 0.7278 0.8147 0.1622
29 -75.2165 34.9540 7.3223 -0.1625 -0.7434 0.6488 0.8038 0.1518
28 -67.7810 32.0368 -2.7177 0.6681 -0.5843 0.4608 0.7877 0.1658
MRinSpiritualFinfameOn.jpg
29 -84.5139 50.2560 13.1544 -0.4981 -0.3591 0.7892 0.8168 0.1325
28 -66.5722 43.6818 10.2956 0.3006 -0.6164 0.7278 0.8147 0.1622
28 -76.9094 56.2629 14.0903 -0.1666 -0.1046 0.9805 0.8303 0.1403
MRinSpiritualFinfameOn.jpg
28 -44.6567 59.1315 1.0840 0.8436 -0.5239 0.1178 0.8246 0.2038
28 -66.5722 43.6818 10.2956 0.3006 -0.6164 0.7278 0.8147 0.1622
28 -67.7810 32.0368 -2.7177 0.6681 -0.5843 0.4608 0.7877 0.1658
MRinSpiritualFinfameOn.jpg
27 -40.6604 63.8018 19.7151 0.9520 -0.1200 -0.2815 0.8600 0.1971
28 -66.5722 43.6818 10.2956 0.3006 -0.6164 0.7278 0.8147 0.1622
28 -44.6567 59.1315 1.0840 0.8436 -0.5239 0.1178 0.8246 0.2038
MRinSpiritualFinfameOn.jpg
28 -44.6567 59.1315 1.0840 0.8436 -0.5239 0.1178 0.8246 0.2038
27 -44.3186 80.7847 16.9204 0.7542 0.5491 0.3601 0.8371 0.2127
27 -40.6604 63.8018 19.7151 0.9520 -0.1200 -0.2815 0.8600 0.1971
MRinSpiritualFinfameOn.jpg
27 -44.3186 80.7847 16.9204 0.7542 0.5491 0.3601 0.8371 0.2127
27 -43.3205 72.4305 26.6258 0.6364 0.7502 0.1795 0.8595 0.2127
27 -40.6604 63.8018 19.7151 0.9520 -0.1200 -0.2815 0.8600 0.1971
MRinSpiritualFinfameOn.jpg
28 -76.9094 56.2629 14.0903 -0.1666 -0.1046 0.9805 0.8303 0.1403
28 -66.5722 43.6818 10.2956 0.3006 -0.6164 0.7278 0.8147 0.1622
27 -63.0019 61.3530 16.3304 -0.5174 -0.7647 0.3841 0.8527 0.1502
MRinSpiritualFinfameOn.jpg
27 -43.3205 72.4305 26.6258 0.6364 0.7502 0.1795 0.8595 0.2127
27 -34.6534 66.6497 43.4416 0.5908 0.7752 -0.2236 0.9073 0.2127
27 -40.6604 63.8018 19.7151 0.9520 -0.1200 -0.2815 0.8600 0.1971
MRinSpiritualFinfameOn.jpg
27 -63.0019 61.3530 16.3304 -0.5174 -0.7647 0.3841 0.8527 0.1502
28 -66.5722 43.6818 10.2956 0.3006 -0.6164 0.7278 0.8147 0.1622
27 -52.7713 56.5994 13.7450 0.0304 -0.9750 -0.2202 0.8491 0.1684
MRinSpiritualFinfameOn.jpg
27 -52.7713 56.5994 13.7450 0.0304 -0.9750 -0.2202 0.8491 0.1684
28 -66.5722 43.6818 10.2956 0.3006 -0.6164 0.7278 0.8147 0.1622
27 -40.6604 63.8018 19.7151 0.9520 -0.1200 -0.2815 0.8600 0.1971
MRinSpiritualFinfameOn.jpg
27 -57.8020 55.6633 28.2213 -0.7558 -0.6404 -0.1366 0.8839 0.1481
27 -63.0019 61.3530 16.3304 -0.5174 -0.7647 0.3841 0.8527 0.1502
27 -52.7713 56.5994 13.7450 0.0304 -0.9750 -0.2202 0.8491 0.1684
MRinSpiritualFinfameOn.jpg
27 -57.8020 55.6633 28.2213 -0.7558 -0.6404 -0.1366 0.8839 0.1481
27 -52.7713 56.5994 13.7450 0.0304 -0.9750 -0.2202 0.8491 0.1684
27 -47.7243 51.4490 25.5573 -0.1593 -0.7846 -0.5992 0.8917 0.1632
MRinSpiritualFinfameOn.jpg
27 -57.8020 55.6633 28.2213 -0.7558 -0.6404 -0.1366 0.8839 0.1481
27 -47.7243 51.4490 25.5573 -0.1593 -0.7846 -0.5992 0.8917 0.1632
27 -57.5361 51.3500 32.2474 -0.7626 -0.6383 -0.1052 0.8990 0.1445
MRinSpiritualFinfameOn.jpg
27 -47.7243 51.4490 25.5573 -0.1593 -0.7846 -0.5992 0.8917 0.1632
27 -52.7713 56.5994 13.7450 0.0304 -0.9750 -0.2202 0.8491 0.1684
27 -36.5544 50.4725 32.1147 0.5287 -0.4176 -0.7390 0.8969 0.1762
MRinSpiritualFinfameOn.jpg
27 -36.5544 50.4725 32.1147 0.5287 -0.4176 -0.7390 0.8969 0.1762
27 -52.7713 56.5994 13.7450 0.0304 -0.9750 -0.2202 0.8491 0.1684
27 -40.6604 63.8018 19.7151 0.9520 -0.1200 -0.2815 0.8600 0.1971
MRinSpiritualFinfameOn.jpg
27 -57.5361 51.3500 32.2474 -0.7626 -0.6383 -0.1052 0.8990 0.1445
27 -47.7243 51.4490 25.5573 -0.1593 -0.7846 -0.5992 0.8917 0.1632
27 -46.8233 45.4135 30.5586 -0.1243 -0.9168 -0.3796 0.9047 0.1601
MRinSpiritualFinfameOn.jpg
27 -36.5544 50.4725 32.1147 0.5287 -0.4176 -0.7390 0.8969 0.1762
27 -46.8233 45.4135 30.5586 -0.1243 -0.9168 -0.3796 0.9047 0.1601
27 -47.7243 51.4490 25.5573 -0.1593 -0.7846 -0.5992 0.8917 0.1632
MRinSpiritualFinfameOn.jpg
27 -57.5361 51.3500 32.2474 -0.7626 -0.6383 -0.1052 0.8990 0.1445
27 -46.8233 45.4135 30.5586 -0.1243 -0.9168 -0.3796 0.9047 0.1601
26 -52.6836 45.5231 41.5202 0.0331 -0.6955 0.7177 0.9162 0.1476
MRinSpiritualFinfameOn.jpg
27 -31.8794 43.8337 35.4938 0.3905 -0.8520 -0.3487 0.9219 0.1794
26 -52.6836 45.5231 41.5202 0.0331 -0.6955 0.7177 0.9162 0.1476
27 -46.8233 45.4135 30.5586 -0.1243 -0.9168 -0.3796 0.9047 0.1601
MRinSpiritualFinfameOn.jpg
27 -36.5544 50.4725 32.1147 0.5287 -0.4176 -0.7390 0.8969 0.1762
27 -31.8794 43.8337 35.4938 0.3905 -0.8520 -0.3487 0.9219 0.1794
27 -46.8233 45.4135 30.5586 -0.1243 -0.9168 -0.3796 0.9047 0.1601
MRinSpiritualFinfameOn.jpg
27 -31.8794 43.8337 35.4938 0.3905 -0.8520 -0.3487 0.9219 0.1794
27 -33.6209 46.9750 42.4856 0.1034 -0.9182 0.3823 0.9391 0.1825
26 -52.6836 45.5231 41.5202 0.0331 -0.6955 0.7177 0.9162 0.1476
MRinSpiritualFinfameOn.jpg
27 -36.5544 50.4725 32.1147 0.5287 -0.4176 -0.7390 0.8969 0.1762
27 -40.6604 63.8018 19.7151 0.9520 -0.1200 -0.2815 0.8600 0.1971
27 -32.8249 58.5765 35.3477 0.7840 0.1996 -0.5878 0.9058 0.1986
MRinSpiritualFinfameOn.jpg
27 -32.8249 58.5765 35.3477 0.7840 0.1996 -0.5878 0.9058 0.1986
27 -40.6604 63.8018 19.7151 0.9520 -0.1200 -0.2815 0.8600 0.1971
27 -34.6534 66.6497 43.4416 0.5908 0.7752 -0.2236 0.9073 0.2127
MRinSpiritualFinfameOn.jpg
27 -36.5544 50.4725 32.1147 0.5287 -0.4176 -0.7390 0.8969 0.1762
27 -32.8249 58.5765 35.3477 0.7840 0.1996 -0.5878 0.9058 0.1986
27 -31.8794 43.8337 35.4938 0.3905 -0.8520 -0.3487 0.9219 0.1794
MRinSpiritualFinfameOn.jpg
27 -31.8794 43.8337 35.4938 0.3905 -0.8520 -0.3487 0.9219 0.1794
27 -20.9743 52.9169 45.7117 0.9634 -0.2589 -0.0691 0.9334 0.1939
27 -33.6209 46.9750 42.4856 0.1034 -0.9182 0.3823 0.9391 0.1825
MRinSpiritualFinfameOn.jpg
27 -34.6534 66.6497 43.4416 0.5908 0.7752 -0.2236 0.9073 0.2127
27 -20.9743 52.9169 45.7117 0.9634 -0.2589 -0.0691 0.9334 0.1939
27 -32.8249 58.5765 35.3477 0.7840 0.1996 -0.5878 0.9058 0.1986
MRinSpiritualFinfameOn.jpg
27 -31.8794 43.8337 35.4938 0.3905 -0.8520 -0.3487 0.9219 0.1794
27 -32.8249 58.5765 35.3477 0.7840 0.1996 -0.5878 0.9058 0.1986
27 -20.9743 52.9169 45.7117 0.9634 -0.2589 -0.0691 0.9334 0.1939
MRinSpiritualFinfameOn.jpg
27 -33.6209 46.9750 42.4856 0.1034 -0.9182 0.3823 0.9391 0.1825
27 -20.9743 52.9169 45.7117 0.9634 -0.2589 -0.0691 0.9334 0.1939
27 -25.8270 52.9126 50.7467 0.5265 -0.5820 0.6197 0.9448 0.1997
MRinSpiritualFinfameOn.jpg
27 -24.0838 64.1327 55.2921 0.7455 0.1526 0.6488 0.9354 0.2127
27 -20.9743 52.9169 45.7117 0.9634 -0.2589 -0.0691 0.9334 0.1939
27 -34.6534 66.6497 43.4416 0.5908 0.7752 -0.2236 0.9073 0.2127
MRinSpiritualFinfameOn.jpg
27 -25.8270 52.9126 50.7467 0.5265 -0.5820 0.6197 0.9448 0.1997
27 -20.9743 52.9169 45.7117 0.9634 -0.2589 -0.0691 0.9334 0.1939
27 -24.0838 64.1327 55.2921 0.7455 0.1526 0.6488 0.9354 0.2127
MRinSpiritualFinfameOn.jpg
27 -27.9197 61.8563 56.5148 0.4603 -0.3337 0.8226 0.9474 0.2127
27 -25.8270 52.9126 50.7467 0.5265 -0.5820 0.6197 0.9448 0.1997
27 -24.0838 64.1327 55.2921 0.7455 0.1526 0.6488 0.9354 0.2127
MRinSpiritualFinfameOn.jpg
23 -37.5586 -23.0600 145.7159 -0.8590 -0.4963 -0.1256 0.9375 0.0925
23 -34.9151 -20.4931 156.9720 -0.8391 -0.5354 0.0959 0.9328 0.0659
23 -39.3352 -16.4879 148.5455 -0.9992 0.0323 0.0247 0.9209 0.0883
MRinSpiritualFinfameOn.jpg
24 -30.1865 -29.9052 158.3699 -0.4227 -0.6599 -0.6212 0.9391 0.0540
23 -37.5856 -15.5345 154.5098 -0.9813 0.0273 -0.1905 0.9204 0.0727
23 -34.9151 -20.4931 156.9720 -0.8391 -0.5354 0.0959 0.9328 0.0659
MRinSpiritualFinfameOn.jpg
23 -40.3400 1.6340 150.9728 -0.9515 0.0776 0.2978 0.8808 0.0899
23 -33.4809 -14.5880 152.7535 -0.6871 0.2828 0.6693 0.9099 0.0800
23 -37.7617 1.0479 153.3062 -0.6755 -0.0403 0.7363 0.8798 0.0800
MRinSpiritualFinfameOn.jpg
23 -40.3400 1.6340 150.9728 -0.9515 0.0776 0.2978 0.8808 0.0899
23 -37.7617 1.0479 153.3062 -0.6755 -0.0403 0.7363 0.8798 0.0800
23 -32.8594 17.6387 154.6244 -0.5877 0.2196 0.7787 0.8449 0.0800
MRinSpiritualFinfameOn.jpg
23 -35.2475 18.6536 152.6104 -0.7871 0.5900 0.1799 0.8470 0.0899
23 -32.8594 17.6387 154.6244 -0.5877 0.2196 0.7787 0.8449 0.0800
23 -19.4839 29.0875 156.8335 -0.4281 0.7474 0.5081 0.8074 0.0800
MRinSpiritualFinfameOn.jpg
23 -19.4839 29.0875 156.8335 -0.4281 0.7474 0.5081 0.8074 0.0800
23 -3.1226 31.5889 157.9928 0.2435 0.6961 0.6754 0.7679 0.0800
23 -2.8854 34.3911 156.9774 0.0819 0.8779 0.4717 0.7674 0.0899
MRinSpiritualFinfameOn.jpg
23 -3.1226 31.5889 157.9928 0.2435 0.6961 0.6754 0.7679 0.0800
23 16.0471 26.2890 162.1597 0.4574 0.7126 0.5320 0.7138 0.0670
23 20.5404 34.2581 147.6224 0.5269 0.8481 0.0566 0.7138 0.1164
MRinSpiritualFinfameOn.jpg
23 -2.8854 34.3911 156.9774 0.0819 0.8779 0.4717 0.7674 0.0899
23 -3.1226 31.5889 157.9928 0.2435 0.6961 0.6754 0.7679 0.0800
23 2.2783 33.5848 149.8654 0.1794 0.9804 0.0817 0.7554 0.1174
MRinSpiritualFinfameOn.jpg
15 -87.5775 205.3909 125.1705 -0.6251 -0.7521 -0.2088 0.8283 0.0399
15 -74.0797 198.1728 109.5623 -0.6309 -0.7556 -0.1765 0.7897 0.0399
15 -82.1966 200.3959 126.7850 -0.6331 -0.7472 -0.2019 0.8283 0.0638
MRinSpiritualFinfameOn.jpg
15 -87.5775 205.3909 125.1705 -0.6251 -0.7521 -0.2088 0.8283 0.0399
15 -91.9448 209.8179 122.2156 -0.6024 -0.7732 -0.1982 0.8283 0.0113
15 -74.0797 198.1728 109.5623 -0.6309 -0.7556 -0.1765 0.7897 0.0399
MRinSpiritualFinfameOn.jpg
15 -95.8519 207.2230 141.3147 -0.5771 -0.7835 -0.2306 0.8621 0.0399
15 -91.9448 209.8179 122.2156 -0.6024 -0.7732 -0.1982 0.8283 0.0113
15 -87.5775 205.3909 125.1705 -0.6251 -0.7521 -0.2088 0.8283 0.0399
MRinSpiritualFinfameOn.jpg
15 -91.9448 209.8179 122.2156 -0.6024 -0.7732 -0.1982 0.8283 0.0113
14 -64.1155 193.2754 86.8496 -0.7609 -0.6488 -0.0061 0.7564 0.0113
15 -74.0797 198.1728 109.5623 -0.6309 -0.7556 -0.1765 0.7897 0.0399
MRinSpiritualFinfameOn.jpg
14 -64.1155 193.2754 86.8496 -0.7609 -0.6488 -0.0061 0.7564 0.0113
14 -61.7232 190.2459 93.1861 -0.7762 -0.6302 -0.0195 0.7564 0.0399
15 -74.0797 198.1728 109.5623 -0.6309 -0.7556 -0.1765 0.7897 0.0399
MRinSpiritualFinfameOn.jpg
16 -116.3048 212.9151 160.3477 -0.4906 -0.8154 -0.3074 0.9047 0.0113
15 -91.9448 209.8179 122.2156 -0.6024 -0.7732 -0.1982 0.8283 0.0113
15 -95.8519 207.2230 141.3147 -0.5771 -0.7835 -0.2306 0.8621 0.0399
MRinSpiritualFinfameOn.jpg
14 -61.7232 190.2459 93.1861 -0.7762 -0.6302 -0.0195 0.7564 0.0399
14 -64.1155 193.2754 86.8496 -0.7609 -0.6488 -0.0061 0.7564 0.0113
14 -52.2066 178.2735 87.2284 -0.7888 -0.6147 -0.0036 0.7174 0.0399
MRinSpiritualFinfameOn.jpg
14 -59.4610 187.0079 100.0893 -0.7894 -0.6132 -0.0289 0.7564 0.0638
14 -61.7232 190.2459 93.1861 -0.7762 -0.6302 -0.0195 0.7564 0.0399
14 -52.2066 178.2735 87.2284 -0.7888 -0.6147 -0.0036 0.7174 0.0399
MRinSpiritualFinfameOn.jpg
14 -64.1155 193.2754 86.8496 -0.7609 -0.6488 -0.0061 0.7564 0.0113
14 -46.7928 171.0988 73.7404 -0.8009 -0.5987 0.0034 0.6867 0.0113
14 -52.2066 178.2735 87.2284 -0.7888 -0.6147 -0.0036 0.7174 0.0399
MRinSpiritualFinfameOn.jpg
14 -52.2066 178.2735 87.2284 -0.7888 -0.6147 -0.0036 0.7174 0.0399
14 -46.7928 171.0988 73.7404 -0.8009 -0.5987 0.0034 0.6867 0.0113
14 -45.6703 169.6034 81.8160 -0.8077 -0.5896 -0.0050 0.6867 0.0399
MRinSpiritualFinfameOn.jpg
14 -45.6703 169.6034 81.8160 -0.8077 -0.5896 -0.0050 0.6867 0.0399
14 -46.7928 171.0988 73.7404 -0.8009 -0.5987 0.0034 0.6867 0.0113
13 -36.9899 153.3923 82.9255 -0.9291 -0.3698 0.0044 0.6482 0.0399
MRinSpiritualFinfameOn.jpg
13 -32.7126 142.6015 72.2335 -0.9294 -0.3690 -0.0054 0.6196 0.0113
13 -24.7133 122.5035 79.4623 -0.9233 -0.3829 -0.0317 0.5629 0.0113
13 -28.1891 130.7213 85.4331 -0.9296 -0.3680 -0.0196 0.5842 0.0399
MRinSpiritualFinfameOn.jpg
13 -28.1891 130.7213 85.4331 -0.9296 -0.3680 -0.0196 0.5842 0.0399
13 -24.7133 122.5035 79.4623 -0.9233 -0.3829 -0.0317 0.5629 0.0113
13 -25.0291 122.6723 87.0303 -0.9246 -0.3798 -0.0295 0.5629 0.0399
MRinSpiritualFinfameOn.jpg
13 -25.0291 122.6723 87.0303 -0.9246 -0.3798 -0.0295 0.5629 0.0399
13 -24.7133 122.5035 79.4623 -0.9233 -0.3829 -0.0317 0.5629 0.0113
12 -22.3722 103.9951 101.0193 -0.9589 -0.2487 -0.1367 0.5035 0.0399
MRinSpiritualFinfameOn.jpg
13 -25.0291 122.6723 87.0303 -0.9246 -0.3798 -0.0295 0.5629 0.0399
12 -22.3722 103.9951 101.0193 -0.9589 -0.2487 -0.1367 0.5035 0.0399
13 -25.0775 122.1554 95.6924 -0.9229 -0.3840 -0.0281 0.5629 0.0638
MRinSpiritualFinfameOn.jpg
13 -24.7133 122.5035 79.4623 -0.9233 -0.3829 -0.0317 0.5629 0.0113
12 -21.0861 102.8643 94.3295 -0.9530 -0.2652 -0.1464 0.5035 0.0113
12 -22.3722 103.9951 101.0193 -0.9589 -0.2487 -0.1367 0.5035 0.0399
MRinSpiritualFinfameOn.jpg
12 -22.3722 103.9951 101.0193 -0.9589 -0.2487 -0.1367 0.5035 0.0399
12 -21.0861 102.8643 94.3295 -0.9530 -0.2652 -0.1464 0.5035 0.0113
12 -19.4673 87.0877 112.9958 -0.9455 -0.2889 -0.1504 0.4500 0.0399
MRinSpiritualFinfameOn.jpg
12 -23.6860 104.3945 108.8030 -0.9522 -0.2677 -0.1470 0.5035 0.0638
12 -22.3722 103.9951 101.0193 -0.9589 -0.2487 -0.1367 0.5035 0.0399
12 -19.4673 87.0877 112.9958 -0.9455 -0.2889 -0.1504 0.4500 0.0399
MRinSpiritualFinfameOn.jpg
12 -21.0861 102.8643 94.3295 -0.9530 -0.2652 -0.1464 0.5035 0.0113
12 -18.1347 85.9072 107.1362 -0.9392 -0.3061 -0.1558 0.4500 0.0113
12 -19.4673 87.0877 112.9958 -0.9455 -0.2889 -0.1504 0.4500 0.0399
MRinSpiritualFinfameOn.jpg
12 -19.4673 87.0877 112.9958 -0.9455 -0.2889 -0.1504 0.4500 0.0399
12 -18.1347 85.9072 107.1362 -0.9392 -0.3061 -0.1558 0.4500 0.0113
11 -18.1068 66.0620 131.4072 -0.9401 -0.2752 -0.2010 0.3781 0.0399
MRinSpiritualFinfameOn.jpg
12 -19.4673 87.0877 112.9958 -0.9455 -0.2889 -0.1504 0.4500 0.0399
11 -18.1068 66.0620 131.4072 -0.9401 -0.2752 -0.2010 0.3781 0.0399
12 -20.7470 87.4047 119.9685 -0.9352 -0.3174 -0.1572 0.4500 0.0638
MRinSpiritualFinfameOn.jpg
12 -18.1347 85.9072 107.1362 -0.9392 -0.3061 -0.1558 0.4500 0.0113
11 -16.1575 63.7716 125.4817 -0.9367 -0.2863 -0.2015 0.3781 0.0113
11 -18.1068 66.0620 131.4072 -0.9401 -0.2752 -0.2010 0.3781 0.0399
MRinSpiritualFinfameOn.jpg
11 -18.1068 66.0620 131.4072 -0.9401 -0.2752 -0.2010 0.3781 0.0399
11 -16.1575 63.7716 125.4817 -0.9367 -0.2863 -0.2015 0.3781 0.0113
10 -14.4085 44.6290 147.1845 -0.9320 -0.3108 -0.1865 0.3105 0.0399
MRinSpiritualFinfameOn.jpg
11 -19.8897 67.2498 137.9429 -0.9340 -0.2953 -0.2011 0.3781 0.0638
11 -18.1068 66.0620 131.4072 -0.9401 -0.2752 -0.2010 0.3781 0.0399
10 -14.4085 44.6290 147.1845 -0.9320 -0.3108 -0.1865 0.3105 0.0399
MRinSpiritualFinfameOn.jpg
11 -16.1575 63.7716 125.4817 -0.9367 -0.2863 -0.2015 0.3781 0.0113
10 -12.1024 41.3677 141.1942 -0.9301 -0.3166 -0.1863 0.3105 0.0113
10 -14.4085 44.6290 147.1845 -0.9320 -0.3108 -0.1865 0.3105 0.0399
MRinSpiritualFinfameOn.jpg
10 -14.4085 44.6290 147.1845 -0.9320 -0.3108 -0.1865 0.3105 0.0399
10 -12.1024 41.3677 141.1942 -0.9301 -0.3166 -0.1863 0.3105 0.0113
23 8.7104 27.0649 155.7462 -0.9347 -0.3168 0.1613 0.2507 0.0399
MRinSpiritualFinfameOn.jpg
15 -82.2140 200.7841 126.9323 0.6331 0.7472 0.2019 0.8283 0.0638
15 -74.0970 198.5611 109.7097 0.6310 0.7554 0.1768 0.7897 0.0399
15 -87.5949 205.7792 125.3178 0.6251 0.7521 0.2088 0.8283 0.0399
MRinSpiritualFinfameOn.jpg
15 -74.0970 198.5611 109.7097 0.6310 0.7554 0.1768 0.7897 0.0399
15 -91.9622 210.2062 122.3629 0.6026 0.7730 0.1983 0.8283 0.0113
15 -87.5949 205.7792 125.3178 0.6251 0.7521 0.2088 0.8283 0.0399
MRinSpiritualFinfameOn.jpg
15 -87.5949 205.7792 125.3178 0.6251 0.7521 0.2088 0.8283 0.0399
15 -91.9622 210.2062 122.3629 0.6026 0.7730 0.1983 0.8283 0.0113
15 -95.8693 207.6113 141.4620 0.5771 0.7835 0.2304 0.8621 0.0399
MRinSpiritualFinfameOn.jpg
15 -74.0970 198.5611 109.7097 0.6310 0.7554 0.1768 0.7897 0.0399
14 -64.0646 193.6814 86.9633 0.7612 0.6485 0.0067 0.7564 0.0113
15 -91.9622 210.2062 122.3629 0.6026 0.7730 0.1983 0.8283 0.0113
MRinSpiritualFinfameOn.jpg
15 -74.0970 198.5611 109.7097 0.6310 0.7554 0.1768 0.7897 0.0399
14 -61.6734 190.6432 93.2974 0.7763 0.6300 0.0197 0.7564 0.0399
14 -64.0646 193.6814 86.9633 0.7612 0.6485 0.0067 0.7564 0.0113
MRinSpiritualFinfameOn.jpg
15 -95.8693 207.6113 141.4620 0.5771 0.7835 0.2304 0.8621 0.0399
15 -91.9622 210.2062 122.3629 0.6026 0.7730 0.1983 0.8283 0.0113
16 -116.3450 213.2986 160.5027 0.4901 0.8158 0.3070 0.9047 0.0113
MRinSpiritualFinfameOn.jpg
14 -52.1568 178.6709 87.3397 0.7888 0.6146 0.0037 0.7174 0.0399
14 -64.0646 193.6814 86.9633 0.7612 0.6485 0.0067 0.7564 0.0113
14 -61.6734 190.6432 93.2974 0.7763 0.6300 0.0197 0.7564 0.0399
MRinSpiritualFinfameOn.jpg
14 -52.1568 178.6709 87.3397 0.7888 0.6146 0.0037 0.7174 0.0399
14 -61.6734 190.6432 93.2974 0.7763 0.6300 0.0197 0.7564 0.0399
14 -59.4101 187.4138 100.2030 0.7893 0.6134 0.0282 0.7564 0.0638
MRinSpiritualFinfameOn.jpg
14 -52.1568 178.6709 87.3397 0.7888 0.6146 0.0037 0.7174 0.0399
14 -46.7429 171.4961 73.8517 0.8009 0.5988 -0.0033 0.6867 0.0113
14 -64.0646 193.6814 86.9633 0.7612 0.6485 0.0067 0.7564 0.0113
MRinSpiritualFinfameOn.jpg
14 -45.6205 170.0007 81.9272 0.8075 0.5898 0.0048 0.6867 0.0399
14 -46.7429 171.4961 73.8517 0.8009 0.5988 -0.0033 0.6867 0.0113
14 -52.1568 178.6709 87.3397 0.7888 0.6146 0.0037 0.7174 0.0399
MRinSpiritualFinfameOn.jpg
13 -36.8438 153.7818 83.0111 0.9291 0.3699 -0.0044 0.6482 0.0399
14 -46.7429 171.4961 73.8517 0.8009 0.5988 -0.0033 0.6867 0.0113
14 -45.6205 170.0007 81.9272 0.8075 0.5898 0.0048 0.6867 0.0399
MRinSpiritualFinfameOn.jpg
13 -28.0461 131.1025 85.5169 0.9296 0.3680 0.0198 0.5842 0.0399
13 -24.5703 122.8847 79.5461 0.9233 0.3828 0.0316 0.5629 0.0113
13 -32.5665 142.9909 72.3191 0.9294 0.3689 0.0057 0.6196 0.0113
MRinSpiritualFinfameOn.jpg
13 -24.8861 123.0534 87.1141 0.9245 0.3801 0.0295 0.5629 0.0399
13 -24.5703 122.8847 79.5461 0.9233 0.3828 0.0316 0.5629 0.0113
13 -28.0461 131.1025 85.5169 0.9296 0.3680 0.0198 0.5842 0.0399
MRinSpiritualFinfameOn.jpg
12 -22.1737 104.3609 101.1040 0.9589 0.2487 0.1365 0.5035 0.0399
13 -24.5703 122.8847 79.5461 0.9233 0.3828 0.0316 0.5629 0.0113
13 -24.8861 123.0534 87.1141 0.9245 0.3801 0.0295 0.5629 0.0399
MRinSpiritualFinfameOn.jpg
13 -24.9345 122.5365 95.7762 0.9227 0.3844 0.0281 0.5629 0.0638
12 -22.1737 104.3609 101.1040 0.9589 0.2487 0.1365 0.5035 0.0399
13 -24.8861 123.0534 87.1141 0.9245 0.3801 0.0295 0.5629 0.0399
MRinSpiritualFinfameOn.jpg
12 -22.1737 104.3609 101.1040 0.9589 0.2487 0.1365 0.5035 0.0399
12 -20.8918 103.2223 94.4124 0.9533 0.2647 0.1456 0.5035 0.0113
13 -24.5703 122.8847 79.5461 0.9233 0.3828 0.0316 0.5629 0.0113
MRinSpiritualFinfameOn.jpg
12 -19.2689 87.4535 113.0805 0.9457 0.2885 0.1500 0.4500 0.0399
12 -20.8918 103.2223 94.4124 0.9533 0.2647 0.1456 0.5035 0.0113
12 -22.1737 104.3609 101.1040 0.9589 0.2487 0.1365 0.5035 0.0399
MRinSpiritualFinfameOn.jpg
12 -19.2689 87.4535 113.0805 0.9457 0.2885 0.1500 0.4500 0.0399
12 -22.1737 104.3609 101.1040 0.9589 0.2487 0.1365 0.5035 0.0399
12 -23.4918 104.7525 108.8859 0.9520 0.2682 0.1478 0.5035 0.0638
MRinSpiritualFinfameOn.jpg
12 -19.2689 87.4535 113.0805 0.9457 0.2885 0.1500 0.4500 0.0399
12 -17.9405 86.2652 107.2191 0.9394 0.3056 0.1553 0.4500 0.0113
12 -20.8918 103.2223 94.4124 0.9533 0.2647 0.1456 0.5035 0.0113
MRinSpiritualFinfameOn.jpg
11 -17.8952 66.4096 131.4914 0.9402 0.2749 0.2009 0.3781 0.0399
12 -17.9405 86.2652 107.2191 0.9394 0.3056 0.1553 0.4500 0.0113
12 -19.2689 87.4535 113.0805 0.9457 0.2885 0.1500 0.4500 0.0399
MRinSpiritualFinfameOn.jpg
12 -20.5486 87.7704 120.0532 0.9353 0.3171 0.1572 0.4500 0.0638
11 -17.8952 66.4096 131.4914 0.9402 0.2749 0.2009 0.3781 0.0399
12 -19.2689 87.4535 113.0805 0.9457 0.2885 0.1500 0.4500 0.0399
MRinSpiritualFinfameOn.jpg
11 -17.8952 66.4096 131.4914 0.9402 0.2749 0.2009 0.3781 0.0399
11 -15.9459 64.1192 125.5658 0.9366 0.2865 0.2016 0.3781 0.0113
12 -17.9405 86.2652 107.2191 0.9394 0.3056 0.1553 0.4500 0.0113
MRinSpiritualFinfameOn.jpg
10 -14.1981 44.9794 147.2597 0.9319 0.3110 0.1868 0.3105 0.0399
11 -15.9459 64.1192 125.5658 0.9366 0.2865 0.2016 0.3781 0.0113
11 -17.8952 66.4096 131.4914 0.9402 0.2749 0.2009 0.3781 0.0399
MRinSpiritualFinfameOn.jpg
10 -14.1981 44.9794 147.2597 0.9319 0.3110 0.1868 0.3105 0.0399
11 -17.8952 66.4096 131.4914 0.9402 0.2749 0.2009 0.3781 0.0399
11 -19.6780 67.5975 138.0271 0.9340 0.2953 0.2011 0.3781 0.0638
MRinSpiritualFinfameOn.jpg
10 -14.1981 44.9794 147.2597 0.9319 0.3110 0.1868 0.3105 0.0399
10 -11.8874 41.7258 141.2710 0.9298 0.3171 0.1871 0.3105 0.0113
11 -15.9459 64.1192 125.5658 0.9366 0.2865 0.2016 0.3781 0.0113
MRinSpiritualFinfameOn.jpg
23 8.9258 27.4156 155.6881 0.9346 0.3171 -0.1608 0.2507 0.0399
10 -11.8874 41.7258 141.2710 0.9298 0.3171 0.1871 0.3105 0.0113
10 -14.1981 44.9794 147.2597 0.9319 0.3110 0.1868 0.3105 0.0399
MRinSpiritualFinfameOn.jpg
40 -143.9107 -10.1076 128.6911 0.8773 -0.4487 -0.1700 0.0467 0.7247
40 -152.7704 -19.2453 121.7382 0.2421 -0.8170 -0.5234 0.0560 0.7096
40 -150.1195 -10.1421 108.7553 0.5228 -0.7189 -0.4581 0.0326 0.7018
MRinSpiritualFinfameOn.jpg
40 -152.7704 -19.2453 121.7382 0.2421 -0.8170 -0.5234 0.0560 0.7096
40 -161.4120 -11.4740 118.2195 -0.4018 -0.7092 -0.5793 0.0472 0.6940
40 -150.1195 -10.1421 108.7553 0.5228 -0.7189 -0.4581 0.0326 0.7018
MRinSpiritualFinfameOn.jpg
15 -115.4174 157.9455 73.4554 0.4803 -0.2777 0.8320 0.8283 0.0638
15 -107.5022 156.2190 60.8653 0.3612 0.9302 0.0657 0.7897 0.0399
15 -121.8439 160.8450 70.6888 0.3375 0.9361 0.0992 0.8283 0.0399
MRinSpiritualFinfameOn.jpg
15 -107.5022 156.2190 60.8653 0.3612 0.9302 0.0657 0.7897 0.0399
15 -127.2836 163.0588 67.1184 -0.6552 0.2604 -0.7091 0.8283 0.0113
15 -121.8439 160.8450 70.6888 0.3375 0.9361 0.0992 0.8283 0.0399
MRinSpiritualFinfameOn.jpg
15 -121.8439 160.8450 70.6888 0.3375 0.9361 0.0992 0.8283 0.0399
15 -127.2836 163.0588 67.1184 -0.6552 0.2604 -0.7091 0.8283 0.0113
15 -130.2699 161.7991 82.8835 0.2440 0.9552 0.1674 0.8621 0.0399
MRinSpiritualFinfameOn.jpg
15 -107.5022 156.2190 60.8653 0.3612 0.9302 0.0657 0.7897 0.0399
14 -107.8626 153.2208 50.4921 -0.3838 0.1476 -0.9116 0.7564 0.0113
15 -127.2836 163.0588 67.1184 -0.6552 0.2604 -0.7091 0.8283 0.0113
MRinSpiritualFinfameOn.jpg
15 -107.5022 156.2190 60.8653 0.3612 0.9302 0.0657 0.7897 0.0399
14 -104.4286 151.5670 56.2760 0.5373 0.8409 -0.0643 0.7564 0.0399
14 -107.8626 153.2208 50.4921 -0.3838 0.1476 -0.9116 0.7564 0.0113
MRinSpiritualFinfameOn.jpg
15 -130.2699 161.7991 82.8835 0.2440 0.9552 0.1674 0.8621 0.0399
15 -127.2836 163.0588 67.1184 -0.6552 0.2604 -0.7091 0.8283 0.0113
16 -146.4587 163.4619 93.4938 -0.8108 0.2775 -0.5153 0.9047 0.0113
MRinSpiritualFinfameOn.jpg
14 -92.4244 143.5456 54.6023 0.5544 0.8296 -0.0662 0.7174 0.0399
14 -107.8626 153.2208 50.4921 -0.3838 0.1476 -0.9116 0.7564 0.0113
14 -104.4286 151.5670 56.2760 0.5373 0.8409 -0.0643 0.7564 0.0399
MRinSpiritualFinfameOn.jpg
14 -92.4244 143.5456 54.6023 0.5544 0.8296 -0.0662 0.7174 0.0399
14 -104.4286 151.5670 56.2760 0.5373 0.8409 -0.0643 0.7564 0.0399
14 -101.0872 149.7075 62.6330 0.1504 -0.0346 0.9880 0.7564 0.0638
MRinSpiritualFinfameOn.jpg
14 -92.4244 143.5456 54.6023 0.5544 0.8296 -0.0662 0.7174 0.0399
14 -85.9245 138.3929 45.5224 0.4589 -0.5019 -0.7332 0.6867 0.0113
14 -107.8626 153.2208 50.4921 -0.3838 0.1476 -0.9116 0.7564 0.0113
MRinSpiritualFinfameOn.jpg
14 -84.2067 137.6168 52.5856 0.6421 0.7632 -0.0723 0.6867 0.0399
14 -85.9245 138.3929 45.5224 0.4589 -0.5019 -0.7332 0.6867 0.0113
14 -92.4244 143.5456 54.6023 0.5544 0.8296 -0.0662 0.7174 0.0399
MRinSpiritualFinfameOn.jpg
14 -81.3150 135.7040 59.9083 0.6385 0.7683 -0.0455 0.6867 0.0638
14 -85.9245 138.3929 45.5224 0.4589 -0.5019 -0.7332 0.6867 0.0113
14 -84.2067 137.6168 52.5856 0.6421 0.7632 -0.0723 0.6867 0.0399
MRinSpiritualFinfameOn.jpg
13 -64.6979 115.1379 66.0585 0.7951 0.6064 -0.0112 0.5842 0.0399
13 -59.6658 108.6238 62.7682 0.3678 -0.4357 -0.8215 0.5629 0.0113
13 -72.1620 124.2983 51.3347 0.1759 -0.2783 -0.9442 0.6196 0.0113
MRinSpiritualFinfameOn.jpg
13 -59.8937 108.7644 69.5976 0.7965 0.6042 0.0249 0.5629 0.0399
13 -59.6658 108.6238 62.7682 0.3678 -0.4357 -0.8215 0.5629 0.0113
13 -64.6979 115.1379 66.0585 0.7951 0.6064 -0.0112 0.5842 0.0399
MRinSpiritualFinfameOn.jpg
12 -53.5254 97.5871 83.7198 0.8651 0.4880 0.1161 0.5035 0.0399
13 -59.6658 108.6238 62.7682 0.3678 -0.4357 -0.8215 0.5629 0.0113
13 -59.8937 108.7644 69.5976 0.7965 0.6042 0.0249 0.5629 0.0399
MRinSpiritualFinfameOn.jpg
13 -59.8802 108.1450 77.6345 -0.4225 0.5027 0.7542 0.5629 0.0638
12 -53.5254 97.5871 83.7198 0.8651 0.4880 0.1161 0.5035 0.0399
13 -59.8937 108.7644 69.5976 0.7965 0.6042 0.0249 0.5629 0.0399
MRinSpiritualFinfameOn.jpg
12 -53.5254 97.5871 83.7198 0.8651 0.4880 0.1161 0.5035 0.0399
12 -52.1288 96.6581 77.5755 0.4583 -0.5704 -0.6816 0.5035 0.0113
13 -59.6658 108.6238 62.7682 0.3678 -0.4357 -0.8215 0.5629 0.0113
MRinSpiritualFinfameOn.jpg
12 -47.4817 83.3916 99.2356 0.8593 0.4906 0.1443 0.4500 0.0399
12 -52.1288 96.6581 77.5755 0.4583 -0.5704 -0.6816 0.5035 0.0113
12 -53.5254 97.5871 83.7198 0.8651 0.4880 0.1161 0.5035 0.0399
MRinSpiritualFinfameOn.jpg
12 -47.4817 83.3916 99.2356 0.8593 0.4906 0.1443 0.4500 0.0399
12 -53.5254 97.5871 83.7198 0.8651 0.4880 0.1161 0.5035 0.0399
12 -54.8395 97.8138 91.1170 -0.4454 0.5815 0.6808 0.5035 0.0638
MRinSpiritualFinfameOn.jpg
12 -47.4817 83.3916 99.2356 0.8593 0.4906 0.1443 0.4500 0.0399
12 -45.9113 82.4140 93.7094 0.5084 -0.8602 -0.0395 0.4500 0.0113
12 -52.1288 96.6581 77.5755 0.4583 -0.5704 -0.6816 0.5035 0.0113
MRinSpiritualFinfameOn.jpg
12 -48.9127 83.5480 106.0325 0.8347 0.5244 0.1684 0.4500 0.0638
12 -45.9113 82.4140 93.7094 0.5084 -0.8602 -0.0395 0.4500 0.0113
12 -47.4817 83.3916 99.2356 0.8593 0.4906 0.1443 0.4500 0.0399
MRinSpiritualFinfameOn.jpg
12 -48.9127 83.5480 106.0325 0.8347 0.5244 0.1684 0.4500 0.0638
11 -38.4929 64.8442 113.7308 0.4991 -0.4417 -0.7455 0.3781 0.0113
12 -45.9113 82.4140 93.7094 0.5084 -0.8602 -0.0395 0.4500 0.0113
MRinSpiritualFinfameOn.jpg
12 -48.9127 83.5480 106.0325 0.8347 0.5244 0.1684 0.4500 0.0638
11 -41.1852 66.7444 119.3883 0.7963 0.5718 0.1971 0.3781 0.0399
11 -38.4929 64.8442 113.7308 0.4991 -0.4417 -0.7455 0.3781 0.0113
MRinSpiritualFinfameOn.jpg
10 -31.3674 48.4152 136.9844 0.7714 0.6134 0.1697 0.3105 0.0399
11 -38.4929 64.8442 113.7308 0.4991 -0.4417 -0.7455 0.3781 0.0113
11 -41.1852 66.7444 119.3883 0.7963 0.5718 0.1971 0.3781 0.0399
MRinSpiritualFinfameOn.jpg
10 -31.3674 48.4152 136.9844 0.7714 0.6134 0.1697 0.3105 0.0399
11 -41.1852 66.7444 119.3883 0.7963 0.5718 0.1971 0.3781 0.0399
11 -43.4624 67.5904 125.7239 -0.5046 0.4218 0.7533 0.3781 0.0638
MRinSpiritualFinfameOn.jpg
10 -31.3674 48.4152 136.9844 0.7714 0.6134 0.1697 0.3105 0.0399
10 -27.9792 45.7203 131.2702 0.4432 -0.3138 -0.8397 0.3105 0.0113
11 -38.4929 64.8442 113.7308 0.4991 -0.4417 -0.7455 0.3781 0.0113
MRinSpiritualFinfameOn.jpg
23 -3.5669 33.3728 149.3469 0.7602 0.6214 -0.1896 0.2507 0.0399
10 -27.9792 45.7203 131.2702 0.4432 -0.3138 -0.8397 0.3105 0.0113
10 -31.3674 48.4152 136.9844 0.7714 0.6134 0.1697 0.3105 0.0399
MRinSpiritualFinfameOn.jpg
15 -127.2836 163.0588 67.1184 -0.6552 0.2604 -0.7091 0.8283 0.0113
14 -107.8626 153.2208 50.4921 -0.3838 0.1476 -0.9116 0.7564 0.0113
15 -107.4961 156.0840 60.8141 -0.3659 -0.9278 -0.0728 0.7897 0.0399
MRinSpiritualFinfameOn.jpg
15 -121.8379 160.7100 70.6375 -0.3424 -0.9339 -0.1027 0.8283 0.0399
15 -127.2836 163.0588 67.1184 -0.6552 0.2604 -0.7091 0.8283 0.0113
15 -107.4961 156.0840 60.8141 -0.3659 -0.9278 -0.0728 0.7897 0.0399
MRinSpiritualFinfameOn.jpg
15 -121.8379 160.7100 70.6375 -0.3424 -0.9339 -0.1027 0.8283 0.0399
15 -107.4961 156.0840 60.8141 -0.3659 -0.9278 -0.0728 0.7897 0.0399
15 -115.4174 157.9455 73.4554 0.4803 -0.2777 0.8320 0.8283 0.0638
MRinSpiritualFinfameOn.jpg
16 -146.4587 163.4619 93.4938 -0.8108 0.2775 -0.5153 0.9047 0.0113
15 -127.2836 163.0588 67.1184 -0.6552 0.2604 -0.7091 0.8283 0.0113
15 -130.2639 161.6640 82.8322 -0.2512 -0.9525 -0.1723 0.8621 0.0399
MRinSpiritualFinfameOn.jpg
15 -130.2639 161.6640 82.8322 -0.2512 -0.9525 -0.1723 0.8621 0.0399
15 -127.2836 163.0588 67.1184 -0.6552 0.2604 -0.7091 0.8283 0.0113
15 -121.8379 160.7100 70.6375 -0.3424 -0.9339 -0.1027 0.8283 0.0399
MRinSpiritualFinfameOn.jpg
14 -107.8626 153.2208 50.4921 -0.3838 0.1476 -0.9116 0.7564 0.0113
14 -104.4460 151.4288 56.2372 -0.5406 -0.8392 0.0589 0.7564 0.0399
15 -107.4961 156.0840 60.8141 -0.3659 -0.9278 -0.0728 0.7897 0.0399
MRinSpiritualFinfameOn.jpg
14 -104.4460 151.4288 56.2372 -0.5406 -0.8392 0.0589 0.7564 0.0399
14 -107.8626 153.2208 50.4921 -0.3838 0.1476 -0.9116 0.7564 0.0113
14 -92.4407 143.4160 54.5660 -0.5558 -0.8293 0.0580 0.7174 0.0399
MRinSpiritualFinfameOn.jpg
14 -101.0872 149.7075 62.6330 0.1504 -0.0346 0.9880 0.7564 0.0638
14 -104.4460 151.4288 56.2372 -0.5406 -0.8392 0.0589 0.7564 0.0399
14 -92.4407 143.4160 54.5660 -0.5558 -0.8293 0.0580 0.7174 0.0399
MRinSpiritualFinfameOn.jpg
14 -107.8626 153.2208 50.4921 -0.3838 0.1476 -0.9116 0.7564 0.0113
14 -85.9245 138.3929 45.5224 0.4589 -0.5019 -0.7332 0.6867 0.0113
14 -92.4407 143.4160 54.5660 -0.5558 -0.8293 0.0580 0.7174 0.0399
MRinSpiritualFinfameOn.jpg
14 -92.4407 143.4160 54.5660 -0.5558 -0.8293 0.0580 0.7174 0.0399
14 -85.9245 138.3929 45.5224 0.4589 -0.5019 -0.7332 0.6867 0.0113
14 -84.2230 137.4872 52.5494 -0.6171 -0.7854 0.0481 0.6867 0.0399
MRinSpiritualFinfameOn.jpg
14 -84.2230 137.4872 52.5494 -0.6171 -0.7854 0.0481 0.6867 0.0399
14 -85.9245 138.3929 45.5224 0.4589 -0.5019 -0.7332 0.6867 0.0113
14 -81.3313 135.5744 59.8720 -0.6210 -0.7834 0.0271 0.6867 0.0638
MRinSpiritualFinfameOn.jpg
13 -72.1620 124.2983 51.3347 0.1759 -0.2783 -0.9442 0.6196 0.0113
13 -59.6658 108.6238 62.7682 0.3678 -0.4357 -0.8215 0.5629 0.0113
13 -64.7445 115.0136 66.0311 -0.7930 -0.6093 0.0041 0.5842 0.0399
MRinSpiritualFinfameOn.jpg
13 -64.7445 115.0136 66.0311 -0.7930 -0.6093 0.0041 0.5842 0.0399
13 -59.6658 108.6238 62.7682 0.3678 -0.4357 -0.8215 0.5629 0.0113
13 -59.9403 108.6401 69.5703 -0.7946 -0.6063 -0.0307 0.5629 0.0399
MRinSpiritualFinfameOn.jpg
13 -59.9403 108.6401 69.5703 -0.7946 -0.6063 -0.0307 0.5629 0.0399
12 -53.5888 97.4703 83.6928 -0.8629 -0.4910 -0.1196 0.5035 0.0399
13 -59.8802 108.1450 77.6345 -0.4225 0.5027 0.7542 0.5629 0.0638
MRinSpiritualFinfameOn.jpg
13 -59.6658 108.6238 62.7682 0.3678 -0.4357 -0.8215 0.5629 0.0113
12 -52.1288 96.6581 77.5755 0.4583 -0.5704 -0.6816 0.5035 0.0113
12 -53.5888 97.4703 83.6928 -0.8629 -0.4910 -0.1196 0.5035 0.0399
MRinSpiritualFinfameOn.jpg
13 -59.9403 108.6401 69.5703 -0.7946 -0.6063 -0.0307 0.5629 0.0399
13 -59.6658 108.6238 62.7682 0.3678 -0.4357 -0.8215 0.5629 0.0113
12 -53.5888 97.4703 83.6928 -0.8629 -0.4910 -0.1196 0.5035 0.0399
MRinSpiritualFinfameOn.jpg
12 -54.8395 97.8138 91.1170 -0.4454 0.5815 0.6808 0.5035 0.0638
12 -53.5888 97.4703 83.6928 -0.8629 -0.4910 -0.1196 0.5035 0.0399
12 -47.5493 83.2671 99.2068 -0.8385 -0.5255 -0.1443 0.4500 0.0399
MRinSpiritualFinfameOn.jpg
12 -53.5888 97.4703 83.6928 -0.8629 -0.4910 -0.1196 0.5035 0.0399
12 -52.1288 96.6581 77.5755 0.4583 -0.5704 -0.6816 0.5035 0.0113
12 -47.5493 83.2671 99.2068 -0.8385 -0.5255 -0.1443 0.4500 0.0399
MRinSpiritualFinfameOn.jpg
12 -52.1288 96.6581 77.5755 0.4583 -0.5704 -0.6816 0.5035 0.0113
12 -45.9113 82.4140 93.7094 0.5084 -0.8602 -0.0395 0.4500 0.0113
12 -47.5493 83.2671 99.2068 -0.8385 -0.5255 -0.1443 0.4500 0.0399
MRinSpiritualFinfameOn.jpg
12 -47.5493 83.2671 99.2068 -0.8385 -0.5255 -0.1443 0.4500 0.0399
12 -45.9113 82.4140 93.7094 0.5084 -0.8602 -0.0395 0.4500 0.0113
12 -48.9760 83.4313 106.0055 -0.8045 -0.5691 -0.1701 0.4500 0.0638
MRinSpiritualFinfameOn.jpg
12 -45.9113 82.4140 93.7094 0.5084 -0.8602 -0.0395 0.4500 0.0113
11 -38.4929 64.8442 113.7308 0.4991 -0.4417 -0.7455 0.3781 0.0113
12 -48.9760 83.4313 106.0055 -0.8045 -0.5691 -0.1701 0.4500 0.0638
MRinSpiritualFinfameOn.jpg
11 -38.4929 64.8442 113.7308 0.4991 -0.4417 -0.7455 0.3781 0.0113
11 -41.2588 66.6235 119.3590 -0.7930 -0.5746 -0.2023 0.3781 0.0399
12 -48.9760 83.4313 106.0055 -0.8045 -0.5691 -0.1701 0.4500 0.0638
MRinSpiritualFinfameOn.jpg
11 -38.4929 64.8442 113.7308 0.4991 -0.4417 -0.7455 0.3781 0.0113
10 -27.9792 45.7203 131.2702 0.4432 -0.3138 -0.8397 0.3105 0.0113
10 -31.4360 48.3009 136.9599 -0.7697 -0.6148 -0.1722 0.3105 0.0399
MRinSpiritualFinfameOn.jpg
11 -41.2588 66.6235 119.3590 -0.7930 -0.5746 -0.2023 0.3781 0.0399
11 -38.4929 64.8442 113.7308 0.4991 -0.4417 -0.7455 0.3781 0.0113
10 -31.4360 48.3009 136.9599 -0.7697 -0.6148 -0.1722 0.3105 0.0399
MRinSpiritualFinfameOn.jpg
11 -43.4624 67.5904 125.7239 -0.5046 0.4218 0.7533 0.3781 0.0638
11 -41.2588 66.6235 119.3590 -0.7930 -0.5746 -0.2023 0.3781 0.0399
10 -31.4360 48.3009 136.9599 -0.7697 -0.6148 -0.1722 0.3105 0.0399
MRinSpiritualFinfameOn.jpg
10 -31.4360 48.3009 136.9599 -0.7697 -0.6148 -0.1722 0.3105 0.0399
10 -27.9792 45.7203 131.2702 0.4432 -0.3138 -0.8397 0.3105 0.0113
23 -3.6418 33.2508 149.3672 -0.7594 -0.6240 0.1840 0.2507 0.0399
MRinSpiritualFinfameOn.jpg
49 -46.5796 -84.7525 258.2846 -0.6364 -0.2886 0.7153 0.2444 0.2298
35 -49.3522 -51.9752 267.0198 -0.5364 -0.2972 0.7899 0.2788 0.1788
35 -64.1528 -61.6367 253.3336 -0.6972 -0.2800 0.6600 0.2788 0.2668
MRinSpiritualFinfameOn.jpg
49 -46.5796 -84.7525 258.2846 -0.6364 -0.2886 0.7153 0.2444 0.2298
35 -64.1528 -61.6367 253.3336 -0.6972 -0.2800 0.6600 0.2788 0.2668
49 -52.2573 -96.6141 247.8094 -0.6467 -0.4046 0.6466 0.2132 0.2772
MRinSpiritualFinfameOn.jpg
49 -51.4048 -108.0639 239.2642 -0.7561 -0.5155 0.4032 0.1820 0.3058
49 -52.2573 -96.6141 247.8094 -0.6467 -0.4046 0.6466 0.2132 0.2772
35 -64.1528 -61.6367 253.3336 -0.6972 -0.2800 0.6600 0.2788 0.2668
MRinSpiritualFinfameOn.jpg
49 -51.4048 -108.0639 239.2642 -0.7561 -0.5155 0.4032 0.1820 0.3058
35 -64.1528 -61.6367 253.3336 -0.6972 -0.2800 0.6600 0.2788 0.2668
35 -69.7057 -61.4643 236.1538 -0.9888 -0.0852 0.1227 0.2788 0.3271
MRinSpiritualFinfameOn.jpg
49 -51.4048 -108.0639 239.2642 -0.7561 -0.5155 0.4032 0.1820 0.3058
35 -69.7057 -61.4643 236.1538 -0.9888 -0.0852 0.1227 0.2788 0.3271
49 -59.9005 -101.2874 224.4985 -0.8640 -0.5027 0.0287 0.2205 0.3605
MRinSpiritualFinfameOn.jpg
35 -69.7057 -61.4643 236.1538 -0.9888 -0.0852 0.1227 0.2788 0.3271
49 -64.2259 -89.3888 217.6767 -0.9247 -0.3748 -0.0674 0.2621 0.3953
49 -59.9005 -101.2874 224.4985 -0.8640 -0.5027 0.0287 0.2205 0.3605
MRinSpiritualFinfameOn.jpg
49 -59.9005 -101.2874 224.4985 -0.8640 -0.5027 0.0287 0.2205 0.3605
49 -64.2259 -89.3888 217.6767 -0.9247 -0.3748 -0.0674 0.2621 0.3953
49 -58.1719 -101.4788 210.3725 -0.8688 -0.4850 -0.0997 0.2163 0.4156
MRinSpiritualFinfameOn.jpg
49 -47.4877 -116.2298 207.3789 -0.7967 -0.5644 -0.2163 0.1700 0.4302
49 -59.9005 -101.2874 224.4985 -0.8640 -0.5027 0.0287 0.2205 0.3605
49 -58.1719 -101.4788 210.3725 -0.8688 -0.4850 -0.0997 0.2163 0.4156
MRinSpiritualFinfameOn.jpg
49 -46.5796 -84.7525 258.2846 -0.6364 -0.2886 0.7153 0.2444 0.2298
49 -52.2573 -96.6141 247.8094 -0.6467 -0.4046 0.6466 0.2132 0.2772
49 -41.3341 -95.2649 263.6885 -0.3148 -0.5917 0.7421 0.2049 0.2142
MRinSpiritualFinfameOn.jpg
49 -52.2573 -96.6141 247.8094 -0.6467 -0.4046 0.6466 0.2132 0.2772
49 -51.4048 -108.0639 239.2642 -0.7561 -0.5155 0.4032 0.1820 0.3058
49 -43.5314 -105.0173 255.2823 -0.3534 -0.5615 0.7482 0.1768 0.2449
MRinSpiritualFinfameOn.jpg
49 -41.3341 -95.2649 263.6885 -0.3148 -0.5917 0.7421 0.2049 0.2142
49 -52.2573 -96.6141 247.8094 -0.6467 -0.4046 0.6466 0.2132 0.2772
49 -43.5314 -105.0173 255.2823 -0.3534 -0.5615 0.7482 0.1768 0.2449
MRinSpiritualFinfameOn.jpg
49 -43.5314 -105.0173 255.2823 -0.3534 -0.5615 0.7482 0.1768 0.2449
49 -51.4048 -108.0639 239.2642 -0.7561 -0.5155 0.4032 0.1820 0.3058
49 -42.6446 -117.8643 244.1374 -0.4769 -0.6647 0.5751 0.1377 0.2834
MRinSpiritualFinfameOn.jpg
49 -30.3110 -83.6737 279.6538 -0.1393 -0.6583 0.7398 0.2361 0.1528
49 -46.5796 -84.7525 258.2846 -0.6364 -0.2886 0.7153 0.2444 0.2298
49 -41.3341 -95.2649 263.6885 -0.3148 -0.5917 0.7421 0.2049 0.2142
MRinSpiritualFinfameOn.jpg
49 -30.3110 -83.6737 279.6538 -0.1393 -0.6583 0.7398 0.2361 0.1528
49 -27.3491 -76.2458 284.9573 0.1514 -0.6136 0.7749 0.2538 0.1247
49 -46.5796 -84.7525 258.2846 -0.6364 -0.2886 0.7153 0.2444 0.2298
MRinSpiritualFinfameOn.jpg
49 -27.3491 -76.2458 284.9573 0.1514 -0.6136 0.7749 0.2538 0.1247
49 -30.3110 -83.6737 279.6538 -0.1393 -0.6583 0.7398 0.2361 0.1528
49 -32.5676 -90.4835 266.3004 0.5449 -0.7351 0.4033 0.2002 0.1830
MRinSpiritualFinfameOn.jpg
49 -32.5676 -90.4835 266.3004 0.5449 -0.7351 0.4033 0.2002 0.1830
49 -30.3110 -83.6737 279.6538 -0.1393 -0.6583 0.7398 0.2361 0.1528
49 -41.3341 -95.2649 263.6885 -0.3148 -0.5917 0.7421 0.2049 0.2142
MRinSpiritualFinfameOn.jpg
49 -41.3341 -95.2649 263.6885 -0.3148 -0.5917 0.7421 0.2049 0.2142
49 -43.5314 -105.0173 255.2823 -0.3534 -0.5615 0.7482 0.1768 0.2449
49 -37.8735 -103.3450 253.7841 -0.0709 -0.5921 0.8027 0.1648 0.2288
MRinSpiritualFinfameOn.jpg
49 -32.5676 -90.4835 266.3004 0.5449 -0.7351 0.4033 0.2002 0.1830
49 -41.3341 -95.2649 263.6885 -0.3148 -0.5917 0.7421 0.2049 0.2142
49 -37.8735 -103.3450 253.7841 -0.0709 -0.5921 0.8027 0.1648 0.2288
MRinSpiritualFinfameOn.jpg
49 -37.8735 -103.3450 253.7841 -0.0709 -0.5921 0.8027 0.1648 0.2288
49 -43.5314 -105.0173 255.2823 -0.3534 -0.5615 0.7482 0.1768 0.2449
49 -36.0938 -114.1913 248.7587 -0.1533 -0.5800 0.8000 0.1336 0.2543
MRinSpiritualFinfameOn.jpg
49 -36.0938 -114.1913 248.7587 -0.1533 -0.5800 0.8000 0.1336 0.2543
49 -43.5314 -105.0173 255.2823 -0.3534 -0.5615 0.7482 0.1768 0.2449
49 -42.6446 -117.8643 244.1374 -0.4769 -0.6647 0.5751 0.1377 0.2834
MRinSpiritualFinfameOn.jpg
49 -26.7037 -116.8901 251.3797 -0.3357 -0.5703 0.7497 0.1070 0.2356
49 -37.8735 -103.3450 253.7841 -0.0709 -0.5921 0.8027 0.1648 0.2288
49 -36.0938 -114.1913 248.7587 -0.1533 -0.5800 0.8000 0.1336 0.2543
MRinSpiritualFinfameOn.jpg
49 -26.7037 -116.8901 251.3797 -0.3357 -0.5703 0.7497 0.1070 0.2356
49 -25.5094 -105.8438 260.1318 -0.0319 -0.7672 0.6406 0.1383 0.1955
49 -37.8735 -103.3450 253.7841 -0.0709 -0.5921 0.8027 0.1648 0.2288
MRinSpiritualFinfameOn.jpg
49 -33.3327 -97.8912 261.4915 -0.5162 -0.6105 0.6007 0.1747 0.1986
49 -37.8735 -103.3450 253.7841 -0.0709 -0.5921 0.8027 0.1648 0.2288
49 -25.5094 -105.8438 260.1318 -0.0319 -0.7672 0.6406 0.1383 0.1955
MRinSpiritualFinfameOn.jpg
49 -33.3327 -97.8912 261.4915 -0.5162 -0.6105 0.6007 0.1747 0.1986
49 -25.5094 -105.8438 260.1318 -0.0319 -0.7672 0.6406 0.1383 0.1955
49 -17.5061 -93.8922 283.6891 0.0723 -0.8992 0.4316 0.1799 0.1284
MRinSpiritualFinfameOn.jpg
49 -17.8771 -96.8511 270.0582 0.5311 -0.7897 0.3070 0.1481 0.1502
49 -17.5061 -93.8922 283.6891 0.0723 -0.8992 0.4316 0.1799 0.1284
49 -25.5094 -105.8438 260.1318 -0.0319 -0.7672 0.6406 0.1383 0.1955
MRinSpiritualFinfameOn.jpg
49 -17.8771 -96.8511 270.0582 0.5311 -0.7897 0.3070 0.1481 0.1502
49 -25.5094 -105.8438 260.1318 -0.0319 -0.7672 0.6406 0.1383 0.1955
49 -20.8966 -104.0105 259.7547 -0.3198 -0.5105 0.7982 0.1279 0.1825
MRinSpiritualFinfameOn.jpg
49 -20.8966 -104.0105 259.7547 -0.3198 -0.5105 0.7982 0.1279 0.1825
49 -25.5094 -105.8438 260.1318 -0.0319 -0.7672 0.6406 0.1383 0.1955
49 -26.7037 -116.8901 251.3797 -0.3357 -0.5703 0.7497 0.1070 0.2356
MRinSpiritualFinfameOn.jpg
49 -4.4354 -119.1149 258.3709 0.2699 0.4094 0.8715 0.0560 0.1783
49 -1.9734 -112.1723 266.8329 0.2630 -0.6895 0.6748 0.0732 0.1455
49 -20.8966 -104.0105 259.7547 -0.3198 -0.5105 0.7982 0.1279 0.1825
MRinSpiritualFinfameOn.jpg
49 -16.5169 -125.2114 252.9723 -0.4465 -0.5856 0.6766 0.0581 0.2288
49 -20.8966 -104.0105 259.7547 -0.3198 -0.5105 0.7982 0.1279 0.1825
49 -26.7037 -116.8901 251.3797 -0.3357 -0.5703 0.7497 0.1070 0.2356
MRinSpiritualFinfameOn.jpg
49 -12.6129 -96.6053 272.3121 -0.6231 -0.2670 0.7352 0.1336 0.1393
49 -1.9734 -112.1723 266.8329 0.2630 -0.6895 0.6748 0.0732 0.1455
49 3.0263 -79.8413 286.9348 0.2657 -0.6786 0.6847 0.1341 0.0451
MRinSpiritualFinfameOn.jpg
49 -1.9734 -112.1723 266.8329 0.2630 -0.6895 0.6748 0.0732 0.1455
49 -12.6129 -96.6053 272.3121 -0.6231 -0.2670 0.7352 0.1336 0.1393
49 -20.8966 -104.0105 259.7547 -0.3198 -0.5105 0.7982 0.1279 0.1825
MRinSpiritualFinfameOn.jpg
49 -13.1620 -94.5572 269.1205 -0.8663 0.4421 0.2326 0.1435 0.1414
49 -20.8966 -104.0105 259.7547 -0.3198 -0.5105 0.7982 0.1279 0.1825
49 -12.6129 -96.6053 272.3121 -0.6231 -0.2670 0.7352 0.1336 0.1393
MRinSpiritualFinfameOn.jpg
49 -1.0587 -79.3182 287.4704 -0.8123 0.1022 0.5743 0.1533 0.0503
49 -12.6129 -96.6053 272.3121 -0.6231 -0.2670 0.7352 0.1336 0.1393
49 3.0263 -79.8413 286.9348 0.2657 -0.6786 0.6847 0.1341 0.0451
MRinSpiritualFinfameOn.jpg
49 -1.0587 -79.3182 287.4704 -0.8123 0.1022 0.5743 0.1533 0.0503
49 -13.1620 -94.5572 269.1205 -0.8663 0.4421 0.2326 0.1435 0.1414
49 -12.6129 -96.6053 272.3121 -0.6231 -0.2670 0.7352 0.1336 0.1393
MRinSpiritualFinfameOn.jpg
49 5.2778 -73.5860 294.6584 0.3073 0.1442 0.9406 0.1632 0.0155
49 -1.0587 -79.3182 287.4704 -0.8123 0.1022 0.5743 0.1533 0.0503
49 3.0263 -79.8413 286.9348 0.2657 -0.6786 0.6847 0.1341 0.0451
MRinSpiritualFinfameOn.jpg
49 -3.5850 -83.4265 266.6224 -0.1545 0.9377 -0.3111 0.1752 0.1107
49 -13.1620 -94.5572 269.1205 -0.8663 0.4421 0.2326 0.1435 0.1414
49 -1.0587 -79.3182 287.4704 -0.8123 0.1022 0.5743 0.1533 0.0503
MRinSpiritualFinfameOn.jpg
49 5.2778 -73.5860 294.6584 0.3073 0.1442 0.9406 0.1632 0.0155
49 -3.5850 -83.4265 266.6224 -0.1545 0.9377 -0.3111 0.1752 0.1107
49 -1.0587 -79.3182 287.4704 -0.8123 0.1022 0.5743 0.1533 0.0503
MRinSpiritualFinfameOn.jpg
40 -169.0346 0.5751 119.4918 -0.7973 0.0227 0.6031 0.9328 0.5181
40 -161.0554 -2.0929 106.6249 -0.9657 0.2508 -0.0675 0.8891 0.5181
41 -180.6152 -13.6863 109.4063 -0.9818 0.1891 0.0186 0.9328 0.4666
MRinSpiritualFinfameOn.jpg
41 -175.5743 -16.9417 95.2442 -0.2745 0.4623 -0.8432 0.8871 0.4546
41 -180.6152 -13.6863 109.4063 -0.9818 0.1891 0.0186 0.9328 0.4666
40 -161.0554 -2.0929 106.6249 -0.9657 0.2508 -0.0675 0.8891 0.5181
MRinSpiritualFinfameOn.jpg
40 -161.0554 -2.0929 106.6249 -0.9657 0.2508 -0.0675 0.8891 0.5181
40 -150.1195 -10.1421 108.7553 0.8800 -0.3691 -0.2990 0.8506 0.5181
41 -175.5743 -16.9417 95.2442 -0.2745 0.4623 -0.8432 0.8871 0.4546
MRinSpiritualFinfameOn.jpg
41 -180.6152 -13.6863 109.4063 -0.9818 0.1891 0.0186 0.9328 0.4666
41 -175.5743 -16.9417 95.2442 -0.2745 0.4623 -0.8432 0.8871 0.4546
41 -178.8348 -18.4523 106.0339 -0.8944 0.2429 0.3756 0.9245 0.4536
MRinSpiritualFinfameOn.jpg
41 -175.5743 -16.9417 95.2442 -0.2745 0.4623 -0.8432 0.8871 0.4546
41 -194.7532 -32.9040 90.3152 -0.4118 0.6059 -0.6807 0.8871 0.3943
41 -178.8348 -18.4523 106.0339 -0.8944 0.2429 0.3756 0.9245 0.4536
MRinSpiritualFinfameOn.jpg
41 -175.5743 -16.9417 95.2442 -0.2745 0.4623 -0.8432 0.8871 0.4546
41 -167.0299 -29.8143 96.8698 0.6135 -0.6457 -0.4547 0.8506 0.4432
41 -194.7532 -32.9040 90.3152 -0.4118 0.6059 -0.6807 0.8871 0.3943
MRinSpiritualFinfameOn.jpg
41 -167.0299 -29.8143 96.8698 0.6135 -0.6457 -0.4547 0.8506 0.4432
41 -175.5743 -16.9417 95.2442 -0.2745 0.4623 -0.8432 0.8871 0.4546
40 -150.1195 -10.1421 108.7553 0.8800 -0.3691 -0.2990 0.8506 0.5181
MRinSpiritualFinfameOn.jpg
41 -188.7468 -26.6979 101.9296 -0.6376 0.5637 0.5251 0.9245 0.4193
41 -178.8348 -18.4523 106.0339 -0.8944 0.2429 0.3756 0.9245 0.4536
41 -194.7532 -32.9040 90.3152 -0.4118 0.6059 -0.6807 0.8871 0.3943
MRinSpiritualFinfameOn.jpg
41 -197.6662 -33.2393 98.9512 -0.7947 0.4004 0.4562 0.9209 0.3828
41 -188.7468 -26.6979 101.9296 -0.6376 0.5637 0.5251 0.9245 0.4193
41 -194.7532 -32.9040 90.3152 -0.4118 0.6059 -0.6807 0.8871 0.3943
MRinSpiritualFinfameOn.jpg
41 -167.0299 -29.8143 96.8698 0.6135 -0.6457 -0.4547 0.8506 0.4432
41 -185.9481 -40.0757 92.8080 0.8518 -0.4130 -0.3222 0.8506 0.3932
41 -194.7532 -32.9040 90.3152 -0.4118 0.6059 -0.6807 0.8871 0.3943
MRinSpiritualFinfameOn.jpg
41 -197.6662 -33.2393 98.9512 -0.7947 0.4004 0.4562 0.9209 0.3828
41 -194.7532 -32.9040 90.3152 -0.4118 0.6059 -0.6807 0.8871 0.3943
41 -201.6834 -42.2533 93.4061 -0.9769 -0.1813 0.1135 0.9110 0.3480
MRinSpiritualFinfameOn.jpg
41 -201.6834 -42.2533 93.4061 -0.9769 -0.1813 0.1135 0.9110 0.3480
41 -194.7532 -32.9040 90.3152 -0.4118 0.6059 -0.6807 0.8871 0.3943
41 -196.0554 -43.1767 85.9102 -0.2151 0.3162 -0.9240 0.8808 0.3480
MRinSpiritualFinfameOn.jpg
41 -194.7532 -32.9040 90.3152 -0.4118 0.6059 -0.6807 0.8871 0.3943
41 -185.9481 -40.0757 92.8080 0.8518 -0.4130 -0.3222 0.8506 0.3932
41 -196.0554 -43.1767 85.9102 -0.2151 0.3162 -0.9240 0.8808 0.3480
MRinSpiritualFinfameOn.jpg
41 -189.2763 -58.9978 80.3267 -0.4038 -0.8580 -0.3175 0.8579 0.3006
41 -201.6834 -42.2533 93.4061 -0.9769 -0.1813 0.1135 0.9110 0.3480
41 -196.0554 -43.1767 85.9102 -0.2151 0.3162 -0.9240 0.8808 0.3480
MRinSpiritualFinfameOn.jpg
41 -189.2763 -58.9978 80.3267 -0.4038 -0.8580 -0.3175 0.8579 0.3006
41 -196.0554 -43.1767 85.9102 -0.2151 0.3162 -0.9240 0.8808 0.3480
41 -185.9481 -40.0757 92.8080 0.8518 -0.4130 -0.3222 0.8506 0.3932
MRinSpiritualFinfameOn.jpg
40 -163.4698 22.0055 99.3129 -0.6846 0.7008 -0.2004 0.9328 0.5181
41 -172.3196 10.8026 82.3532 -0.9839 -0.0034 -0.1789 0.9328 0.4666
40 -159.5663 10.1936 99.5624 -0.9863 -0.1362 -0.0927 0.8891 0.5181
MRinSpiritualFinfameOn.jpg
41 -167.8202 0.6709 83.4139 -0.3409 -0.8295 0.4423 0.8871 0.4546
40 -159.5663 10.1936 99.5624 -0.9863 -0.1362 -0.0927 0.8891 0.5181
41 -172.3196 10.8026 82.3532 -0.9839 -0.0034 -0.1789 0.9328 0.4666
MRinSpiritualFinfameOn.jpg
40 -159.5663 10.1936 99.5624 -0.9863 -0.1362 -0.0927 0.8891 0.5181
41 -167.8202 0.6709 83.4139 -0.3409 -0.8295 0.4423 0.8871 0.4546
40 -150.1373 13.6903 95.9374 0.9140 -0.3952 -0.0919 0.8506 0.5181
MRinSpiritualFinfameOn.jpg
41 -172.3196 10.8026 82.3532 -0.9839 -0.0034 -0.1789 0.9328 0.4666
41 -170.0784 7.9697 80.4554 -0.9476 0.2967 -0.1182 0.9245 0.4536
41 -167.8202 0.6709 83.4139 -0.3409 -0.8295 0.4423 0.8871 0.4546
MRinSpiritualFinfameOn.jpg
41 -159.9427 0.9914 77.6939 0.8008 -0.5010 -0.3283 0.8506 0.4432
40 -150.1373 13.6903 95.9374 0.9140 -0.3952 -0.0919 0.8506 0.5181
41 -167.8202 0.6709 83.4139 -0.3409 -0.8295 0.4423 0.8871 0.4546
MRinSpiritualFinfameOn.jpg
41 -167.8202 0.6709 83.4139 -0.3409 -0.8295 0.4423 0.8871 0.4546
41 -176.3491 -6.2300 70.8948 -0.4152 -0.6931 0.5892 0.8871 0.3943
41 -159.9427 0.9914 77.6939 0.8008 -0.5010 -0.3283 0.8506 0.4432
MRinSpiritualFinfameOn.jpg
41 -167.8202 0.6709 83.4139 -0.3409 -0.8295 0.4423 0.8871 0.4546
41 -170.0784 7.9697 80.4554 -0.9476 0.2967 -0.1182 0.9245 0.4536
41 -176.3491 -6.2300 70.8948 -0.4152 -0.6931 0.5892 0.8871 0.3943
MRinSpiritualFinfameOn.jpg
41 -178.6901 -0.2376 69.0015 -0.9214 0.3860 0.0458 0.9209 0.3828
41 -176.3491 -6.2300 70.8948 -0.4152 -0.6931 0.5892 0.8871 0.3943
41 -170.0784 7.9697 80.4554 -0.9476 0.2967 -0.1182 0.9245 0.4536
MRinSpiritualFinfameOn.jpg
41 -159.9427 0.9914 77.6939 0.8008 -0.5010 -0.3283 0.8506 0.4432
41 -176.3491 -6.2300 70.8948 -0.4152 -0.6931 0.5892 0.8871 0.3943
41 -169.6389 -4.5380 68.4006 0.9420 -0.3131 -0.1207 0.8506 0.3932
MRinSpiritualFinfameOn.jpg
41 -178.6901 -0.2376 69.0015 -0.9214 0.3860 0.0458 0.9209 0.3828
41 -179.1800 -5.5615 63.7787 -0.9084 -0.0048 -0.4181 0.9110 0.3480
41 -176.3491 -6.2300 70.8948 -0.4152 -0.6931 0.5892 0.8871 0.3943
MRinSpiritualFinfameOn.jpg
41 -167.4187 -15.9458 58.6489 0.6254 -0.5090 -0.5914 0.8579 0.3006
41 -169.6389 -4.5380 68.4006 0.9420 -0.3131 -0.1207 0.8506 0.3932
41 -176.3491 -6.2300 70.8948 -0.4152 -0.6931 0.5892 0.8871 0.3943
MRinSpiritualFinfameOn.jpg
41 -167.4187 -15.9458 58.6489 0.6254 -0.5090 -0.5914 0.8579 0.3006
41 -176.3491 -6.2300 70.8948 -0.4152 -0.6931 0.5892 0.8871 0.3943
41 -179.1800 -5.5615 63.7787 -0.9084 -0.0048 -0.4181 0.9110 0.3480
MRinSpiritualFinfameOn.jpg
29 -84.5139 50.2560 13.1544 -0.4981 -0.3591 0.7892 0.8168 0.1325
28 -76.9094 56.2629 14.0903 -0.1666 -0.1046 0.9805 0.8303 0.1403
28 -90.9487 68.2110 10.8324 -0.3257 0.3248 0.8879 0.8038 0.1518
MRinSpiritualFinfameOn.jpg
29 -84.5139 50.2560 13.1544 -0.4981 -0.3591 0.7892 0.8168 0.1325
28 -90.9487 68.2110 10.8324 -0.3257 0.3248 0.8879 0.8038 0.1518
29 -90.6162 56.6084 -3.2404 -0.9447 -0.1278 0.3021 0.7986 0.1383
MRinSpiritualFinfameOn.jpg
28 -90.9487 68.2110 10.8324 -0.3257 0.3248 0.8879 0.8038 0.1518
28 -76.9094 56.2629 14.0903 -0.1666 -0.1046 0.9805 0.8303 0.1403
28 -85.4945 67.4906 11.3595 -0.3654 0.5301 0.7652 0.8147 0.1622
MRinSpiritualFinfameOn.jpg
28 -76.9094 56.2629 14.0903 -0.1666 -0.1046 0.9805 0.8303 0.1403
27 -63.0019 61.3530 16.3304 -0.5174 -0.7647 0.3841 0.8527 0.1502
28 -85.4945 67.4906 11.3595 -0.3654 0.5301 0.7652 0.8147 0.1622
MRinSpiritualFinfameOn.jpg
28 -85.4945 67.4906 11.3595 -0.3654 0.5301 0.7652 0.8147 0.1622
28 -93.1627 71.5762 -4.6397 -0.1477 0.9390 0.3106 0.7877 0.1658
28 -90.9487 68.2110 10.8324 -0.3257 0.3248 0.8879 0.8038 0.1518
MRinSpiritualFinfameOn.jpg
28 -93.1627 71.5762 -4.6397 -0.1477 0.9390 0.3106 0.7877 0.1658
28 -85.4945 67.4906 11.3595 -0.3654 0.5301 0.7652 0.8147 0.1622
28 -59.8172 84.3501 1.7057 -0.1300 0.9452 0.2996 0.8246 0.2038
MRinSpiritualFinfameOn.jpg
28 -85.4945 67.4906 11.3595 -0.3654 0.5301 0.7652 0.8147 0.1622
27 -63.0019 61.3530 16.3304 -0.5174 -0.7647 0.3841 0.8527 0.1502
27 -66.5083 68.9381 21.4850 -0.8360 -0.1414 0.5302 0.8522 0.1684
MRinSpiritualFinfameOn.jpg
27 -63.0019 61.3530 16.3304 -0.5174 -0.7647 0.3841 0.8527 0.1502
27 -57.8020 55.6633 28.2213 -0.7558 -0.6404 -0.1366 0.8839 0.1481
27 -66.5083 68.9381 21.4850 -0.8360 -0.1414 0.5302 0.8522 0.1684
MRinSpiritualFinfameOn.jpg
27 -44.3186 80.7847 16.9204 0.7542 0.5491 0.3601 0.8371 0.2127
28 -59.8172 84.3501 1.7057 -0.1300 0.9452 0.2996 0.8246 0.2038
27 -54.8566 75.9294 29.8302 -0.2218 0.7349 0.6408 0.8600 0.1971
MRinSpiritualFinfameOn.jpg
27 -43.3205 72.4305 26.6258 0.6364 0.7502 0.1795 0.8595 0.2127
27 -44.3186 80.7847 16.9204 0.7542 0.5491 0.3601 0.8371 0.2127
27 -54.8566 75.9294 29.8302 -0.2218 0.7349 0.6408 0.8600 0.1971
MRinSpiritualFinfameOn.jpg
27 -54.8566 75.9294 29.8302 -0.2218 0.7349 0.6408 0.8600 0.1971
28 -85.4945 67.4906 11.3595 -0.3654 0.5301 0.7652 0.8147 0.1622
27 -66.5083 68.9381 21.4850 -0.8360 -0.1414 0.5302 0.8522 0.1684
MRinSpiritualFinfameOn.jpg
28 -59.8172 84.3501 1.7057 -0.1300 0.9452 0.2996 0.8246 0.2038
28 -85.4945 67.4906 11.3595 -0.3654 0.5301 0.7652 0.8147 0.1622
27 -54.8566 75.9294 29.8302 -0.2218 0.7349 0.6408 0.8600 0.1971
MRinSpiritualFinfameOn.jpg
27 -58.7750 61.9463 36.5298 -0.9805 0.0415 0.1919 0.8917 0.1632
27 -66.5083 68.9381 21.4850 -0.8360 -0.1414 0.5302 0.8522 0.1684
27 -57.8020 55.6633 28.2213 -0.7558 -0.6404 -0.1366 0.8839 0.1481
MRinSpiritualFinfameOn.jpg
27 -58.7750 61.9463 36.5298 -0.9805 0.0415 0.1919 0.8917 0.1632
27 -57.8020 55.6633 28.2213 -0.7558 -0.6404 -0.1366 0.8839 0.1481
27 -57.5361 51.3500 32.2474 -0.7626 -0.6383 -0.1052 0.8990 0.1445
MRinSpiritualFinfameOn.jpg
27 -34.6534 66.6497 43.4416 0.5908 0.7752 -0.2236 0.9073 0.2127
27 -43.3205 72.4305 26.6258 0.6364 0.7502 0.1795 0.8595 0.2127
27 -46.0965 69.2914 46.3653 -0.1009 0.9723 0.2106 0.9058 0.1986
MRinSpiritualFinfameOn.jpg
27 -54.8566 75.9294 29.8302 -0.2218 0.7349 0.6408 0.8600 0.1971
27 -46.0965 69.2914 46.3653 -0.1009 0.9723 0.2106 0.9058 0.1986
27 -43.3205 72.4305 26.6258 0.6364 0.7502 0.1795 0.8595 0.2127
MRinSpiritualFinfameOn.jpg
27 -52.1126 65.8135 45.6986 -0.6943 0.6304 0.3471 0.8969 0.1762
27 -54.8566 75.9294 29.8302 -0.2218 0.7349 0.6408 0.8600 0.1971
27 -66.5083 68.9381 21.4850 -0.8360 -0.1414 0.5302 0.8522 0.1684
MRinSpiritualFinfameOn.jpg
27 -52.1126 65.8135 45.6986 -0.6943 0.6304 0.3471 0.8969 0.1762
27 -66.5083 68.9381 21.4850 -0.8360 -0.1414 0.5302 0.8522 0.1684
27 -58.7750 61.9463 36.5298 -0.9805 0.0415 0.1919 0.8917 0.1632
MRinSpiritualFinfameOn.jpg
27 -46.0965 69.2914 46.3653 -0.1009 0.9723 0.2106 0.9058 0.1986
27 -54.8566 75.9294 29.8302 -0.2218 0.7349 0.6408 0.8600 0.1971
27 -52.1126 65.8135 45.6986 -0.6943 0.6304 0.3471 0.8969 0.1762
MRinSpiritualFinfameOn.jpg
27 -52.1126 65.8135 45.6986 -0.6943 0.6304 0.3471 0.8969 0.1762
27 -58.7750 61.9463 36.5298 -0.9805 0.0415 0.1919 0.8917 0.1632
27 -59.4010 58.2979 42.2137 -0.8860 -0.2673 0.3788 0.9047 0.1601
MRinSpiritualFinfameOn.jpg
27 -57.5361 51.3500 32.2474 -0.7626 -0.6383 -0.1052 0.8990 0.1445
26 -52.6836 45.5231 41.5202 0.0331 -0.6955 0.7177 0.9162 0.1476
27 -59.4010 58.2979 42.2137 -0.8860 -0.2673 0.3788 0.9047 0.1601
MRinSpiritualFinfameOn.jpg
27 -57.5361 51.3500 32.2474 -0.7626 -0.6383 -0.1052 0.8990 0.1445
27 -59.4010 58.2979 42.2137 -0.8860 -0.2673 0.3788 0.9047 0.1601
27 -58.7750 61.9463 36.5298 -0.9805 0.0415 0.1919 0.8917 0.1632
MRinSpiritualFinfameOn.jpg
26 -54.3114 52.4087 48.7476 -0.0268 -0.6628 0.7483 0.9240 0.1606
27 -59.4010 58.2979 42.2137 -0.8860 -0.2673 0.3788 0.9047 0.1601
26 -52.6836 45.5231 41.5202 0.0331 -0.6955 0.7177 0.9162 0.1476
MRinSpiritualFinfameOn.jpg
27 -52.1126 65.8135 45.6986 -0.6943 0.6304 0.3471 0.8969 0.1762
27 -59.4010 58.2979 42.2137 -0.8860 -0.2673 0.3788 0.9047 0.1601
27 -53.1917 63.9073 55.8561 -0.7307 0.2647 0.6294 0.9219 0.1794
MRinSpiritualFinfameOn.jpg
27 -53.1917 63.9073 55.8561 -0.7307 0.2647 0.6294 0.9219 0.1794
27 -59.4010 58.2979 42.2137 -0.8860 -0.2673 0.3788 0.9047 0.1601
26 -54.3114 52.4087 48.7476 -0.0268 -0.6628 0.7483 0.9240 0.1606
MRinSpiritualFinfameOn.jpg
27 -52.1126 65.8135 45.6986 -0.6943 0.6304 0.3471 0.8969 0.1762
27 -53.1917 63.9073 55.8561 -0.7307 0.2647 0.6294 0.9219 0.1794
27 -46.0965 69.2914 46.3653 -0.1009 0.9723 0.2106 0.9058 0.1986
MRinSpiritualFinfameOn.jpg
27 -53.1917 63.9073 55.8561 -0.7307 0.2647 0.6294 0.9219 0.1794
26 -54.3114 52.4087 48.7476 -0.0268 -0.6628 0.7483 0.9240 0.1606
27 -43.0855 62.5450 59.8122 -0.2894 -0.3199 0.9021 0.9391 0.1825
MRinSpiritualFinfameOn.jpg
27 -53.1917 63.9073 55.8561 -0.7307 0.2647 0.6294 0.9219 0.1794
27 -37.4857 69.0604 61.4866 0.0291 0.7070 0.7066 0.9334 0.1939
27 -46.0965 69.2914 46.3653 -0.1009 0.9723 0.2106 0.9058 0.1986
MRinSpiritualFinfameOn.jpg
27 -53.1917 63.9073 55.8561 -0.7307 0.2647 0.6294 0.9219 0.1794
27 -43.0855 62.5450 59.8122 -0.2894 -0.3199 0.9021 0.9391 0.1825
27 -37.4857 69.0604 61.4866 0.0291 0.7070 0.7066 0.9334 0.1939
MRinSpiritualFinfameOn.jpg
27 -37.4857 69.0604 61.4866 0.0291 0.7070 0.7066 0.9334 0.1939
27 -24.0838 64.1327 55.2921 0.7455 0.1526 0.6488 0.9354 0.2127
27 -34.6534 66.6497 43.4416 0.5908 0.7752 -0.2236 0.9073 0.2127
MRinSpiritualFinfameOn.jpg
27 -37.4857 69.0604 61.4866 0.0291 0.7070 0.7066 0.9334 0.1939
27 -34.6534 66.6497 43.4416 0.5908 0.7752 -0.2236 0.9073 0.2127
27 -46.0965 69.2914 46.3653 -0.1009 0.9723 0.2106 0.9058 0.1986
MRinSpiritualFinfameOn.jpg
27 -43.0855 62.5450 59.8122 -0.2894 -0.3199 0.9021 0.9391 0.1825
27 -35.2487 64.2167 60.9906 0.2714 -0.1085 0.9563 0.9448 0.1997
27 -37.4857 69.0604 61.4866 0.0291 0.7070 0.7066 0.9334 0.1939
MRinSpiritualFinfameOn.jpg
27 -35.2487 64.2167 60.9906 0.2714 -0.1085 0.9563 0.9448 0.1997
27 -27.9197 61.8563 56.5148 0.4603 -0.3337 0.8226 0.9474 0.2127
27 -24.0838 64.1327 55.2921 0.7455 0.1526 0.6488 0.9354 0.2127
MRinSpiritualFinfameOn.jpg
27 -37.4857 69.0604 61.4866 0.0291 0.7070 0.7066 0.9334 0.1939
27 -35.2487 64.2167 60.9906 0.2714 -0.1085 0.9563 0.9448 0.1997
27 -24.0838 64.1327 55.2921 0.7455 0.1526 0.6488 0.9354 0.2127
MRinSpiritualFinfameOn.jpg
16 -128.0977 200.8945 188.8918 -0.3363 -0.9296 -0.1505 0.2616 0.6295
16 -118.9114 202.0917 194.4199 0.7628 -0.5278 0.3736 0.2725 0.6524
16 -125.3763 201.8615 203.7037 -0.3884 -0.9050 -0.1733 0.2257 0.6768
MRinSpiritualFinfameOn.jpg
16 -156.6522 149.9137 117.3902 -0.0897 -0.9820 -0.1663 0.2616 0.6295
16 -148.5852 153.2244 123.7457 0.8266 -0.3337 0.4532 0.2725 0.6524
16 -155.6901 151.4016 132.3705 -0.1373 -0.9709 -0.1965 0.2257 0.6768
MRinSpiritualFinfameOn.jpg
16 -164.3102 148.5529 143.9636 -0.1387 -0.9333 -0.3313 0.2496 0.7133
16 -171.3003 157.6176 120.0360 -0.1007 -0.9289 -0.3564 0.2991 0.6519
16 -155.6901 151.4016 132.3705 -0.1373 -0.9709 -0.1965 0.2257 0.6768
MRinSpiritualFinfameOn.jpg
26 -78.1740 9.8958 65.0439 0.8819 0.3712 0.2907 -1.1111 0.7476
26 -86.4753 25.1061 64.4757 0.8143 0.4578 0.3569 -1.1366 0.7294
25 -81.3911 -5.3762 81.1653 0.8735 0.2552 0.4146 -1.1111 0.7939
MRinSpiritualFinfameOn.jpg
26 -78.1740 9.8958 65.0439 0.8819 0.3712 0.2907 -1.1111 0.7476
26 -76.1507 27.7019 43.5145 0.8795 0.3229 0.3496 -1.1111 0.6956
26 -86.4753 25.1061 64.4757 0.8143 0.4578 0.3569 -1.1366 0.7294
MRinSpiritualFinfameOn.jpg
26 -78.1740 9.8958 65.0439 0.8819 0.3712 0.2907 -1.1111 0.7476
26 -73.0454 5.3721 48.9509 0.9350 0.2784 0.2197 -1.1366 0.7294
26 -76.1507 27.7019 43.5145 0.8795 0.3229 0.3496 -1.1111 0.6956
MRinSpiritualFinfameOn.jpg
26 -78.1740 9.8958 65.0439 0.8819 0.3712 0.2907 -1.1111 0.7476
25 -81.3911 -5.3762 81.1653 0.8735 0.2552 0.4146 -1.1111 0.7939
26 -73.0454 5.3721 48.9509 0.9350 0.2784 0.2197 -1.1366 0.7294
MRinSpiritualFinfameOn.jpg
35 -56.4752 -64.0275 169.5895 -0.7105 -0.6093 -0.3520 0.3807 0.5837
35 -76.7888 -55.4010 195.6578 -0.5970 -0.7526 -0.2779 0.4604 0.5665
35 -66.3930 -57.1342 177.6751 -0.6435 -0.6657 -0.3778 0.4104 0.5915
MRinSpiritualFinfameOn.jpg
35 -75.3856 -51.5848 185.0394 -0.8282 -0.4141 -0.3775 0.4458 0.5936
35 -76.7888 -55.4010 195.6578 -0.5970 -0.7526 -0.2779 0.4604 0.5665
35 -89.4798 -52.0167 203.7332 -0.5084 -0.8165 -0.2735 0.5072 0.5681
MRinSpiritualFinfameOn.jpg
35 -75.3856 -51.5848 185.0394 -0.8282 -0.4141 -0.3775 0.4458 0.5936
35 -89.4798 -52.0167 203.7332 -0.5084 -0.8165 -0.2735 0.5072 0.5681
35 -73.9506 -43.4687 186.7924 -0.9465 0.1977 -0.2550 0.4614 0.6154
MRinSpiritualFinfameOn.jpg
35 -76.7888 -55.4010 195.6578 -0.5970 -0.7526 -0.2779 0.4604 0.5665
35 -79.3796 -57.4577 208.4706 -0.4445 -0.8661 -0.2285 0.4812 0.5379
35 -89.4798 -52.0167 203.7332 -0.5084 -0.8165 -0.2735 0.5072 0.5681
MRinSpiritualFinfameOn.jpg
35 -74.2287 -60.9131 207.6865 -0.7542 -0.6338 -0.1716 0.4656 0.5306
35 -79.3796 -57.4577 208.4706 -0.4445 -0.8661 -0.2285 0.4812 0.5379
35 -76.7888 -55.4010 195.6578 -0.5970 -0.7526 -0.2779 0.4604 0.5665
MRinSpiritualFinfameOn.jpg
35 -74.2287 -60.9131 207.6865 -0.7542 -0.6338 -0.1716 0.4656 0.5306
35 -76.7888 -55.4010 195.6578 -0.5970 -0.7526 -0.2779 0.4604 0.5665
35 -73.3413 -59.0539 194.5236 -0.8340 -0.4906 -0.2525 0.4458 0.5577
MRinSpiritualFinfameOn.jpg
35 -74.2287 -60.9131 207.6865 -0.7542 -0.6338 -0.1716 0.4656 0.5306
35 -73.3413 -59.0539 194.5236 -0.8340 -0.4906 -0.2525 0.4458 0.5577
35 -70.6217 -65.0101 194.5695 -0.8658 -0.3977 -0.3039 0.4297 0.5452
MRinSpiritualFinfameOn.jpg
35 -79.3796 -57.4577 208.4706 -0.4445 -0.8661 -0.2285 0.4812 0.5379
35 -81.3011 -57.6557 212.6080 -0.4887 -0.8639 -0.1220 0.4905 0.5301
35 -89.4798 -52.0167 203.7332 -0.5084 -0.8165 -0.2735 0.5072 0.5681
MRinSpiritualFinfameOn.jpg
38 -111.2739 -25.3273 231.2348 -0.8848 -0.4660 0.0082 0.5597 0.5186
35 -89.4798 -52.0167 203.7332 -0.5084 -0.8165 -0.2735 0.5072 0.5681
35 -81.3011 -57.6557 212.6080 -0.4887 -0.8639 -0.1220 0.4905 0.5301
MRinSpiritualFinfameOn.jpg
38 -111.2739 -25.3273 231.2348 -0.8848 -0.4660 0.0082 0.5597 0.5186
38 -110.3779 -26.4588 221.4484 -0.7227 -0.6910 0.0137 0.5421 0.5379
35 -89.4798 -52.0167 203.7332 -0.5084 -0.8165 -0.2735 0.5072 0.5681
MRinSpiritualFinfameOn.jpg
38 -111.2739 -25.3273 231.2348 -0.8848 -0.4660 0.0082 0.5597 0.5186
35 -81.3011 -57.6557 212.6080 -0.4887 -0.8639 -0.1220 0.4905 0.5301
38 -103.3019 -44.3557 233.6209 -0.9418 -0.3350 0.0272 0.5140 0.4827
MRinSpiritualFinfameOn.jpg
38 -103.3019 -44.3557 233.6209 -0.9418 -0.3350 0.0272 0.5140 0.4827
35 -81.3011 -57.6557 212.6080 -0.4887 -0.8639 -0.1220 0.4905 0.5301
35 -74.8590 -62.2168 210.6679 -0.5928 -0.8008 -0.0857 0.4697 0.5238
MRinSpiritualFinfameOn.jpg
38 -111.2739 -25.3273 231.2348 -0.8848 -0.4660 0.0082 0.5597 0.5186
38 -103.3019 -44.3557 233.6209 -0.9418 -0.3350 0.0272 0.5140 0.4827
38 -111.6665 -17.6527 238.8245 -0.9673 -0.2314 0.1038 0.5878 0.5124
MRinSpiritualFinfameOn.jpg
38 -111.6665 -17.6527 238.8245 -0.9673 -0.2314 0.1038 0.5878 0.5124
38 -103.3019 -44.3557 233.6209 -0.9418 -0.3350 0.0272 0.5140 0.4827
38 -102.5187 -42.9146 249.2769 -0.9460 -0.3238 -0.0178 0.5421 0.4494
MRinSpiritualFinfameOn.jpg
27 -27.9197 61.8563 56.5148 0.8122 0.2582 0.5232 0.8345 0.2314
27 -29.7536 52.9965 63.7335 0.6382 -0.0204 0.7696 0.8527 0.2236
27 -25.8270 52.9126 50.7467 0.9930 -0.0850 0.0822 0.8449 0.2439
MRinSpiritualFinfameOn.jpg
27 -29.7536 52.9965 63.7335 0.6382 -0.0204 0.7696 0.8527 0.2236
26 -34.7238 48.5390 59.7292 0.5549 -0.2814 0.7829 0.8756 0.2236
27 -26.3049 48.2501 56.8317 0.6809 -0.7164 0.1519 0.8569 0.2371
MRinSpiritualFinfameOn.jpg
27 -25.8270 52.9126 50.7467 0.9930 -0.0850 0.0822 0.8449 0.2439
27 -29.7536 52.9965 63.7335 0.6382 -0.0204 0.7696 0.8527 0.2236
27 -26.3049 48.2501 56.8317 0.6809 -0.7164 0.1519 0.8569 0.2371
MRinSpiritualFinfameOn.jpg
27 -33.6209 46.9750 42.4856 0.4722 -0.8085 -0.3512 0.8584 0.2553
27 -25.8270 52.9126 50.7467 0.9930 -0.0850 0.0822 0.8449 0.2439
27 -26.3049 48.2501 56.8317 0.6809 -0.7164 0.1519 0.8569 0.2371
MRinSpiritualFinfameOn.jpg
26 -67.2441 30.7882 46.7409 -0.1824 0.1450 -0.9725 0.9323 0.2923
26 -52.6836 45.5231 41.5202 -0.8463 -0.3505 -0.4012 0.8839 0.2923
26 -36.4051 43.8641 50.8105 0.4778 -0.8358 -0.2704 0.8803 0.2481
MRinSpiritualFinfameOn.jpg
26 -36.4051 43.8641 50.8105 0.4778 -0.8358 -0.2704 0.8803 0.2481
27 -33.6209 46.9750 42.4856 0.4722 -0.8085 -0.3512 0.8584 0.2553
27 -26.3049 48.2501 56.8317 0.6809 -0.7164 0.1519 0.8569 0.2371
MRinSpiritualFinfameOn.jpg
27 -26.3049 48.2501 56.8317 0.6809 -0.7164 0.1519 0.8569 0.2371
26 -34.7238 48.5390 59.7292 0.5549 -0.2814 0.7829 0.8756 0.2236
26 -36.4051 43.8641 50.8105 0.4778 -0.8358 -0.2704 0.8803 0.2481
MRinSpiritualFinfameOn.jpg
26 -45.9782 44.2311 42.3173 0.0078 -0.9986 -0.0519 0.8772 0.2751
26 -36.4051 43.8641 50.8105 0.4778 -0.8358 -0.2704 0.8803 0.2481
26 -52.6836 45.5231 41.5202 -0.8463 -0.3505 -0.4012 0.8839 0.2923
MRinSpiritualFinfameOn.jpg
26 -36.4051 43.8641 50.8105 0.4778 -0.8358 -0.2704 0.8803 0.2481
26 -45.9782 44.2311 42.3173 0.0078 -0.9986 -0.0519 0.8772 0.2751
27 -33.6209 46.9750 42.4856 0.4722 -0.8085 -0.3512 0.8584 0.2553
MRinSpiritualFinfameOn.jpg
26 -36.4051 43.8641 50.8105 0.4778 -0.8358 -0.2704 0.8803 0.2481
26 -34.7238 48.5390 59.7292 0.5549 -0.2814 0.7829 0.8756 0.2236
26 -47.2716 22.1845 52.6685 0.7880 -0.5932 -0.1650 0.9198 0.2444
MRinSpiritualFinfameOn.jpg
26 -47.2716 22.1845 52.6685 0.7880 -0.5932 -0.1650 0.9198 0.2444
26 -67.2441 30.7882 46.7409 -0.1824 0.1450 -0.9725 0.9323 0.2923
26 -36.4051 43.8641 50.8105 0.4778 -0.8358 -0.2704 0.8803 0.2481
MRinSpiritualFinfameOn.jpg
26 -47.2716 22.1845 52.6685 0.7880 -0.5932 -0.1650 0.9198 0.2444
26 -34.7238 48.5390 59.7292 0.5549 -0.2814 0.7829 0.8756 0.2236
26 -43.5270 37.1368 66.6288 0.4743 -0.2111 0.8546 0.9068 0.2236
MRinSpiritualFinfameOn.jpg
25 -51.5227 26.4198 71.0255 0.2083 -0.4563 0.8651 0.9365 0.2236
26 -47.2716 22.1845 52.6685 0.7880 -0.5932 -0.1650 0.9198 0.2444
26 -43.5270 37.1368 66.6288 0.4743 -0.2111 0.8546 0.9068 0.2236
MRinSpiritualFinfameOn.jpg
26 -57.8690 11.9544 56.0111 0.6758 -0.7361 -0.0389 0.9516 0.2392
26 -47.2716 22.1845 52.6685 0.7880 -0.5932 -0.1650 0.9198 0.2444
25 -51.5227 26.4198 71.0255 0.2083 -0.4563 0.8651 0.9365 0.2236
MRinSpiritualFinfameOn.jpg
26 -57.8690 11.9544 56.0111 0.6758 -0.7361 -0.0389 0.9516 0.2392
26 -66.9138 8.4189 47.6645 0.1156 -0.6028 -0.7895 0.9531 0.2657
26 -47.2716 22.1845 52.6685 0.7880 -0.5932 -0.1650 0.9198 0.2444
MRinSpiritualFinfameOn.jpg
26 -80.9207 18.4587 48.0170 -0.7124 0.0839 -0.6968 0.9589 0.2923
26 -67.2441 30.7882 46.7409 -0.1824 0.1450 -0.9725 0.9323 0.2923
26 -66.9138 8.4189 47.6645 0.1156 -0.6028 -0.7895 0.9531 0.2657
MRinSpiritualFinfameOn.jpg
26 -80.9207 18.4587 48.0170 -0.7124 0.0839 -0.6968 0.9589 0.2923
26 -66.9138 8.4189 47.6645 0.1156 -0.6028 -0.7895 0.9531 0.2657
26 -83.3170 8.6367 58.6583 -0.6822 -0.5002 -0.5333 0.9875 0.2923
MRinSpiritualFinfameOn.jpg
26 -66.9138 8.4189 47.6645 0.1156 -0.6028 -0.7895 0.9531 0.2657
26 -67.2441 30.7882 46.7409 -0.1824 0.1450 -0.9725 0.9323 0.2923
26 -47.2716 22.1845 52.6685 0.7880 -0.5932 -0.1650 0.9198 0.2444
MRinSpiritualFinfameOn.jpg
26 -69.0614 3.6459 55.5456 0.1127 -0.8632 -0.4921 0.9771 0.2626
26 -83.3170 8.6367 58.6583 -0.6822 -0.5002 -0.5333 0.9875 0.2923
26 -66.9138 8.4189 47.6645 0.1156 -0.6028 -0.7895 0.9531 0.2657
MRinSpiritualFinfameOn.jpg
26 -69.0614 3.6459 55.5456 0.1127 -0.8632 -0.4921 0.9771 0.2626
26 -66.9138 8.4189 47.6645 0.1156 -0.6028 -0.7895 0.9531 0.2657
26 -57.8690 11.9544 56.0111 0.6758 -0.7361 -0.0389 0.9516 0.2392
MRinSpiritualFinfameOn.jpg
42 -144.8052 -11.3234 141.9537 0.3454 0.6169 0.7072 0.4500 0.1377
42 -144.1988 -18.4446 146.0883 -0.0527 0.1451 0.9880 0.4635 0.1544
42 -139.8661 -13.8935 144.8681 0.3219 0.6957 0.6421 0.4640 0.1377
MRinSpiritualFinfameOn.jpg
42 -144.1988 -18.4446 146.0883 -0.0527 0.1451 0.9880 0.4635 0.1544
42 -144.8052 -11.3234 141.9537 0.3454 0.6169 0.7072 0.4500 0.1377
40 -156.1758 -3.2297 147.4123 -0.1768 -0.2719 0.9459 0.4146 0.1544
MRinSpiritualFinfameOn.jpg
42 -139.8661 -13.8935 144.8681 0.3219 0.6957 0.6421 0.4640 0.1377
42 -144.1988 -18.4446 146.0883 -0.0527 0.1451 0.9880 0.4635 0.1544
42 -131.1572 -26.7948 144.2692 0.1173 0.7380 0.6645 0.4905 0.1377
MRinSpiritualFinfameOn.jpg
40 -156.4309 -17.4711 136.0064 -0.6823 -0.6538 0.3272 0.4421 0.1768
42 -144.1988 -18.4446 146.0883 -0.0527 0.1451 0.9880 0.4635 0.1544
40 -156.1758 -3.2297 147.4123 -0.1768 -0.2719 0.9459 0.4146 0.1544
MRinSpiritualFinfameOn.jpg
40 -159.6522 -19.1763 132.3426 -0.1213 -0.8548 0.5045 0.4297 0.1814
40 -152.7704 -19.2453 121.7382 0.1478 -0.9393 -0.3096 0.4421 0.1971
40 -156.4309 -17.4711 136.0064 -0.6823 -0.6538 0.3272 0.4421 0.1768
MRinSpiritualFinfameOn.jpg
42 -128.5190 -22.9640 149.3901 -0.1184 0.8582 0.4995 0.5088 0.1377
42 -133.9411 -30.6407 147.9215 -0.3332 -0.2307 0.9142 0.4983 0.1539
42 -124.0229 -38.0615 143.3092 0.7544 -0.1400 0.6413 0.5270 0.1606
MRinSpiritualFinfameOn.jpg
42 -133.9411 -30.6407 147.9215 -0.3332 -0.2307 0.9142 0.4983 0.1539
42 -131.1572 -26.7948 144.2692 0.1173 0.7380 0.6645 0.4905 0.1377
42 -144.1988 -18.4446 146.0883 -0.0527 0.1451 0.9880 0.4635 0.1544
MRinSpiritualFinfameOn.jpg
42 -131.1572 -26.7948 144.2692 0.1173 0.7380 0.6645 0.4905 0.1377
42 -133.9411 -30.6407 147.9215 -0.3332 -0.2307 0.9142 0.4983 0.1539
42 -128.5190 -22.9640 149.3901 -0.1184 0.8582 0.4995 0.5088 0.1377
MRinSpiritualFinfameOn.jpg
42 -121.5797 -58.3135 131.8281 0.2736 -0.8834 -0.3805 0.5483 0.2028
42 -137.7441 -34.0412 142.1811 -0.6719 -0.7261 0.1460 0.4911 0.1690
42 -136.1120 -33.1283 135.2802 -0.4196 -0.4847 -0.7674 0.4885 0.1841
MRinSpiritualFinfameOn.jpg
42 -121.5797 -58.3135 131.8281 0.2736 -0.8834 -0.3805 0.5483 0.2028
42 -133.9411 -30.6407 147.9215 -0.3332 -0.2307 0.9142 0.4983 0.1539
42 -137.7441 -34.0412 142.1811 -0.6719 -0.7261 0.1460 0.4911 0.1690
MRinSpiritualFinfameOn.jpg
42 -136.1120 -33.1283 135.2802 -0.4196 -0.4847 -0.7674 0.4885 0.1841
42 -137.7441 -34.0412 142.1811 -0.6719 -0.7261 0.1460 0.4911 0.1690
42 -144.2571 -27.0269 131.7551 -0.0115 -0.6561 -0.7546 0.4682 0.1861
MRinSpiritualFinfameOn.jpg
42 -137.7441 -34.0412 142.1811 -0.6719 -0.7261 0.1460 0.4911 0.1690
42 -133.9411 -30.6407 147.9215 -0.3332 -0.2307 0.9142 0.4983 0.1539
40 -156.4309 -17.4711 136.0064 -0.6823 -0.6538 0.3272 0.4421 0.1768
MRinSpiritualFinfameOn.jpg
40 -156.4309 -17.4711 136.0064 -0.6823 -0.6538 0.3272 0.4421 0.1768
42 -144.2571 -27.0269 131.7551 -0.0115 -0.6561 -0.7546 0.4682 0.1861
42 -137.7441 -34.0412 142.1811 -0.6719 -0.7261 0.1460 0.4911 0.1690
MRinSpiritualFinfameOn.jpg
49 -54.7418 -99.6216 192.6527 -0.8933 -0.4271 -0.1399 0.2590 0.1003
49 -58.1719 -101.4788 210.3725 -0.8713 -0.4411 -0.2149 0.1913 0.1232
49 -64.2259 -89.3888 217.6767 -0.9191 -0.3318 -0.2127 0.1877 0.1768
MRinSpiritualFinfameOn.jpg
29 -99.1373 51.3881 3.8166 -0.5120 0.7503 0.4182 0.7538 0.1835
29 -84.5139 50.2560 13.1544 0.3133 0.1112 0.9431 0.8038 0.2023
29 -90.6162 56.6084 -3.2404 -0.8300 0.4719 0.2974 0.7799 0.1716
MRinSpiritualFinfameOn.jpg
29 -98.3022 43.0538 16.4962 -0.2527 -0.1486 0.9561 0.7637 0.2028
29 -84.5139 50.2560 13.1544 0.3133 0.1112 0.9431 0.8038 0.2023
29 -99.1373 51.3881 3.8166 -0.5120 0.7503 0.4182 0.7538 0.1835
MRinSpiritualFinfameOn.jpg
29 -98.3022 43.0538 16.4962 -0.2527 -0.1486 0.9561 0.7637 0.2028
29 -99.1373 51.3881 3.8166 -0.5120 0.7503 0.4182 0.7538 0.1835
29 -106.1022 40.1031 8.6004 -0.7876 -0.3509 0.5065 0.7377 0.2002
MRinSpiritualFinfameOn.jpg
29 -97.8896 21.7028 -8.0473 -0.6944 -0.3053 -0.6516 0.7164 0.1971
29 -92.8780 23.3406 6.7917 -0.6412 -0.5198 0.5645 0.7377 0.2002
29 -90.4741 33.3748 1.9030 -0.5912 0.6242 0.5107 0.7538 0.1835
MRinSpiritualFinfameOn.jpg
29 -85.5040 27.7338 13.7808 -0.0688 -0.1742 0.9823 0.7637 0.2028
29 -90.4741 33.3748 1.9030 -0.5912 0.6242 0.5107 0.7538 0.1835
29 -92.8780 23.3406 6.7917 -0.6412 -0.5198 0.5645 0.7377 0.2002
MRinSpiritualFinfameOn.jpg
29 -85.5040 27.7338 13.7808 -0.0688 -0.1742 0.9823 0.7637 0.2028
29 -75.2165 34.9540 7.3223 0.3926 0.1281 0.9108 0.8038 0.2023
29 -90.4741 33.3748 1.9030 -0.5912 0.6242 0.5107 0.7538 0.1835
MRinSpiritualFinfameOn.jpg
29 -90.4741 33.3748 1.9030 -0.5912 0.6242 0.5107 0.7538 0.1835
29 -75.2165 34.9540 7.3223 0.3926 0.1281 0.9108 0.8038 0.2023
29 -84.2109 41.4818 -4.6125 -0.7554 -0.4529 0.4736 0.7799 0.1716
MRinSpiritualFinfameOn.jpg
35 -68.9106 8.2906 209.0310 -0.4873 0.8488 -0.2052 0.4687 0.9474
24 -60.9199 17.1823 182.2954 -0.5876 0.5490 -0.5945 0.4349 0.9511
35 -74.1311 -2.8866 192.5607 -0.1179 0.8362 -0.5357 0.4671 0.9896
MRinSpiritualFinfameOn.jpg
38 -64.8191 13.1688 227.2719 0.2292 0.9333 0.2766 0.5384 0.9490
38 -52.2597 5.1965 219.1994 0.6415 0.7507 -0.1582 0.4999 0.9433
38 -76.4163 25.1338 216.9780 0.2530 0.7395 0.6238 0.5582 0.9896
MRinSpiritualFinfameOn.jpg
35 -68.9106 8.2906 209.0310 -0.4873 0.8488 -0.2052 0.4687 0.9474
38 -52.2597 5.1965 219.1994 0.6415 0.7507 -0.1582 0.4999 0.9433
35 -61.7026 15.1397 225.4166 -0.1594 0.9833 0.0874 0.4744 0.8959
MRinSpiritualFinfameOn.jpg
24 -43.9045 18.2601 174.7726 -0.5033 0.6407 -0.5799 0.3948 0.9511
24 -60.9199 17.1823 182.2954 -0.5876 0.5490 -0.5945 0.4349 0.9511
24 -53.9935 29.8235 202.7082 -0.4086 0.8750 -0.2596 0.4338 0.9115
MRinSpiritualFinfameOn.jpg
38 -107.9111 -27.3469 216.9695 -0.9720 -0.2256 -0.0661 0.7039 0.9058
38 -100.7542 -30.0239 205.2407 -0.8874 -0.2161 -0.4071 0.7471 0.9058
35 -82.5840 -56.9818 217.5902 -0.5162 -0.8561 0.0226 0.7361 0.8673
MRinSpiritualFinfameOn.jpg
35 -82.5840 -56.9818 217.5902 -0.5162 -0.8561 0.0226 0.7361 0.8673
35 -69.7057 -61.4643 236.1538 -0.6363 -0.6693 0.3837 0.7075 0.8168
37 -87.8732 -44.2211 245.9883 -0.4607 -0.6568 0.5970 0.6607 0.8636
MRinSpiritualFinfameOn.jpg
35 -69.7057 -61.4643 236.1538 -0.6363 -0.6693 0.3837 0.7075 0.8168
35 -70.6740 -50.1697 248.7751 -0.6208 -0.3687 0.6918 0.6565 0.8204
37 -87.8732 -44.2211 245.9883 -0.4607 -0.6568 0.5970 0.6607 0.8636
MRinSpiritualFinfameOn.jpg
35 -64.1528 -61.6367 253.3336 -0.8039 -0.2410 0.5437 0.6654 0.7767
35 -70.6740 -50.1697 248.7751 -0.6208 -0.3687 0.6918 0.6565 0.8204
35 -69.7057 -61.4643 236.1538 -0.6363 -0.6693 0.3837 0.7075 0.8168
MRinSpiritualFinfameOn.jpg
35 -49.3522 -51.9752 267.0198 -0.4344 -0.0646 0.8984 0.6331 0.7658
35 -70.6740 -50.1697 248.7751 -0.6208 -0.3687 0.6918 0.6565 0.8204
35 -64.1528 -61.6367 253.3336 -0.8039 -0.2410 0.5437 0.6654 0.7767
MRinSpiritualFinfameOn.jpg
37 -87.8732 -44.2211 245.9883 -0.4607 -0.6568 0.5970 0.6607 0.8636
35 -70.6740 -50.1697 248.7751 -0.6208 -0.3687 0.6918 0.6565 0.8204
35 -66.6377 -34.1956 256.9288 -0.3345 -0.1390 0.9321 0.6003 0.8184
MRinSpiritualFinfameOn.jpg
35 -70.6740 -50.1697 248.7751 -0.6208 -0.3687 0.6918 0.6565 0.8204
35 -49.3522 -51.9752 267.0198 -0.4344 -0.0646 0.8984 0.6331 0.7658
35 -66.6377 -34.1956 256.9288 -0.3345 -0.1390 0.9321 0.6003 0.8184
MRinSpiritualFinfameOn.jpg
35 -66.6377 -34.1956 256.9288 -0.3345 -0.1390 0.9321 0.6003 0.8184
35 -49.3522 -51.9752 267.0198 -0.4344 -0.0646 0.8984 0.6331 0.7658
35 -30.0903 -8.8950 263.5922 -0.0575 0.3666 0.9286 0.4869 0.7689
MRinSpiritualFinfameOn.jpg
35 -2.2095 -56.5051 274.1242 0.3645 0.4702 0.8038 0.5363 0.6404
35 -26.4920 -58.7667 271.6506 -0.2617 0.1162 0.9581 0.6024 0.6904
35 0.5384 -54.0551 281.8271 0.3990 0.7445 0.5352 0.5332 0.6185
MRinSpiritualFinfameOn.jpg
35 -5.0124 -67.7269 279.3736 0.0927 -0.3616 0.9277 0.5988 0.6191
35 -26.4920 -58.7667 271.6506 -0.2617 0.1162 0.9581 0.6024 0.6904
49 -3.5850 -83.4265 266.6224 0.3207 -0.2000 0.9258 0.6737 0.6300
MRinSpiritualFinfameOn.jpg
49 -46.5796 -84.7525 258.2846 -0.2837 -0.2697 0.9202 0.7034 0.7492
35 -26.4920 -58.7667 271.6506 -0.2617 0.1162 0.9581 0.6024 0.6904
35 -49.3522 -51.9752 267.0198 -0.4344 -0.0646 0.8984 0.6331 0.7658
MRinSpiritualFinfameOn.jpg
49 -46.5796 -84.7525 258.2846 -0.2837 -0.2697 0.9202 0.7034 0.7492
49 -32.5676 -90.4835 266.3004 -0.3402 -0.0699 0.9378 0.7117 0.7018
35 -26.4920 -58.7667 271.6506 -0.2617 0.1162 0.9581 0.6024 0.6904
MRinSpiritualFinfameOn.jpg
35 -26.4920 -58.7667 271.6506 -0.2617 0.1162 0.9581 0.6024 0.6904
49 -13.1620 -94.5572 269.1205 0.0259 -0.0478 0.9985 0.7341 0.6456
49 -3.5850 -83.4265 266.6224 0.3207 -0.2000 0.9258 0.6737 0.6300
MRinSpiritualFinfameOn.jpg
49 -13.1620 -94.5572 269.1205 0.0259 -0.0478 0.9985 0.7341 0.6456
35 -26.4920 -58.7667 271.6506 -0.2617 0.1162 0.9581 0.6024 0.6904
49 -32.5676 -90.4835 266.3004 -0.3402 -0.0699 0.9378 0.7117 0.7018
MRinSpiritualFinfameOn.jpg
35 12.3670 3.3576 244.5658 0.3766 0.5351 0.7562 0.3693 0.7507
24 11.7766 32.2999 204.5616 0.3698 0.9235 0.1020 0.3173 0.8028
35 -14.9550 10.9103 248.2757 0.0545 0.7362 0.6745 0.4135 0.8017
MRinSpiritualFinfameOn.jpg
35 -14.9550 10.9103 248.2757 0.0545 0.7362 0.6745 0.4135 0.8017
24 11.7766 32.2999 204.5616 0.3698 0.9235 0.1020 0.3173 0.8028
24 -11.2066 38.8458 203.5432 0.0964 0.9948 -0.0330 0.3620 0.8366
MRinSpiritualFinfameOn.jpg
23 14.7394 24.6053 153.4282 0.5251 0.8500 -0.0406 0.2595 0.8600
23 -3.1226 31.5889 157.9928 0.1066 0.9725 -0.2070 0.3017 0.8943
23 15.4310 24.9402 169.3734 0.5170 0.8424 -0.1522 0.2808 0.8366
MRinSpiritualFinfameOn.jpg
23 -3.1226 31.5889 157.9928 0.1066 0.9725 -0.2070 0.3017 0.8943
24 -34.2061 34.1115 193.5751 -0.2923 0.9431 -0.1583 0.3964 0.8834
24 -11.2066 38.8458 203.5432 0.0964 0.9948 -0.0330 0.3620 0.8366
MRinSpiritualFinfameOn.jpg
24 -43.9045 18.2601 174.7726 -0.5033 0.6407 -0.5799 0.3948 0.9511
24 -53.9935 29.8235 202.7082 -0.4086 0.8750 -0.2596 0.4338 0.9115
24 -34.2061 34.1115 193.5751 -0.2923 0.9431 -0.1583 0.3964 0.8834
MRinSpiritualFinfameOn.jpg
24 -34.2061 34.1115 193.5751 -0.2923 0.9431 -0.1583 0.3964 0.8834
35 -14.9550 10.9103 248.2757 0.0545 0.7362 0.6745 0.4135 0.8017
24 -11.2066 38.8458 203.5432 0.0964 0.9948 -0.0330 0.3620 0.8366
MRinSpiritualFinfameOn.jpg
24 -34.2061 34.1115 193.5751 -0.2923 0.9431 -0.1583 0.3964 0.8834
35 -45.9389 6.2765 246.3061 -0.1401 0.7684 0.6245 0.4624 0.8459
35 -14.9550 10.9103 248.2757 0.0545 0.7362 0.6745 0.4135 0.8017
MRinSpiritualFinfameOn.jpg
35 -61.7026 15.1397 225.4166 -0.1594 0.9833 0.0874 0.4744 0.8959
35 -45.9389 6.2765 246.3061 -0.1401 0.7684 0.6245 0.4624 0.8459
24 -53.9935 29.8235 202.7082 -0.4086 0.8750 -0.2596 0.4338 0.9115
MRinSpiritualFinfameOn.jpg
24 -53.9935 29.8235 202.7082 -0.4086 0.8750 -0.2596 0.4338 0.9115
35 -45.9389 6.2765 246.3061 -0.1401 0.7684 0.6245 0.4624 0.8459
24 -34.2061 34.1115 193.5751 -0.2923 0.9431 -0.1583 0.3964 0.8834
MRinSpiritualFinfameOn.jpg
24 -25.0545 27.6395 166.3242 -0.5556 0.7671 -0.3207 0.3428 0.9172
24 -34.2061 34.1115 193.5751 -0.2923 0.9431 -0.1583 0.3964 0.8834
23 -3.1226 31.5889 157.9928 0.1066 0.9725 -0.2070 0.3017 0.8943
MRinSpiritualFinfameOn.jpg
23 -19.4839 29.0875 156.8335 -0.3879 0.8937 -0.2257 0.3230 0.9282
24 -25.0545 27.6395 166.3242 -0.5556 0.7671 -0.3207 0.3428 0.9172
23 -3.1226 31.5889 157.9928 0.1066 0.9725 -0.2070 0.3017 0.8943
MRinSpiritualFinfameOn.jpg
23 -19.4839 29.0875 156.8335 -0.3879 0.8937 -0.2257 0.3230 0.9282
23 -32.8594 17.6387 154.6244 -0.8435 0.5252 -0.1125 0.3350 0.9615
24 -25.0545 27.6395 166.3242 -0.5556 0.7671 -0.3207 0.3428 0.9172
MRinSpiritualFinfameOn.jpg
37 -78.9958 -0.5645 254.4217 -0.2009 0.4966 0.8444 0.5655 0.8891
38 -53.0104 7.7288 239.3221 0.3982 0.8138 0.4233 0.5218 0.9016
38 -72.0732 10.3275 244.2228 -0.0997 0.8427 0.5291 0.5660 0.9172
MRinSpiritualFinfameOn.jpg
38 -64.8191 13.1688 227.2719 0.2292 0.9333 0.2766 0.5384 0.9490
38 -53.0104 7.7288 239.3221 0.3982 0.8138 0.4233 0.5218 0.9016
35 -61.7026 15.1397 225.4166 -0.1594 0.9833 0.0874 0.4744 0.8959
MRinSpiritualFinfameOn.jpg
35 -61.0254 5.5671 246.9744 -0.0149 0.7772 0.6290 0.5150 0.8579
35 -45.9389 6.2765 246.3061 -0.1401 0.7684 0.6245 0.4624 0.8459
35 -61.7026 15.1397 225.4166 -0.1594 0.9833 0.0874 0.4744 0.8959
MRinSpiritualFinfameOn.jpg
35 -61.0254 5.5671 246.9744 -0.0149 0.7772 0.6290 0.5150 0.8579
38 -53.0104 7.7288 239.3221 0.3982 0.8138 0.4233 0.5218 0.9016
37 -78.9958 -0.5645 254.4217 -0.2009 0.4966 0.8444 0.5655 0.8891
MRinSpiritualFinfameOn.jpg
38 -53.0104 7.7288 239.3221 0.3982 0.8138 0.4233 0.5218 0.9016
35 -61.0254 5.5671 246.9744 -0.0149 0.7772 0.6290 0.5150 0.8579
35 -61.7026 15.1397 225.4166 -0.1594 0.9833 0.0874 0.4744 0.8959
MRinSpiritualFinfameOn.jpg
24 -25.0545 27.6395 166.3242 -0.5556 0.7671 -0.3207 0.3428 0.9172
24 -36.1142 11.9631 161.3136 -0.7937 0.3727 -0.4808 0.3552 0.9557
24 -43.9045 18.2601 174.7726 -0.5033 0.6407 -0.5799 0.3948 0.9511
MRinSpiritualFinfameOn.jpg
23 -32.8594 17.6387 154.6244 -0.8435 0.5252 -0.1125 0.3350 0.9615
24 -36.1142 11.9631 161.3136 -0.7937 0.3727 -0.4808 0.3552 0.9557
24 -25.0545 27.6395 166.3242 -0.5556 0.7671 -0.3207 0.3428 0.9172
MRinSpiritualFinfameOn.jpg
23 -32.8594 17.6387 154.6244 -0.8435 0.5252 -0.1125 0.3350 0.9615
24 -36.6870 1.6035 159.8793 -0.9212 0.1207 -0.3698 0.3584 0.9896
24 -36.1142 11.9631 161.3136 -0.7937 0.3727 -0.4808 0.3552 0.9557
MRinSpiritualFinfameOn.jpg
23 -37.7617 1.0479 153.3062 -0.9574 0.2860 -0.0400 0.3350 0.9896
24 -36.6870 1.6035 159.8793 -0.9212 0.1207 -0.3698 0.3584 0.9896
23 -32.8594 17.6387 154.6244 -0.8435 0.5252 -0.1125 0.3350 0.9615
MRinSpiritualFinfameOn.jpg
40 -175.3794 27.7552 125.6218 -0.8818 0.3981 -0.2529 0.3074 0.2095
40 -169.1310 11.2048 108.4569 -0.9019 0.1261 -0.4132 0.3095 0.1679
40 -171.3558 19.5861 131.3059 -0.9965 0.0437 -0.0706 0.2923 0.2075
MRinSpiritualFinfameOn.jpg
40 -162.9292 29.5470 122.8359 -0.9520 0.1837 -0.2450 0.3251 0.2064
40 -169.1310 11.2048 108.4569 -0.9019 0.1261 -0.4132 0.3095 0.1679
40 -175.3794 27.7552 125.6218 -0.8818 0.3981 -0.2529 0.3074 0.2095
MRinSpiritualFinfameOn.jpg
40 -162.9292 29.5470 122.8359 -0.9520 0.1837 -0.2450 0.3251 0.2064
40 -159.5663 10.1936 99.5624 -0.9274 0.2106 -0.3091 0.3292 0.1523
40 -169.1310 11.2048 108.4569 -0.9019 0.1261 -0.4132 0.3095 0.1679
MRinSpiritualFinfameOn.jpg
40 -162.9292 29.5470 122.8359 -0.9520 0.1837 -0.2450 0.3251 0.2064
40 -163.4698 22.0055 99.3129 -0.9948 0.0136 -0.1010 0.3422 0.1716
40 -159.5663 10.1936 99.5624 -0.9274 0.2106 -0.3091 0.3292 0.1523
MRinSpiritualFinfameOn.jpg
40 -164.8450 29.4838 111.7294 -0.8129 0.3810 -0.4405 0.3407 0.1934
40 -154.6638 24.0628 95.3770 -0.3781 0.7824 -0.4948 0.3631 0.1653
40 -163.4698 22.0055 99.3129 -0.9948 0.0136 -0.1010 0.3422 0.1716
MRinSpiritualFinfameOn.jpg
29 -98.4735 73.7239 4.7360 -0.2093 0.8613 0.4630 0.7538 0.1835
28 -90.9487 68.2110 10.8324 0.3701 0.3444 0.8628 0.8038 0.2023
28 -93.1627 71.5762 -4.6397 -0.1529 0.9609 0.2309 0.7799 0.1716
MRinSpiritualFinfameOn.jpg
29 -99.1415 65.7885 17.6442 -0.4594 -0.0165 0.8881 0.7637 0.2028
28 -90.9487 68.2110 10.8324 0.3701 0.3444 0.8628 0.8038 0.2023
29 -98.4735 73.7239 4.7360 -0.2093 0.8613 0.4630 0.7538 0.1835
MRinSpiritualFinfameOn.jpg
29 -112.0396 66.0536 -4.0353 -0.9794 0.0442 -0.1971 0.7164 0.1971
29 -99.1415 65.7885 17.6442 -0.4594 -0.0165 0.8881 0.7637 0.2028
29 -98.4735 73.7239 4.7360 -0.2093 0.8613 0.4630 0.7538 0.1835
MRinSpiritualFinfameOn.jpg
21 93.1620 150.1341 32.4350 0.0469 -0.1586 -0.9862 0.6956 0.2038
21 85.4072 150.0586 38.0783 -0.8931 -0.4262 -0.1443 0.6867 0.2288
21 92.5904 171.3474 28.9949 0.0414 0.0196 -0.9990 0.7554 0.2163
MRinSpiritualFinfameOn.jpg
21 92.6130 149.8727 45.6670 -0.0145 -0.5842 0.8115 0.6747 0.2616
21 91.3090 170.2161 60.2897 -0.0305 -0.2932 0.9556 0.7247 0.3011
21 85.4072 150.0586 38.0783 -0.8931 -0.4262 -0.1443 0.6867 0.2288
MRinSpiritualFinfameOn.jpg
21 74.3929 172.8731 42.5960 -0.9446 -0.0095 -0.3280 0.7403 0.2579
21 92.5904 171.3474 28.9949 0.0414 0.0196 -0.9990 0.7554 0.2163
21 85.4072 150.0586 38.0783 -0.8931 -0.4262 -0.1443 0.6867 0.2288
MRinSpiritualFinfameOn.jpg
21 74.3929 172.8731 42.5960 -0.9446 -0.0095 -0.3280 0.7403 0.2579
21 85.4072 150.0586 38.0783 -0.8931 -0.4262 -0.1443 0.6867 0.2288
21 91.3090 170.2161 60.2897 -0.0305 -0.2932 0.9556 0.7247 0.3011
MRinSpiritualFinfameOn.jpg
21 92.5904 171.3474 28.9949 0.0414 0.0196 -0.9990 0.7554 0.2163
21 74.3929 172.8731 42.5960 -0.9446 -0.0095 -0.3280 0.7403 0.2579
21 91.3077 197.3105 38.6114 0.0226 0.4427 -0.8964 0.8173 0.2434
MRinSpiritualFinfameOn.jpg
21 91.3077 197.3105 38.6114 0.0226 0.4427 -0.8964 0.8173 0.2434
21 79.8618 199.0626 47.2800 -0.9513 0.3016 -0.0632 0.8095 0.2725
21 89.5414 223.9760 59.1349 -0.0328 0.9988 -0.0353 0.8673 0.2855
MRinSpiritualFinfameOn.jpg
21 79.8618 199.0626 47.2800 -0.9513 0.3016 -0.0632 0.8095 0.2725
21 91.3090 170.2161 60.2897 -0.0305 -0.2932 0.9556 0.7247 0.3011
21 89.5414 223.9760 59.1349 -0.0328 0.9988 -0.0353 0.8673 0.2855
MRinSpiritualFinfameOn.jpg
21 79.8618 199.0626 47.2800 -0.9513 0.3016 -0.0632 0.8095 0.2725
21 91.3077 197.3105 38.6114 0.0226 0.4427 -0.8964 0.8173 0.2434
21 74.3929 172.8731 42.5960 -0.9446 -0.0095 -0.3280 0.7403 0.2579
MRinSpiritualFinfameOn.jpg
21 79.8618 199.0626 47.2800 -0.9513 0.3016 -0.0632 0.8095 0.2725
21 74.3929 172.8731 42.5960 -0.9446 -0.0095 -0.3280 0.7403 0.2579
21 91.3090 170.2161 60.2897 -0.0305 -0.2932 0.9556 0.7247 0.3011
MRinSpiritualFinfameOn.jpg
49 -17.8771 -96.8511 270.0582 0.2663 0.8520 -0.4508 0.3537 0.1518
49 -25.7410 -94.5367 270.2516 0.2541 0.8943 -0.3684 0.3573 0.1403
49 -17.5061 -93.8922 283.6891 0.2712 0.9391 -0.2112 0.3391 0.1414
MRinSpiritualFinfameOn.jpg
49 -17.8771 -96.8511 270.0582 0.2663 0.8520 -0.4508 0.3537 0.1518
49 -33.3327 -97.8912 261.4915 0.3243 0.9135 -0.2457 0.3724 0.1377
49 -25.7410 -94.5367 270.2516 0.2541 0.8943 -0.3684 0.3573 0.1403
MRinSpiritualFinfameOn.jpg
49 -17.8771 -96.8511 270.0582 0.2663 0.8520 -0.4508 0.3537 0.1518
49 -20.8966 -104.0105 259.7547 -0.0878 -0.3347 0.9382 0.3698 0.1591
49 -33.3327 -97.8912 261.4915 0.3243 0.9135 -0.2457 0.3724 0.1377
MRinSpiritualFinfameOn.jpg
49 -20.8966 -104.0105 259.7547 -0.0878 -0.3347 0.9382 0.3698 0.1591
49 -32.5676 -90.4835 266.3004 -0.1895 -0.5553 0.8098 0.4057 0.1617
49 -33.3327 -97.8912 261.4915 0.3243 0.9135 -0.2457 0.3724 0.1377
MRinSpiritualFinfameOn.jpg
49 -20.8966 -104.0105 259.7547 -0.0878 -0.3347 0.9382 0.3698 0.1591
49 -13.1620 -94.5572 269.1205 -0.2351 -0.5802 0.7798 0.3745 0.1747
49 -32.5676 -90.4835 266.3004 -0.1895 -0.5553 0.8098 0.4057 0.1617
MRinSpiritualFinfameOn.jpg
38 -102.2964 -42.7959 249.3769 0.9373 0.3486 -0.0056 0.5421 0.4494
38 -103.0796 -44.2371 233.7209 0.9385 0.3399 0.0615 0.5140 0.4827
38 -111.2546 -23.9848 235.2820 0.9514 0.3048 -0.0436 0.5681 0.5114
MRinSpiritualFinfameOn.jpg
38 -103.0796 -44.2371 233.7209 0.9385 0.3399 0.0615 0.5140 0.4827
35 -81.1987 -57.4298 212.6926 0.5529 0.8290 0.0842 0.4905 0.5301
38 -111.2546 -23.9848 235.2820 0.9514 0.3048 -0.0436 0.5681 0.5114
MRinSpiritualFinfameOn.jpg
35 -74.7448 -61.9861 210.7535 0.5916 0.8017 0.0852 0.4697 0.5238
35 -81.1987 -57.4298 212.6926 0.5529 0.8290 0.0842 0.4905 0.5301
38 -103.0796 -44.2371 233.7209 0.9385 0.3399 0.0615 0.5140 0.4827
MRinSpiritualFinfameOn.jpg
40 -169.1310 11.2048 108.4569 -0.7002 0.7124 -0.0469 0.9328 0.5181
41 -179.7239 -1.3487 94.4234 -0.9848 -0.0873 0.1501 0.9328 0.4666
40 -161.0554 -2.0929 106.6249 -0.9657 0.2508 -0.0675 0.8891 0.5181
MRinSpiritualFinfameOn.jpg
41 -173.6341 -12.9080 93.9971 -0.1680 -0.8250 0.5396 0.8871 0.4546
40 -161.0554 -2.0929 106.6249 -0.9657 0.2508 -0.0675 0.8891 0.5181
41 -179.7239 -1.3487 94.4234 -0.9848 -0.0873 0.1501 0.9328 0.4666
MRinSpiritualFinfameOn.jpg
40 -161.0554 -2.0929 106.6249 -0.9657 0.2508 -0.0675 0.8891 0.5181
41 -173.6341 -12.9080 93.9971 -0.1680 -0.8250 0.5396 0.8871 0.4546
40 -152.0012 0.7602 99.9995 0.8881 -0.3284 -0.3215 0.8506 0.5181
MRinSpiritualFinfameOn.jpg
41 -177.6485 -4.5944 91.1810 -0.9512 0.2645 0.1591 0.9245 0.4536
41 -173.6341 -12.9080 93.9971 -0.1680 -0.8250 0.5396 0.8871 0.4546
41 -179.7239 -1.3487 94.4234 -0.9848 -0.0873 0.1501 0.9328 0.4666
MRinSpiritualFinfameOn.jpg
41 -173.6341 -12.9080 93.9971 -0.1680 -0.8250 0.5396 0.8871 0.4546
41 -177.6485 -4.5944 91.1810 -0.9512 0.2645 0.1591 0.9245 0.4536
41 -188.1972 -22.1599 82.1412 -0.3070 -0.6038 0.7356 0.8871 0.3943
MRinSpiritualFinfameOn.jpg
41 -166.3274 -12.1596 83.6302 0.6825 -0.4751 -0.5554 0.8506 0.4432
40 -152.0012 0.7602 99.9995 0.8881 -0.3284 -0.3215 0.8506 0.5181
41 -173.6341 -12.9080 93.9971 -0.1680 -0.8250 0.5396 0.8871 0.4546
MRinSpiritualFinfameOn.jpg
41 -188.1972 -22.1599 82.1412 -0.3070 -0.6038 0.7356 0.8871 0.3943
41 -166.3274 -12.1596 83.6302 0.6825 -0.4751 -0.5554 0.8506 0.4432
41 -173.6341 -12.9080 93.9971 -0.1680 -0.8250 0.5396 0.8871 0.4546
MRinSpiritualFinfameOn.jpg
41 -184.9792 -10.6640 85.2746 -0.7322 0.5059 0.4560 0.9245 0.4193
41 -188.1972 -22.1599 82.1412 -0.3070 -0.6038 0.7356 0.8871 0.3943
41 -177.6485 -4.5944 91.1810 -0.9512 0.2645 0.1591 0.9245 0.4536
MRinSpiritualFinfameOn.jpg
41 -191.6896 -15.4201 80.5577 -0.8716 0.3836 0.3051 0.9209 0.3828
41 -188.1972 -22.1599 82.1412 -0.3070 -0.6038 0.7356 0.8871 0.3943
41 -184.9792 -10.6640 85.2746 -0.7322 0.5059 0.4560 0.9245 0.4193
MRinSpiritualFinfameOn.jpg
41 -188.1972 -22.1599 82.1412 -0.3070 -0.6038 0.7356 0.8871 0.3943
41 -180.9995 -19.8321 76.1309 0.9054 -0.2499 -0.3431 0.8506 0.3932
41 -166.3274 -12.1596 83.6302 0.6825 -0.4751 -0.5554 0.8506 0.4432
MRinSpiritualFinfameOn.jpg
41 -193.9577 -21.9780 74.3091 -0.9732 -0.0865 -0.2130 0.9110 0.3480
41 -188.1972 -22.1599 82.1412 -0.3070 -0.6038 0.7356 0.8871 0.3943
41 -191.6896 -15.4201 80.5577 -0.8716 0.3836 0.3051 0.9209 0.3828
MRinSpiritualFinfameOn.jpg
41 -188.3149 -27.5459 74.7426 -0.0770 -0.8625 0.5001 0.8808 0.3480
41 -188.1972 -22.1599 82.1412 -0.3070 -0.6038 0.7356 0.8871 0.3943
41 -193.9577 -21.9780 74.3091 -0.9732 -0.0865 -0.2130 0.9110 0.3480
MRinSpiritualFinfameOn.jpg
41 -188.3149 -27.5459 74.7426 -0.0770 -0.8625 0.5001 0.8808 0.3480
41 -180.9995 -19.8321 76.1309 0.9054 -0.2499 -0.3431 0.8506 0.3932
41 -188.1972 -22.1599 82.1412 -0.3070 -0.6038 0.7356 0.8871 0.3943
MRinSpiritualFinfameOn.jpg
41 -188.3149 -27.5459 74.7426 -0.0770 -0.8625 0.5001 0.8808 0.3480
41 -193.9577 -21.9780 74.3091 -0.9732 -0.0865 -0.2130 0.9110 0.3480
41 -181.4311 -33.5651 63.1914 -0.3042 -0.5208 -0.7976 0.8579 0.3006
MRinSpiritualFinfameOn.jpg
41 -180.9995 -19.8321 76.1309 0.9054 -0.2499 -0.3431 0.8506 0.3932
41 -188.3149 -27.5459 74.7426 -0.0770 -0.8625 0.5001 0.8808 0.3480
41 -181.4311 -33.5651 63.1914 -0.3042 -0.5208 -0.7976 0.8579 0.3006
MRinSpiritualFinfameOn.jpg
24 -28.9344 -23.9406 154.9785 0.7758 0.1759 0.6060 0.9802 0.6576
23 -33.4809 -14.5880 152.7535 0.1029 0.7552 0.6474 0.9698 0.6555
23 -37.5856 -15.5345 154.5098 -0.0214 0.6765 0.7362 0.9708 0.6607
MRinSpiritualFinfameOn.jpg
24 -28.9344 -23.9406 154.9785 0.7758 0.1759 0.6060 0.9802 0.6576
23 -37.5856 -15.5345 154.5098 -0.0214 0.6765 0.7362 0.9708 0.6607
24 -30.1865 -29.9052 158.3699 0.7863 0.1723 0.5933 0.9906 0.6612
MRinSpiritualFinfameOn.jpg
24 -28.9344 -23.9406 154.9785 0.7758 0.1759 0.6060 0.9802 0.6576
24 -30.1865 -29.9052 158.3699 0.7863 0.1723 0.5933 0.9906 0.6612
23 -34.9151 -20.4931 156.9720 0.8679 -0.4845 -0.1096 0.9833 0.6565
MRinSpiritualFinfameOn.jpg
24 -28.9344 -23.9406 154.9785 0.7758 0.1759 0.6060 0.9802 0.6576
23 -34.9151 -20.4931 156.9720 0.8679 -0.4845 -0.1096 0.9833 0.6565
23 -31.9898 -16.0718 147.3914 0.9388 -0.3115 0.1472 0.9693 0.6477
MRinSpiritualFinfameOn.jpg
23 -31.9898 -16.0718 147.3914 0.9388 -0.3115 0.1472 0.9693 0.6477
23 -34.9151 -20.4931 156.9720 0.8679 -0.4845 -0.1096 0.9833 0.6565
23 -32.5552 -28.3167 145.6572 0.9918 -0.0617 0.1119 0.9859 0.6404
MRinSpiritualFinfameOn.jpg
27 -44.3186 80.7847 16.9204 0.5944 0.7166 -0.3649 0.9833 0.7471
28 -44.6567 59.1315 1.0840 0.3465 0.2307 -0.9092 0.9687 0.7580
28 -59.8172 84.3501 1.7057 0.2860 0.1725 -0.9426 0.9911 0.7689
MRinSpiritualFinfameOn.jpg
28 -67.7810 32.0368 -2.7177 0.0529 0.0088 -0.9986 0.9589 0.8038
28 -59.8172 84.3501 1.7057 0.2860 0.1725 -0.9426 0.9911 0.7689
28 -44.6567 59.1315 1.0840 0.3465 0.2307 -0.9092 0.9687 0.7580
MRinSpiritualFinfameOn.jpg
28 -93.1627 71.5762 -4.6397 -0.0031 -0.0505 -0.9987 0.9823 0.8189
28 -59.8172 84.3501 1.7057 0.2860 0.1725 -0.9426 0.9911 0.7689
28 -67.7810 32.0368 -2.7177 0.0529 0.0088 -0.9986 0.9589 0.8038
MRinSpiritualFinfameOn.jpg
28 -67.7810 32.0368 -2.7177 0.0529 0.0088 -0.9986 0.9589 0.8038
29 -84.2109 41.4818 -4.6125 0.0149 0.0964 -0.9952 0.9609 0.8168
28 -93.1627 71.5762 -4.6397 -0.0031 -0.0505 -0.9987 0.9823 0.8189
MRinSpiritualFinfameOn.jpg
28 -93.1627 71.5762 -4.6397 -0.0031 -0.0505 -0.9987 0.9823 0.8189
29 -84.2109 41.4818 -4.6125 0.0149 0.0964 -0.9952 0.9609 0.8168
29 -90.6162 56.6084 -3.2404 0.0146 0.0964 -0.9952 0.9708 0.8241
MRinSpiritualFinfameOn.jpg
38 -102.0801 -14.8192 199.1093 -0.3698 -0.2219 -0.9022 0.9573 0.7466
35 -77.5517 -34.3526 190.5955 -0.5598 -0.2068 -0.8024 0.8813 0.7564
38 -100.7542 -30.0239 205.2407 -0.6562 -0.2552 -0.7101 0.9375 0.7939
MRinSpiritualFinfameOn.jpg
24 -61.4660 -26.6076 174.6377 -0.5875 -0.1437 -0.7964 0.8147 0.7668
35 -77.5517 -34.3526 190.5955 -0.5598 -0.2068 -0.8024 0.8813 0.7564
35 -74.1311 -2.8866 192.5607 -0.2751 0.1540 -0.9490 0.8439 0.6966
MRinSpiritualFinfameOn.jpg
38 -100.7542 -30.0239 205.2407 -0.6562 -0.2552 -0.7101 0.9375 0.7939
35 -77.5517 -34.3526 190.5955 -0.5598 -0.2068 -0.8024 0.8813 0.7564
35 -78.2101 -50.6762 198.3898 -0.7013 -0.5444 -0.4602 0.9016 0.8116
MRinSpiritualFinfameOn.jpg
38 -100.7542 -30.0239 205.2407 -0.6562 -0.2552 -0.7101 0.9375 0.7939
35 -78.2101 -50.6762 198.3898 -0.7013 -0.5444 -0.4602 0.9016 0.8116
35 -82.5840 -56.9818 217.5902 -0.4867 -0.8466 -0.2155 0.9537 0.8449
MRinSpiritualFinfameOn.jpg
24 -15.6032 -38.6960 158.6546 -0.2301 -0.6214 -0.7489 0.7164 0.8074
24 -28.9344 -23.9406 154.9785 -0.7138 -0.4545 -0.5329 0.7398 0.7788
23 -19.5582 -30.5916 149.5305 -0.5268 -0.8479 -0.0592 0.7008 0.7887
MRinSpiritualFinfameOn.jpg
23 -37.7617 1.0479 153.3062 -0.9757 -0.2102 0.0614 0.7414 0.7278
24 -28.9344 -23.9406 154.9785 -0.7138 -0.4545 -0.5329 0.7398 0.7788
24 -36.6870 1.6035 159.8793 -0.8206 -0.1264 -0.5573 0.7601 0.7231
MRinSpiritualFinfameOn.jpg
23 -33.4809 -14.5880 152.7535 -0.9526 -0.2550 -0.1657 0.7289 0.7544
24 -28.9344 -23.9406 154.9785 -0.7138 -0.4545 -0.5329 0.7398 0.7788
23 -37.7617 1.0479 153.3062 -0.9757 -0.2102 0.0614 0.7414 0.7278
MRinSpiritualFinfameOn.jpg
24 -15.6032 -38.6960 158.6546 -0.2301 -0.6214 -0.7489 0.7164 0.8074
35 -30.9268 -56.5262 155.1851 -0.3173 -0.2697 -0.9092 0.7523 0.8699
24 -39.6901 -38.4292 166.6143 -0.4036 -0.3518 -0.8446 0.7663 0.8038
MRinSpiritualFinfameOn.jpg
24 -28.9344 -23.9406 154.9785 -0.7138 -0.4545 -0.5329 0.7398 0.7788
24 -15.6032 -38.6960 158.6546 -0.2301 -0.6214 -0.7489 0.7164 0.8074
24 -39.6901 -38.4292 166.6143 -0.4036 -0.3518 -0.8446 0.7663 0.8038
MRinSpiritualFinfameOn.jpg
24 -46.0435 -18.9349 166.5571 -0.5315 -0.0573 -0.8451 0.7741 0.7653
24 -28.9344 -23.9406 154.9785 -0.7138 -0.4545 -0.5329 0.7398 0.7788
24 -39.6901 -38.4292 166.6143 -0.4036 -0.3518 -0.8446 0.7663 0.8038
MRinSpiritualFinfameOn.jpg
35 -57.4482 -48.1117 166.6735 -0.6193 -0.1133 -0.7769 0.8048 0.8350
35 -77.5517 -34.3526 190.5955 -0.5598 -0.2068 -0.8024 0.8813 0.7564
24 -61.4660 -26.6076 174.6377 -0.5875 -0.1437 -0.7964 0.8147 0.7668
MRinSpiritualFinfameOn.jpg
35 -57.4482 -48.1117 166.6735 -0.6193 -0.1133 -0.7769 0.8048 0.8350
24 -61.4660 -26.6076 174.6377 -0.5875 -0.1437 -0.7964 0.8147 0.7668
24 -39.6901 -38.4292 166.6143 -0.4036 -0.3518 -0.8446 0.7663 0.8038
MRinSpiritualFinfameOn.jpg
35 -30.9268 -56.5262 155.1851 -0.3173 -0.2697 -0.9092 0.7523 0.8699
35 -57.4482 -48.1117 166.6735 -0.6193 -0.1133 -0.7769 0.8048 0.8350
24 -39.6901 -38.4292 166.6143 -0.4036 -0.3518 -0.8446 0.7663 0.8038
MRinSpiritualFinfameOn.jpg
35 -58.7670 -63.3655 173.9218 -0.6524 -0.4757 -0.5900 0.8163 0.8798
35 -78.2101 -50.6762 198.3898 -0.7013 -0.5444 -0.4602 0.9016 0.8116
35 -77.5517 -34.3526 190.5955 -0.5598 -0.2068 -0.8024 0.8813 0.7564
MRinSpiritualFinfameOn.jpg
35 -58.7670 -63.3655 173.9218 -0.6524 -0.4757 -0.5900 0.8163 0.8798
35 -77.5517 -34.3526 190.5955 -0.5598 -0.2068 -0.8024 0.8813 0.7564
35 -57.4482 -48.1117 166.6735 -0.6193 -0.1133 -0.7769 0.8048 0.8350
MRinSpiritualFinfameOn.jpg
35 -82.5840 -56.9818 217.5902 -0.4867 -0.8466 -0.2155 0.9537 0.8449
35 -78.2101 -50.6762 198.3898 -0.7013 -0.5444 -0.4602 0.9016 0.8116
35 -74.1409 -61.7530 215.2736 -0.7414 -0.6687 -0.0563 0.9344 0.9053
MRinSpiritualFinfameOn.jpg
35 -74.1409 -61.7530 215.2736 -0.7414 -0.6687 -0.0563 0.9344 0.9053
49 -60.1501 -93.9016 204.1411 -0.6941 -0.6761 -0.2471 0.8720 0.9557
35 -69.7057 -61.4643 236.1538 -0.6320 -0.7613 0.1448 0.9870 0.9557
MRinSpiritualFinfameOn.jpg
35 -78.2101 -50.6762 198.3898 -0.7013 -0.5444 -0.4602 0.9016 0.8116
35 -68.6672 -68.8008 198.2365 -0.7689 -0.5522 -0.3222 0.8720 0.9079
35 -74.1409 -61.7530 215.2736 -0.7414 -0.6687 -0.0563 0.9344 0.9053
MRinSpiritualFinfameOn.jpg
35 -74.1409 -61.7530 215.2736 -0.7414 -0.6687 -0.0563 0.9344 0.9053
35 -68.6672 -68.8008 198.2365 -0.7689 -0.5522 -0.3222 0.8720 0.9079
49 -60.1501 -93.9016 204.1411 -0.6941 -0.6761 -0.2471 0.8720 0.9557
MRinSpiritualFinfameOn.jpg
35 -58.7670 -63.3655 173.9218 -0.6524 -0.4757 -0.5900 0.8163 0.8798
35 -68.6672 -68.8008 198.2365 -0.7689 -0.5522 -0.3222 0.8720 0.9079
35 -78.2101 -50.6762 198.3898 -0.7013 -0.5444 -0.4602 0.9016 0.8116
MRinSpiritualFinfameOn.jpg
35 -53.2114 -75.0020 188.2090 -0.6356 -0.3257 -0.7000 0.8184 0.9245
49 -60.1501 -93.9016 204.1411 -0.6941 -0.6761 -0.2471 0.8720 0.9557
35 -68.6672 -68.8008 198.2365 -0.7689 -0.5522 -0.3222 0.8720 0.9079
MRinSpiritualFinfameOn.jpg
35 -53.2114 -75.0020 188.2090 -0.6356 -0.3257 -0.7000 0.8184 0.9245
49 -54.7418 -99.6216 192.6527 -0.7835 -0.0190 -0.6211 0.8329 0.9547
49 -60.1501 -93.9016 204.1411 -0.6941 -0.6761 -0.2471 0.8720 0.9557
MRinSpiritualFinfameOn.jpg
35 -53.2114 -75.0020 188.2090 -0.6356 -0.3257 -0.7000 0.8184 0.9245
49 -44.3836 -94.5461 183.4562 -0.5452 0.0543 -0.8365 0.7944 0.9547
49 -54.7418 -99.6216 192.6527 -0.7835 -0.0190 -0.6211 0.8329 0.9547
MRinSpiritualFinfameOn.jpg
35 -34.9705 -85.0952 180.0521 -0.4900 -0.1998 -0.8485 0.7601 0.9547
49 -44.3836 -94.5461 183.4562 -0.5452 0.0543 -0.8365 0.7944 0.9547
35 -53.2114 -75.0020 188.2090 -0.6356 -0.3257 -0.7000 0.8184 0.9245
MRinSpiritualFinfameOn.jpg
23 -19.5582 -30.5916 149.5305 -0.5268 -0.8479 -0.0592 0.7008 0.7887
24 -28.9344 -23.9406 154.9785 -0.7138 -0.4545 -0.5329 0.7398 0.7788
23 -31.9898 -16.0718 147.3914 -0.7624 -0.6451 0.0520 0.7127 0.7668
MRinSpiritualFinfameOn.jpg
23 -30.1530 -24.9197 136.9392 -0.6688 -0.7012 0.2469 0.6883 0.7632
23 -19.5582 -30.5916 149.5305 -0.5268 -0.8479 -0.0592 0.7008 0.7887
23 -31.9898 -16.0718 147.3914 -0.7624 -0.6451 0.0520 0.7127 0.7668
MRinSpiritualFinfameOn.jpg
21 92.6130 149.8727 45.6670 -0.0449 0.0861 0.9953 0.6987 0.1268
21 85.4072 150.0586 38.0783 -0.9654 -0.0014 0.2609 0.6987 0.1034
19 82.7013 113.2160 48.0467 -0.0650 0.2592 0.9636 0.5811 0.1268
MRinSpiritualFinfameOn.jpg
19 82.7013 113.2160 48.0467 -0.0650 0.2592 0.9636 0.5811 0.1268
19 76.2631 114.4153 39.1001 -0.8365 0.4892 -0.2468 0.5811 0.1034
19 59.3234 75.4018 65.0253 0.0960 0.5203 0.8486 0.4760 0.1268
MRinSpiritualFinfameOn.jpg
21 85.4072 150.0586 38.0783 -0.9654 -0.0014 0.2609 0.6987 0.1034
21 93.1620 150.1341 32.4350 0.0442 -0.0636 -0.9970 0.6987 0.0821
19 76.2631 114.4153 39.1001 -0.8365 0.4892 -0.2468 0.5811 0.1034
MRinSpiritualFinfameOn.jpg
19 82.8068 108.0314 34.5024 0.0419 -0.2992 -0.9533 0.5811 0.0821
19 76.2631 114.4153 39.1001 -0.8365 0.4892 -0.2468 0.5811 0.1034
21 93.1620 150.1341 32.4350 0.0442 -0.0636 -0.9970 0.6987 0.0821
MRinSpiritualFinfameOn.jpg
19 76.2631 114.4153 39.1001 -0.8365 0.4892 -0.2468 0.5811 0.1034
19 82.7013 113.2160 48.0467 -0.0650 0.2592 0.9636 0.5811 0.1268
21 85.4072 150.0586 38.0783 -0.9654 -0.0014 0.2609 0.6987 0.1034
MRinSpiritualFinfameOn.jpg
19 57.2902 65.8370 50.7183 -0.0713 -0.4829 -0.8728 0.4760 0.0821
19 50.9594 74.7348 55.4443 -0.8275 0.2591 -0.4981 0.4760 0.1034
19 82.8068 108.0314 34.5024 0.0419 -0.2992 -0.9533 0.5811 0.0821
MRinSpiritualFinfameOn.jpg
19 57.2902 65.8370 50.7183 -0.0713 -0.4829 -0.8728 0.4760 0.0821
18 30.5324 36.3931 81.3095 -0.1794 -0.6627 -0.7271 0.3719 0.0821
19 50.9594 74.7348 55.4443 -0.8275 0.2591 -0.4981 0.4760 0.1034
MRinSpiritualFinfameOn.jpg
19 50.9594 74.7348 55.4443 -0.8275 0.2591 -0.4981 0.4760 0.1034
19 59.3234 75.4018 65.0253 0.0960 0.5203 0.8486 0.4760 0.1268
19 76.2631 114.4153 39.1001 -0.8365 0.4892 -0.2468 0.5811 0.1034
MRinSpiritualFinfameOn.jpg
19 76.2631 114.4153 39.1001 -0.8365 0.4892 -0.2468 0.5811 0.1034
19 82.8068 108.0314 34.5024 0.0419 -0.2992 -0.9533 0.5811 0.0821
19 50.9594 74.7348 55.4443 -0.8275 0.2591 -0.4981 0.4760 0.1034
MRinSpiritualFinfameOn.jpg
19 50.9594 74.7348 55.4443 -0.8275 0.2591 -0.4981 0.4760 0.1034
18 23.6812 47.9311 84.7616 -0.8333 0.4644 -0.3000 0.3719 0.1034
19 59.3234 75.4018 65.0253 0.0960 0.5203 0.8486 0.4760 0.1268
MRinSpiritualFinfameOn.jpg
18 23.6812 47.9311 84.7616 -0.8333 0.4644 -0.3000 0.3719 0.1034
19 50.9594 74.7348 55.4443 -0.8275 0.2591 -0.4981 0.4760 0.1034
18 30.5324 36.3931 81.3095 -0.1794 -0.6627 -0.7271 0.3719 0.0821
MRinSpiritualFinfameOn.jpg
18 34.9939 50.4606 94.5950 0.2218 0.7056 0.6730 0.3719 0.1268
19 59.3234 75.4018 65.0253 0.0960 0.5203 0.8486 0.4760 0.1268
18 23.6812 47.9311 84.7616 -0.8333 0.4644 -0.3000 0.3719 0.1034
MRinSpiritualFinfameOn.jpg
23 14.9472 26.1964 127.8253 0.4340 0.6714 0.6008 0.2730 0.1268
18 34.9939 50.4606 94.5950 0.2218 0.7056 0.6730 0.3719 0.1268
23 2.6085 30.3077 115.1851 -0.6562 0.7283 0.1975 0.2730 0.1034
MRinSpiritualFinfameOn.jpg
23 2.6085 30.3077 115.1851 -0.6562 0.7283 0.1975 0.2730 0.1034
18 23.6812 47.9311 84.7616 -0.8333 0.4644 -0.3000 0.3719 0.1034
23 9.8326 18.9475 107.2108 -0.4332 -0.6700 -0.6028 0.2730 0.0821
MRinSpiritualFinfameOn.jpg
49 -44.1884 -97.7330 172.1632 -0.1933 0.9146 -0.3552 0.6071 0.3131
49 -33.2747 -94.7378 176.1709 -0.2275 0.8032 -0.5506 0.5931 0.3188
49 -36.8715 -101.4440 164.3589 -0.1928 0.8796 -0.4349 0.6029 0.3266
MRinSpiritualFinfameOn.jpg
35 -34.9705 -85.0952 180.0521 -0.2316 0.5214 -0.8212 0.5863 0.3147
49 -33.2747 -94.7378 176.1709 -0.2275 0.8032 -0.5506 0.5931 0.3188
49 -44.3836 -94.5461 183.4562 -0.2991 0.9211 -0.2493 0.5946 0.3001
MRinSpiritualFinfameOn.jpg
49 -50.1744 -97.8685 178.6821 -0.0313 0.9555 -0.2934 0.6050 0.2996
49 -44.3836 -94.5461 183.4562 -0.2991 0.9211 -0.2493 0.5946 0.3001
49 -44.1884 -97.7330 172.1632 -0.1933 0.9146 -0.3552 0.6071 0.3131
MRinSpiritualFinfameOn.jpg
49 -54.7418 -99.6216 192.6527 -0.0480 0.8964 0.4406 0.5884 0.2918
49 -44.3836 -94.5461 183.4562 -0.2991 0.9211 -0.2493 0.5946 0.3001
49 -53.4328 -96.7423 186.9376 -0.0051 0.9968 -0.0800 0.5983 0.2907
MRinSpiritualFinfameOn.jpg
15 -130.2699 161.7991 82.8835 0.2440 0.9552 0.1674 0.8621 0.0399
16 -146.4587 163.4619 93.4938 -0.8108 0.2775 -0.5153 0.9047 0.0113
16 -140.4277 161.5018 96.3725 0.1887 0.9438 0.2714 0.9047 0.0399
MRinSpiritualFinfameOn.jpg
15 -130.2699 161.7991 82.8835 0.2440 0.9552 0.1674 0.8621 0.0399
16 -140.4277 161.5018 96.3725 0.1887 0.9438 0.2714 0.9047 0.0399
16 -133.5214 159.5918 97.5617 0.6904 -0.3269 0.6453 0.9047 0.0638
MRinSpiritualFinfameOn.jpg
16 -147.7920 157.9973 110.8346 0.1626 0.9362 0.3118 0.9433 0.0399
16 -140.4277 161.5018 96.3725 0.1887 0.9438 0.2714 0.9047 0.0399
16 -146.4587 163.4619 93.4938 -0.8108 0.2775 -0.5153 0.9047 0.0113
MRinSpiritualFinfameOn.jpg
16 -147.7920 157.9973 110.8346 0.1626 0.9362 0.3118 0.9433 0.0399
16 -146.4587 163.4619 93.4938 -0.8108 0.2775 -0.5153 0.9047 0.0113
16 -162.3899 156.0315 124.3601 -0.9862 0.1574 0.0522 0.9776 0.0113
MRinSpiritualFinfameOn.jpg
16 -149.7364 153.3669 125.3716 -0.1376 -0.2943 0.9458 0.9776 0.0638
16 -147.7920 157.9973 110.8346 0.1626 0.9362 0.3118 0.9433 0.0399
16 -162.3899 156.0315 124.3601 -0.9862 0.1574 0.0522 0.9776 0.0113
MRinSpiritualFinfameOn.jpg
16 -140.4145 161.3767 96.3219 -0.1939 -0.9422 -0.2734 0.9047 0.0399
16 -146.4587 163.4619 93.4938 -0.8108 0.2775 -0.5153 0.9047 0.0113
15 -130.2639 161.6640 82.8322 -0.2512 -0.9525 -0.1723 0.8621 0.0399
MRinSpiritualFinfameOn.jpg
16 -133.5214 159.5918 97.5617 0.6904 -0.3269 0.6453 0.9047 0.0638
16 -140.4145 161.3767 96.3219 -0.1939 -0.9422 -0.2734 0.9047 0.0399
15 -130.2639 161.6640 82.8322 -0.2512 -0.9525 -0.1723 0.8621 0.0399
MRinSpiritualFinfameOn.jpg
16 -162.3899 156.0315 124.3601 -0.9862 0.1574 0.0522 0.9776 0.0113
16 -146.4587 163.4619 93.4938 -0.8108 0.2775 -0.5153 0.9047 0.0113
16 -147.7780 157.8639 110.7807 -0.1741 -0.9333 -0.3140 0.9433 0.0399
MRinSpiritualFinfameOn.jpg
16 -146.4587 163.4619 93.4938 -0.8108 0.2775 -0.5153 0.9047 0.0113
16 -140.4145 161.3767 96.3219 -0.1939 -0.9422 -0.2734 0.9047 0.0399
16 -147.7780 157.8639 110.7807 -0.1741 -0.9333 -0.3140 0.9433 0.0399
MRinSpiritualFinfameOn.jpg
16 -162.3899 156.0315 124.3601 -0.9862 0.1574 0.0522 0.9776 0.0113
16 -147.7780 157.8639 110.7807 -0.1741 -0.9333 -0.3140 0.9433 0.0399
16 -149.7364 153.3669 125.3716 -0.1376 -0.2943 0.9458 0.9776 0.0638
MRinSpiritualFinfameOn.jpg
16 -111.1781 208.8435 162.5467 -0.5170 -0.7994 -0.3061 0.9047 0.0399
16 -116.3048 212.9151 160.3477 -0.4906 -0.8154 -0.3074 0.9047 0.0113
15 -95.8519 207.2230 141.3147 -0.5771 -0.7835 -0.2306 0.8621 0.0399
MRinSpiritualFinfameOn.jpg
16 -105.1798 204.7810 162.5029 -0.5358 -0.7878 -0.3036 0.9047 0.0638
16 -111.1781 208.8435 162.5467 -0.5170 -0.7994 -0.3061 0.9047 0.0399
15 -95.8519 207.2230 141.3147 -0.5771 -0.7835 -0.2306 0.8621 0.0399
MRinSpiritualFinfameOn.jpg
16 -116.3048 212.9151 160.3477 -0.4906 -0.8154 -0.3074 0.9047 0.0113
16 -111.1781 208.8435 162.5467 -0.5170 -0.7994 -0.3061 0.9047 0.0399
16 -117.9914 206.6127 178.4827 -0.4695 -0.8136 -0.3429 0.9433 0.0399
MRinSpiritualFinfameOn.jpg
16 -131.0906 207.5610 193.2301 -0.4548 -0.8183 -0.3514 0.9776 0.0113
16 -116.3048 212.9151 160.3477 -0.4906 -0.8154 -0.3074 0.9047 0.0113
16 -117.9914 206.6127 178.4827 -0.4695 -0.8136 -0.3429 0.9433 0.0399
MRinSpiritualFinfameOn.jpg
16 -131.0906 207.5610 193.2301 -0.4548 -0.8183 -0.3514 0.9776 0.0113
16 -117.9914 206.6127 178.4827 -0.4695 -0.8136 -0.3429 0.9433 0.0399
16 -120.0756 201.2388 192.7151 -0.4753 -0.7978 -0.3708 0.9776 0.0638
MRinSpiritualFinfameOn.jpg
15 -95.8693 207.6113 141.4620 0.5771 0.7835 0.2304 0.8621 0.0399
16 -116.3450 213.2986 160.5027 0.4901 0.8158 0.3070 0.9047 0.0113
16 -111.2192 209.2354 162.7051 0.5168 0.7996 0.3058 0.9047 0.0399
MRinSpiritualFinfameOn.jpg
15 -95.8693 207.6113 141.4620 0.5771 0.7835 0.2304 0.8621 0.0399
16 -111.2192 209.2354 162.7051 0.5168 0.7996 0.3058 0.9047 0.0399
16 -105.2201 205.1645 162.6580 0.5366 0.7872 0.3038 0.9047 0.0638
MRinSpiritualFinfameOn.jpg
16 -118.0325 207.0045 178.6411 0.4693 0.8138 0.3428 0.9433 0.0399
16 -111.2192 209.2354 162.7051 0.5168 0.7996 0.3058 0.9047 0.0399
16 -116.3450 213.2986 160.5027 0.4901 0.8158 0.3070 0.9047 0.0113
MRinSpiritualFinfameOn.jpg
16 -118.0325 207.0045 178.6411 0.4693 0.8138 0.3428 0.9433 0.0399
16 -116.3450 213.2986 160.5027 0.4901 0.8158 0.3070 0.9047 0.0113
16 -131.1318 207.9529 193.3885 0.4549 0.8183 0.3514 0.9776 0.0113
MRinSpiritualFinfameOn.jpg
16 -120.1158 201.6223 192.8701 0.4757 0.7974 0.3713 0.9776 0.0638
16 -118.0325 207.0045 178.6411 0.4693 0.8138 0.3428 0.9433 0.0399
16 -131.1318 207.9529 193.3885 0.4549 0.8183 0.3514 0.9776 0.0113
MRinSpiritualFinfameOn.jpg
23 -33.4171 -13.0193 136.1674 -0.9277 -0.3471 0.1374 0.2564 0.4437
23 -31.7960 -16.5247 120.6477 -0.8391 -0.5360 -0.0929 0.2366 0.4640
23 -21.0805 -31.6842 121.6786 -0.5242 -0.8392 -0.1449 0.2090 0.4447
MRinSpiritualFinfameOn.jpg
23 -35.4512 -9.0261 130.2415 -0.9825 -0.0959 0.1598 0.2579 0.4572
23 -31.7960 -16.5247 120.6477 -0.8391 -0.5360 -0.0929 0.2366 0.4640
23 -33.4171 -13.0193 136.1674 -0.9277 -0.3471 0.1374 0.2564 0.4437
MRinSpiritualFinfameOn.jpg
23 -30.9942 17.4507 135.8612 -0.9837 0.1422 0.1100 0.3048 0.4692
23 -35.4512 -9.0261 130.2415 -0.9825 -0.0959 0.1598 0.2579 0.4572
23 -30.5599 15.9799 141.6449 -0.9699 0.0859 0.2277 0.3069 0.4583
MRinSpiritualFinfameOn.jpg
25 -69.6258 24.5252 99.3679 -0.8362 0.3565 0.4167 0.6971 0.1377
25 -63.0641 9.1028 110.1303 -0.8970 -0.2403 0.3710 0.6597 0.1809
25 -59.1898 22.2756 122.2397 -0.8107 0.3479 0.4710 0.6388 0.1377
MRinSpiritualFinfameOn.jpg
25 -57.7480 7.3707 122.0027 -0.8318 -0.2935 0.4711 0.6264 0.1814
25 -59.1898 22.2756 122.2397 -0.8107 0.3479 0.4710 0.6388 0.1377
25 -63.0641 9.1028 110.1303 -0.8970 -0.2403 0.3710 0.6597 0.1809
MRinSpiritualFinfameOn.jpg
25 -59.1898 22.2756 122.2397 -0.8107 0.3479 0.4710 0.6388 0.1377
25 -57.7480 7.3707 122.0027 -0.8318 -0.2935 0.4711 0.6264 0.1814
25 -48.1157 19.1250 138.1681 -0.6960 0.3076 0.6488 0.5920 0.1377
MRinSpiritualFinfameOn.jpg
25 -57.7480 7.3707 122.0027 -0.8318 -0.2935 0.4711 0.6264 0.1814
25 -63.0641 9.1028 110.1303 -0.8970 -0.2403 0.3710 0.6597 0.1809
25 -49.3975 -8.3450 117.9351 -0.7018 -0.5381 0.4668 0.6185 0.2252
MRinSpiritualFinfameOn.jpg
25 -48.1157 19.1250 138.1681 -0.6960 0.3076 0.6488 0.5920 0.1377
25 -57.7480 7.3707 122.0027 -0.8318 -0.2935 0.4711 0.6264 0.1814
25 -46.0515 5.5397 137.5171 -0.3687 -0.6642 0.6503 0.5821 0.1721
MRinSpiritualFinfameOn.jpg
25 -38.3472 15.9548 147.6808 -0.5175 0.2436 0.8203 0.5587 0.1377
25 -48.1157 19.1250 138.1681 -0.6960 0.3076 0.6488 0.5920 0.1377
25 -46.0515 5.5397 137.5171 -0.3687 -0.6642 0.6503 0.5821 0.1721
MRinSpiritualFinfameOn.jpg
25 -38.3472 15.9548 147.6808 -0.5175 0.2436 0.8203 0.5587 0.1377
25 -46.0515 5.5397 137.5171 -0.3687 -0.6642 0.6503 0.5821 0.1721
23 -27.5839 19.1147 150.5171 0.2858 0.2475 0.9258 0.5285 0.1377
MRinSpiritualFinfameOn.jpg
25 -46.0515 5.5397 137.5171 -0.3687 -0.6642 0.6503 0.5821 0.1721
25 -43.8940 1.6352 129.5649 0.2474 -0.6988 0.6712 0.5842 0.1960
25 -36.4626 8.4642 139.8929 0.2199 -0.9382 0.2674 0.5577 0.1736
MRinSpiritualFinfameOn.jpg
25 -57.7480 7.3707 122.0027 -0.8318 -0.2935 0.4711 0.6264 0.1814
25 -48.5294 -0.0497 130.0490 -0.3499 -0.6391 0.6850 0.5967 0.1929
25 -46.0515 5.5397 137.5171 -0.3687 -0.6642 0.6503 0.5821 0.1721
MRinSpiritualFinfameOn.jpg
25 -48.5294 -0.0497 130.0490 -0.3499 -0.6391 0.6850 0.5967 0.1929
25 -43.8940 1.6352 129.5649 0.2474 -0.6988 0.6712 0.5842 0.1960
25 -46.0515 5.5397 137.5171 -0.3687 -0.6642 0.6503 0.5821 0.1721
MRinSpiritualFinfameOn.jpg
25 -48.5294 -0.0497 130.0490 -0.3499 -0.6391 0.6850 0.5967 0.1929
25 -57.7480 7.3707 122.0027 -0.8318 -0.2935 0.4711 0.6264 0.1814
25 -49.3975 -8.3450 117.9351 -0.7018 -0.5381 0.4668 0.6185 0.2252
MRinSpiritualFinfameOn.jpg
25 -48.5294 -0.0497 130.0490 -0.3499 -0.6391 0.6850 0.5967 0.1929
25 -42.4184 -6.8743 126.5714 -0.4916 -0.4831 0.7245 0.5894 0.2200
25 -43.8940 1.6352 129.5649 0.2474 -0.6988 0.6712 0.5842 0.1960
MRinSpiritualFinfameOn.jpg
25 -48.5294 -0.0497 130.0490 -0.3499 -0.6391 0.6850 0.5967 0.1929
25 -49.3975 -8.3450 117.9351 -0.7018 -0.5381 0.4668 0.6185 0.2252
25 -42.4184 -6.8743 126.5714 -0.4916 -0.4831 0.7245 0.5894 0.2200
MRinSpiritualFinfameOn.jpg
25 -42.4184 -6.8743 126.5714 -0.4916 -0.4831 0.7245 0.5894 0.2200
25 -49.3975 -8.3450 117.9351 -0.7018 -0.5381 0.4668 0.6185 0.2252
25 -42.0483 -12.4182 123.4925 -0.7362 -0.3655 0.5696 0.5967 0.2366
MRinSpiritualFinfameOn.jpg
25 -42.4184 -6.8743 126.5714 -0.4916 -0.4831 0.7245 0.5894 0.2200
25 -42.0483 -12.4182 123.4925 -0.7362 -0.3655 0.5696 0.5967 0.2366
25 -39.1924 -10.9990 128.7543 -0.7850 -0.3400 0.5178 0.5826 0.2330
MRinSpiritualFinfameOn.jpg
25 -69.6258 24.5252 99.3679 -0.8362 0.3565 0.4167 0.6971 0.1377
25 -59.1898 22.2756 122.2397 -0.8107 0.3479 0.4710 0.6388 0.1377
25 -53.4159 32.6505 109.4746 -0.4805 0.8289 0.2865 0.6597 0.1809
MRinSpiritualFinfameOn.jpg
25 -48.1157 19.1250 138.1681 -0.6960 0.3076 0.6488 0.5920 0.1377
25 -47.6827 31.9368 121.3265 -0.3967 0.8315 0.3890 0.6264 0.1814
25 -59.1898 22.2756 122.2397 -0.8107 0.3479 0.4710 0.6388 0.1377
MRinSpiritualFinfameOn.jpg
25 -47.6827 31.9368 121.3265 -0.3967 0.8315 0.3890 0.6264 0.1814
25 -53.4159 32.6505 109.4746 -0.4805 0.8289 0.2865 0.6597 0.1809
25 -59.1898 22.2756 122.2397 -0.8107 0.3479 0.4710 0.6388 0.1377
MRinSpiritualFinfameOn.jpg
25 -30.8565 36.9408 116.6751 -0.1317 0.9232 0.3611 0.6185 0.2252
25 -53.4159 32.6505 109.4746 -0.4805 0.8289 0.2865 0.6597 0.1809
25 -47.6827 31.9368 121.3265 -0.3967 0.8315 0.3890 0.6264 0.1814
MRinSpiritualFinfameOn.jpg
23 -27.5839 19.1147 150.5171 0.2858 0.2475 0.9258 0.5285 0.1377
25 -37.1159 27.3577 136.9181 0.2114 0.7978 0.5647 0.5821 0.1721
25 -38.3472 15.9548 147.6808 -0.5175 0.2436 0.8203 0.5587 0.1377
MRinSpiritualFinfameOn.jpg
25 -37.1159 27.3577 136.9181 0.2114 0.7978 0.5647 0.5821 0.1721
25 -47.6827 31.9368 121.3265 -0.3967 0.8315 0.3890 0.6264 0.1814
25 -48.1157 19.1250 138.1681 -0.6960 0.3076 0.6488 0.5920 0.1377
MRinSpiritualFinfameOn.jpg
25 -37.1159 27.3577 136.9181 0.2114 0.7978 0.5647 0.5821 0.1721
25 -48.1157 19.1250 138.1681 -0.6960 0.3076 0.6488 0.5920 0.1377
25 -38.3472 15.9548 147.6808 -0.5175 0.2436 0.8203 0.5587 0.1377
MRinSpiritualFinfameOn.jpg
25 -32.1482 19.0120 139.6013 0.8240 0.5428 0.1627 0.5577 0.1736
25 -33.2537 27.6176 128.8455 0.6978 0.3740 0.6109 0.5842 0.1960
25 -37.1159 27.3577 136.9181 0.2114 0.7978 0.5647 0.5821 0.1721
MRinSpiritualFinfameOn.jpg
25 -35.3810 32.0576 129.1620 0.2084 0.7703 0.6026 0.5967 0.1929
25 -30.8565 36.9408 116.6751 -0.1317 0.9232 0.3611 0.6185 0.2252
25 -47.6827 31.9368 121.3265 -0.3967 0.8315 0.3890 0.6264 0.1814
MRinSpiritualFinfameOn.jpg
25 -37.1159 27.3577 136.9181 0.2114 0.7978 0.5647 0.5821 0.1721
25 -35.3810 32.0576 129.1620 0.2084 0.7703 0.6026 0.5967 0.1929
25 -47.6827 31.9368 121.3265 -0.3967 0.8315 0.3890 0.6264 0.1814
MRinSpiritualFinfameOn.jpg
25 -37.1159 27.3577 136.9181 0.2114 0.7978 0.5647 0.5821 0.1721
25 -33.2537 27.6176 128.8455 0.6978 0.3740 0.6109 0.5842 0.1960
25 -35.3810 32.0576 129.1620 0.2084 0.7703 0.6026 0.5967 0.1929
MRinSpiritualFinfameOn.jpg
25 -33.2537 27.6176 128.8455 0.6978 0.3740 0.6109 0.5842 0.1960
25 -26.3755 32.2999 125.4904 -0.0112 0.7570 0.6533 0.5894 0.2200
25 -35.3810 32.0576 129.1620 0.2084 0.7703 0.6026 0.5967 0.1929
MRinSpiritualFinfameOn.jpg
25 -35.3810 32.0576 129.1620 0.2084 0.7703 0.6026 0.5967 0.1929
25 -26.3755 32.2999 125.4904 -0.0112 0.7570 0.6533 0.5894 0.2200
25 -30.8565 36.9408 116.6751 -0.1317 0.9232 0.3611 0.6185 0.2252
MRinSpiritualFinfameOn.jpg
25 -30.8565 36.9408 116.6751 -0.1317 0.9232 0.3611 0.6185 0.2252
25 -26.3755 32.2999 125.4904 -0.0112 0.7570 0.6533 0.5894 0.2200
25 -22.3808 35.6057 122.1626 -0.2771 0.8271 0.4890 0.5967 0.2366
MRinSpiritualFinfameOn.jpg
25 -22.3808 35.6057 122.1626 -0.2771 0.8271 0.4890 0.5967 0.2366
25 -26.3755 32.2999 125.4904 -0.0112 0.7570 0.6533 0.5894 0.2200
23 -19.7825 29.7402 118.9832 -0.3079 0.9466 0.0953 0.5826 0.2330
MRinSpiritualFinfameOn.jpg
25 -18.0404 30.3614 102.3791 0.1454 0.9846 -0.0973 0.2397 0.9531
25 -37.2717 34.8792 114.9272 -0.1065 0.9686 0.2248 0.2174 0.9531
23 -18.1893 22.4167 105.1331 0.2313 0.9108 -0.3419 0.2309 0.9677
MRinSpiritualFinfameOn.jpg
25 -37.2717 34.8792 114.9272 -0.1065 0.9686 0.2248 0.2174 0.9531
25 -18.0404 30.3614 102.3791 0.1454 0.9846 -0.0973 0.2397 0.9531
25 -54.9986 34.6180 96.6803 -0.3023 0.9444 0.1290 0.2174 0.9047
MRinSpiritualFinfameOn.jpg
25 -37.2717 34.8792 114.9272 -0.1065 0.9686 0.2248 0.2174 0.9531
23 -23.5594 27.8863 119.5815 -0.2401 0.9586 0.1534 0.2174 0.9901
23 -18.1893 22.4167 105.1331 0.2313 0.9108 -0.3419 0.2309 0.9677
MRinSpiritualFinfameOn.jpg
25 -36.1932 31.4522 83.9201 0.0370 0.9813 -0.1889 0.2397 0.9047
25 -51.5227 26.4198 71.0255 0.1597 0.9866 -0.0340 0.2397 0.8397
25 -54.9986 34.6180 96.6803 -0.3023 0.9444 0.1290 0.2174 0.9047
MRinSpiritualFinfameOn.jpg
25 -37.2717 34.8792 114.9272 -0.1065 0.9686 0.2248 0.2174 0.9531
25 -56.2635 17.5499 118.5354 -0.6655 0.2703 0.6958 0.1721 0.9531
23 -23.5594 27.8863 119.5815 -0.2401 0.9586 0.1534 0.2174 0.9901
MRinSpiritualFinfameOn.jpg
23 -23.5594 27.8863 119.5815 -0.2401 0.9586 0.1534 0.2174 0.9901
25 -56.2635 17.5499 118.5354 -0.6655 0.2703 0.6958 0.1721 0.9531
23 -30.9942 17.4507 135.8612 -0.6327 0.4511 0.6295 0.1721 0.9901
MRinSpiritualFinfameOn.jpg
25 -56.2635 17.5499 118.5354 -0.6655 0.2703 0.6958 0.1721 0.9531
23 -35.4512 -9.0261 130.2415 -0.5530 -0.3245 0.7674 0.1247 0.9901
23 -30.9942 17.4507 135.8612 -0.6327 0.4511 0.6295 0.1721 0.9901
MRinSpiritualFinfameOn.jpg
25 -55.8789 -7.7563 107.7941 -0.5169 -0.7856 0.3400 0.1268 0.9526
23 -35.4512 -9.0261 130.2415 -0.5530 -0.3245 0.7674 0.1247 0.9901
25 -56.2635 17.5499 118.5354 -0.6655 0.2703 0.6958 0.1721 0.9531
MRinSpiritualFinfameOn.jpg
23 -35.4512 -9.0261 130.2415 -0.5530 -0.3245 0.7674 0.1247 0.9901
25 -55.8789 -7.7563 107.7941 -0.5169 -0.7856 0.3400 0.1268 0.9526
23 -31.7960 -16.5247 120.6477 -0.1771 -0.9141 0.3648 0.0977 0.9901
MRinSpiritualFinfameOn.jpg
25 -55.8789 -7.7563 107.7941 -0.5169 -0.7856 0.3400 0.1268 0.9526
23 -25.4716 -19.0902 110.2613 0.1610 -0.9846 0.0687 0.0815 0.9901
23 -31.7960 -16.5247 120.6477 -0.1771 -0.9141 0.3648 0.0977 0.9901
MRinSpiritualFinfameOn.jpg
25 -70.3361 16.4162 99.8726 -0.8495 0.0951 0.5189 0.1721 0.9047
25 -55.8789 -7.7563 107.7941 -0.5169 -0.7856 0.3400 0.1268 0.9526
25 -56.2635 17.5499 118.5354 -0.6655 0.2703 0.6958 0.1721 0.9531
MRinSpiritualFinfameOn.jpg
25 -51.5227 26.4198 71.0255 0.1597 0.9866 -0.0340 0.2397 0.8397
25 -69.5456 30.7440 76.6866 -0.3605 0.9119 0.1963 0.2174 0.8454
25 -54.9986 34.6180 96.6803 -0.3023 0.9444 0.1290 0.2174 0.9047
MRinSpiritualFinfameOn.jpg
25 -69.5456 30.7440 76.6866 -0.3605 0.9119 0.1963 0.2174 0.8454
25 -51.5227 26.4198 71.0255 0.1597 0.9866 -0.0340 0.2397 0.8397
26 -71.0329 33.4537 69.6183 -0.3670 0.7719 0.5192 0.2174 0.8397
MRinSpiritualFinfameOn.jpg
25 -74.0206 -1.4785 80.2130 -0.6515 -0.7549 0.0749 0.1253 0.8792
25 -55.8789 -7.7563 107.7941 -0.5169 -0.7856 0.3400 0.1268 0.9526
25 -70.3361 16.4162 99.8726 -0.8495 0.0951 0.5189 0.1721 0.9047
MRinSpiritualFinfameOn.jpg
25 -74.0206 -1.4785 80.2130 -0.6515 -0.7549 0.0749 0.1253 0.8792
23 -25.4716 -19.0902 110.2613 0.1610 -0.9846 0.0687 0.0815 0.9901
25 -55.8789 -7.7563 107.7941 -0.5169 -0.7856 0.3400 0.1268 0.9526
MRinSpiritualFinfameOn.jpg
25 -69.5456 30.7440 76.6866 -0.3605 0.9119 0.1963 0.2174 0.8454
25 -79.7921 20.9328 79.4288 -0.9079 0.3224 0.2679 0.1721 0.8621
25 -54.9986 34.6180 96.6803 -0.3023 0.9444 0.1290 0.2174 0.9047
MRinSpiritualFinfameOn.jpg
25 -54.9986 34.6180 96.6803 -0.3023 0.9444 0.1290 0.2174 0.9047
25 -79.7921 20.9328 79.4288 -0.9079 0.3224 0.2679 0.1721 0.8621
25 -70.3361 16.4162 99.8726 -0.8495 0.0951 0.5189 0.1721 0.9047
MRinSpiritualFinfameOn.jpg
25 -69.5456 30.7440 76.6866 -0.3605 0.9119 0.1963 0.2174 0.8454
26 -80.6970 20.0354 72.1843 -0.8676 0.3181 0.3823 0.1721 0.8485
25 -79.7921 20.9328 79.4288 -0.9079 0.3224 0.2679 0.1721 0.8621
MRinSpiritualFinfameOn.jpg
26 -80.6970 20.0354 72.1843 -0.8676 0.3181 0.3823 0.1721 0.8485
25 -69.5456 30.7440 76.6866 -0.3605 0.9119 0.1963 0.2174 0.8454
26 -71.0329 33.4537 69.6183 -0.3670 0.7719 0.5192 0.2174 0.8397
MRinSpiritualFinfameOn.jpg
26 -80.6970 20.0354 72.1843 -0.8676 0.3181 0.3823 0.1721 0.8485
26 -71.0329 33.4537 69.6183 -0.3670 0.7719 0.5192 0.2174 0.8397
26 -84.6780 24.1611 66.7090 -0.7613 0.1129 0.6385 0.1721 0.8397
MRinSpiritualFinfameOn.jpg
26 -80.6970 20.0354 72.1843 -0.8676 0.3181 0.3823 0.1721 0.8485
26 -83.3170 8.6367 58.6583 -0.8114 -0.5671 0.1415 0.1232 0.8397
25 -79.7921 20.9328 79.4288 -0.9079 0.3224 0.2679 0.1721 0.8621
MRinSpiritualFinfameOn.jpg
26 -84.6780 24.1611 66.7090 -0.7613 0.1129 0.6385 0.1721 0.8397
26 -83.3170 8.6367 58.6583 -0.8114 -0.5671 0.1415 0.1232 0.8397
26 -80.6970 20.0354 72.1843 -0.8676 0.3181 0.3823 0.1721 0.8485
MRinSpiritualFinfameOn.jpg
26 -83.3170 8.6367 58.6583 -0.8114 -0.5671 0.1415 0.1232 0.8397
25 -61.9363 -1.4450 60.5642 -0.0514 -0.6762 -0.7349 0.0815 0.8485
25 -74.0206 -1.4785 80.2130 -0.6515 -0.7549 0.0749 0.1253 0.8792
MRinSpiritualFinfameOn.jpg
26 -69.0614 3.6459 55.5456 -0.0114 -0.7652 -0.6437 0.0815 0.8397
25 -61.9363 -1.4450 60.5642 -0.0514 -0.6762 -0.7349 0.0815 0.8485
26 -83.3170 8.6367 58.6583 -0.8114 -0.5671 0.1415 0.1232 0.8397
MRinSpiritualFinfameOn.jpg
26 -69.0614 3.6459 55.5456 -0.0114 -0.7652 -0.6437 0.0815 0.8397
26 -57.8690 11.9544 56.0111 0.2716 -0.1681 -0.9476 0.0477 0.8397
25 -61.9363 -1.4450 60.5642 -0.0514 -0.6762 -0.7349 0.0815 0.8485
MRinSpiritualFinfameOn.jpg
25 -50.1483 -8.5596 68.1614 0.2546 -0.8373 -0.4839 0.0815 0.8876
23 -25.4716 -19.0902 110.2613 0.1610 -0.9846 0.0687 0.0815 0.9901
25 -74.0206 -1.4785 80.2130 -0.6515 -0.7549 0.0749 0.1253 0.8792
MRinSpiritualFinfameOn.jpg
25 -53.4442 6.4158 58.2400 0.4037 0.0053 -0.9149 0.0477 0.8584
25 -61.9363 -1.4450 60.5642 -0.0514 -0.6762 -0.7349 0.0815 0.8485
26 -57.8690 11.9544 56.0111 0.2716 -0.1681 -0.9476 0.0477 0.8397
MRinSpiritualFinfameOn.jpg
26 -57.8690 11.9544 56.0111 0.2716 -0.1681 -0.9476 0.0477 0.8397
25 -51.5227 26.4198 71.0255 0.5342 0.4368 -0.7238 0.0139 0.8397
25 -53.4442 6.4158 58.2400 0.4037 0.0053 -0.9149 0.0477 0.8584
MRinSpiritualFinfameOn.jpg
25 -53.4442 6.4158 58.2400 0.4037 0.0053 -0.9149 0.0477 0.8584
25 -51.5227 26.4198 71.0255 0.5342 0.4368 -0.7238 0.0139 0.8397
25 -39.6754 6.7420 64.9256 0.5576 -0.0389 -0.8292 0.0477 0.8876
MRinSpiritualFinfameOn.jpg
25 -61.9363 -1.4450 60.5642 -0.0514 -0.6762 -0.7349 0.0815 0.8485
25 -53.4442 6.4158 58.2400 0.4037 0.0053 -0.9149 0.0477 0.8584
25 -39.6754 6.7420 64.9256 0.5576 -0.0389 -0.8292 0.0477 0.8876
MRinSpiritualFinfameOn.jpg
25 -36.1932 31.4522 83.9201 0.6080 0.4229 -0.6719 0.0139 0.8876
25 -19.6592 9.2795 88.3775 0.7445 -0.1088 -0.6587 0.0477 0.9526
25 -39.6754 6.7420 64.9256 0.5576 -0.0389 -0.8292 0.0477 0.8876
MRinSpiritualFinfameOn.jpg
25 -39.6754 6.7420 64.9256 0.5576 -0.0389 -0.8292 0.0477 0.8876
25 -19.6592 9.2795 88.3775 0.7445 -0.1088 -0.6587 0.0477 0.9526
25 -50.1483 -8.5596 68.1614 0.2546 -0.8373 -0.4839 0.0815 0.8876
MRinSpiritualFinfameOn.jpg
25 -19.6592 9.2795 88.3775 0.7445 -0.1088 -0.6587 0.0477 0.9526
23 -14.6760 -8.4273 102.6979 0.7507 -0.5802 -0.3161 0.0477 0.9901
23 -25.4716 -19.0902 110.2613 0.1610 -0.9846 0.0687 0.0815 0.9901
MRinSpiritualFinfameOn.jpg
25 -18.0404 30.3614 102.3791 0.5574 0.4293 -0.7107 0.0139 0.9526
25 -19.6592 9.2795 88.3775 0.7445 -0.1088 -0.6587 0.0477 0.9526
25 -36.1932 31.4522 83.9201 0.6080 0.4229 -0.6719 0.0139 0.8876
MRinSpiritualFinfameOn.jpg
25 -19.6592 9.2795 88.3775 0.7445 -0.1088 -0.6587 0.0477 0.9526
23 -9.4307 8.8246 98.6820 0.7476 -0.1014 -0.6564 0.0139 0.9901
23 -14.6760 -8.4273 102.6979 0.7507 -0.5802 -0.3161 0.0477 0.9901
MRinSpiritualFinfameOn.jpg
25 -19.6592 9.2795 88.3775 0.7445 -0.1088 -0.6587 0.0477 0.9526
25 -18.0404 30.3614 102.3791 0.5574 0.4293 -0.7107 0.0139 0.9526
23 -9.4307 8.8246 98.6820 0.7476 -0.1014 -0.6564 0.0139 0.9901
MRinSpiritualFinfameOn.jpg
41 -179.1800 -5.5615 63.7787 -0.9084 -0.0048 -0.4181 0.9110 0.3480
41 -178.6901 -0.2376 69.0015 -0.9214 0.3860 0.0458 0.9209 0.3828
41 -174.7765 0.9549 66.4478 0.0621 0.6838 -0.7270 0.8871 0.3943
MRinSpiritualFinfameOn.jpg
41 -179.1800 -5.5615 63.7787 -0.9084 -0.0048 -0.4181 0.9110 0.3480
41 -174.7765 0.9549 66.4478 0.0621 0.6838 -0.7270 0.8871 0.3943
41 -167.4187 -15.9458 58.6489 0.6254 -0.5090 -0.5914 0.8579 0.3006
MRinSpiritualFinfameOn.jpg
41 -174.7765 0.9549 66.4478 0.0621 0.6838 -0.7270 0.8871 0.3943
41 -169.6389 -4.5380 68.4006 0.9420 -0.3131 -0.1207 0.8506 0.3932
41 -167.4187 -15.9458 58.6489 0.6254 -0.5090 -0.5914 0.8579 0.3006
MRinSpiritualFinfameOn.jpg
41 -174.7765 0.9549 66.4478 0.0621 0.6838 -0.7270 0.8871 0.3943
41 -159.9427 0.9914 77.6939 0.8008 -0.5010 -0.3283 0.8506 0.4432
41 -169.6389 -4.5380 68.4006 0.9420 -0.3131 -0.1207 0.8506 0.3932
MRinSpiritualFinfameOn.jpg
41 -178.6901 -0.2376 69.0015 -0.9214 0.3860 0.0458 0.9209 0.3828
41 -170.0784 7.9697 80.4554 -0.9476 0.2967 -0.1182 0.9245 0.4536
41 -174.7765 0.9549 66.4478 0.0621 0.6838 -0.7270 0.8871 0.3943
MRinSpiritualFinfameOn.jpg
41 -164.9798 10.1200 77.0328 0.0409 0.6504 -0.7585 0.8871 0.4546
41 -159.9427 0.9914 77.6939 0.8008 -0.5010 -0.3283 0.8506 0.4432
41 -174.7765 0.9549 66.4478 0.0621 0.6838 -0.7270 0.8871 0.3943
MRinSpiritualFinfameOn.jpg
41 -172.3196 10.8026 82.3532 -0.9839 -0.0034 -0.1789 0.9328 0.4666
41 -164.9798 10.1200 77.0328 0.0409 0.6504 -0.7585 0.8871 0.4546
41 -170.0784 7.9697 80.4554 -0.9476 0.2967 -0.1182 0.9245 0.4536
MRinSpiritualFinfameOn.jpg
41 -164.9798 10.1200 77.0328 0.0409 0.6504 -0.7585 0.8871 0.4546
41 -174.7765 0.9549 66.4478 0.0621 0.6838 -0.7270 0.8871 0.3943
41 -170.0784 7.9697 80.4554 -0.9476 0.2967 -0.1182 0.9245 0.4536
MRinSpiritualFinfameOn.jpg
41 -172.3196 10.8026 82.3532 -0.9839 -0.0034 -0.1789 0.9328 0.4666
40 -163.4698 22.0055 99.3129 -0.6846 0.7008 -0.2004 0.9328 0.5181
41 -164.9798 10.1200 77.0328 0.0409 0.6504 -0.7585 0.8871 0.4546
MRinSpiritualFinfameOn.jpg
41 -159.9427 0.9914 77.6939 0.8008 -0.5010 -0.3283 0.8506 0.4432
41 -164.9798 10.1200 77.0328 0.0409 0.6504 -0.7585 0.8871 0.4546
40 -150.1373 13.6903 95.9374 0.9140 -0.3952 -0.0919 0.8506 0.5181
MRinSpiritualFinfameOn.jpg
40 -154.6638 24.0628 95.3770 0.3111 0.7866 -0.5334 0.8891 0.5181
41 -164.9798 10.1200 77.0328 0.0409 0.6504 -0.7585 0.8871 0.4546
40 -163.4698 22.0055 99.3129 -0.6846 0.7008 -0.2004 0.9328 0.5181
MRinSpiritualFinfameOn.jpg
40 -154.6638 24.0628 95.3770 0.3111 0.7866 -0.5334 0.8891 0.5181
40 -150.1373 13.6903 95.9374 0.9140 -0.3952 -0.0919 0.8506 0.5181
41 -164.9798 10.1200 77.0328 0.0409 0.6504 -0.7585 0.8871 0.4546
MRinSpiritualFinfameOn.jpg
29 -112.0396 66.0536 -4.0353 -0.9794 0.0442 -0.1971 0.7164 0.1971
29 -98.0828 58.4581 3.1890 -0.2110 -0.8346 -0.5088 0.7538 0.1835
29 -99.1415 65.7885 17.6442 -0.4594 -0.0165 0.8881 0.7637 0.2028
MRinSpiritualFinfameOn.jpg
29 -98.0828 58.4581 3.1890 -0.2110 -0.8346 -0.5088 0.7538 0.1835
28 -90.9487 68.2110 10.8324 0.3701 0.3444 0.8628 0.8038 0.2023
29 -99.1415 65.7885 17.6442 -0.4594 -0.0165 0.8881 0.7637 0.2028
MRinSpiritualFinfameOn.jpg
29 -90.6162 56.6084 -3.2404 -0.8300 0.4719 0.2974 0.7799 0.1716
28 -90.9487 68.2110 10.8324 0.3701 0.3444 0.8628 0.8038 0.2023
29 -98.0828 58.4581 3.1890 -0.2110 -0.8346 -0.5088 0.7538 0.1835
MRinSpiritualFinfameOn.jpg
29 -98.0828 58.4581 3.1890 -0.2110 -0.8346 -0.5088 0.7538 0.1835
28 -93.1627 71.5762 -4.6397 -0.6150 -0.1653 -0.7710 0.7663 0.1554
29 -90.6162 56.6084 -3.2404 -0.8300 0.4719 0.2974 0.7799 0.1716
MRinSpiritualFinfameOn.jpg
29 -98.4735 73.7239 4.7360 0.0255 0.1014 -0.9945 0.7455 0.1721
28 -93.1627 71.5762 -4.6397 -0.6150 -0.1653 -0.7710 0.7663 0.1554
29 -98.0828 58.4581 3.1890 -0.2110 -0.8346 -0.5088 0.7538 0.1835
MRinSpiritualFinfameOn.jpg
41 -191.6896 -15.4201 80.5577 -0.8716 0.3836 0.3051 0.9209 0.3828
41 -184.9792 -10.6640 85.2746 -0.7322 0.5059 0.4560 0.9245 0.4193
41 -187.7079 -13.9490 75.5480 -0.2782 0.7349 -0.6185 0.8871 0.3943
MRinSpiritualFinfameOn.jpg
41 -187.7079 -13.9490 75.5480 -0.2782 0.7349 -0.6185 0.8871 0.3943
41 -193.9577 -21.9780 74.3091 -0.9732 -0.0865 -0.2130 0.9110 0.3480
41 -191.6896 -15.4201 80.5577 -0.8716 0.3836 0.3051 0.9209 0.3828
MRinSpiritualFinfameOn.jpg
41 -184.9792 -10.6640 85.2746 -0.7322 0.5059 0.4560 0.9245 0.4193
41 -177.6485 -4.5944 91.1810 -0.9512 0.2645 0.1591 0.9245 0.4536
41 -187.7079 -13.9490 75.5480 -0.2782 0.7349 -0.6185 0.8871 0.3943
MRinSpiritualFinfameOn.jpg
41 -180.9995 -19.8321 76.1309 0.9054 -0.2499 -0.3431 0.8506 0.3932
41 -187.7079 -13.9490 75.5480 -0.2782 0.7349 -0.6185 0.8871 0.3943
41 -166.3274 -12.1596 83.6302 0.6825 -0.4751 -0.5554 0.8506 0.4432
MRinSpiritualFinfameOn.jpg
41 -181.4311 -33.5651 63.1914 -0.3042 -0.5208 -0.7976 0.8579 0.3006
41 -188.0142 -21.4159 69.9795 -0.0548 0.5268 -0.8482 0.8808 0.3480
41 -180.9995 -19.8321 76.1309 0.9054 -0.2499 -0.3431 0.8506 0.3932
MRinSpiritualFinfameOn.jpg
41 -188.0142 -21.4159 69.9795 -0.0548 0.5268 -0.8482 0.8808 0.3480
41 -193.9577 -21.9780 74.3091 -0.9732 -0.0865 -0.2130 0.9110 0.3480
41 -187.7079 -13.9490 75.5480 -0.2782 0.7349 -0.6185 0.8871 0.3943
MRinSpiritualFinfameOn.jpg
41 -181.4311 -33.5651 63.1914 -0.3042 -0.5208 -0.7976 0.8579 0.3006
41 -193.9577 -21.9780 74.3091 -0.9732 -0.0865 -0.2130 0.9110 0.3480
41 -188.0142 -21.4159 69.9795 -0.0548 0.5268 -0.8482 0.8808 0.3480
MRinSpiritualFinfameOn.jpg
41 -180.9995 -19.8321 76.1309 0.9054 -0.2499 -0.3431 0.8506 0.3932
41 -188.0142 -21.4159 69.9795 -0.0548 0.5268 -0.8482 0.8808 0.3480
41 -187.7079 -13.9490 75.5480 -0.2782 0.7349 -0.6185 0.8871 0.3943
MRinSpiritualFinfameOn.jpg
41 -177.6485 -4.5944 91.1810 -0.9512 0.2645 0.1591 0.9245 0.4536
41 -179.7239 -1.3487 94.4234 -0.9848 -0.0873 0.1501 0.9328 0.4666
41 -172.7627 -1.8628 84.7060 -0.1582 0.6623 -0.7324 0.8871 0.4546
MRinSpiritualFinfameOn.jpg
41 -179.7239 -1.3487 94.4234 -0.9848 -0.0873 0.1501 0.9328 0.4666
40 -169.1310 11.2048 108.4569 -0.7002 0.7124 -0.0469 0.9328 0.5181
41 -172.7627 -1.8628 84.7060 -0.1582 0.6623 -0.7324 0.8871 0.4546
MRinSpiritualFinfameOn.jpg
41 -166.3274 -12.1596 83.6302 0.6825 -0.4751 -0.5554 0.8506 0.4432
41 -172.7627 -1.8628 84.7060 -0.1582 0.6623 -0.7324 0.8871 0.4546
40 -152.0012 0.7602 99.9995 0.8881 -0.3284 -0.3215 0.8506 0.5181
MRinSpiritualFinfameOn.jpg
41 -187.7079 -13.9490 75.5480 -0.2782 0.7349 -0.6185 0.8871 0.3943
41 -172.7627 -1.8628 84.7060 -0.1582 0.6623 -0.7324 0.8871 0.4546
41 -166.3274 -12.1596 83.6302 0.6825 -0.4751 -0.5554 0.8506 0.4432
MRinSpiritualFinfameOn.jpg
40 -159.5663 10.1936 99.5624 -0.9863 -0.1362 -0.0927 0.8891 0.5181
40 -152.0012 0.7602 99.9995 0.8881 -0.3284 -0.3215 0.8506 0.5181
41 -172.7627 -1.8628 84.7060 -0.1582 0.6623 -0.7324 0.8871 0.4546
MRinSpiritualFinfameOn.jpg
40 -159.5663 10.1936 99.5624 -0.9863 -0.1362 -0.0927 0.8891 0.5181
41 -172.7627 -1.8628 84.7060 -0.1582 0.6623 -0.7324 0.8871 0.4546
40 -169.1310 11.2048 108.4569 -0.7002 0.7124 -0.0469 0.9328 0.5181
MRinSpiritualFinfameOn.jpg
41 -172.7627 -1.8628 84.7060 -0.1582 0.6623 -0.7324 0.8871 0.4546
41 -187.7079 -13.9490 75.5480 -0.2782 0.7349 -0.6185 0.8871 0.3943
41 -177.6485 -4.5944 91.1810 -0.9512 0.2645 0.1591 0.9245 0.4536
MRinSpiritualFinfameOn.jpg
41 -181.9345 -31.9415 119.7376 -0.6401 0.5836 0.4997 0.9245 0.4193
41 -184.9015 -42.7133 119.9068 -0.0937 -0.3785 0.9208 0.8871 0.3943
41 -173.5989 -24.3431 122.3497 -0.8876 0.2369 0.3951 0.9245 0.4536
MRinSpiritualFinfameOn.jpg
41 -179.3446 -43.8972 112.7335 0.8551 -0.4073 -0.3208 0.8506 0.3932
41 -163.3877 -34.3251 114.8747 0.6246 -0.6571 -0.4221 0.8506 0.4432
41 -184.9015 -42.7133 119.9068 -0.0937 -0.3785 0.9208 0.8871 0.3943
MRinSpiritualFinfameOn.jpg
41 -189.4283 -37.9835 117.9234 -0.7929 0.4071 0.4534 0.9209 0.3828
41 -184.9015 -42.7133 119.9068 -0.0937 -0.3785 0.9208 0.8871 0.3943
41 -181.9345 -31.9415 119.7376 -0.6401 0.5836 0.4997 0.9245 0.4193
MRinSpiritualFinfameOn.jpg
41 -184.9015 -42.7133 119.9068 -0.0937 -0.3785 0.9208 0.8871 0.3943
41 -189.4283 -37.9835 117.9234 -0.7929 0.4071 0.4534 0.9209 0.3828
41 -192.7344 -46.1522 113.9205 -0.9612 -0.2133 0.1749 0.9110 0.3480
MRinSpiritualFinfameOn.jpg
41 -181.9273 -60.9651 103.4197 -0.3738 -0.9040 -0.2076 0.8579 0.3006
41 -179.3446 -43.8972 112.7335 0.8551 -0.4073 -0.3208 0.8506 0.3932
41 -186.4377 -50.4854 114.4241 0.0876 -0.6544 0.7511 0.8808 0.3480
MRinSpiritualFinfameOn.jpg
41 -179.3446 -43.8972 112.7335 0.8551 -0.4073 -0.3208 0.8506 0.3932
41 -184.9015 -42.7133 119.9068 -0.0937 -0.3785 0.9208 0.8871 0.3943
41 -186.4377 -50.4854 114.4241 0.0876 -0.6544 0.7511 0.8808 0.3480
MRinSpiritualFinfameOn.jpg
41 -181.9273 -60.9651 103.4197 -0.3738 -0.9040 -0.2076 0.8579 0.3006
41 -186.4377 -50.4854 114.4241 0.0876 -0.6544 0.7511 0.8808 0.3480
41 -192.7344 -46.1522 113.9205 -0.9612 -0.2133 0.1749 0.9110 0.3480
MRinSpiritualFinfameOn.jpg
41 -186.4377 -50.4854 114.4241 0.0876 -0.6544 0.7511 0.8808 0.3480
41 -184.9015 -42.7133 119.9068 -0.0937 -0.3785 0.9208 0.8871 0.3943
41 -192.7344 -46.1522 113.9205 -0.9612 -0.2133 0.1749 0.9110 0.3480
MRinSpiritualFinfameOn.jpg
41 -184.9015 -42.7133 119.9068 -0.0937 -0.3785 0.9208 0.8871 0.3943
41 -163.3877 -34.3251 114.8747 0.6246 -0.6571 -0.4221 0.8506 0.4432
41 -167.8619 -30.2333 125.7493 -0.0473 -0.5269 0.8486 0.8871 0.4546
MRinSpiritualFinfameOn.jpg
41 -173.5989 -24.3431 122.3497 -0.8876 0.2369 0.3951 0.9245 0.4536
41 -167.8619 -30.2333 125.7493 -0.0473 -0.5269 0.8486 0.8871 0.4546
41 -175.1902 -20.1078 124.9733 -0.9842 0.1523 0.0903 0.9328 0.4666
MRinSpiritualFinfameOn.jpg
41 -163.3877 -34.3251 114.8747 0.6246 -0.6571 -0.4221 0.8506 0.4432
40 -152.7704 -19.2453 121.7382 0.8466 -0.4220 -0.3244 0.8506 0.5181
41 -167.8619 -30.2333 125.7493 -0.0473 -0.5269 0.8486 0.8871 0.4546
MRinSpiritualFinfameOn.jpg
41 -175.1902 -20.1078 124.9733 -0.9842 0.1523 0.0903 0.9328 0.4666
41 -167.8619 -30.2333 125.7493 -0.0473 -0.5269 0.8486 0.8871 0.4546
40 -167.0487 -9.5059 129.8937 -0.7788 0.1177 0.6161 0.9328 0.5181
MRinSpiritualFinfameOn.jpg
41 -167.8619 -30.2333 125.7493 -0.0473 -0.5269 0.8486 0.8871 0.4546
41 -173.5989 -24.3431 122.3497 -0.8876 0.2369 0.3951 0.9245 0.4536
41 -184.9015 -42.7133 119.9068 -0.0937 -0.3785 0.9208 0.8871 0.3943
MRinSpiritualFinfameOn.jpg
40 -159.6522 -19.1763 132.3426 -0.0292 -0.6673 0.7442 0.8891 0.5181
41 -167.8619 -30.2333 125.7493 -0.0473 -0.5269 0.8486 0.8871 0.4546
40 -152.7704 -19.2453 121.7382 0.8466 -0.4220 -0.3244 0.8506 0.5181
MRinSpiritualFinfameOn.jpg
40 -159.6522 -19.1763 132.3426 -0.0292 -0.6673 0.7442 0.8891 0.5181
40 -167.0487 -9.5059 129.8937 -0.7788 0.1177 0.6161 0.9328 0.5181
41 -167.8619 -30.2333 125.7493 -0.0473 -0.5269 0.8486 0.8871 0.4546
MRinSpiritualFinfameOn.jpg
41 -185.9481 -40.0757 92.8080 0.8518 -0.4130 -0.3222 0.8506 0.3932
41 -167.0299 -29.8143 96.8698 0.6135 -0.6457 -0.4547 0.8506 0.4432
41 -192.7952 -39.2494 100.9022 -0.1412 -0.4466 0.8835 0.8871 0.3943
MRinSpiritualFinfameOn.jpg
41 -197.6662 -33.2393 98.9512 -0.7947 0.4004 0.4562 0.9209 0.3828
41 -192.7952 -39.2494 100.9022 -0.1412 -0.4466 0.8835 0.8871 0.3943
41 -188.7468 -26.6979 101.9296 -0.6376 0.5637 0.5251 0.9245 0.4193
MRinSpiritualFinfameOn.jpg
41 -192.7952 -39.2494 100.9022 -0.1412 -0.4466 0.8835 0.8871 0.3943
41 -197.6662 -33.2393 98.9512 -0.7947 0.4004 0.4562 0.9209 0.3828
41 -201.6834 -42.2533 93.4061 -0.9769 -0.1813 0.1135 0.9110 0.3480
MRinSpiritualFinfameOn.jpg
41 -188.7468 -26.6979 101.9296 -0.6376 0.5637 0.5251 0.9245 0.4193
41 -192.7952 -39.2494 100.9022 -0.1412 -0.4466 0.8835 0.8871 0.3943
41 -178.8348 -18.4523 106.0339 -0.8944 0.2429 0.3756 0.9245 0.4536
MRinSpiritualFinfameOn.jpg
41 -189.2763 -58.9978 80.3267 -0.4038 -0.8580 -0.3175 0.8579 0.3006
41 -194.6474 -47.7017 93.7861 0.0298 -0.7137 0.6998 0.8808 0.3480
41 -201.6834 -42.2533 93.4061 -0.9769 -0.1813 0.1135 0.9110 0.3480
MRinSpiritualFinfameOn.jpg
41 -185.9481 -40.0757 92.8080 0.8518 -0.4130 -0.3222 0.8506 0.3932
41 -192.7952 -39.2494 100.9022 -0.1412 -0.4466 0.8835 0.8871 0.3943
41 -194.6474 -47.7017 93.7861 0.0298 -0.7137 0.6998 0.8808 0.3480
MRinSpiritualFinfameOn.jpg
41 -189.2763 -58.9978 80.3267 -0.4038 -0.8580 -0.3175 0.8579 0.3006
41 -185.9481 -40.0757 92.8080 0.8518 -0.4130 -0.3222 0.8506 0.3932
41 -194.6474 -47.7017 93.7861 0.0298 -0.7137 0.6998 0.8808 0.3480
MRinSpiritualFinfameOn.jpg
41 -194.6474 -47.7017 93.7861 0.0298 -0.7137 0.6998 0.8808 0.3480
41 -192.7952 -39.2494 100.9022 -0.1412 -0.4466 0.8835 0.8871 0.3943
41 -201.6834 -42.2533 93.4061 -0.9769 -0.1813 0.1135 0.9110 0.3480
MRinSpiritualFinfameOn.jpg
41 -167.0299 -29.8143 96.8698 0.6135 -0.6457 -0.4547 0.8506 0.4432
40 -150.1195 -10.1421 108.7553 0.8800 -0.3691 -0.2990 0.8506 0.5181
41 -172.7125 -26.0338 109.5300 -0.0898 -0.5896 0.8027 0.8871 0.4546
MRinSpiritualFinfameOn.jpg
40 -161.4120 -11.4740 118.2195 -0.6263 0.6459 -0.4365 0.8891 0.5181
40 -169.0346 0.5751 119.4918 -0.7973 0.0227 0.6031 0.9328 0.5181
41 -172.7125 -26.0338 109.5300 -0.0898 -0.5896 0.8027 0.8871 0.4546
MRinSpiritualFinfameOn.jpg
41 -180.6152 -13.6863 109.4063 -0.9818 0.1891 0.0186 0.9328 0.4666
41 -172.7125 -26.0338 109.5300 -0.0898 -0.5896 0.8027 0.8871 0.4546
40 -169.0346 0.5751 119.4918 -0.7973 0.0227 0.6031 0.9328 0.5181
MRinSpiritualFinfameOn.jpg
41 -192.7952 -39.2494 100.9022 -0.1412 -0.4466 0.8835 0.8871 0.3943
41 -167.0299 -29.8143 96.8698 0.6135 -0.6457 -0.4547 0.8506 0.4432
41 -172.7125 -26.0338 109.5300 -0.0898 -0.5896 0.8027 0.8871 0.4546
MRinSpiritualFinfameOn.jpg
40 -161.4120 -11.4740 118.2195 -0.6263 0.6459 -0.4365 0.8891 0.5181
41 -172.7125 -26.0338 109.5300 -0.0898 -0.5896 0.8027 0.8871 0.4546
40 -150.1195 -10.1421 108.7553 0.8800 -0.3691 -0.2990 0.8506 0.5181
MRinSpiritualFinfameOn.jpg
41 -178.8348 -18.4523 106.0339 -0.8944 0.2429 0.3756 0.9245 0.4536
41 -172.7125 -26.0338 109.5300 -0.0898 -0.5896 0.8027 0.8871 0.4546
41 -180.6152 -13.6863 109.4063 -0.9818 0.1891 0.0186 0.9328 0.4666
MRinSpiritualFinfameOn.jpg
41 -172.7125 -26.0338 109.5300 -0.0898 -0.5896 0.8027 0.8871 0.4546
41 -178.8348 -18.4523 106.0339 -0.8944 0.2429 0.3756 0.9245 0.4536
41 -192.7952 -39.2494 100.9022 -0.1412 -0.4466 0.8835 0.8871 0.3943
MRinSpiritualFinfameOn.jpg
29 -98.3022 43.0538 16.4962 -0.2527 -0.1486 0.9561 0.7637 0.2028
29 -106.1022 40.1031 8.6004 -0.7876 -0.3509 0.5065 0.7377 0.2002
29 -93.8583 37.4695 2.4901 0.0716 -0.9415 -0.3292 0.7538 0.1835
MRinSpiritualFinfameOn.jpg
29 -93.8583 37.4695 2.4901 0.0716 -0.9415 -0.3292 0.7538 0.1835
29 -84.5139 50.2560 13.1544 0.3133 0.1112 0.9431 0.8038 0.2023
29 -98.3022 43.0538 16.4962 -0.2527 -0.1486 0.9561 0.7637 0.2028
MRinSpiritualFinfameOn.jpg
29 -84.2109 41.4818 -4.6125 -0.7554 -0.4529 0.4736 0.7799 0.1716
29 -84.5139 50.2560 13.1544 0.3133 0.1112 0.9431 0.8038 0.2023
29 -93.8583 37.4695 2.4901 0.0716 -0.9415 -0.3292 0.7538 0.1835
MRinSpiritualFinfameOn.jpg
29 -93.8583 37.4695 2.4901 0.0716 -0.9415 -0.3292 0.7538 0.1835
29 -90.6162 56.6084 -3.2404 -0.5606 -0.1489 -0.8146 0.7663 0.1554
29 -84.2109 41.4818 -4.6125 -0.7554 -0.4529 0.4736 0.7799 0.1716
MRinSpiritualFinfameOn.jpg
29 -99.1373 51.3881 3.8166 -0.0461 0.0775 -0.9959 0.7455 0.1721
29 -90.6162 56.6084 -3.2404 -0.5606 -0.1489 -0.8146 0.7663 0.1554
29 -93.8583 37.4695 2.4901 0.0716 -0.9415 -0.3292 0.7538 0.1835
MRinSpiritualFinfameOn.jpg
29 -85.5040 27.7338 13.7808 -0.0688 -0.1742 0.9823 0.7637 0.2028
29 -92.8780 23.3406 6.7917 -0.6412 -0.5198 0.5645 0.7377 0.2002
29 -82.7587 23.0379 -0.0123 0.3105 -0.8754 -0.3705 0.7538 0.1835
MRinSpiritualFinfameOn.jpg
29 -82.7587 23.0379 -0.0123 0.3105 -0.8754 -0.3705 0.7538 0.1835
29 -84.2109 41.4818 -4.6125 -0.4186 -0.2507 -0.8729 0.7663 0.1554
28 -67.7810 32.0368 -2.7177 0.5028 -0.7703 -0.3922 0.7799 0.1716
MRinSpiritualFinfameOn.jpg
29 -97.8896 21.7028 -8.0473 -0.6944 -0.3053 -0.6516 0.7164 0.1971
29 -82.7587 23.0379 -0.0123 0.3105 -0.8754 -0.3705 0.7538 0.1835
29 -92.8780 23.3406 6.7917 -0.6412 -0.5198 0.5645 0.7377 0.2002
MRinSpiritualFinfameOn.jpg
28 -67.7810 32.0368 -2.7177 0.5028 -0.7703 -0.3922 0.7799 0.1716
29 -75.2165 34.9540 7.3223 0.3926 0.1281 0.9108 0.8038 0.2023
29 -82.7587 23.0379 -0.0123 0.3105 -0.8754 -0.3705 0.7538 0.1835
MRinSpiritualFinfameOn.jpg
29 -82.7587 23.0379 -0.0123 0.3105 -0.8754 -0.3705 0.7538 0.1835
29 -75.2165 34.9540 7.3223 0.3926 0.1281 0.9108 0.8038 0.2023
29 -85.5040 27.7338 13.7808 -0.0688 -0.1742 0.9823 0.7637 0.2028
MRinSpiritualFinfameOn.jpg
29 -90.4741 33.3748 1.9030 -0.0848 0.1200 -0.9891 0.7455 0.1721
29 -84.2109 41.4818 -4.6125 -0.4186 -0.2507 -0.8729 0.7663 0.1554
29 -82.7587 23.0379 -0.0123 0.3105 -0.8754 -0.3705 0.7538 0.1835
MRinSpiritualFinfameOn.jpg
23 25.3237 -4.5246 103.8297 0.6970 0.6225 -0.3560 0.2304 0.9677
23 33.2217 -7.2740 117.8574 0.9710 0.2088 0.1166 0.2174 0.9901
30 43.7417 -13.0629 109.2144 0.7457 0.6475 -0.1569 0.2174 0.9531
MRinSpiritualFinfameOn.jpg
30 43.7417 -13.0629 109.2144 0.7457 0.6475 -0.1569 0.2174 0.9531
30 24.5490 -8.2581 96.7139 0.5186 0.6985 -0.4931 0.2397 0.9531
23 25.3237 -4.5246 103.8297 0.6970 0.6225 -0.3560 0.2304 0.9677
MRinSpiritualFinfameOn.jpg
30 35.8069 -26.5327 82.1968 0.5823 0.5903 -0.5590 0.2397 0.9047
30 24.5490 -8.2581 96.7139 0.5186 0.6985 -0.4931 0.2397 0.9531
30 53.8359 -31.8574 95.3530 0.8602 0.4668 -0.2053 0.2174 0.9047
MRinSpiritualFinfameOn.jpg
30 43.7417 -13.0629 109.2144 0.7457 0.6475 -0.1569 0.2174 0.9531
23 33.2217 -7.2740 117.8574 0.9710 0.2088 0.1166 0.2174 0.9901
30 47.1126 -35.3781 122.0540 0.7799 0.0087 0.6259 0.1721 0.9531
MRinSpiritualFinfameOn.jpg
30 43.7417 -13.0629 109.2144 0.7457 0.6475 -0.1569 0.2174 0.9531
30 47.1126 -35.3781 122.0540 0.7799 0.0087 0.6259 0.1721 0.9531
30 53.8359 -31.8574 95.3530 0.8602 0.4668 -0.2053 0.2174 0.9047
MRinSpiritualFinfameOn.jpg
23 33.2217 -7.2740 117.8574 0.9710 0.2088 0.1166 0.2174 0.9901
23 27.9064 -19.0220 134.0726 0.7125 -0.3817 0.5887 0.1721 0.9901
30 47.1126 -35.3781 122.0540 0.7799 0.0087 0.6259 0.1721 0.9531
MRinSpiritualFinfameOn.jpg
30 47.1126 -35.3781 122.0540 0.7799 0.0087 0.6259 0.1721 0.9531
23 27.9064 -19.0220 134.0726 0.7125 -0.3817 0.5887 0.1721 0.9901
23 5.9635 -34.6711 128.9840 -0.0107 -0.6602 0.7510 0.1247 0.9901
MRinSpiritualFinfameOn.jpg
30 28.6350 -55.7375 122.0784 -0.0748 -0.7186 0.6914 0.1268 0.9526
30 47.1126 -35.3781 122.0540 0.7799 0.0087 0.6259 0.1721 0.9531
23 5.9635 -34.6711 128.9840 -0.0107 -0.6602 0.7510 0.1247 0.9901
MRinSpiritualFinfameOn.jpg
23 5.9635 -34.6711 128.9840 -0.0107 -0.6602 0.7510 0.1247 0.9901
23 -2.7911 -34.4852 119.7669 -0.7229 -0.5760 0.3815 0.0977 0.9901
30 28.6350 -55.7375 122.0784 -0.0748 -0.7186 0.6914 0.1268 0.9526
MRinSpiritualFinfameOn.jpg
30 28.6350 -55.7375 122.0784 -0.0748 -0.7186 0.6914 0.1268 0.9526
23 -2.7911 -34.4852 119.7669 -0.7229 -0.5760 0.3815 0.0977 0.9901
23 -8.3620 -29.6849 109.7418 -0.9494 -0.2969 0.1024 0.0815 0.9901
MRinSpiritualFinfameOn.jpg
30 53.8359 -31.8574 95.3530 0.8602 0.4668 -0.2053 0.2174 0.9047
30 47.1126 -35.3781 122.0540 0.7799 0.0087 0.6259 0.1721 0.9531
30 53.8531 -52.5087 107.6110 0.7742 -0.2940 0.5605 0.1721 0.9047
MRinSpiritualFinfameOn.jpg
30 53.8531 -52.5087 107.6110 0.7742 -0.2940 0.5605 0.1721 0.9047
30 47.1126 -35.3781 122.0540 0.7799 0.0087 0.6259 0.1721 0.9531
30 28.6350 -55.7375 122.0784 -0.0748 -0.7186 0.6914 0.1268 0.9526
MRinSpiritualFinfameOn.jpg
30 58.9494 -51.5981 80.8396 0.8929 0.4331 -0.1231 0.2174 0.8454
31 60.7948 -53.7279 73.4405 0.8595 0.4607 0.2215 0.2174 0.8397
30 41.8677 -44.8047 74.7045 0.5192 0.7336 -0.4385 0.2397 0.8397
MRinSpiritualFinfameOn.jpg
30 41.8148 -74.1407 97.2460 0.0030 -0.8888 0.4584 0.1253 0.8792
30 28.6350 -55.7375 122.0784 -0.0748 -0.7186 0.6914 0.1268 0.9526
23 -8.3620 -29.6849 109.7418 -0.9494 -0.2969 0.1024 0.0815 0.9901
MRinSpiritualFinfameOn.jpg
30 58.9494 -51.5981 80.8396 0.8929 0.4331 -0.1231 0.2174 0.8454
30 60.5794 -63.6292 88.6675 0.9259 -0.2807 0.2528 0.1721 0.8621
31 59.4958 -67.6322 82.6609 0.9085 -0.2127 0.3598 0.1721 0.8485
MRinSpiritualFinfameOn.jpg
31 59.4958 -67.6322 82.6609 0.9085 -0.2127 0.3598 0.1721 0.8485
31 60.7948 -53.7279 73.4405 0.8595 0.4607 0.2215 0.2174 0.8397
30 58.9494 -51.5981 80.8396 0.8929 0.4331 -0.1231 0.2174 0.8454
MRinSpiritualFinfameOn.jpg
31 59.4958 -67.6322 82.6609 0.9085 -0.2127 0.3598 0.1721 0.8485
31 64.2869 -69.7910 76.7250 0.7352 -0.1717 0.6558 0.1721 0.8397
31 60.7948 -53.7279 73.4405 0.8595 0.4607 0.2215 0.2174 0.8397
MRinSpiritualFinfameOn.jpg
31 59.4958 -67.6322 82.6609 0.9085 -0.2127 0.3598 0.1721 0.8485
30 60.5794 -63.6292 88.6675 0.9259 -0.2807 0.2528 0.1721 0.8621
31 51.8261 -82.0580 75.4008 0.2475 -0.8387 0.4852 0.1232 0.8397
MRinSpiritualFinfameOn.jpg
31 51.8261 -82.0580 75.4008 0.2475 -0.8387 0.4852 0.1232 0.8397
30 60.5794 -63.6292 88.6675 0.9259 -0.2807 0.2528 0.1721 0.8621
30 41.8148 -74.1407 97.2460 0.0030 -0.8888 0.4584 0.1253 0.8792
MRinSpiritualFinfameOn.jpg
31 64.2869 -69.7910 76.7250 0.7352 -0.1717 0.6558 0.1721 0.8397
31 59.4958 -67.6322 82.6609 0.9085 -0.2127 0.3598 0.1721 0.8485
31 51.8261 -82.0580 75.4008 0.2475 -0.8387 0.4852 0.1232 0.8397
MRinSpiritualFinfameOn.jpg
31 37.5509 -77.1466 72.2512 -0.5954 -0.7547 -0.2756 0.0815 0.8397
31 51.8261 -82.0580 75.4008 0.2475 -0.8387 0.4852 0.1232 0.8397
30 29.7762 -73.7850 77.5793 -0.5188 -0.7570 -0.3973 0.0815 0.8485
MRinSpiritualFinfameOn.jpg
31 37.5509 -77.1466 72.2512 -0.5954 -0.7547 -0.2756 0.0815 0.8397
30 29.7762 -73.7850 77.5793 -0.5188 -0.7570 -0.3973 0.0815 0.8485
31 34.8375 -64.2994 67.5497 -0.4584 -0.3085 -0.8335 0.0477 0.8397
MRinSpiritualFinfameOn.jpg
30 28.2247 -64.0068 71.1474 -0.4403 -0.0851 -0.8938 0.0477 0.8584
31 34.8375 -64.2994 67.5497 -0.4584 -0.3085 -0.8335 0.0477 0.8397
30 29.7762 -73.7850 77.5793 -0.5188 -0.7570 -0.3973 0.0815 0.8485
MRinSpiritualFinfameOn.jpg
31 34.8375 -64.2994 67.5497 -0.4584 -0.3085 -0.8335 0.0477 0.8397
30 28.2247 -64.0068 71.1474 -0.4403 -0.0851 -0.8938 0.0477 0.8584
30 41.8677 -44.8047 74.7045 -0.2256 0.3548 -0.9073 0.0139 0.8397
MRinSpiritualFinfameOn.jpg
23 -8.3620 -29.6849 109.7418 -0.9494 -0.2969 0.1024 0.0815 0.9901
30 9.8041 -28.4357 92.4287 -0.7274 0.1624 -0.6667 0.0477 0.9526
30 17.5961 -67.7791 85.5081 -0.8111 -0.5649 -0.1518 0.0815 0.8876
MRinSpiritualFinfameOn.jpg
30 9.8041 -28.4357 92.4287 -0.7274 0.1624 -0.6667 0.0477 0.9526
23 -8.3620 -29.6849 109.7418 -0.9494 -0.2969 0.1024 0.0815 0.9901
23 -3.9480 -15.0703 102.3721 -0.8666 0.4216 -0.2670 0.0477 0.9901
MRinSpiritualFinfameOn.jpg
30 9.8041 -28.4357 92.4287 -0.7274 0.1624 -0.6667 0.0477 0.9526
23 -3.9480 -15.0703 102.3721 -0.8666 0.4216 -0.2670 0.0477 0.9901
23 8.9767 -2.5737 98.1231 -0.4520 0.6415 -0.6198 0.0139 0.9901
MRinSpiritualFinfameOn.jpg
30 9.8041 -28.4357 92.4287 -0.7274 0.1624 -0.6667 0.0477 0.9526
23 8.9767 -2.5737 98.1231 -0.4520 0.6415 -0.6198 0.0139 0.9901
30 24.5490 -8.2581 96.7139 -0.2462 0.3702 -0.8957 0.0139 0.9526
MRinSpiritualFinfameOn.jpg
47 153.3345 -73.3048 46.0331 0.8257 -0.3378 -0.4518 0.9110 0.3480
47 151.8727 -65.7168 49.0763 0.1924 0.6859 -0.7017 0.8871 0.3943
47 155.0634 -68.4452 51.4368 0.9997 -0.0039 0.0234 0.9209 0.3828
MRinSpiritualFinfameOn.jpg
47 155.0634 -68.4452 51.4368 0.9997 -0.0039 0.0234 0.9209 0.3828
47 151.8727 -65.7168 49.0763 0.1924 0.6859 -0.7017 0.8871 0.3943
47 150.5926 -58.0586 63.4710 0.9855 -0.0885 -0.1447 0.9245 0.4536
MRinSpiritualFinfameOn.jpg
47 151.8727 -65.7168 49.0763 0.1924 0.6859 -0.7017 0.8871 0.3943
47 145.0411 -68.8710 51.0457 -0.9921 0.0822 -0.0950 0.8506 0.3932
47 138.4723 -60.4346 60.8759 -0.9399 -0.1364 -0.3131 0.8506 0.4432
MRinSpiritualFinfameOn.jpg
47 153.7926 -56.4034 65.3694 0.9011 -0.3758 -0.2162 0.9328 0.4666
47 146.6452 -53.9516 60.3149 0.1977 0.6486 -0.7350 0.8871 0.4546
46 153.2681 -45.7468 81.1300 0.9406 0.2826 -0.1881 0.9328 0.5181
MRinSpiritualFinfameOn.jpg
47 153.7926 -56.4034 65.3694 0.9011 -0.3758 -0.2162 0.9328 0.4666
47 150.5926 -58.0586 63.4710 0.9855 -0.0885 -0.1447 0.9245 0.4536
47 146.6452 -53.9516 60.3149 0.1977 0.6486 -0.7350 0.8871 0.4546
MRinSpiritualFinfameOn.jpg
47 146.6452 -53.9516 60.3149 0.1977 0.6486 -0.7350 0.8871 0.4546
47 150.5926 -58.0586 63.4710 0.9855 -0.0885 -0.1447 0.9245 0.4536
47 151.8727 -65.7168 49.0763 0.1924 0.6859 -0.7017 0.8871 0.3943
MRinSpiritualFinfameOn.jpg
47 146.6452 -53.9516 60.3149 0.1977 0.6486 -0.7350 0.8871 0.4546
47 151.8727 -65.7168 49.0763 0.1924 0.6859 -0.7017 0.8871 0.3943
47 138.4723 -60.4346 60.8759 -0.9399 -0.1364 -0.3131 0.8506 0.4432
MRinSpiritualFinfameOn.jpg
47 138.4723 -60.4346 60.8759 -0.9399 -0.1364 -0.3131 0.8506 0.4432
46 137.7133 -47.0071 77.3269 -0.9888 0.0762 -0.1281 0.8506 0.5181
47 146.6452 -53.9516 60.3149 0.1977 0.6486 -0.7350 0.8871 0.4546
MRinSpiritualFinfameOn.jpg
46 146.6191 -40.0370 76.6217 0.1150 0.8061 -0.5805 0.8891 0.5181
47 146.6452 -53.9516 60.3149 0.1977 0.6486 -0.7350 0.8871 0.4546
46 137.7133 -47.0071 77.3269 -0.9888 0.0762 -0.1281 0.8506 0.5181
MRinSpiritualFinfameOn.jpg
46 146.6191 -40.0370 76.6217 0.1150 0.8061 -0.5805 0.8891 0.5181
46 153.2681 -45.7468 81.1300 0.9406 0.2826 -0.1881 0.9328 0.5181
47 146.6452 -53.9516 60.3149 0.1977 0.6486 -0.7350 0.8871 0.4546
MRinSpiritualFinfameOn.jpg
33 79.1324 -86.8542 -3.5953 0.8293 -0.4491 0.3326 0.7799 0.1716
34 84.9388 -91.9997 -0.1380 -0.6783 -0.5755 -0.4568 0.7538 0.1835
33 89.5577 -74.8343 10.0275 -0.0224 0.5122 0.8586 0.8038 0.2023
MRinSpiritualFinfameOn.jpg
34 84.9388 -91.9997 -0.1380 -0.6783 -0.5755 -0.4568 0.7538 0.1835
34 93.2965 -89.7325 13.6080 0.2943 -0.4312 0.8529 0.7637 0.2028
33 89.5577 -74.8343 10.0275 -0.0224 0.5122 0.8586 0.8038 0.2023
MRinSpiritualFinfameOn.jpg
34 97.5183 -100.3802 -8.8671 0.4872 -0.8315 -0.2670 0.7164 0.1971
34 93.2965 -89.7325 13.6080 0.2943 -0.4312 0.8529 0.7637 0.2028
34 84.9388 -91.9997 -0.1380 -0.6783 -0.5755 -0.4568 0.7538 0.1835
MRinSpiritualFinfameOn.jpg
34 84.9388 -91.9997 -0.1380 -0.6783 -0.5755 -0.4568 0.7538 0.1835
33 79.1324 -86.8542 -3.5953 0.8293 -0.4491 0.3326 0.7799 0.1716
33 93.7890 -74.2218 -5.3781 0.3196 -0.5643 -0.7612 0.7663 0.1554
MRinSpiritualFinfameOn.jpg
33 98.4841 -84.3670 2.5665 0.0019 -0.1308 -0.9914 0.7455 0.1721
34 84.9388 -91.9997 -0.1380 -0.6783 -0.5755 -0.4568 0.7538 0.1835
33 93.7890 -74.2218 -5.3781 0.3196 -0.5643 -0.7612 0.7663 0.1554
MRinSpiritualFinfameOn.jpg
34 84.9388 -91.9997 -0.1380 -0.6783 -0.5755 -0.4568 0.7538 0.1835
33 98.4841 -84.3670 2.5665 0.0019 -0.1308 -0.9914 0.7455 0.1721
34 97.5183 -100.3802 -8.8671 0.4872 -0.8315 -0.2670 0.7164 0.1971
MRinSpiritualFinfameOn.jpg
47 158.1982 -84.8551 57.1926 0.5278 0.5965 -0.6047 0.8871 0.3943
47 161.4082 -87.9749 61.9964 0.9588 0.0020 0.2842 0.9209 0.3828
47 160.8052 -94.6150 55.4586 0.8578 -0.4475 -0.2529 0.9110 0.3480
MRinSpiritualFinfameOn.jpg
47 161.4082 -87.9749 61.9964 0.9588 0.0020 0.2842 0.9209 0.3828
47 158.1982 -84.8551 57.1926 0.5278 0.5965 -0.6047 0.8871 0.3943
47 157.1754 -81.2051 67.1148 0.8812 0.1618 0.4442 0.9245 0.4193
MRinSpiritualFinfameOn.jpg
47 157.1754 -81.2051 67.1148 0.8812 0.1618 0.4442 0.9245 0.4193
47 158.1982 -84.8551 57.1926 0.5278 0.5965 -0.6047 0.8871 0.3943
47 152.9177 -73.0378 73.4891 0.9825 -0.1325 0.1309 0.9245 0.4536
MRinSpiritualFinfameOn.jpg
47 149.7368 -87.6991 57.8415 -0.9389 0.1361 -0.3161 0.8506 0.3932
47 139.3768 -75.2816 66.1391 -0.8260 -0.1484 -0.5437 0.8506 0.4432
47 158.1982 -84.8551 57.1926 0.5278 0.5965 -0.6047 0.8871 0.3943
MRinSpiritualFinfameOn.jpg
47 155.4415 -91.6027 51.3783 0.2356 0.5016 -0.8324 0.8808 0.3480
47 158.1982 -84.8551 57.1926 0.5278 0.5965 -0.6047 0.8871 0.3943
47 160.8052 -94.6150 55.4586 0.8578 -0.4475 -0.2529 0.9110 0.3480
MRinSpiritualFinfameOn.jpg
47 144.5001 -99.9374 44.4619 0.0591 -0.5618 -0.8252 0.8579 0.3006
47 155.4415 -91.6027 51.3783 0.2356 0.5016 -0.8324 0.8808 0.3480
47 160.8052 -94.6150 55.4586 0.8578 -0.4475 -0.2529 0.9110 0.3480
MRinSpiritualFinfameOn.jpg
47 144.5001 -99.9374 44.4619 0.0591 -0.5618 -0.8252 0.8579 0.3006
47 149.7368 -87.6991 57.8415 -0.9389 0.1361 -0.3161 0.8506 0.3932
47 155.4415 -91.6027 51.3783 0.2356 0.5016 -0.8324 0.8808 0.3480
MRinSpiritualFinfameOn.jpg
47 149.7368 -87.6991 57.8415 -0.9389 0.1361 -0.3161 0.8506 0.3932
47 158.1982 -84.8551 57.1926 0.5278 0.5965 -0.6047 0.8871 0.3943
47 155.4415 -91.6027 51.3783 0.2356 0.5016 -0.8324 0.8808 0.3480
MRinSpiritualFinfameOn.jpg
47 158.1982 -84.8551 57.1926 0.5278 0.5965 -0.6047 0.8871 0.3943
47 139.3768 -75.2816 66.1391 -0.8260 -0.1484 -0.5437 0.8506 0.4432
47 149.3312 -68.3419 67.2968 0.3864 0.5809 -0.7164 0.8871 0.4546
MRinSpiritualFinfameOn.jpg
47 149.3312 -68.3419 67.2968 0.3864 0.5809 -0.7164 0.8871 0.4546
47 152.9177 -73.0378 73.4891 0.9825 -0.1325 0.1309 0.9245 0.4536
47 158.1982 -84.8551 57.1926 0.5278 0.5965 -0.6047 0.8871 0.3943
MRinSpiritualFinfameOn.jpg
47 152.9177 -73.0378 73.4891 0.9825 -0.1325 0.1309 0.9245 0.4536
47 149.3312 -68.3419 67.2968 0.3864 0.5809 -0.7164 0.8871 0.4546
47 156.1740 -70.9966 76.7537 0.8764 -0.4691 0.1090 0.9328 0.4666
MRinSpiritualFinfameOn.jpg
47 139.3768 -75.2816 66.1391 -0.8260 -0.1484 -0.5437 0.8506 0.4432
46 133.1064 -59.0182 81.9886 -0.9271 0.1088 -0.3586 0.8506 0.5181
47 149.3312 -68.3419 67.2968 0.3864 0.5809 -0.7164 0.8871 0.4546
MRinSpiritualFinfameOn.jpg
47 156.1740 -70.9966 76.7537 0.8764 -0.4691 0.1090 0.9328 0.4666
47 149.3312 -68.3419 67.2968 0.3864 0.5809 -0.7164 0.8871 0.4546
46 152.8584 -57.3570 90.9968 0.9548 0.2953 -0.0345 0.9328 0.5181
MRinSpiritualFinfameOn.jpg
46 144.2497 -54.2964 81.6181 0.8082 -0.5882 -0.0309 0.8891 0.5181
47 149.3312 -68.3419 67.2968 0.3864 0.5809 -0.7164 0.8871 0.4546
46 133.1064 -59.0182 81.9886 -0.9271 0.1088 -0.3586 0.8506 0.5181
MRinSpiritualFinfameOn.jpg
46 144.2497 -54.2964 81.6181 0.8082 -0.5882 -0.0309 0.8891 0.5181
46 152.8584 -57.3570 90.9968 0.9548 0.2953 -0.0345 0.9328 0.5181
47 149.3312 -68.3419 67.2968 0.3864 0.5809 -0.7164 0.8871 0.4546
MRinSpiritualFinfameOn.jpg
47 145.4464 -112.2224 100.6826 -0.0396 -0.4257 0.9040 0.8871 0.3943
47 151.1786 -118.1591 94.2917 0.8065 -0.5766 0.1306 0.9110 0.3480
47 151.4091 -109.5334 98.6796 0.8991 0.0476 0.4351 0.9209 0.3828
MRinSpiritualFinfameOn.jpg
47 146.8882 -101.1471 100.9703 0.8278 0.2677 0.4929 0.9245 0.4193
47 142.2239 -91.0364 104.1417 0.9188 -0.1435 0.3677 0.9245 0.4536
47 145.4464 -112.2224 100.6826 -0.0396 -0.4257 0.9040 0.8871 0.3943
MRinSpiritualFinfameOn.jpg
47 139.7039 -110.8409 93.6932 -0.9533 -0.0297 -0.3006 0.8506 0.3932
47 145.4464 -112.2224 100.6826 -0.0396 -0.4257 0.9040 0.8871 0.3943
47 128.7674 -95.9392 96.7477 -0.8404 -0.3444 -0.4185 0.8506 0.4432
MRinSpiritualFinfameOn.jpg
47 151.4091 -109.5334 98.6796 0.8991 0.0476 0.4351 0.9209 0.3828
47 146.8882 -101.1471 100.9703 0.8278 0.2677 0.4929 0.9245 0.4193
47 145.4464 -112.2224 100.6826 -0.0396 -0.4257 0.9040 0.8871 0.3943
MRinSpiritualFinfameOn.jpg
47 135.2350 -127.1445 83.7456 -0.0117 -0.9680 -0.2508 0.8579 0.3006
47 143.7149 -119.7309 94.8990 -0.3178 -0.6020 0.7325 0.8808 0.3480
47 139.7039 -110.8409 93.6932 -0.9533 -0.0297 -0.3006 0.8506 0.3932
MRinSpiritualFinfameOn.jpg
47 139.7039 -110.8409 93.6932 -0.9533 -0.0297 -0.3006 0.8506 0.3932
47 143.7149 -119.7309 94.8990 -0.3178 -0.6020 0.7325 0.8808 0.3480
47 145.4464 -112.2224 100.6826 -0.0396 -0.4257 0.9040 0.8871 0.3943
MRinSpiritualFinfameOn.jpg
47 135.2350 -127.1445 83.7456 -0.0117 -0.9680 -0.2508 0.8579 0.3006
47 151.1786 -118.1591 94.2917 0.8065 -0.5766 0.1306 0.9110 0.3480
47 143.7149 -119.7309 94.8990 -0.3178 -0.6020 0.7325 0.8808 0.3480
MRinSpiritualFinfameOn.jpg
47 143.7149 -119.7309 94.8990 -0.3178 -0.6020 0.7325 0.8808 0.3480
47 151.1786 -118.1591 94.2917 0.8065 -0.5766 0.1306 0.9110 0.3480
47 145.4464 -112.2224 100.6826 -0.0396 -0.4257 0.9040 0.8871 0.3943
MRinSpiritualFinfameOn.jpg
47 145.4464 -112.2224 100.6826 -0.0396 -0.4257 0.9040 0.8871 0.3943
47 134.7366 -94.3873 107.5702 -0.1417 -0.5412 0.8289 0.8871 0.4546
47 128.7674 -95.9392 96.7477 -0.8404 -0.3444 -0.4185 0.8506 0.4432
MRinSpiritualFinfameOn.jpg
47 142.2239 -91.0364 104.1417 0.9188 -0.1435 0.3677 0.9245 0.4536
47 145.4047 -87.8691 106.8386 0.9677 -0.2457 0.0570 0.9328 0.4666
47 134.7366 -94.3873 107.5702 -0.1417 -0.5412 0.8289 0.8871 0.4546
MRinSpiritualFinfameOn.jpg
47 128.7674 -95.9392 96.7477 -0.8404 -0.3444 -0.4185 0.8506 0.4432
47 134.7366 -94.3873 107.5702 -0.1417 -0.5412 0.8289 0.8871 0.4546
46 123.6451 -75.6605 104.5010 -0.9346 0.0067 -0.3555 0.8506 0.5181
MRinSpiritualFinfameOn.jpg
47 145.4047 -87.8691 106.8386 0.9677 -0.2457 0.0570 0.9328 0.4666
46 140.5531 -73.2977 113.0712 0.7218 -0.2245 0.6547 0.9328 0.5181
47 134.7366 -94.3873 107.5702 -0.1417 -0.5412 0.8289 0.8871 0.4546
MRinSpiritualFinfameOn.jpg
47 134.7366 -94.3873 107.5702 -0.1417 -0.5412 0.8289 0.8871 0.4546
47 145.4464 -112.2224 100.6826 -0.0396 -0.4257 0.9040 0.8871 0.3943
47 142.2239 -91.0364 104.1417 0.9188 -0.1435 0.3677 0.9245 0.4536
MRinSpiritualFinfameOn.jpg
46 129.3909 -78.1844 115.4690 -0.3136 -0.5557 0.7700 0.8891 0.5181
47 134.7366 -94.3873 107.5702 -0.1417 -0.5412 0.8289 0.8871 0.4546
46 140.5531 -73.2977 113.0712 0.7218 -0.2245 0.6547 0.9328 0.5181
MRinSpiritualFinfameOn.jpg
46 129.3909 -78.1844 115.4690 -0.3136 -0.5557 0.7700 0.8891 0.5181
46 123.6451 -75.6605 104.5010 -0.9346 0.0067 -0.3555 0.8506 0.5181
47 134.7366 -94.3873 107.5702 -0.1417 -0.5412 0.8289 0.8871 0.4546
MRinSpiritualFinfameOn.jpg
47 146.8072 -108.9972 73.6600 -0.9526 -0.0360 -0.3021 0.8506 0.3932
47 153.6289 -111.2483 81.5102 -0.0232 -0.5050 0.8628 0.8871 0.3943
47 133.4727 -92.3973 78.7720 -0.8265 -0.3364 -0.4513 0.8506 0.4432
MRinSpiritualFinfameOn.jpg
47 153.6289 -111.2483 81.5102 -0.0232 -0.5050 0.8628 0.8871 0.3943
47 160.4765 -117.1257 73.5867 0.8321 -0.5502 0.0700 0.9110 0.3480
47 160.3983 -107.5157 79.5655 0.8982 0.0406 0.4378 0.9209 0.3828
MRinSpiritualFinfameOn.jpg
47 154.8027 -98.1677 83.0932 0.8185 0.2489 0.5177 0.9245 0.4193
47 148.9632 -86.9170 87.8343 0.9268 -0.1399 0.3485 0.9245 0.4536
47 153.6289 -111.2483 81.5102 -0.0232 -0.5050 0.8628 0.8871 0.3943
MRinSpiritualFinfameOn.jpg
47 160.3983 -107.5157 79.5655 0.8982 0.0406 0.4378 0.9209 0.3828
47 154.8027 -98.1677 83.0932 0.8185 0.2489 0.5177 0.9245 0.4193
47 153.6289 -111.2483 81.5102 -0.0232 -0.5050 0.8628 0.8871 0.3943
MRinSpiritualFinfameOn.jpg
47 142.2406 -127.1558 60.4629 0.0312 -0.9323 -0.3604 0.8579 0.3006
47 160.4765 -117.1257 73.5867 0.8321 -0.5502 0.0700 0.9110 0.3480
47 151.8866 -119.4330 74.0613 -0.2885 -0.6768 0.6772 0.8808 0.3480
MRinSpiritualFinfameOn.jpg
47 142.2406 -127.1558 60.4629 0.0312 -0.9323 -0.3604 0.8579 0.3006
47 151.8866 -119.4330 74.0613 -0.2885 -0.6768 0.6772 0.8808 0.3480
47 146.8072 -108.9972 73.6600 -0.9526 -0.0360 -0.3021 0.8506 0.3932
MRinSpiritualFinfameOn.jpg
47 151.8866 -119.4330 74.0613 -0.2885 -0.6768 0.6772 0.8808 0.3480
47 160.4765 -117.1257 73.5867 0.8321 -0.5502 0.0700 0.9110 0.3480
47 153.6289 -111.2483 81.5102 -0.0232 -0.5050 0.8628 0.8871 0.3943
MRinSpiritualFinfameOn.jpg
47 146.8072 -108.9972 73.6600 -0.9526 -0.0360 -0.3021 0.8506 0.3932
47 151.8866 -119.4330 74.0613 -0.2885 -0.6768 0.6772 0.8808 0.3480
47 153.6289 -111.2483 81.5102 -0.0232 -0.5050 0.8628 0.8871 0.3943
MRinSpiritualFinfameOn.jpg
46 135.0406 -73.0970 101.1812 0.8708 0.2479 -0.4247 0.8891 0.5181
47 140.4570 -91.6807 91.3179 -0.1283 -0.6134 0.7793 0.8871 0.4546
46 147.4070 -65.9940 102.4159 0.6937 -0.3180 0.6463 0.9328 0.5181
MRinSpiritualFinfameOn.jpg
47 133.4727 -92.3973 78.7720 -0.8265 -0.3364 -0.4513 0.8506 0.4432
47 140.4570 -91.6807 91.3179 -0.1283 -0.6134 0.7793 0.8871 0.4546
46 126.0267 -67.1958 91.0427 -0.9399 0.0705 -0.3341 0.8506 0.5181
MRinSpiritualFinfameOn.jpg
47 152.5417 -83.3674 91.2888 0.9781 -0.2077 -0.0132 0.9328 0.4666
46 147.4070 -65.9940 102.4159 0.6937 -0.3180 0.6463 0.9328 0.5181
47 140.4570 -91.6807 91.3179 -0.1283 -0.6134 0.7793 0.8871 0.4546
MRinSpiritualFinfameOn.jpg
46 135.0406 -73.0970 101.1812 0.8708 0.2479 -0.4247 0.8891 0.5181
46 126.0267 -67.1958 91.0427 -0.9399 0.0705 -0.3341 0.8506 0.5181
47 140.4570 -91.6807 91.3179 -0.1283 -0.6134 0.7793 0.8871 0.4546
MRinSpiritualFinfameOn.jpg
47 153.6289 -111.2483 81.5102 -0.0232 -0.5050 0.8628 0.8871 0.3943
47 140.4570 -91.6807 91.3179 -0.1283 -0.6134 0.7793 0.8871 0.4546
47 133.4727 -92.3973 78.7720 -0.8265 -0.3364 -0.4513 0.8506 0.4432
MRinSpiritualFinfameOn.jpg
47 140.4570 -91.6807 91.3179 -0.1283 -0.6134 0.7793 0.8871 0.4546
47 153.6289 -111.2483 81.5102 -0.0232 -0.5050 0.8628 0.8871 0.3943
47 148.9632 -86.9170 87.8343 0.9268 -0.1399 0.3485 0.9245 0.4536
MRinSpiritualFinfameOn.jpg
47 148.9632 -86.9170 87.8343 0.9268 -0.1399 0.3485 0.9245 0.4536
47 152.5417 -83.3674 91.2888 0.9781 -0.2077 -0.0132 0.9328 0.4666
47 140.4570 -91.6807 91.3179 -0.1283 -0.6134 0.7793 0.8871 0.4546
MRinSpiritualFinfameOn.jpg
34 64.5454 -98.4165 1.0586 -0.8886 -0.3841 -0.2508 0.7538 0.1835
34 72.9361 -99.9438 14.2580 0.0868 -0.3157 0.9449 0.7637 0.2028
33 71.9068 -81.1374 12.5753 0.0205 0.5109 0.8594 0.8038 0.2023
MRinSpiritualFinfameOn.jpg
34 73.3113 -108.0097 6.0901 0.1214 -0.8709 0.4762 0.7377 0.2002
34 64.5454 -98.4165 1.0586 -0.8886 -0.3841 -0.2508 0.7538 0.1835
34 73.3755 -111.3285 -9.3886 0.0639 -0.6262 -0.7770 0.7164 0.1971
MRinSpiritualFinfameOn.jpg
33 62.7207 -88.3867 -3.4187 -0.0038 -0.7674 0.6411 0.7799 0.1716
34 64.5454 -98.4165 1.0586 -0.8886 -0.3841 -0.2508 0.7538 0.1835
33 71.9068 -81.1374 12.5753 0.0205 0.5109 0.8594 0.8038 0.2023
MRinSpiritualFinfameOn.jpg
34 64.5454 -98.4165 1.0586 -0.8886 -0.3841 -0.2508 0.7538 0.1835
33 62.7207 -88.3867 -3.4187 -0.0038 -0.7674 0.6411 0.7799 0.1716
33 79.1324 -86.8542 -3.5953 0.0730 -0.7176 -0.6926 0.7663 0.1554
MRinSpiritualFinfameOn.jpg
34 72.9361 -99.9438 14.2580 0.0868 -0.3157 0.9449 0.7637 0.2028
34 64.5454 -98.4165 1.0586 -0.8886 -0.3841 -0.2508 0.7538 0.1835
34 73.3113 -108.0097 6.0901 0.1214 -0.8709 0.4762 0.7377 0.2002
MRinSpiritualFinfameOn.jpg
34 79.3377 -96.3504 0.9525 -0.0100 0.0207 -0.9997 0.7455 0.1721
34 64.5454 -98.4165 1.0586 -0.8886 -0.3841 -0.2508 0.7538 0.1835
33 79.1324 -86.8542 -3.5953 0.0730 -0.7176 -0.6926 0.7663 0.1554
MRinSpiritualFinfameOn.jpg
34 64.5454 -98.4165 1.0586 -0.8886 -0.3841 -0.2508 0.7538 0.1835
34 79.3377 -96.3504 0.9525 -0.0100 0.0207 -0.9997 0.7455 0.1721
34 73.3755 -111.3285 -9.3886 0.0639 -0.6262 -0.7770 0.7164 0.1971
MRinSpiritualFinfameOn.jpg
34 46.3947 -95.6058 0.4365 -0.9493 -0.1417 -0.2805 0.7538 0.1835
33 47.6463 -83.2524 -4.1933 -0.8972 -0.1736 -0.4061 0.7799 0.1716
33 62.7207 -88.3867 -3.4187 -0.0879 -0.6517 -0.7534 0.7663 0.1554
MRinSpiritualFinfameOn.jpg
34 53.1764 -96.0698 13.6090 -0.0214 -0.1677 0.9856 0.7637 0.2028
34 46.3947 -95.6058 0.4365 -0.9493 -0.1417 -0.2805 0.7538 0.1835
34 52.1712 -104.4799 6.4828 -0.0909 -0.8256 0.5568 0.7377 0.2002
MRinSpiritualFinfameOn.jpg
34 51.6631 -109.3058 -8.4990 -0.0003 -0.7398 -0.6728 0.7164 0.1971
34 52.1712 -104.4799 6.4828 -0.0909 -0.8256 0.5568 0.7377 0.2002
34 46.3947 -95.6058 0.4365 -0.9493 -0.1417 -0.2805 0.7538 0.1835
MRinSpiritualFinfameOn.jpg
33 47.6463 -83.2524 -4.1933 -0.8972 -0.1736 -0.4061 0.7799 0.1716
34 46.3947 -95.6058 0.4365 -0.9493 -0.1417 -0.2805 0.7538 0.1835
33 53.6456 -81.1265 8.0141 -0.0045 0.5813 0.8137 0.8038 0.2023
MRinSpiritualFinfameOn.jpg
34 46.3947 -95.6058 0.4365 -0.9493 -0.1417 -0.2805 0.7538 0.1835
34 53.1764 -96.0698 13.6090 -0.0214 -0.1677 0.9856 0.7637 0.2028
33 53.6456 -81.1265 8.0141 -0.0045 0.5813 0.8137 0.8038 0.2023
MRinSpiritualFinfameOn.jpg
34 59.2955 -97.4163 1.0206 0.0462 0.0073 -0.9989 0.7455 0.1721
34 46.3947 -95.6058 0.4365 -0.9493 -0.1417 -0.2805 0.7538 0.1835
33 62.7207 -88.3867 -3.4187 -0.0879 -0.6517 -0.7534 0.7663 0.1554
MRinSpiritualFinfameOn.jpg
34 46.3947 -95.6058 0.4365 -0.9493 -0.1417 -0.2805 0.7538 0.1835
34 59.2955 -97.4163 1.0206 0.0462 0.0073 -0.9989 0.7455 0.1721
34 51.6631 -109.3058 -8.4990 -0.0003 -0.7398 -0.6728 0.7164 0.1971
MRinSpiritualFinfameOn.jpg
35 56.3020 -37.1222 178.8071 0.7659 0.3944 -0.5077 0.4687 0.9474
35 46.3682 -46.5899 163.4745 0.3726 0.6584 -0.6539 0.4671 0.9896
24 54.6089 -29.4262 185.4727 0.8313 -0.0234 -0.5554 0.4349 0.9511
MRinSpiritualFinfameOn.jpg
35 56.3020 -37.1222 178.8071 0.7659 0.3944 -0.5077 0.4687 0.9474
35 62.2178 -29.8044 195.5045 0.7434 0.6560 -0.1305 0.4744 0.8959
35 62.8880 -38.3096 182.2340 0.4822 0.8204 -0.3072 0.4999 0.9433
MRinSpiritualFinfameOn.jpg
35 62.8880 -38.3096 182.2340 0.4822 0.8204 -0.3072 0.4999 0.9433
35 62.2178 -29.8044 195.5045 0.7434 0.6560 -0.1305 0.4744 0.8959
44 60.0212 -24.7451 212.8390 0.1804 0.8910 0.4166 0.5384 0.9490
MRinSpiritualFinfameOn.jpg
35 43.3686 -99.7918 181.9891 -0.0472 -0.9860 -0.1602 0.7039 0.9058
43 57.5735 -87.2834 225.2017 0.1792 -0.8167 0.5485 0.6607 0.8636
35 29.2922 -97.5577 190.5854 -0.1613 -0.9849 -0.0631 0.7361 0.8673
MRinSpiritualFinfameOn.jpg
35 29.2922 -97.5577 190.5854 -0.1613 -0.9849 -0.0631 0.7361 0.8673
43 57.5735 -87.2834 225.2017 0.1792 -0.8167 0.5485 0.6607 0.8636
35 25.3304 -95.9324 213.2139 0.1808 -0.9657 0.1865 0.7075 0.8168
MRinSpiritualFinfameOn.jpg
35 43.3686 -99.7918 181.9891 -0.0472 -0.9860 -0.1602 0.7039 0.9058
43 69.9606 -86.6238 220.1460 0.4414 -0.7415 0.5053 0.6586 0.8985
43 57.5735 -87.2834 225.2017 0.1792 -0.8167 0.5485 0.6607 0.8636
MRinSpiritualFinfameOn.jpg
35 25.3304 -95.9324 213.2139 0.1808 -0.9657 0.1865 0.7075 0.8168
43 57.5735 -87.2834 225.2017 0.1792 -0.8167 0.5485 0.6607 0.8636
35 37.9966 -89.5829 222.5441 0.4786 -0.7674 0.4266 0.6565 0.8204
MRinSpiritualFinfameOn.jpg
43 57.5735 -87.2834 225.2017 0.1792 -0.8167 0.5485 0.6607 0.8636
43 69.9606 -86.6238 220.1460 0.4414 -0.7415 0.5053 0.6586 0.8985
43 62.4567 -67.2303 238.6273 0.3349 -0.2921 0.8958 0.6061 0.8564
MRinSpiritualFinfameOn.jpg
35 48.2868 -75.8771 229.1881 0.5212 -0.4493 0.7255 0.6003 0.8184
43 62.4567 -67.2303 238.6273 0.3349 -0.2921 0.8958 0.6061 0.8564
35 52.4610 -46.8511 234.4303 0.6873 0.0686 0.7231 0.5238 0.8173
MRinSpiritualFinfameOn.jpg
43 74.8253 -66.7094 230.8171 0.6829 -0.2379 0.6907 0.6092 0.8923
43 62.4567 -67.2303 238.6273 0.3349 -0.2921 0.8958 0.6061 0.8564
43 69.9606 -86.6238 220.1460 0.4414 -0.7415 0.5053 0.6586 0.8985
MRinSpiritualFinfameOn.jpg
43 74.8253 -66.7094 230.8171 0.6829 -0.2379 0.6907 0.6092 0.8923
43 71.5884 -44.9059 233.1618 0.5314 0.3139 0.7868 0.5655 0.8891
43 62.4567 -67.2303 238.6273 0.3349 -0.2921 0.8958 0.6061 0.8564
MRinSpiritualFinfameOn.jpg
35 52.4610 -46.8511 234.4303 0.6873 0.0686 0.7231 0.5238 0.8173
43 62.4567 -67.2303 238.6273 0.3349 -0.2921 0.8958 0.6061 0.8564
43 71.5884 -44.9059 233.1618 0.5314 0.3139 0.7868 0.5655 0.8891
MRinSpiritualFinfameOn.jpg
44 82.7130 -47.0385 222.2944 0.7690 0.2428 0.5913 0.6102 0.9287
43 74.8253 -66.7094 230.8171 0.6829 -0.2379 0.6907 0.6092 0.8923
44 89.8754 -63.2776 210.3150 0.9435 -0.1385 0.3011 0.6623 0.9318
MRinSpiritualFinfameOn.jpg
43 71.5884 -44.9059 233.1618 0.5314 0.3139 0.7868 0.5655 0.8891
43 74.8253 -66.7094 230.8171 0.6829 -0.2379 0.6907 0.6092 0.8923
44 65.6192 -32.8643 228.6717 0.4448 0.6369 0.6297 0.5660 0.9172
MRinSpiritualFinfameOn.jpg
44 60.0212 -24.7451 212.8390 0.1804 0.8910 0.4166 0.5384 0.9490
35 62.2178 -29.8044 195.5045 0.7434 0.6560 -0.1305 0.4744 0.8959
35 73.6752 -40.4116 199.2962 0.8264 0.5435 0.1470 0.5218 0.9016
MRinSpiritualFinfameOn.jpg
35 64.6760 -40.0229 216.6324 0.7392 0.5037 0.4471 0.5150 0.8579
43 71.5884 -44.9059 233.1618 0.5314 0.3139 0.7868 0.5655 0.8891
35 73.6752 -40.4116 199.2962 0.8264 0.5435 0.1470 0.5218 0.9016
MRinSpiritualFinfameOn.jpg
35 64.6760 -40.0229 216.6324 0.7392 0.5037 0.4471 0.5150 0.8579
35 62.2178 -29.8044 195.5045 0.7434 0.6560 -0.1305 0.4744 0.8959
35 54.5642 -30.1745 222.0465 0.8173 0.4211 0.3933 0.4624 0.8459
MRinSpiritualFinfameOn.jpg
35 73.6752 -40.4116 199.2962 0.8264 0.5435 0.1470 0.5218 0.9016
35 62.2178 -29.8044 195.5045 0.7434 0.6560 -0.1305 0.4744 0.8959
35 64.6760 -40.0229 216.6324 0.7392 0.5037 0.4471 0.5150 0.8579
MRinSpiritualFinfameOn.jpg
24 36.8395 2.6693 168.0264 0.9466 0.1613 -0.2793 0.3428 0.9172
24 43.4876 -16.9969 177.1761 0.8336 0.1012 -0.5430 0.3948 0.9511
24 34.1563 -16.3865 163.2461 0.8518 -0.2912 -0.4354 0.3552 0.9557
MRinSpiritualFinfameOn.jpg
24 34.1563 -16.3865 163.2461 0.8518 -0.2912 -0.4354 0.3552 0.9557
24 43.4876 -16.9969 177.1761 0.8336 0.1012 -0.5430 0.3948 0.9511
24 32.6802 -35.9043 171.2319 0.6371 -0.2345 -0.7343 0.3938 0.9896
MRinSpiritualFinfameOn.jpg
35 28.7084 -72.8915 164.9464 -0.0703 -0.3843 -0.9205 0.8813 0.7564
35 46.3682 -46.5899 163.4745 -0.1039 0.0919 -0.9903 0.8439 0.6966
44 64.7695 -50.6384 173.6599 -0.1142 -0.1239 -0.9857 0.9021 0.7226
MRinSpiritualFinfameOn.jpg
24 25.0046 -61.4930 177.0158 0.3604 -0.5261 -0.7703 0.8147 0.7668
35 46.3682 -46.5899 163.4745 -0.1039 0.0919 -0.9903 0.8439 0.6966
35 28.7084 -72.8915 164.9464 -0.0703 -0.3843 -0.9205 0.8813 0.7564
MRinSpiritualFinfameOn.jpg
24 25.0046 -61.4930 177.0158 0.3604 -0.5261 -0.7703 0.8147 0.7668
24 32.6802 -35.9043 171.2319 0.4637 -0.3572 -0.8108 0.7840 0.7257
35 46.3682 -46.5899 163.4745 -0.1039 0.0919 -0.9903 0.8439 0.6966
MRinSpiritualFinfameOn.jpg
24 25.0046 -61.4930 177.0158 0.3604 -0.5261 -0.7703 0.8147 0.7668
24 19.6115 -45.4225 168.3627 0.3823 -0.4261 -0.8199 0.7741 0.7653
24 32.6802 -35.9043 171.2319 0.4637 -0.3572 -0.8108 0.7840 0.7257
MRinSpiritualFinfameOn.jpg
24 27.4518 -24.2724 161.6432 0.5285 -0.6708 -0.5203 0.7601 0.7231
24 32.6802 -35.9043 171.2319 0.4637 -0.3572 -0.8108 0.7840 0.7257
24 19.6115 -45.4225 168.3627 0.3823 -0.4261 -0.8199 0.7741 0.7653
MRinSpiritualFinfameOn.jpg
24 19.6115 -45.4225 168.3627 0.3823 -0.4261 -0.8199 0.7741 0.7653
24 1.5223 -55.0558 167.7477 0.0861 -0.5494 -0.8311 0.7663 0.8038
24 4.3873 -37.3838 155.8949 0.2232 -0.8326 -0.5069 0.7398 0.7788
MRinSpiritualFinfameOn.jpg
24 25.0046 -61.4930 177.0158 0.3604 -0.5261 -0.7703 0.8147 0.7668
24 1.5223 -55.0558 167.7477 0.0861 -0.5494 -0.8311 0.7663 0.8038
24 19.6115 -45.4225 168.3627 0.3823 -0.4261 -0.8199 0.7741 0.7653
MRinSpiritualFinfameOn.jpg
35 -3.0757 -67.8319 153.5490 0.0374 -0.3515 -0.9354 0.8048 0.8350
24 1.5223 -55.0558 167.7477 0.0861 -0.5494 -0.8311 0.7663 0.8038
24 25.0046 -61.4930 177.0158 0.3604 -0.5261 -0.7703 0.8147 0.7668
MRinSpiritualFinfameOn.jpg
35 -30.9268 -56.5262 155.1851 -0.3173 -0.2697 -0.9092 0.7523 0.8699
24 1.5223 -55.0558 167.7477 0.0861 -0.5494 -0.8311 0.7663 0.8038
35 -3.0757 -67.8319 153.5490 0.0374 -0.3515 -0.9354 0.8048 0.8350
MRinSpiritualFinfameOn.jpg
24 -15.6032 -38.6960 158.6546 -0.2301 -0.6214 -0.7489 0.7164 0.8074
24 1.5223 -55.0558 167.7477 0.0861 -0.5494 -0.8311 0.7663 0.8038
35 -30.9268 -56.5262 155.1851 -0.3173 -0.2697 -0.9092 0.7523 0.8699
MRinSpiritualFinfameOn.jpg
24 4.3873 -37.3838 155.8949 0.2232 -0.8326 -0.5069 0.7398 0.7788
24 1.5223 -55.0558 167.7477 0.0861 -0.5494 -0.8311 0.7663 0.8038
24 -15.6032 -38.6960 158.6546 -0.2301 -0.6214 -0.7489 0.7164 0.8074
MRinSpiritualFinfameOn.jpg
38 -60.7187 17.7104 205.8340 0.8905 0.4140 -0.1885 0.5166 0.9896
35 -74.1311 -2.8866 192.5607 -0.1179 0.8362 -0.5357 0.4671 0.9896
38 -68.0693 11.6944 187.8414 0.8872 0.1830 -0.4236 0.4879 0.9896
MRinSpiritualFinfameOn.jpg
38 -52.2597 5.1965 219.1994 0.6415 0.7507 -0.1582 0.4999 0.9433
35 -74.1311 -2.8866 192.5607 -0.1179 0.8362 -0.5357 0.4671 0.9896
38 -60.7187 17.7104 205.8340 0.8905 0.4140 -0.1885 0.5166 0.9896
MRinSpiritualFinfameOn.jpg
35 -68.9106 8.2906 209.0310 -0.4873 0.8488 -0.2052 0.4687 0.9474
35 -74.1311 -2.8866 192.5607 -0.1179 0.8362 -0.5357 0.4671 0.9896
38 -52.2597 5.1965 219.1994 0.6415 0.7507 -0.1582 0.4999 0.9433
MRinSpiritualFinfameOn.jpg
24 -48.9740 -2.9621 168.9863 -0.5858 0.2590 -0.7680 0.3938 0.9896
35 -74.1311 -2.8866 192.5607 -0.1179 0.8362 -0.5357 0.4671 0.9896
24 -60.9199 17.1823 182.2954 -0.5876 0.5490 -0.5945 0.4349 0.9511
MRinSpiritualFinfameOn.jpg
35 -68.9106 8.2906 209.0310 -0.4873 0.8488 -0.2052 0.4687 0.9474
35 -61.7026 15.1397 225.4166 -0.1594 0.9833 0.0874 0.4744 0.8959
24 -53.9935 29.8235 202.7082 -0.4086 0.8750 -0.2596 0.4338 0.9115
MRinSpiritualFinfameOn.jpg
24 -60.9199 17.1823 182.2954 -0.5876 0.5490 -0.5945 0.4349 0.9511
35 -68.9106 8.2906 209.0310 -0.4873 0.8488 -0.2052 0.4687 0.9474
24 -53.9935 29.8235 202.7082 -0.4086 0.8750 -0.2596 0.4338 0.9115
MRinSpiritualFinfameOn.jpg
24 -43.9045 18.2601 174.7726 -0.5033 0.6407 -0.5799 0.3948 0.9511
24 -48.9740 -2.9621 168.9863 -0.5858 0.2590 -0.7680 0.3938 0.9896
24 -60.9199 17.1823 182.2954 -0.5876 0.5490 -0.5945 0.4349 0.9511
MRinSpiritualFinfameOn.jpg
38 -107.9111 -27.3469 216.9695 -0.9720 -0.2256 -0.0661 0.7039 0.9058
37 -99.0864 -37.6204 242.7737 -0.6598 -0.4655 0.5899 0.6586 0.8985
38 -107.8812 -9.5070 231.0065 -0.8933 0.3064 0.3289 0.6623 0.9318
MRinSpiritualFinfameOn.jpg
38 -107.9111 -27.3469 216.9695 -0.9720 -0.2256 -0.0661 0.7039 0.9058
37 -87.8732 -44.2211 245.9883 -0.4607 -0.6568 0.5970 0.6607 0.8636
37 -99.0864 -37.6204 242.7737 -0.6598 -0.4655 0.5899 0.6586 0.8985
MRinSpiritualFinfameOn.jpg
24 -25.0545 27.6395 166.3242 -0.5556 0.7671 -0.3207 0.3428 0.9172
24 -43.9045 18.2601 174.7726 -0.5033 0.6407 -0.5799 0.3948 0.9511
24 -34.2061 34.1115 193.5751 -0.2923 0.9431 -0.1583 0.3964 0.8834
MRinSpiritualFinfameOn.jpg
37 -80.7470 -24.7543 259.2729 -0.2992 -0.1343 0.9447 0.6061 0.8564
37 -87.8732 -44.2211 245.9883 -0.4607 -0.6568 0.5970 0.6607 0.8636
35 -66.6377 -34.1956 256.9288 -0.3345 -0.1390 0.9321 0.6003 0.8184
MRinSpiritualFinfameOn.jpg
37 -87.8732 -44.2211 245.9883 -0.4607 -0.6568 0.5970 0.6607 0.8636
37 -80.7470 -24.7543 259.2729 -0.2992 -0.1343 0.9447 0.6061 0.8564
37 -99.0864 -37.6204 242.7737 -0.6598 -0.4655 0.5899 0.6586 0.8985
MRinSpiritualFinfameOn.jpg
37 -92.4006 -18.1829 253.3343 -0.6063 0.0849 0.7907 0.6092 0.8923
37 -99.0864 -37.6204 242.7737 -0.6598 -0.4655 0.5899 0.6586 0.8985
37 -80.7470 -24.7543 259.2729 -0.2992 -0.1343 0.9447 0.6061 0.8564
MRinSpiritualFinfameOn.jpg
37 -99.0864 -37.6204 242.7737 -0.6598 -0.4655 0.5899 0.6586 0.8985
37 -92.4006 -18.1829 253.3343 -0.6063 0.0849 0.7907 0.6092 0.8923
38 -107.8812 -9.5070 231.0065 -0.8933 0.3064 0.3289 0.6623 0.9318
MRinSpiritualFinfameOn.jpg
35 -49.6573 -9.8143 259.0797 -0.1328 0.3661 0.9210 0.5238 0.8173
37 -78.9958 -0.5645 254.4217 -0.2009 0.4966 0.8444 0.5655 0.8891
37 -80.7470 -24.7543 259.2729 -0.2992 -0.1343 0.9447 0.6061 0.8564
MRinSpiritualFinfameOn.jpg
37 -92.4006 -18.1829 253.3343 -0.6063 0.0849 0.7907 0.6092 0.8923
37 -80.7470 -24.7543 259.2729 -0.2992 -0.1343 0.9447 0.6061 0.8564
37 -78.9958 -0.5645 254.4217 -0.2009 0.4966 0.8444 0.5655 0.8891
MRinSpiritualFinfameOn.jpg
38 -93.8684 3.7660 240.2737 -0.5581 0.6166 0.5552 0.6102 0.9287
37 -92.4006 -18.1829 253.3343 -0.6063 0.0849 0.7907 0.6092 0.8923
38 -72.0732 10.3275 244.2228 -0.0997 0.8427 0.5291 0.5660 0.9172
MRinSpiritualFinfameOn.jpg
35 -61.0254 5.5671 246.9744 -0.0149 0.7772 0.6290 0.5150 0.8579
37 -78.9958 -0.5645 254.4217 -0.2009 0.4966 0.8444 0.5655 0.8891
35 -49.6573 -9.8143 259.0797 -0.1328 0.3661 0.9210 0.5238 0.8173
MRinSpiritualFinfameOn.jpg
24 -36.1142 11.9631 161.3136 -0.7937 0.3727 -0.4808 0.3552 0.9557
24 -48.9740 -2.9621 168.9863 -0.5858 0.2590 -0.7680 0.3938 0.9896
24 -43.9045 18.2601 174.7726 -0.5033 0.6407 -0.5799 0.3948 0.9511
MRinSpiritualFinfameOn.jpg
24 -36.6870 1.6035 159.8793 -0.9212 0.1207 -0.3698 0.3584 0.9896
24 -48.9740 -2.9621 168.9863 -0.5858 0.2590 -0.7680 0.3938 0.9896
24 -36.1142 11.9631 161.3136 -0.7937 0.3727 -0.4808 0.3552 0.9557
MRinSpiritualFinfameOn.jpg
24 -61.4660 -26.6076 174.6377 -0.5875 -0.1437 -0.7964 0.8147 0.7668
35 -74.1311 -2.8866 192.5607 -0.2751 0.1540 -0.9490 0.8439 0.6966
24 -48.9740 -2.9621 168.9863 -0.5428 0.0488 -0.8385 0.7840 0.7257
MRinSpiritualFinfameOn.jpg
24 -61.4660 -26.6076 174.6377 -0.5875 -0.1437 -0.7964 0.8147 0.7668
24 -48.9740 -2.9621 168.9863 -0.5428 0.0488 -0.8385 0.7840 0.7257
24 -46.0435 -18.9349 166.5571 -0.5315 -0.0573 -0.8451 0.7741 0.7653
MRinSpiritualFinfameOn.jpg
24 -36.6870 1.6035 159.8793 -0.8206 -0.1264 -0.5573 0.7601 0.7231
24 -46.0435 -18.9349 166.5571 -0.5315 -0.0573 -0.8451 0.7741 0.7653
24 -48.9740 -2.9621 168.9863 -0.5428 0.0488 -0.8385 0.7840 0.7257
MRinSpiritualFinfameOn.jpg
24 -28.9344 -23.9406 154.9785 -0.7138 -0.4545 -0.5329 0.7398 0.7788
24 -46.0435 -18.9349 166.5571 -0.5315 -0.0573 -0.8451 0.7741 0.7653
24 -36.6870 1.6035 159.8793 -0.8206 -0.1264 -0.5573 0.7601 0.7231
MRinSpiritualFinfameOn.jpg
24 -61.4660 -26.6076 174.6377 -0.5875 -0.1437 -0.7964 0.8147 0.7668
24 -46.0435 -18.9349 166.5571 -0.5315 -0.0573 -0.8451 0.7741 0.7653
24 -39.6901 -38.4292 166.6143 -0.4036 -0.3518 -0.8446 0.7663 0.8038
end
