version 1
nodes
0 "models/heroes/dragon_knight_per" -1
1 "pelvis" 0
2 "Tail_0" 1
3 "Tail_1" 2
4 "Tail_2" 3
5 "Tail_3" 4
6 "Tail_4" 5
7 "Tail_5" 6
8 "Tail_end" 7
9 "Hind_leg_upper_R" 1
10 "Hind_leg_lower_R" 9
11 "Hind_ankle_R" 10
12 "Hind_Toe_D_0_R" 11
13 "Hind_ball_R" 11
14 "Hind_Toe_B_0_R" 13
15 "Hind_Toe_B_1_R" 14
16 "Hind_Toe_C_0_R" 13
17 "Hind_Toe_C_1_R" 16
18 "Hind_Toe_A_0_R" 13
19 "Hind_Toe_A_1_R" 18
20 "Hind_leg_upper_L" 1
21 "Hind_leg_lower_L" 20
22 "Hind_ankle_L" 21
23 "Hind_ball_L" 22
24 "Hind_Toe_A_0_L" 23
25 "Hind_Toe_A_1_L" 24
26 "Hind_Toe_C_0_L" 23
27 "Hind_Toe_C_1_L" 26
28 "Hind_Toe_B_0_L" 23
29 "Hind_Toe_B_1_L" 28
30 "Hind_Toe_D_0_L" 22
31 "spine_0" 1
32 "spine_1" 31
33 "spine_2" 32
34 "spine_3" 33
35 "Front_leg_upper_R" 34
36 "Front_leg_lower_R" 35
37 "Front_ankle_R" 36
38 "Front_toe_D_0_R" 37
39 "Front_ball_R" 37
40 "Front_toe_B_0_R" 39
41 "Front_toe_B_1_R" 40
42 "Front_toe_A_0_R" 39
43 "Front_toe_A_1_R" 42
44 "Front_toe_C_0_R" 39
45 "Front_toe_C_1_R" 44
46 "Front_leg_upper_L" 34
47 "Front_leg_lower_L" 46
48 "Front_ankle_L" 47
49 "Front_ball_L" 48
50 "Front_toe_B_0_L" 49
51 "Front_toe_B_1_L" 50
52 "Front_toe_C_0_L" 49
53 "Front_toe_C_1_L" 52
54 "Front_toe_A_0_L" 49
55 "Front_toe_A_1_L" 54
56 "Front_toe_D_0_L" 48
57 "Wing_arm_upper_L" 34
58 "Wing_arm_lower_L" 57
59 "Wing_hand_L" 58
60 "finger_ring_0_L" 59
61 "finger_ring_1_L" 60
62 "finger_ring_2_L" 61
63 "finger_ring_end_L" 62
64 "finger_index_0_L" 59
65 "finger_index_1_L" 64
66 "finger_index_2_L" 65
67 "finger_index_end_L" 66
68 "finger_middle_0_L" 59
69 "finger_middle_1_L" 68
70 "finger_middle_2_L" 69
71 "finger_middle_end_L" 70
72 "finger_pinky_0_L" 59
73 "finger_pinky_1_L" 72
74 "finger_pinky_2_L" 73
75 "finger_pinky_end_L" 74
76 "ElbowSpike_0_L" 58
77 "ElbowSpike_1_L" 76
78 "ElbowSpike_end_L" 77
79 "Wing_arm_upper_R" 34
80 "Wing_arm_lower_R" 79
81 "Wing_hand_R" 80
82 "finger_pinky_0_R" 81
83 "finger_pinky_1_R" 82
84 "finger_pinky_2_R" 83
85 "finger_pinky_end_R" 84
86 "finger_middle_0_R" 81
87 "finger_middle_1_R" 86
88 "finger_middle_2_R" 87
89 "finger_middle_end_R" 88
90 "finger_index_0_R" 81
91 "finger_index_1_R" 90
92 "finger_index_2_R" 91
93 "finger_index_end_R" 92
94 "finger_ring_0_R" 81
95 "finger_ring_1_R" 94
96 "finger_ring_2_R" 95
97 "finger_ring_end_R" 96
98 "ElbowSpike_0_R" 80
99 "ElbowSpike_1_R" 98
100 "ElbowSpike_end_R" 99
101 "neck_0" 34
102 "neck_1" 101
103 "neck_2" 102
104 "head" 103
105 "Eyebrow_0_R" 104
106 "Eyebrow_1_R" 105
107 "Eyebrow_end_R" 106
108 "jaw" 104
109 "Whisker_0_R" 108
110 "Whisker_1_R" 109
111 "Whisker_2_R" 110
112 "Whisker_end_R" 111
113 "Whisker_0_L" 108
114 "Whisker_1_L" 113
115 "Whisker_2_L" 114
116 "Whisker_end_L" 115
117 "Tongue_0" 108
118 "Tongue_1" 117
119 "Tongue_2" 118
120 "Tongue_3" 119
121 "Eyebrow_0_L" 104
122 "Eyebrow_1_L" 121
123 "Eyebrow_end_L" 122
124 "upper_back_helper_L" 33
125 "upper_back_helper_R" 33
126 "Null 126" -1
127 "Null 127" -1
128 "Null 128" -1
129 "Null 129" -1
130 "Null 130" -1
end
skeleton
time 0
0 0.000000 0.000000 0.000000 -0.000000 -0.000000 -0.000000
1 -1.571785 1.420703 200.398941 -1.418939 -0.942509 -1.773739
2 -6.922300 -22.143431 0.000000 -3.064257 -0.028040 -1.720884
3 26.628101 0.000000 0.000000 0.011598 -0.010312 -0.179354
4 26.630836 0.000000 -0.000000 0.016414 -0.027675 -0.236431
5 26.630699 0.000000 0.000000 0.012754 -0.030370 -0.098533
6 26.628801 -0.000002 -0.000000 0.022960 -0.012222 -0.059565
7 26.628801 0.000000 0.000000 0.025419 -0.010525 -0.024944
8 26.629234 -0.000100 0.000000 0.000000 -0.000000 0.000000
9 -0.943900 -2.280900 -22.926100 -0.041657 0.094473 0.234890
10 -40.495499 -0.000000 0.000000 -0.002933 -0.001865 1.761864
11 -20.836300 0.000000 0.000000 3.079727 0.091418 -1.733072
12 -15.965199 -0.178700 -5.285300 -1.705438 -1.126822 0.208685
13 -22.902397 -0.000000 -0.000000 0.053552 -0.063134 -0.395503
14 -4.707000 -0.421400 0.147200 -3.109665 0.020908 -0.801994
15 -10.188796 0.000000 -0.000000 -0.001276 -0.007564 0.547320
16 -3.984107 -1.091600 6.377902 2.888786 0.085365 -0.853752
17 -8.776100 0.000000 0.000000 0.013639 0.052030 0.608501
18 -3.787000 0.101300 -5.082900 -2.788327 -0.006766 -0.815958
19 -10.247900 0.000000 0.000000 -0.041372 -0.093062 0.743082
20 -0.943900 -2.280900 22.926001 -0.042966 0.070156 -2.689366
21 40.495613 -0.000000 -0.000000 -0.002420 -0.005619 1.755309
22 20.836300 0.000000 0.000000 3.081211 0.091294 -1.723177
23 22.902302 -0.000000 0.000000 0.064652 -0.070472 -0.356841
24 3.820499 -0.064600 4.522499 -3.018207 -0.017509 -0.714521
25 10.247999 0.000000 -0.000000 -0.058441 -0.101276 1.067752
26 3.984100 1.091600 -6.377976 2.920570 0.122268 -0.735740
27 8.775999 -0.000001 -0.000000 0.055388 0.018828 0.920391
28 4.707076 0.421400 -0.147100 -3.083023 0.033974 -0.692875
29 10.188800 0.000000 0.000000 0.005904 -0.032977 0.870822
30 15.965199 0.178700 5.285300 -1.705438 -1.126822 0.208685
31 1.448200 11.235700 0.000000 0.001580 0.029837 1.670257
32 12.493211 -0.660803 -0.175087 -0.145036 -0.059006 -0.062691
33 16.263824 0.589225 0.193976 -0.053705 0.079255 -0.250458
34 25.850700 -0.540191 -0.788044 -0.021583 -0.057436 -0.130357
35 18.809500 -0.101700 -26.364401 -2.791070 0.018402 -1.248871
36 -48.046700 0.000000 0.000000 0.028314 -0.000589 1.484275
37 -32.732433 -0.000001 0.000000 -0.172111 0.035194 -0.064559
38 -5.577499 3.896500 -9.552595 -1.631494 -0.368079 -0.300516
39 -13.046900 0.000000 0.000000 -0.010852 0.082103 0.404234
40 -4.538900 1.838200 1.085000 3.113747 -0.053935 -1.136807
41 -9.326100 0.000000 0.000000 0.020689 0.027801 1.103493
42 -2.709599 0.999000 -6.980300 -2.993197 -0.113032 -1.320838
43 -10.456600 0.000000 0.000000 0.018079 0.027068 0.887562
44 -3.968400 2.196200 7.058900 2.962480 -0.009444 -1.285284
45 -8.804501 0.000000 0.000000 0.013129 0.027748 0.840105
46 18.809500 -0.101800 26.364403 -2.858400 -0.004112 1.791387
47 48.046696 0.000000 0.000000 0.089882 0.029577 1.508350
48 32.732395 0.000000 -0.000001 -0.082669 0.030919 -0.467450
49 13.046900 0.000000 0.000000 0.085969 0.116384 0.365780
50 4.529189 -1.758800 -0.050100 3.091714 -0.085196 -0.617158
51 9.326100 0.000000 0.000000 0.038274 0.029951 0.754815
52 4.229000 -2.047300 -5.390500 -3.082802 -0.006312 -0.773731
53 8.804501 0.000000 0.000000 0.053308 0.021343 0.770969
54 2.709595 -0.999000 6.980300 -3.066740 -0.117289 -0.790728
55 10.456600 0.000000 0.000000 0.040395 0.015457 0.928354
56 5.577499 -3.896500 9.552628 -1.631494 -0.368079 -0.300516
57 11.594707 -19.641138 22.263802 0.107828 -0.932410 -2.199772
58 37.458698 0.000001 0.000001 0.316046 -0.115010 0.341585
59 83.706497 0.000000 0.000000 1.922780 -0.380372 1.189839
60 -22.525200 -0.395200 18.987701 -2.831478 -0.702025 2.839306
61 67.425499 0.000000 0.000000 -0.124516 -0.147827 0.101899
62 63.648499 -0.000025 0.000001 0.003852 -0.092988 -0.028530
63 23.821501 -0.002273 -0.003400 0.000000 -0.000000 0.000000
64 9.637899 -0.153600 24.446100 -0.118960 -1.277294 0.321067
65 65.739967 0.000000 -0.000033 -0.185639 -0.291469 0.057455
66 55.101074 -0.000000 0.000000 0.001316 -0.113477 -0.013110
67 40.393002 -0.002397 -0.004600 0.000000 -0.000000 0.000000
68 -6.972596 -0.585700 25.377195 -2.467144 -1.275713 2.583325
69 64.545113 -0.000000 0.000001 -0.123638 -0.232910 -0.018977
70 51.973667 0.000000 -0.000001 0.005732 -0.109292 -0.053820
71 33.419170 -0.001932 -0.003708 0.000000 -0.000000 0.000000
72 -26.481203 -0.424404 7.812700 -3.021366 -0.285335 2.899835
73 64.186592 0.000000 0.000000 -0.065459 -0.093278 0.066377
74 55.590298 -0.000002 0.000000 0.000663 -0.020625 -0.031640
75 25.390667 -0.002475 -0.002400 0.000000 -0.000000 0.000000
76 -2.687500 -4.314000 0.575600 2.050219 -0.141291 -1.449146
77 43.191101 0.000033 -0.000000 -0.032044 0.017745 0.166355
78 46.987892 -0.001600 -0.000800 0.000000 -0.000000 0.000000
79 11.592972 -19.625471 -22.270134 0.197510 -0.928988 0.937532
80 -37.458698 0.000000 0.000000 0.245540 -0.090914 0.353482
81 -83.706497 0.000000 0.000000 1.921701 -0.367214 1.186252
82 26.481201 0.424298 -7.812590 -3.023085 -0.289419 2.906605
83 -64.186607 -0.000003 0.000001 -0.066615 -0.092481 0.078738
84 -55.590302 0.000000 -0.000000 0.000300 -0.020630 -0.013511
85 -25.391005 0.002863 0.002800 0.000000 -0.000000 0.000000
86 6.972701 0.585700 -25.377195 -2.451681 -1.271109 2.567261
87 -64.544991 -0.000001 -0.000000 -0.127852 -0.230638 -0.000585
88 -51.973602 0.000001 -0.000000 0.005384 -0.109302 -0.050608
89 -33.420601 0.002700 0.005200 0.000000 -0.000000 0.000000
90 -9.637899 0.153580 -24.446100 -0.145417 -1.276138 0.348727
91 -65.739998 0.000000 0.000000 -0.191032 -0.288018 0.076342
92 -55.101074 0.000000 -0.000001 -0.000929 -0.113478 0.007087
93 -40.394131 0.002805 0.005300 0.000000 -0.000000 0.000000
94 22.525200 0.395100 -18.987623 -2.829590 -0.703787 2.836304
95 -67.425507 0.000004 -0.000002 -0.125634 -0.146870 0.109540
96 -63.648499 -0.000003 -0.000000 0.002115 -0.096769 -0.012507
97 -23.822102 0.002800 0.004226 0.000000 -0.000000 0.000000
98 2.687500 4.314000 -0.575600 2.260333 -0.131255 -1.549540
99 -43.191101 0.000000 0.000000 -0.032044 0.017745 0.166355
100 -46.988194 0.002000 0.001000 0.000000 -0.000000 0.000000
101 34.245800 0.000000 0.000000 0.056087 0.022840 -0.095396
102 19.968500 -0.005260 0.083829 -0.034234 0.000413 -0.039804
103 19.356211 0.056266 0.088712 -0.036745 0.010175 -0.114508
104 20.723858 -0.038708 0.000001 0.070829 -0.008363 0.017708
105 22.713200 -10.955200 -4.711900 -0.065497 -0.343133 0.980447
106 -5.667200 0.000000 0.000000 0.036125 -0.136201 -0.580368
107 -5.935400 -0.005274 0.000100 0.000000 -0.000000 0.000000
108 6.464000 -3.692700 0.000000 -1.571091 0.000105 0.682561
109 19.717197 4.858903 7.932075 -2.037191 1.183303 -0.865245
110 -5.371100 0.000000 0.000000 -0.186114 -0.167466 -0.227911
111 -4.278900 0.000000 0.000000 0.009547 0.047203 -0.269372
112 2.284300 0.000000 0.000000 0.000000 -0.000000 0.000000
113 19.717199 -4.858900 7.932000 1.104403 -1.183302 -2.276350
114 5.371100 0.000000 0.000000 -0.186113 -0.167466 -0.227911
115 4.278896 -0.000000 0.000000 0.009547 0.047203 -0.269372
116 2.284400 0.000000 0.000000 0.000000 -0.000000 0.000000
117 6.994200 0.000000 1.816196 -1.570614 -0.200777 -0.000018
118 6.701499 -0.000000 0.000000 0.000000 -0.000000 0.143668
119 4.978200 0.000000 0.000000 0.000000 -0.000000 0.180994
120 4.007800 0.000000 0.000000 0.000000 -0.000000 0.167997
121 22.713202 -10.955200 4.711800 -0.065497 -0.343133 -2.161146
122 5.667200 0.000000 0.000000 0.036125 -0.136201 -0.580368
123 5.935300 0.005300 -0.000100 0.000000 -0.000000 0.000000
124 24.072239 5.450612 0.646124 -1.571387 -0.952005 -1.450244
125 24.173096 4.614134 -1.828850 -1.571388 -0.952005 1.691349
126 0.0 0.0 0.0 0.0 0.0 0.0
127 0.0 0.0 0.0 0.0 0.0 0.0
128 0.0 0.0 0.0 0.0 0.0 0.0
129 0.0 0.0 0.0 0.0 0.0 0.0
130 0.0 0.0 0.0 0.0 0.0 0.0
time 1
0 0.000000 0.000000 0.000000 -0.000000 -0.000000 -0.000000
1 -1.571785 1.420703 200.398941 -1.418939 -0.942509 -1.773739
2 -6.922300 -22.143431 0.000000 -3.064257 -0.028040 -1.720884
3 26.628101 0.000000 0.000000 0.011598 -0.010312 -0.179354
4 26.630836 0.000000 -0.000000 0.016414 -0.027675 -0.236431
5 26.630699 0.000000 0.000000 0.012754 -0.030370 -0.098533
6 26.628801 -0.000002 -0.000000 0.022960 -0.012222 -0.059565
7 26.628801 0.000000 0.000000 0.025419 -0.010525 -0.024944
8 26.629234 -0.000100 0.000000 0.000000 -0.000000 0.000000
9 -0.943900 -2.280900 -22.926100 -0.041657 0.094473 0.234890
10 -40.495499 -0.000000 0.000000 -0.002933 -0.001865 1.761864
11 -20.836300 0.000000 0.000000 3.079727 0.091418 -1.733072
12 -15.965199 -0.178700 -5.285300 -1.705438 -1.126822 0.208685
13 -22.902397 -0.000000 -0.000000 0.053552 -0.063134 -0.395503
14 -4.707000 -0.421400 0.147200 -3.109665 0.020908 -0.801994
15 -10.188796 0.000000 -0.000000 -0.001276 -0.007564 0.547320
16 -3.984107 -1.091600 6.377902 2.888786 0.085365 -0.853752
17 -8.776100 0.000000 0.000000 0.013639 0.052030 0.608501
18 -3.787000 0.101300 -5.082900 -2.788327 -0.006766 -0.815958
19 -10.247900 0.000000 0.000000 -0.041372 -0.093062 0.743082
20 -0.943900 -2.280900 22.926001 -0.042966 0.070156 -2.689366
21 40.495613 -0.000000 -0.000000 -0.002420 -0.005619 1.755309
22 20.836300 0.000000 0.000000 3.081211 0.091294 -1.723177
23 22.902302 -0.000000 0.000000 0.064652 -0.070472 -0.356841
24 3.820499 -0.064600 4.522499 -3.018207 -0.017509 -0.714521
25 10.247999 0.000000 -0.000000 -0.058441 -0.101276 1.067752
26 3.984100 1.091600 -6.377976 2.920570 0.122268 -0.735740
27 8.775999 -0.000001 -0.000000 0.055388 0.018828 0.920391
28 4.707076 0.421400 -0.147100 -3.083023 0.033974 -0.692875
29 10.188800 0.000000 0.000000 0.005904 -0.032977 0.870822
30 15.965199 0.178700 5.285300 -1.705438 -1.126822 0.208685
31 1.448200 11.235700 0.000000 0.001580 0.029837 1.670257
32 12.493211 -0.660803 -0.175087 -0.145036 -0.059006 -0.062691
33 16.263824 0.589225 0.193976 -0.053705 0.079255 -0.250458
34 25.850700 -0.540191 -0.788044 -0.021583 -0.057436 -0.130357
35 18.809500 -0.101700 -26.364401 -2.791070 0.018402 -1.248871
36 -48.046700 0.000000 0.000000 0.028314 -0.000589 1.484275
37 -32.732433 -0.000001 0.000000 -0.172111 0.035194 -0.064559
38 -5.577499 3.896500 -9.552595 -1.631494 -0.368079 -0.300516
39 -13.046900 0.000000 0.000000 -0.010852 0.082103 0.404234
40 -4.538900 1.838200 1.085000 3.113747 -0.053935 -1.136807
41 -9.326100 0.000000 0.000000 0.020689 0.027801 1.103493
42 -2.709599 0.999000 -6.980300 -2.993197 -0.113032 -1.320838
43 -10.456600 0.000000 0.000000 0.018079 0.027068 0.887562
44 -3.968400 2.196200 7.058900 2.962480 -0.009444 -1.285284
45 -8.804501 0.000000 0.000000 0.013129 0.027748 0.840105
46 18.809500 -0.101800 26.364403 -2.858400 -0.004112 1.791387
47 48.046696 0.000000 0.000000 0.089882 0.029577 1.508350
48 32.732395 0.000000 -0.000001 -0.082669 0.030919 -0.467450
49 13.046900 0.000000 0.000000 0.085969 0.116384 0.365780
50 4.529189 -1.758800 -0.050100 3.091714 -0.085196 -0.617158
51 9.326100 0.000000 0.000000 0.038274 0.029951 0.754815
52 4.229000 -2.047300 -5.390500 -3.082802 -0.006312 -0.773731
53 8.804501 0.000000 0.000000 0.053308 0.021343 0.770969
54 2.709595 -0.999000 6.980300 -3.066740 -0.117289 -0.790728
55 10.456600 0.000000 0.000000 0.040395 0.015457 0.928354
56 5.577499 -3.896500 9.552628 -1.631494 -0.368079 -0.300516
57 11.594707 -19.641138 22.263802 0.107828 -0.932410 -2.199772
58 37.458698 0.000001 0.000001 0.316046 -0.115010 0.341585
59 83.706497 0.000000 0.000000 1.922780 -0.380372 1.189839
60 -22.525200 -0.395200 18.987701 -2.831478 -0.702025 2.839306
61 67.425499 0.000000 0.000000 -0.124516 -0.147827 0.101899
62 63.648499 -0.000025 0.000001 0.003852 -0.092988 -0.028530
63 23.821501 -0.002273 -0.003400 0.000000 -0.000000 0.000000
64 9.637899 -0.153600 24.446100 -0.118960 -1.277294 0.321067
65 65.739967 0.000000 -0.000033 -0.185639 -0.291469 0.057455
66 55.101074 -0.000000 0.000000 0.001316 -0.113477 -0.013110
67 40.393002 -0.002397 -0.004600 0.000000 -0.000000 0.000000
68 -6.972596 -0.585700 25.377195 -2.467144 -1.275713 2.583325
69 64.545113 -0.000000 0.000001 -0.123638 -0.232910 -0.018977
70 51.973667 0.000000 -0.000001 0.005732 -0.109292 -0.053820
71 33.419170 -0.001932 -0.003708 0.000000 -0.000000 0.000000
72 -26.481203 -0.424404 7.812700 -3.021366 -0.285335 2.899835
73 64.186592 0.000000 0.000000 -0.065459 -0.093278 0.066377
74 55.590298 -0.000002 0.000000 0.000663 -0.020625 -0.031640
75 25.390667 -0.002475 -0.002400 0.000000 -0.000000 0.000000
76 -2.687500 -4.314000 0.575600 2.050219 -0.141291 -1.449146
77 43.191101 0.000033 -0.000000 -0.032044 0.017745 0.166355
78 46.987892 -0.001600 -0.000800 0.000000 -0.000000 0.000000
79 11.592972 -19.625471 -22.270134 0.197510 -0.928988 0.937532
80 -37.458698 0.000000 0.000000 0.245540 -0.090914 0.353482
81 -83.706497 0.000000 0.000000 1.921701 -0.367214 1.186252
82 26.481201 0.424298 -7.812590 -3.023085 -0.289419 2.906605
83 -64.186607 -0.000003 0.000001 -0.066615 -0.092481 0.078738
84 -55.590302 0.000000 -0.000000 0.000300 -0.020630 -0.013511
85 -25.391005 0.002863 0.002800 0.000000 -0.000000 0.000000
86 6.972701 0.585700 -25.377195 -2.451681 -1.271109 2.567261
87 -64.544991 -0.000001 -0.000000 -0.127852 -0.230638 -0.000585
88 -51.973602 0.000001 -0.000000 0.005384 -0.109302 -0.050608
89 -33.420601 0.002700 0.005200 0.000000 -0.000000 0.000000
90 -9.637899 0.153580 -24.446100 -0.145417 -1.276138 0.348727
91 -65.739998 0.000000 0.000000 -0.191032 -0.288018 0.076342
92 -55.101074 0.000000 -0.000001 -0.000929 -0.113478 0.007087
93 -40.394131 0.002805 0.005300 0.000000 -0.000000 0.000000
94 22.525200 0.395100 -18.987623 -2.829590 -0.703787 2.836304
95 -67.425507 0.000004 -0.000002 -0.125634 -0.146870 0.109540
96 -63.648499 -0.000003 -0.000000 0.002115 -0.096769 -0.012507
97 -23.822102 0.002800 0.004226 0.000000 -0.000000 0.000000
98 2.687500 4.314000 -0.575600 2.260333 -0.131255 -1.549540
99 -43.191101 0.000000 0.000000 -0.032044 0.017745 0.166355
100 -46.988194 0.002000 0.001000 0.000000 -0.000000 0.000000
101 34.245800 0.000000 0.000000 0.056087 0.022840 -0.095396
102 19.968500 -0.005260 0.083829 -0.034234 0.000413 -0.039804
103 19.356211 0.056266 0.088712 -0.036745 0.010175 -0.114508
104 20.723858 -0.038708 0.000001 0.070829 -0.008363 0.017708
105 22.713200 -10.955200 -4.711900 -0.065497 -0.343133 0.980447
106 -5.667200 0.000000 0.000000 0.036125 -0.136201 -0.580368
107 -5.935400 -0.005274 0.000100 0.000000 -0.000000 0.000000
108 6.464000 -3.692700 0.000000 -1.571091 0.000105 0.682561
109 19.717197 4.858903 7.932075 -2.037191 1.183303 -0.865245
110 -5.371100 0.000000 0.000000 -0.186114 -0.167466 -0.227911
111 -4.278900 0.000000 0.000000 0.009547 0.047203 -0.269372
112 2.284300 0.000000 0.000000 0.000000 -0.000000 0.000000
113 19.717199 -4.858900 7.932000 1.104403 -1.183302 -2.276350
114 5.371100 0.000000 0.000000 -0.186113 -0.167466 -0.227911
115 4.278896 -0.000000 0.000000 0.009547 0.047203 -0.269372
116 2.284400 0.000000 0.000000 0.000000 -0.000000 0.000000
117 6.994200 0.000000 1.816196 -1.570614 -0.200777 -0.000018
118 6.701499 -0.000000 0.000000 0.000000 -0.000000 0.143668
119 4.978200 0.000000 0.000000 0.000000 -0.000000 0.180994
120 4.007800 0.000000 0.000000 0.000000 -0.000000 0.167997
121 22.713202 -10.955200 4.711800 -0.065497 -0.343133 -2.161146
122 5.667200 0.000000 0.000000 0.036125 -0.136201 -0.580368
123 5.935300 0.005300 -0.000100 0.000000 -0.000000 0.000000
124 24.072239 5.450612 0.646124 -1.571387 -0.952005 -1.450244
125 24.173096 4.614134 -1.828850 -1.571388 -0.952005 1.691349
126 0.0 0.0 0.0 0.0 0.0 0.0
127 0.0 0.0 0.0 0.0 0.0 0.0
128 0.0 0.0 0.0 0.0 0.0 0.0
129 0.0 0.0 0.0 0.0 0.0 0.0
130 0.0 0.0 0.0 0.0 0.0 0.0
time 2
0 0.000000 0.000000 0.000000 -0.000000 -0.000000 -0.000000
1 -1.571785 1.420703 200.398941 -1.418939 -0.942509 -1.773739
2 -6.922300 -22.143431 0.000000 -3.064257 -0.028040 -1.720884
3 26.628101 0.000000 0.000000 0.011598 -0.010312 -0.179354
4 26.630836 0.000000 -0.000000 0.016414 -0.027675 -0.236431
5 26.630699 0.000000 0.000000 0.012754 -0.030370 -0.098533
6 26.628801 -0.000002 -0.000000 0.022960 -0.012222 -0.059565
7 26.628801 0.000000 0.000000 0.025419 -0.010525 -0.024944
8 26.629234 -0.000100 0.000000 0.000000 -0.000000 0.000000
9 -0.943900 -2.280900 -22.926100 -0.041657 0.094473 0.234890
10 -40.495499 -0.000000 0.000000 -0.002933 -0.001865 1.761864
11 -20.836300 0.000000 0.000000 3.079727 0.091418 -1.733072
12 -15.965199 -0.178700 -5.285300 -1.705438 -1.126822 0.208685
13 -22.902397 -0.000000 -0.000000 0.053552 -0.063134 -0.395503
14 -4.707000 -0.421400 0.147200 -3.109665 0.020908 -0.801994
15 -10.188796 0.000000 -0.000000 -0.001276 -0.007564 0.547320
16 -3.984107 -1.091600 6.377902 2.888786 0.085365 -0.853752
17 -8.776100 0.000000 0.000000 0.013639 0.052030 0.608501
18 -3.787000 0.101300 -5.082900 -2.788327 -0.006766 -0.815958
19 -10.247900 0.000000 0.000000 -0.041372 -0.093062 0.743082
20 -0.943900 -2.280900 22.926001 -0.042966 0.070156 -2.689366
21 40.495613 -0.000000 -0.000000 -0.002420 -0.005619 1.755309
22 20.836300 0.000000 0.000000 3.081211 0.091294 -1.723177
23 22.902302 -0.000000 0.000000 0.064652 -0.070472 -0.356841
24 3.820499 -0.064600 4.522499 -3.018207 -0.017509 -0.714521
25 10.247999 0.000000 -0.000000 -0.058441 -0.101276 1.067752
26 3.984100 1.091600 -6.377976 2.920570 0.122268 -0.735740
27 8.775999 -0.000001 -0.000000 0.055388 0.018828 0.920391
28 4.707076 0.421400 -0.147100 -3.083023 0.033974 -0.692875
29 10.188800 0.000000 0.000000 0.005904 -0.032977 0.870822
30 15.965199 0.178700 5.285300 -1.705438 -1.126822 0.208685
31 1.448200 11.235700 0.000000 0.001580 0.029837 1.670257
32 12.493211 -0.660803 -0.175087 -0.145036 -0.059006 -0.062691
33 16.263824 0.589225 0.193976 -0.053705 0.079255 -0.250458
34 25.850700 -0.540191 -0.788044 -0.021583 -0.057436 -0.130357
35 18.809500 -0.101700 -26.364401 -2.791070 0.018402 -1.248871
36 -48.046700 0.000000 0.000000 0.028314 -0.000589 1.484275
37 -32.732433 -0.000001 0.000000 -0.172111 0.035194 -0.064559
38 -5.577499 3.896500 -9.552595 -1.631494 -0.368079 -0.300516
39 -13.046900 0.000000 0.000000 -0.010852 0.082103 0.404234
40 -4.538900 1.838200 1.085000 3.113747 -0.053935 -1.136807
41 -9.326100 0.000000 0.000000 0.020689 0.027801 1.103493
42 -2.709599 0.999000 -6.980300 -2.993197 -0.113032 -1.320838
43 -10.456600 0.000000 0.000000 0.018079 0.027068 0.887562
44 -3.968400 2.196200 7.058900 2.962480 -0.009444 -1.285284
45 -8.804501 0.000000 0.000000 0.013129 0.027748 0.840105
46 18.809500 -0.101800 26.364403 -2.858400 -0.004112 1.791387
47 48.046696 0.000000 0.000000 0.089882 0.029577 1.508350
48 32.732395 0.000000 -0.000001 -0.082669 0.030919 -0.467450
49 13.046900 0.000000 0.000000 0.085969 0.116384 0.365780
50 4.529189 -1.758800 -0.050100 3.091714 -0.085196 -0.617158
51 9.326100 0.000000 0.000000 0.038274 0.029951 0.754815
52 4.229000 -2.047300 -5.390500 -3.082802 -0.006312 -0.773731
53 8.804501 0.000000 0.000000 0.053308 0.021343 0.770969
54 2.709595 -0.999000 6.980300 -3.066740 -0.117289 -0.790728
55 10.456600 0.000000 0.000000 0.040395 0.015457 0.928354
56 5.577499 -3.896500 9.552628 -1.631494 -0.368079 -0.300516
57 11.594707 -19.641138 22.263802 0.107828 -0.932410 -2.199772
58 37.458698 0.000001 0.000001 0.316046 -0.115010 0.341585
59 83.706497 0.000000 0.000000 1.922780 -0.380372 1.189839
60 -22.525200 -0.395200 18.987701 -2.831478 -0.702025 2.839306
61 67.425499 0.000000 0.000000 -0.124516 -0.147827 0.101899
62 63.648499 -0.000025 0.000001 0.003852 -0.092988 -0.028530
63 23.821501 -0.002273 -0.003400 0.000000 -0.000000 0.000000
64 9.637899 -0.153600 24.446100 -0.118960 -1.277294 0.321067
65 65.739967 0.000000 -0.000033 -0.185639 -0.291469 0.057455
66 55.101074 -0.000000 0.000000 0.001316 -0.113477 -0.013110
67 40.393002 -0.002397 -0.004600 0.000000 -0.000000 0.000000
68 -6.972596 -0.585700 25.377195 -2.467144 -1.275713 2.583325
69 64.545113 -0.000000 0.000001 -0.123638 -0.232910 -0.018977
70 51.973667 0.000000 -0.000001 0.005732 -0.109292 -0.053820
71 33.419170 -0.001932 -0.003708 0.000000 -0.000000 0.000000
72 -26.481203 -0.424404 7.812700 -3.021366 -0.285335 2.899835
73 64.186592 0.000000 0.000000 -0.065459 -0.093278 0.066377
74 55.590298 -0.000002 0.000000 0.000663 -0.020625 -0.031640
75 25.390667 -0.002475 -0.002400 0.000000 -0.000000 0.000000
76 -2.687500 -4.314000 0.575600 2.050219 -0.141291 -1.449146
77 43.191101 0.000033 -0.000000 -0.032044 0.017745 0.166355
78 46.987892 -0.001600 -0.000800 0.000000 -0.000000 0.000000
79 11.592972 -19.625471 -22.270134 0.197510 -0.928988 0.937532
80 -37.458698 0.000000 0.000000 0.245540 -0.090914 0.353482
81 -83.706497 0.000000 0.000000 1.921701 -0.367214 1.186252
82 26.481201 0.424298 -7.812590 -3.023085 -0.289419 2.906605
83 -64.186607 -0.000003 0.000001 -0.066615 -0.092481 0.078738
84 -55.590302 0.000000 -0.000000 0.000300 -0.020630 -0.013511
85 -25.391005 0.002863 0.002800 0.000000 -0.000000 0.000000
86 6.972701 0.585700 -25.377195 -2.451681 -1.271109 2.567261
87 -64.544991 -0.000001 -0.000000 -0.127852 -0.230638 -0.000585
88 -51.973602 0.000001 -0.000000 0.005384 -0.109302 -0.050608
89 -33.420601 0.002700 0.005200 0.000000 -0.000000 0.000000
90 -9.637899 0.153580 -24.446100 -0.145417 -1.276138 0.348727
91 -65.739998 0.000000 0.000000 -0.191032 -0.288018 0.076342
92 -55.101074 0.000000 -0.000001 -0.000929 -0.113478 0.007087
93 -40.394131 0.002805 0.005300 0.000000 -0.000000 0.000000
94 22.525200 0.395100 -18.987623 -2.829590 -0.703787 2.836304
95 -67.425507 0.000004 -0.000002 -0.125634 -0.146870 0.109540
96 -63.648499 -0.000003 -0.000000 0.002115 -0.096769 -0.012507
97 -23.822102 0.002800 0.004226 0.000000 -0.000000 0.000000
98 2.687500 4.314000 -0.575600 2.260333 -0.131255 -1.549540
99 -43.191101 0.000000 0.000000 -0.032044 0.017745 0.166355
100 -46.988194 0.002000 0.001000 0.000000 -0.000000 0.000000
101 34.245800 0.000000 0.000000 0.056087 0.022840 -0.095396
102 19.968500 -0.005260 0.083829 -0.034234 0.000413 -0.039804
103 19.356211 0.056266 0.088712 -0.036745 0.010175 -0.114508
104 20.723858 -0.038708 0.000001 0.070829 -0.008363 0.017708
105 22.713200 -10.955200 -4.711900 -0.065497 -0.343133 0.980447
106 -5.667200 0.000000 0.000000 0.036125 -0.136201 -0.580368
107 -5.935400 -0.005274 0.000100 0.000000 -0.000000 0.000000
108 6.464000 -3.692700 0.000000 -1.571091 0.000105 0.682561
109 19.717197 4.858903 7.932075 -2.037191 1.183303 -0.865245
110 -5.371100 0.000000 0.000000 -0.186114 -0.167466 -0.227911
111 -4.278900 0.000000 0.000000 0.009547 0.047203 -0.269372
112 2.284300 0.000000 0.000000 0.000000 -0.000000 0.000000
113 19.717199 -4.858900 7.932000 1.104403 -1.183302 -2.276350
114 5.371100 0.000000 0.000000 -0.186113 -0.167466 -0.227911
115 4.278896 -0.000000 0.000000 0.009547 0.047203 -0.269372
116 2.284400 0.000000 0.000000 0.000000 -0.000000 0.000000
117 6.994200 0.000000 1.816196 -1.570614 -0.200777 -0.000018
118 6.701499 -0.000000 0.000000 0.000000 -0.000000 0.143668
119 4.978200 0.000000 0.000000 0.000000 -0.000000 0.180994
120 4.007800 0.000000 0.000000 0.000000 -0.000000 0.167997
121 22.713202 -10.955200 4.711800 -0.065497 -0.343133 -2.161146
122 5.667200 0.000000 0.000000 0.036125 -0.136201 -0.580368
123 5.935300 0.005300 -0.000100 0.000000 -0.000000 0.000000
124 24.072239 5.450612 0.646124 -1.571387 -0.952005 -1.450244
125 24.173096 4.614134 -1.828850 -1.571388 -0.952005 1.691349
126 0.0 0.0 0.0 0.0 0.0 0.0
127 0.0 0.0 0.0 0.0 0.0 0.0
128 0.0 0.0 0.0 0.0 0.0 0.0
129 0.0 0.0 0.0 0.0 0.0 0.0
130 0.0 0.0 0.0 0.0 0.0 0.0
time 3
0 0.000000 0.000000 0.000000 -0.000000 -0.000000 -0.000000
1 -1.360939 0.960715 220.222931 -1.522377 -1.000227 -1.637925
2 -6.922300 -22.143419 0.000000 -3.061260 -0.026087 -1.753390
3 26.628101 0.000000 0.000000 0.011812 -0.006179 -0.086789
4 26.630823 0.000000 -0.000000 0.013394 -0.019487 -0.134850
5 26.630699 -0.000000 0.000000 0.009285 -0.019105 0.008907
6 26.628841 -0.000004 -0.000000 0.018696 -0.001491 -0.001802
7 26.628757 0.000000 -0.000000 0.020054 0.005529 -0.024273
8 26.629221 -0.000100 0.000000 0.000000 -0.000000 0.000000
9 -0.943900 -2.280900 -22.926100 -0.043328 0.100401 0.183969
10 -40.495510 0.000000 0.000000 -0.000218 -0.000790 1.739488
11 -20.836300 0.000000 0.000000 3.079708 0.092389 -1.768016
12 -15.965199 -0.178713 -5.285300 -1.705438 -1.126822 0.208685
13 -22.902401 -0.000000 -0.000000 0.056877 -0.060349 -0.385485
14 -4.707000 -0.421400 0.147204 -3.121508 0.036800 -0.807594
15 -10.188793 0.000000 -0.000000 -0.013279 0.000345 0.561967
16 -3.984104 -1.091600 6.377925 2.885668 0.103978 -0.859563
17 -8.776100 0.000000 0.000000 0.006154 0.049678 0.620176
18 -3.787000 0.101300 -5.082900 -2.802001 0.013791 -0.814930
19 -10.247911 0.000000 0.000000 -0.057951 -0.084361 0.753381
20 -0.943900 -2.280900 22.925997 -0.043775 0.077644 -2.753063
21 40.495613 -0.000000 -0.000000 0.000124 -0.003244 1.735809
22 20.836300 0.000000 0.000000 3.080865 0.092318 -1.768635
23 22.902325 -0.000000 0.000000 0.065848 -0.064655 -0.354020
24 3.820470 -0.064584 4.522499 -3.029899 -0.021085 -0.709033
25 10.247962 0.000000 -0.000000 -0.065834 -0.087359 1.076978
26 3.984100 1.091600 -6.377990 2.923183 0.116862 -0.736179
27 8.776036 -0.000001 -0.000000 0.052723 0.017543 0.937977
28 4.707049 0.421400 -0.147100 -3.091843 0.029018 -0.695472
29 10.188833 0.000000 0.000000 0.003140 -0.021989 0.889288
30 15.965199 0.178700 5.285300 -1.705438 -1.126822 0.208685
31 1.448203 11.235700 -0.000000 0.002199 0.031956 1.687649
32 12.158903 -0.546926 -0.200977 -0.047778 -0.043230 -0.108665
33 15.600412 0.527863 0.042380 -0.026683 0.049247 -0.189576
34 27.872011 0.422911 -0.597522 -0.004547 -0.042735 -0.180371
35 18.809500 -0.101700 -26.364401 -2.791590 0.022467 -1.308351
36 -48.046692 -0.000000 -0.000000 0.015984 -0.006792 1.442059
37 -32.732418 -0.000001 -0.000000 -0.167997 0.032967 -0.191184
38 -5.577499 3.896500 -9.552592 -1.631494 -0.368079 -0.300516
39 -13.046900 0.000000 0.000000 0.019793 0.107182 0.316403
40 -4.538899 1.838200 1.085000 3.113791 -0.054908 -1.145073
41 -9.326100 0.000000 0.000000 0.019952 0.027547 1.114875
42 -2.709597 0.999000 -6.980300 -2.992826 -0.114402 -1.329387
43 -10.456600 0.000000 0.000000 0.019621 0.027181 0.898978
44 -3.968400 2.196200 7.058900 2.962328 -0.009950 -1.293936
45 -8.804501 0.000000 0.000000 0.009663 0.026855 0.851086
46 18.809500 -0.101804 26.364403 -2.857627 -0.008888 1.752723
47 48.046696 -0.000000 -0.000000 0.055286 0.022099 1.466347
48 32.732422 0.000000 -0.000001 -0.098024 -0.005106 -0.688375
49 13.046900 0.000000 0.000000 0.066097 0.115645 0.258698
50 4.529185 -1.758800 -0.050100 3.092191 -0.084231 -0.639083
51 9.326100 0.000000 0.000000 0.035654 0.030220 0.781836
52 4.229000 -2.047300 -5.390500 -3.083578 -0.002559 -0.795888
53 8.804501 0.000000 0.000000 0.050435 0.021739 0.798755
54 2.709584 -0.999000 6.980300 -3.065846 -0.117239 -0.812018
55 10.456599 0.000000 -0.000000 0.042517 0.016739 0.953818
56 5.577499 -3.896500 9.552610 -1.631494 -0.368079 -0.300516
57 11.598489 -17.554193 22.791513 -0.087101 -1.358942 -1.940139
58 37.458698 0.000001 0.000000 0.107789 -0.031143 0.435026
59 83.706497 -0.000028 -0.000000 1.760136 -0.241943 0.968662
60 -22.525200 -0.395164 18.987701 -2.839803 -0.773112 2.857834
61 67.425491 -0.000000 -0.000000 -0.136669 -0.136683 0.187506
62 63.648499 -0.000016 0.000002 -0.008678 -0.099816 0.090545
63 23.821501 -0.002289 -0.003400 0.000000 -0.000000 0.000000
64 9.637899 -0.153593 24.446100 -0.156762 -1.268775 0.360490
65 65.739967 0.000000 -0.000021 -0.217263 -0.269022 0.171652
66 55.101044 0.000000 0.000000 -0.011178 -0.112935 0.097487
67 40.393002 -0.002398 -0.004600 0.000000 -0.000000 0.000000
68 -6.972593 -0.585694 25.377182 -2.524147 -1.268962 2.642650
69 64.545067 -0.000003 0.000001 -0.152839 -0.215066 0.112262
70 51.973663 -0.000000 -0.000001 -0.007836 -0.109155 0.070718
71 33.419140 -0.001952 -0.003661 0.000000 -0.000000 0.000000
72 -26.481201 -0.424365 7.812700 -3.024068 -0.375583 2.926485
73 64.186592 0.000000 0.000004 -0.073881 -0.086773 0.159884
74 55.590336 -0.000017 0.000000 -0.001734 -0.020645 0.086093
75 25.390678 -0.002490 -0.002400 0.000000 -0.000000 0.000000
76 -2.687500 -4.314000 0.575600 1.802493 0.222458 -1.688359
77 43.191101 0.000016 -0.000000 -0.032044 0.017745 0.166355
78 46.987892 -0.001600 -0.000800 0.000000 -0.000000 0.000000
79 11.596234 -17.520321 -22.799076 0.028452 -1.360030 1.149088
80 -37.458698 0.000000 0.000000 0.056065 -0.009198 0.439244
81 -83.706459 -0.000001 0.000004 1.758516 -0.233346 0.965839
82 26.481201 0.424298 -7.812618 -3.025492 -0.378275 2.931153
83 -64.186607 -0.000002 0.000001 -0.074598 -0.086174 0.168113
84 -55.590302 0.000000 -0.000000 -0.001975 -0.020621 0.098177
85 -25.390991 0.002881 0.002800 0.000000 -0.000000 0.000000
86 6.972682 0.585663 -25.377161 -2.513442 -1.266088 2.631545
87 -64.544991 -0.000001 -0.000000 -0.155401 -0.213222 0.124363
88 -51.973598 0.000001 -0.000000 -0.008068 -0.109137 0.072857
89 -33.420601 0.002700 0.005200 0.000000 -0.000000 0.000000
90 -9.637904 0.153550 -24.446089 -0.173806 -1.267828 0.378336
91 -65.739967 0.000000 -0.000002 -0.220549 -0.266354 0.184083
92 -55.101044 0.000000 -0.000001 -0.012667 -0.112775 0.110960
93 -40.394123 0.002792 0.005300 0.000000 -0.000000 0.000000
94 22.525196 0.395100 -18.987652 -2.838422 -0.774301 2.855718
95 -67.425507 0.000006 -0.000001 -0.137348 -0.135993 0.192518
96 -63.648499 -0.000002 0.000003 -0.010021 -0.102204 0.101305
97 -23.822102 0.002800 0.004241 0.000000 -0.000000 0.000000
98 2.687500 4.314000 -0.575600 1.910531 0.256641 -1.711579
99 -43.191101 0.000000 0.000000 -0.032044 0.017745 0.166355
100 -46.988171 0.002000 0.001000 0.000000 -0.000000 0.000000
101 34.233452 -0.000845 0.000032 0.029134 0.013987 -0.113929
102 18.552269 -0.172394 0.107167 -0.041047 0.000852 -0.042612
103 18.376301 0.055842 0.107411 -0.042759 0.006211 -0.106563
104 20.315016 0.008642 0.000001 0.083231 -0.015813 0.110337
105 22.713186 -10.955200 -4.711863 -0.065497 -0.343133 0.980447
106 -5.667196 0.000000 0.000000 0.036125 -0.136201 -0.580368
107 -5.935400 -0.005247 0.000110 0.000000 -0.000000 0.000000
108 6.463997 -3.692692 0.000000 -1.570940 0.000043 0.581974
109 19.717197 4.858903 7.932042 -2.037191 1.183303 -0.865245
110 -5.371100 0.000000 0.000000 -0.186114 -0.167466 -0.227911
111 -4.278900 0.000000 0.000000 0.009547 0.047203 -0.269372
112 2.284300 0.000000 0.000000 0.000000 -0.000000 0.000000
113 19.717199 -4.858896 7.931999 1.104403 -1.183302 -2.276350
114 5.371100 0.000000 0.000000 -0.186113 -0.167466 -0.227911
115 4.278897 -0.000000 0.000000 0.009547 0.047203 -0.269372
116 2.284360 0.000000 0.000000 0.000000 -0.000000 0.000000
117 6.994201 0.000000 1.816211 -1.570779 -0.200777 -0.000002
118 6.701493 -0.000000 0.000000 0.000000 -0.000000 0.143668
119 4.978200 0.000000 0.000000 0.000000 -0.000000 0.180994
120 4.007800 0.000000 0.000000 0.000000 -0.000000 0.167997
121 22.713173 -10.955201 4.711800 -0.065497 -0.343133 -2.161146
122 5.667200 0.000000 0.000000 0.036125 -0.136201 -0.580368
123 5.935300 0.005275 -0.000100 0.000000 -0.000000 0.000000
124 23.726820 5.530431 0.476858 -1.571387 -0.952005 -1.450244
125 23.629427 6.338233 0.665421 -1.571388 -0.952005 1.691349
126 0.0 0.0 0.0 0.0 0.0 0.0
127 0.0 0.0 0.0 0.0 0.0 0.0
128 0.0 0.0 0.0 0.0 0.0 0.0
129 0.0 0.0 0.0 0.0 0.0 0.0
130 0.0 0.0 0.0 0.0 0.0 0.0
time 4
0 0.000000 0.000000 0.000000 -0.000000 -0.000000 -0.000000
1 -1.150097 0.500728 240.046906 -1.649828 -1.048760 -1.478603
2 -6.922300 -22.143408 0.000000 -3.058328 -0.024038 -1.785889
3 26.628101 0.000000 0.000000 0.012406 -0.002083 0.005775
4 26.630810 0.000000 -0.000000 0.011221 -0.011035 -0.033307
5 26.630697 -0.000000 0.000000 0.007044 -0.007533 0.116290
6 26.628883 -0.000006 0.000000 0.015059 0.009468 0.055918
7 26.628714 0.000000 -0.000000 0.014699 0.021587 -0.023689
8 26.629206 -0.000100 0.000000 0.000000 -0.000000 0.000000
9 -0.943900 -2.280900 -22.926098 -0.045302 0.106237 0.133008
10 -40.495522 0.000000 0.000000 0.002472 0.000345 1.717116
11 -20.836300 0.000000 0.000000 3.079656 0.093359 -1.802964
12 -15.965199 -0.178725 -5.285300 -1.705438 -1.126822 0.208685
13 -22.902405 -0.000000 -0.000000 0.060229 -0.057597 -0.375459
14 -4.707000 -0.421400 0.147207 -3.133449 0.052624 -0.813386
15 -10.188790 0.000000 0.000000 -0.025166 0.008428 0.576519
16 -3.984102 -1.091600 6.377948 2.882435 0.122573 -0.865445
17 -8.776100 0.000000 0.000000 -0.001357 0.047413 0.631867
18 -3.787000 0.101300 -5.082900 -2.815660 0.034361 -0.814183
19 -10.247922 0.000000 0.000000 -0.074427 -0.075491 0.763526
20 -0.943900 -2.280900 22.925991 -0.045060 0.085065 -2.816804
21 40.495609 -0.000000 -0.000000 0.002621 -0.000820 1.716316
22 20.836300 0.000000 0.000000 3.080472 0.093325 -1.814097
23 22.902349 -0.000000 0.000000 0.067059 -0.058841 -0.351194
24 3.820441 -0.064569 4.522500 -3.041611 -0.024597 -0.703503
25 10.247926 0.000000 -0.000000 -0.073090 -0.073375 1.086091
26 3.984100 1.091600 -6.378003 2.925797 0.111457 -0.736631
27 8.776074 -0.000000 -0.000000 0.050035 0.016305 0.955566
28 4.707023 0.421400 -0.147100 -3.100648 0.024040 -0.698025
29 10.188868 0.000000 0.000000 0.000580 -0.010952 0.907720
30 15.965199 0.178700 5.285300 -1.705438 -1.126822 0.208685
31 1.448206 11.235700 -0.000000 0.002855 0.034065 1.705044
32 11.824594 -0.433049 -0.226867 0.048596 -0.023090 -0.152864
33 14.937001 0.466500 -0.109215 -0.001564 0.017665 -0.129589
34 29.893322 1.386012 -0.407000 0.011723 -0.027203 -0.230101
35 18.809500 -0.101700 -26.364401 -2.792351 0.026494 -1.367839
36 -48.046688 -0.000000 -0.000000 0.003926 -0.013509 1.399920
37 -32.732399 -0.000001 -0.000000 -0.163635 0.031278 -0.317809
38 -5.577499 3.896500 -9.552590 -1.631493 -0.368079 -0.300516
39 -13.046900 0.000000 0.000000 0.048199 0.134833 0.229104
40 -4.538899 1.838200 1.085000 3.113844 -0.055880 -1.153339
41 -9.326100 0.000000 0.000000 0.019212 0.027302 1.126258
42 -2.709594 0.999000 -6.980300 -2.992444 -0.115769 -1.337939
43 -10.456600 0.000000 0.000000 0.021164 0.027276 0.910395
44 -3.968400 2.196200 7.058900 2.962181 -0.010458 -1.302589
45 -8.804501 0.000000 0.000000 0.006188 0.026000 0.862070
46 18.809498 -0.101807 26.364403 -2.856669 -0.013630 1.714053
47 48.046700 -0.000000 -0.000000 0.021039 0.013180 1.424634
48 32.732445 0.000000 -0.000000 -0.105121 -0.043619 -0.908929
49 13.046900 0.000000 0.000000 0.046422 0.112802 0.151674
50 4.529182 -1.758800 -0.050100 3.092647 -0.083257 -0.661005
51 9.326100 0.000000 0.000000 0.033042 0.030560 0.808856
52 4.229000 -2.047300 -5.390500 -3.084437 0.001175 -0.818047
53 8.804501 0.000000 0.000000 0.047574 0.022215 0.826540
54 2.709573 -0.999000 6.980300 -3.064953 -0.117170 -0.833308
55 10.456597 0.000000 -0.000000 0.044671 0.017967 0.979285
56 5.577498 -3.896500 9.552594 -1.631493 -0.368079 -0.300516
57 11.602271 -15.467250 23.319223 -2.579190 -1.326306 0.613847
58 37.458698 0.000001 0.000000 -0.092194 0.069865 0.509305
59 83.706497 -0.000057 -0.000000 1.574601 -0.142211 0.733031
60 -22.525200 -0.395127 18.987700 -2.850749 -0.844064 2.878683
61 67.425484 -0.000001 -0.000000 -0.147798 -0.124552 0.272839
62 63.648499 -0.000006 0.000003 -0.021943 -0.105113 0.209771
63 23.821501 -0.002305 -0.003400 0.000000 -0.000000 0.000000
64 9.637899 -0.153585 24.446102 -0.192411 -1.259837 0.397762
65 65.739960 0.000000 -0.000009 -0.245849 -0.243279 0.284344
66 55.101017 0.000000 -0.000000 -0.023535 -0.111027 0.208053
67 40.393002 -0.002399 -0.004600 0.000000 -0.000000 0.000000
68 -6.972591 -0.585689 25.377169 -2.578448 -1.261251 2.699276
69 64.545029 -0.000006 0.000000 -0.179292 -0.193663 0.242384
70 51.973660 -0.000000 -0.000001 -0.021280 -0.107344 0.195230
71 33.419113 -0.001973 -0.003614 0.000000 -0.000000 0.000000
72 -26.481199 -0.424327 7.812700 -3.029568 -0.465728 2.954505
73 64.186592 0.000000 0.000008 -0.081651 -0.079514 0.253278
74 55.590374 -0.000033 0.000000 -0.004116 -0.020384 0.203825
75 25.390690 -0.002506 -0.002400 0.000000 -0.000000 0.000000
76 -2.687500 -4.314000 0.575600 1.435006 0.497897 -2.049355
77 43.191101 -0.000001 -0.000000 -0.032044 0.017745 0.166355
78 46.987892 -0.001600 -0.000800 0.000000 -0.000000 0.000000
79 11.599498 -15.415171 -23.328020 -2.573584 -1.329734 -2.491438
80 -37.458698 0.000000 0.000000 -0.126423 0.086940 0.508369
81 -83.706413 -0.000002 0.000008 1.573303 -0.138130 0.731288
82 26.481199 0.424298 -7.812645 -3.030436 -0.467046 2.956941
83 -64.186607 -0.000001 0.000001 -0.081981 -0.079183 0.257385
84 -55.590302 0.000001 0.000000 -0.004234 -0.020358 0.209864
85 -25.390976 0.002900 0.002800 0.000000 -0.000000 0.000000
86 6.972663 0.585626 -25.377127 -2.572947 -1.259917 2.693575
87 -64.544998 -0.000001 0.000000 -0.180419 -0.192605 0.248288
88 -51.973595 0.000001 -0.000000 -0.021395 -0.107327 0.196296
89 -33.420601 0.002700 0.005200 0.000000 -0.000000 0.000000
90 -9.637910 0.153521 -24.446077 -0.200637 -1.259281 0.406389
91 -65.739937 0.000000 -0.000004 -0.247321 -0.241780 0.290476
92 -55.101013 -0.000000 -0.000000 -0.024267 -0.110867 0.214802
93 -40.394119 0.002780 0.005300 0.000000 -0.000000 0.000000
94 22.525192 0.395100 -18.987679 -2.849989 -0.844665 2.877559
95 -67.425514 0.000008 -0.000001 -0.148095 -0.124194 0.275239
96 -63.648499 -0.000001 0.000006 -0.022706 -0.106231 0.215232
97 -23.822102 0.002800 0.004256 0.000000 -0.000000 0.000000
98 2.687500 4.314000 -0.575600 1.439594 0.549486 -2.040730
99 -43.191101 0.000000 0.000000 -0.032044 0.017745 0.166355
100 -46.988144 0.002000 0.001000 0.000000 -0.000000 0.000000
101 34.221100 -0.001691 0.000065 0.002352 0.004640 -0.132216
102 17.136040 -0.339528 0.130504 -0.047862 0.001272 -0.045422
103 17.396389 0.055417 0.126110 -0.048805 0.002295 -0.098594
104 19.906174 0.055991 0.000001 0.094893 -0.024377 0.202882
105 22.713173 -10.955200 -4.711826 -0.065497 -0.343133 0.980447
106 -5.667192 0.000000 0.000000 0.036125 -0.136201 -0.580368
107 -5.935400 -0.005220 0.000121 0.000000 -0.000000 0.000000
108 6.463994 -3.692685 0.000000 -1.570783 -0.000003 0.481387
109 19.717197 4.858903 7.932009 -2.037191 1.183303 -0.865244
110 -5.371100 0.000000 0.000000 -0.186114 -0.167466 -0.227910
111 -4.278900 0.000000 0.000000 0.009547 0.047203 -0.269372
112 2.284300 0.000000 0.000000 0.000000 -0.000000 0.000000
113 19.717199 -4.858891 7.931998 1.104403 -1.183302 -2.276350
114 5.371100 0.000000 0.000000 -0.186113 -0.167466 -0.227910
115 4.278899 -0.000000 0.000000 0.009547 0.047203 -0.269372
116 2.284320 0.000000 0.000000 0.000000 -0.000000 0.000000
117 6.994201 0.000000 1.816226 -1.570943 -0.200777 0.000015
118 6.701487 -0.000000 0.000000 0.000000 -0.000000 0.143668
119 4.978200 0.000000 0.000000 0.000000 -0.000000 0.180994
120 4.007800 0.000000 0.000000 0.000000 -0.000000 0.167997
121 22.713142 -10.955202 4.711800 -0.065497 -0.343133 -2.161146
122 5.667200 0.000000 0.000000 0.036125 -0.136201 -0.580368
123 5.935300 0.005250 -0.000100 0.000000 -0.000000 0.000000
124 23.381403 5.610250 0.307591 -1.571388 -0.952005 -1.450244
125 23.085756 8.062329 3.159689 -1.571388 -0.952006 1.691349
126 0.0 0.0 0.0 0.0 0.0 0.0
127 0.0 0.0 0.0 0.0 0.0 0.0
128 0.0 0.0 0.0 0.0 0.0 0.0
129 0.0 0.0 0.0 0.0 0.0 0.0
130 0.0 0.0 0.0 0.0 0.0 0.0
time 5
0 0.000000 0.000000 0.000000 -0.000000 -0.000000 -0.000000
1 -0.942955 0.294232 249.171997 -1.802167 -1.085289 -1.294757
2 -6.922300 -22.143398 0.000000 -3.055465 -0.021895 -1.818380
3 26.628101 0.000000 0.000000 0.013377 0.001941 0.098341
4 26.630800 0.000001 0.000000 0.009916 -0.002406 0.068212
5 26.630697 -0.000000 0.000000 0.006057 0.004212 0.223646
6 26.628902 -0.000007 0.000000 0.012060 0.020618 0.113607
7 26.628693 0.000000 -0.000000 0.009351 0.037648 -0.023190
8 26.629196 -0.000100 0.000000 0.000000 -0.000000 0.000000
9 -0.943900 -2.280900 -22.926100 -0.047573 0.111965 0.082003
10 -40.495529 0.000000 0.000000 0.005136 0.001540 1.694746
11 -20.836300 0.000000 0.000000 3.079569 0.094327 -1.837915
12 -15.965199 -0.178731 -5.285300 -1.705438 -1.126822 0.208685
13 -22.902399 0.000000 0.000000 0.063608 -0.054879 -0.365426
14 -4.707000 -0.421400 0.147200 3.137693 0.068378 -0.819373
15 -10.188797 0.000000 0.000000 -0.036935 0.016683 0.590975
16 -3.984100 -1.091600 6.377968 2.879083 0.141148 -0.871402
17 -8.776100 0.000000 0.000000 -0.008893 0.045236 0.643574
18 -3.787000 0.101300 -5.082900 -2.829316 0.054939 -0.813717
19 -10.247937 0.000000 0.000000 -0.090802 -0.066456 0.773517
20 -0.943900 -2.280900 22.925999 -0.046819 0.092390 -2.880597
21 40.495609 -0.000000 -0.000000 0.005070 0.001652 1.696828
22 20.836300 0.000000 0.000000 3.080034 0.094314 -1.859564
23 22.902369 -0.000000 0.000000 0.068287 -0.053030 -0.348361
24 3.820428 -0.064563 4.522500 -3.053344 -0.028043 -0.697932
25 10.247900 0.000000 0.000000 -0.080211 -0.059326 1.095093
26 3.984100 1.091600 -6.378002 2.928412 0.106053 -0.737097
27 8.776100 0.000000 0.000000 0.047326 0.015115 0.973158
28 4.707004 0.421400 -0.147100 -3.109440 0.019039 -0.700533
29 10.188883 0.000000 0.000000 -0.001776 0.000131 0.926123
30 15.965199 0.178700 5.285300 -1.705438 -1.126822 0.208685
31 1.448200 11.235700 0.000000 0.003548 0.036161 1.722442
32 11.654478 -0.351110 -0.236498 0.143965 0.001187 -0.194910
33 14.223024 0.348885 -0.205479 0.021616 -0.015355 -0.070416
34 31.478626 1.787864 -0.259992 0.027196 -0.010885 -0.279557
35 18.809500 -0.101700 -26.364401 -2.793351 0.030468 -1.427337
36 -48.046692 0.000000 -0.000000 -0.007839 -0.020728 1.357860
37 -32.732399 -0.000001 -0.000000 -0.159094 0.030152 -0.444434
38 -5.577499 3.896500 -9.552589 -1.631493 -0.368079 -0.300516
39 -13.046900 0.000000 0.000000 0.074176 0.164832 0.142255
40 -4.538898 1.838200 1.085000 3.113904 -0.056852 -1.161606
41 -9.326100 0.000000 0.000000 0.018469 0.027065 1.137640
42 -2.709594 0.999000 -6.980300 -2.992050 -0.117133 -1.346492
43 -10.456600 0.000000 0.000000 0.022708 0.027354 0.921812
44 -3.968400 2.196200 7.058900 2.962038 -0.010967 -1.311241
45 -8.804501 0.000000 0.000000 0.002703 0.025184 0.873056
46 18.809496 -0.101800 26.364401 -2.855529 -0.018331 1.675375
47 48.046707 -0.000000 -0.000000 -0.012804 0.002847 1.383253
48 32.732464 0.000000 0.000000 -0.103610 -0.082751 -1.129751
49 13.046900 0.000000 0.000000 0.027174 0.107888 0.044773
50 4.529189 -1.758800 -0.050100 3.093081 -0.082272 -0.682925
51 9.326100 0.000000 0.000000 0.030440 0.030970 0.835876
52 4.229000 -2.047300 -5.390500 -3.085379 0.004890 -0.840210
53 8.804501 0.000000 0.000000 0.044727 0.022770 0.854324
54 2.709569 -0.999000 6.980300 -3.064062 -0.117082 -0.854597
55 10.456596 0.000000 -0.000000 0.046855 0.019140 1.004755
56 5.577498 -3.896500 9.552594 -1.631493 -0.368079 -0.300516
57 11.647938 -14.389929 23.582932 -2.733507 -0.898372 0.833365
58 37.458698 0.000001 0.000000 -0.286852 0.183460 0.562766
59 83.706497 -0.000072 -0.000001 1.372575 -0.089089 0.485238
60 -22.525200 -0.395101 18.987700 -2.865096 -0.914830 2.902668
61 67.425491 -0.000001 -0.000000 -0.157830 -0.111527 0.357904
62 63.648506 0.000000 0.000001 -0.035754 -0.108802 0.329115
63 23.821501 -0.002307 -0.003400 0.000000 -0.000000 0.000000
64 9.637899 -0.153573 24.446102 -0.225995 -1.250515 0.432971
65 65.739960 -0.000000 -0.000000 -0.271114 -0.214609 0.395527
66 55.101006 0.000000 -0.000000 -0.035600 -0.107776 0.318556
67 40.393002 -0.002400 -0.004600 0.000000 -0.000000 0.000000
68 -6.972600 -0.585677 25.377163 -2.629924 -1.252650 2.753079
69 64.544998 0.000000 0.000000 -0.202596 -0.169094 0.371340
70 51.973663 0.000000 -0.000000 -0.034391 -0.103888 0.319671
71 33.419102 -0.001979 -0.003592 0.000000 -0.000000 0.000000
72 -26.481199 -0.424300 7.812700 -3.038319 -0.555689 2.984559
73 64.186600 0.000000 0.000000 -0.088705 -0.071564 0.346560
74 55.590397 -0.000040 0.000000 -0.006451 -0.019845 0.321555
75 25.390699 -0.002507 -0.002400 0.000000 -0.000000 0.000000
76 -2.687500 -4.314000 0.575600 0.932902 0.604661 -2.545732
77 43.191101 -0.000012 -0.000000 -0.032044 0.017745 0.166355
78 46.987900 -0.001600 -0.000800 0.000000 -0.000000 0.000000
79 11.647902 -14.389696 -23.583031 -2.710930 -0.897774 -2.311294
80 -37.458698 0.000000 0.000000 -0.304419 0.193894 0.559602
81 -83.706398 -0.000001 0.000001 1.372575 -0.089089 0.485238
82 26.481199 0.424298 -7.812668 -3.038322 -0.555665 2.984562
83 -64.186607 0.000000 0.000000 -0.088705 -0.071564 0.346554
84 -55.590309 0.000001 0.000000 -0.006450 -0.019845 0.321549
85 -25.390970 0.002904 0.002800 0.000000 -0.000000 0.000000
86 6.972655 0.585600 -25.377110 -2.629904 -1.252663 2.753060
87 -64.544998 -0.000001 0.000001 -0.202560 -0.169129 0.371155
88 -51.973602 0.000002 -0.000000 -0.034393 -0.103900 0.319665
89 -33.420601 0.002700 0.005200 0.000000 -0.000000 0.000000
90 -9.637912 0.153500 -24.446072 -0.225995 -1.250515 0.432970
91 -65.739914 0.000000 0.000003 -0.271113 -0.214609 0.395522
92 -55.101002 0.000000 0.000000 -0.035602 -0.107775 0.318586
93 -40.394112 0.002774 0.005300 0.000000 -0.000000 0.000000
94 22.525190 0.395100 -18.987700 -2.865098 -0.914824 2.902670
95 -67.425514 0.000008 -0.000000 -0.157810 -0.111556 0.357708
96 -63.648506 -0.000000 -0.000000 -0.035773 -0.108798 0.329241
97 -23.822102 0.002800 0.004270 0.000000 -0.000000 0.000000
98 2.687500 4.314000 -0.575600 0.817165 0.641558 -2.537607
99 -43.191101 0.000000 0.000000 -0.032044 0.017745 0.166355
100 -46.988132 0.002000 0.001000 0.000000 -0.000000 0.000000
101 34.245800 0.000000 0.000000 -0.024255 -0.005192 -0.150246
102 16.613831 -0.401211 0.140029 -0.054678 0.001673 -0.048236
103 17.039543 0.054977 0.133653 -0.054881 -0.001572 -0.090602
104 19.758320 0.073124 0.000001 0.105716 -0.033982 0.295345
105 22.713167 -10.955200 -4.711800 -0.065497 -0.343133 0.980447
106 -5.667191 0.000000 0.000000 0.036125 -0.136201 -0.580368
107 -5.935400 -0.005202 0.000125 0.000000 -0.000000 0.000000
108 6.464000 -3.692674 0.000000 -1.570622 -0.000033 0.380800
109 19.717197 4.858902 7.931997 -2.037191 1.183303 -0.865244
110 -5.371100 0.000000 0.000000 -0.186114 -0.167466 -0.227910
111 -4.278900 0.000000 0.000000 0.009547 0.047203 -0.269372
112 2.284300 0.000000 0.000000 0.000000 -0.000000 0.000000
113 19.717199 -4.858898 7.931997 1.104403 -1.183302 -2.276350
114 5.371100 0.000000 0.000000 -0.186113 -0.167466 -0.227910
115 4.278900 0.000000 0.000000 0.009547 0.047203 -0.269372
116 2.284300 0.000000 0.000000 0.000000 -0.000000 0.000000
117 6.994201 0.000000 1.816241 -1.571108 -0.200777 0.000031
118 6.701492 -0.000000 0.000000 0.000000 -0.000000 0.143668
119 4.978200 0.000000 0.000000 0.000000 -0.000000 0.180994
120 4.007800 0.000000 0.000000 0.000000 -0.000000 0.167997
121 22.713127 -10.955203 4.711800 -0.065497 -0.343133 -2.161146
122 5.667200 0.000000 0.000000 0.036125 -0.136201 -0.580368
123 5.935300 0.005237 -0.000100 0.000000 -0.000000 0.000000
124 23.271776 5.253492 0.786415 -1.571388 -0.952005 -1.450244
125 22.879129 8.510072 3.818428 -1.571388 -0.952006 1.691349
126 0.0 0.0 0.0 0.0 0.0 0.0
127 0.0 0.0 0.0 0.0 0.0 0.0
128 0.0 0.0 0.0 0.0 0.0 0.0
129 0.0 0.0 0.0 0.0 0.0 0.0
130 0.0 0.0 0.0 0.0 0.0 0.0
time 6
0 0.000000 0.000000 0.000000 -0.000000 -0.000000 -0.000000
1 -0.674335 0.554032 238.754562 -1.814881 -1.232836 -1.297230
2 -6.922300 -22.143393 0.000000 -3.068181 -0.018684 -1.833458
3 26.628101 0.000000 0.000000 0.001178 0.001954 -0.003049
4 26.630791 0.000001 0.000000 -0.000356 -0.005075 -0.060484
5 26.630697 -0.000000 0.000000 -0.003668 -0.005927 0.030425
6 26.628880 -0.000006 0.000000 0.001999 0.004144 -0.056514
7 26.628717 0.000000 -0.000000 0.001991 0.018271 -0.093225
8 26.629194 -0.000100 0.000000 0.000000 -0.000000 0.000000
9 -0.943900 -2.280900 -22.926105 -0.044762 0.100585 0.163715
10 -40.495522 0.000000 0.000000 -0.000066 -0.001994 1.674268
11 -20.836300 0.000000 0.000000 3.078604 0.083493 -1.799312
12 -15.965199 -0.178724 -5.285300 -1.705438 -1.126822 0.208685
13 -22.902374 0.000000 -0.000000 0.047785 -0.046765 -0.410843
14 -4.707000 -0.421400 0.147170 -3.131906 0.041895 -0.809011
15 -10.188824 0.000000 -0.000000 -0.002975 0.023789 0.607617
16 -3.984100 -1.091600 6.377982 2.902023 0.112605 -0.850023
17 -8.776101 -0.000000 -0.000000 0.027392 0.046699 0.662065
18 -3.787000 0.101300 -5.082900 -2.818065 0.026891 -0.797584
19 -10.247965 0.000000 0.000000 -0.053573 -0.055390 0.773510
20 -0.943901 -2.280900 22.926029 -0.046135 0.079689 -2.801428
21 40.495605 -0.000000 -0.000000 -0.000429 -0.001577 1.665337
22 20.836300 0.000000 0.000000 3.078432 0.082670 -1.813007
23 22.902382 -0.000000 0.000000 0.045923 -0.045501 -0.415119
24 3.820444 -0.064575 4.522500 -3.071679 -0.022887 -0.721794
25 10.247890 -0.000000 0.000000 -0.067672 -0.038420 1.144118
26 3.984100 1.091600 -6.377973 2.919816 0.108186 -0.767926
27 8.776108 0.000000 0.000000 0.047266 0.023578 1.031040
28 4.706996 0.421400 -0.147096 -3.125801 0.020678 -0.728046
29 10.188864 0.000000 0.000000 0.011372 0.016735 0.977917
30 15.965199 0.178700 5.285300 -1.705438 -1.126822 0.208685
31 1.448170 11.235700 0.000000 0.003297 0.032976 1.725064
32 11.773964 -0.309377 -0.214999 0.099986 -0.002124 -0.186945
33 13.163979 0.073267 -0.217023 0.014374 -0.013853 -0.084910
34 32.674652 1.137414 -0.168355 0.016549 -0.011233 -0.219505
35 18.809498 -0.101696 -26.364401 -2.795296 0.015920 -1.290167
36 -48.046722 0.000000 -0.000000 -0.014197 -0.015485 1.225193
37 -32.732433 -0.000000 -0.000000 -0.164905 0.016744 -0.513112
38 -5.577499 3.896500 -9.552589 -1.631493 -0.368079 -0.300516
39 -13.046900 0.000000 0.000000 0.065921 0.154082 0.162494
40 -4.538899 1.838200 1.085000 3.114290 -0.052676 -1.167498
41 -9.326100 0.000000 0.000000 0.014613 0.026946 1.141733
42 -2.709599 0.999000 -6.980300 -2.991656 -0.112529 -1.349870
43 -10.456600 0.000000 0.000000 0.019043 0.026626 0.924698
44 -3.968400 2.196200 7.058900 2.962003 -0.004682 -1.316235
45 -8.804501 0.000000 0.000000 -0.003171 0.024371 0.875444
46 18.809498 -0.101770 26.364401 -2.858578 -0.004676 1.822877
47 48.046734 -0.000000 -0.000000 -0.030566 -0.008789 1.165010
48 32.732483 0.000000 0.000000 -0.101650 -0.096350 -1.113929
49 13.046900 0.000000 0.000000 0.031765 0.095591 0.137404
50 4.529219 -1.758800 -0.050100 3.093822 -0.086992 -0.678643
51 9.326100 0.000000 0.000000 0.035592 0.031484 0.826566
52 4.229000 -2.047300 -5.390500 -3.084171 -0.001959 -0.835803
53 8.804501 0.000000 0.000000 0.051145 0.022854 0.844432
54 2.709578 -0.999000 6.980300 -3.063554 -0.121107 -0.848203
55 10.456597 0.000000 -0.000000 0.049857 0.018474 0.993997
56 5.577499 -3.896500 9.552626 -1.631493 -0.368079 -0.300516
57 11.797185 -15.084648 23.377243 3.091252 -0.943787 1.415854
58 37.458698 0.000001 0.000000 -0.091680 0.021703 0.756302
59 83.706505 -0.000064 -0.000001 1.508497 -0.055137 0.660681
60 -22.525200 -0.395094 18.987700 -2.935208 -0.853357 2.999678
61 67.425522 0.000001 0.000000 -0.141148 -0.132046 0.220932
62 63.648529 0.000002 -0.000008 -0.017187 -0.163350 0.164639
63 23.821501 -0.002281 -0.003402 0.000000 -0.000000 0.000000
64 9.637899 -0.153546 24.446102 -0.089389 -1.265155 0.289906
65 65.739975 -0.000001 0.000002 -0.236350 -0.252515 0.245628
66 55.101036 0.000003 0.000000 -0.019019 -0.111904 0.167380
67 40.393002 -0.002398 -0.004600 0.000000 -0.000000 0.000000
68 -6.972638 -0.585652 25.377172 -2.723670 -1.287844 2.849995
69 64.544998 0.000027 0.000001 -0.170415 -0.201489 0.197183
70 51.973675 0.000002 -0.000000 -0.019181 -0.107729 0.175684
71 33.419128 -0.001958 -0.003615 0.000000 -0.000000 0.000000
72 -26.481199 -0.424288 7.812702 -3.059435 -0.458556 3.040339
73 64.186630 0.000000 -0.000033 -0.079833 -0.081339 0.230640
74 55.590401 -0.000031 0.000000 -0.007242 -0.046467 0.189277
75 25.390705 -0.002481 -0.002401 0.000000 -0.000000 0.000000
76 -2.687500 -4.314000 0.575600 0.870800 0.407545 -2.401040
77 43.191101 -0.000012 -0.000000 -0.032044 0.017745 0.166355
78 46.987926 -0.001600 -0.000800 0.000000 -0.000000 0.000000
79 11.807677 -15.301418 -23.344803 -3.118738 -0.969873 -1.797079
80 -37.458698 0.000000 0.000000 -0.072854 0.006562 0.712871
81 -83.706429 0.000004 -0.000035 1.481625 -0.014437 0.670225
82 26.481199 0.424299 -7.812685 -3.062958 -0.455283 3.049564
83 -64.186607 0.000000 0.000000 -0.080086 -0.081102 0.233772
84 -55.590340 0.000001 0.000000 -0.007732 -0.050177 0.192244
85 -25.390980 0.002882 0.002800 0.000000 -0.000000 0.000000
86 6.972669 0.585590 -25.377131 -2.736723 -1.290277 2.863559
87 -64.544998 -0.000001 0.000002 -0.169696 -0.202083 0.193624
88 -51.973637 0.000001 -0.000000 -0.019814 -0.107633 0.181482
89 -33.420601 0.002700 0.005200 0.000000 -0.000000 0.000000
90 -9.637909 0.153494 -24.446077 -0.082703 -1.265908 0.282874
91 -65.739899 0.000000 0.000032 -0.236458 -0.252403 0.246061
92 -55.101025 -0.000002 0.000000 -0.018872 -0.111912 0.166182
93 -40.394108 0.002780 0.005300 0.000000 -0.000000 0.000000
94 22.525192 0.395100 -18.987709 -2.945842 -0.852397 3.014456
95 -67.425514 0.000006 -0.000000 -0.140771 -0.132452 0.218116
96 -63.648533 0.000000 -0.000029 -0.017130 -0.170579 0.163873
97 -23.822104 0.002800 0.004283 0.000000 -0.000000 0.000000
98 2.687500 4.314000 -0.575598 0.835724 0.395594 -2.363365
99 -43.191101 0.000001 0.000000 -0.032044 0.017745 0.166355
100 -46.988140 0.002000 0.001000 0.000000 -0.000000 0.000000
101 34.357452 0.005168 -0.027981 -0.010598 -0.000914 -0.112588
102 17.817987 -0.259189 0.127101 -0.046300 0.001168 -0.043370
103 17.878410 0.054557 0.124100 -0.047288 0.002979 -0.099490
104 20.098701 0.033735 0.000001 0.090096 -0.029142 0.266162
105 22.713179 -10.955200 -4.711789 -0.065497 -0.343133 0.980447
106 -5.667196 -0.000000 0.000000 0.036125 -0.136201 -0.580368
107 -5.935400 -0.005202 0.000115 0.000000 -0.000000 0.000000
108 6.464029 -3.692653 0.000000 -1.570592 -0.000041 0.400972
109 19.717197 4.858902 7.932024 -2.037191 1.183303 -0.865244
110 -5.371100 0.000000 0.000000 -0.186114 -0.167466 -0.227910
111 -4.278900 0.000000 0.000000 0.009547 0.047203 -0.269372
112 2.284300 0.000000 0.000000 0.000000 -0.000000 0.000000
113 19.717201 -4.858932 7.931994 1.104403 -1.183302 -2.276350
114 5.371100 0.000000 0.000000 -0.186113 -0.167466 -0.227910
115 4.278901 0.000000 -0.000000 0.009547 0.047203 -0.269372
116 2.284322 0.000000 0.000000 0.000000 -0.000000 0.000000
117 6.994201 0.000000 1.816258 -1.571108 -0.200777 0.000031
118 6.701520 -0.000000 0.000000 0.000000 -0.000000 0.143668
119 4.978200 0.000000 0.000000 0.000000 -0.000000 0.180994
120 4.007800 0.000000 0.000000 0.000000 -0.000000 0.167997
121 22.713137 -10.955202 4.711800 -0.065497 -0.343133 -2.161146
122 5.667200 0.000000 0.000000 0.036125 -0.136201 -0.580368
123 5.935300 0.005244 -0.000100 0.000000 -0.000000 0.000000
124 23.623392 3.856126 2.793074 -1.571388 -0.952005 -1.450244
125 23.315161 6.412554 0.821767 -1.571388 -0.952006 1.691349
126 0.0 0.0 0.0 0.0 0.0 0.0
127 0.0 0.0 0.0 0.0 0.0 0.0
128 0.0 0.0 0.0 0.0 0.0 0.0
129 0.0 0.0 0.0 0.0 0.0 0.0
130 0.0 0.0 0.0 0.0 0.0 0.0
time 7
0 0.000000 0.000000 0.000000 -0.000000 -0.000000 -0.000000
1 -0.409431 1.067323 217.638229 -1.835235 -1.380380 -1.291685
2 -6.922300 -22.143389 0.000000 -3.080944 -0.015666 -1.848575
3 26.628101 0.000000 0.000000 -0.010960 0.000733 -0.104432
4 26.630783 0.000001 0.000000 -0.010201 -0.009040 -0.189149
5 26.630699 -0.000000 0.000000 -0.011267 -0.017743 -0.162715
6 26.628834 -0.000003 0.000000 -0.005129 -0.013795 -0.226476
7 26.628765 0.000000 -0.000000 -0.003995 -0.001573 -0.163105
8 26.629198 -0.000100 0.000000 0.000000 -0.000000 0.000000
9 -0.943900 -2.280900 -22.926113 -0.042896 0.089015 0.245305
10 -40.495510 0.000000 0.000000 -0.005194 -0.005633 1.653809
11 -20.836300 0.000000 0.000000 3.077220 0.072704 -1.760732
12 -15.965199 -0.178710 -5.285300 -1.705438 -1.126822 0.208685
13 -22.902342 0.000000 -0.000000 0.031615 -0.039378 -0.456367
14 -4.707000 -0.421400 0.147130 -3.118605 0.015276 -0.799017
15 -10.188860 -0.000000 -0.000000 0.031105 0.030324 0.624493
16 -3.984100 -1.091600 6.377993 2.924280 0.083591 -0.829367
17 -8.776102 -0.000000 -0.000000 0.063701 0.047491 0.680597
18 -3.787000 0.101300 -5.082900 -2.807273 -0.001333 -0.781772
19 -10.247996 0.000000 0.000000 -0.016364 -0.044332 0.773916
20 -0.943901 -2.280900 22.926071 -0.046460 0.066974 -2.722341
21 40.495602 -0.000000 -0.000000 -0.005823 -0.004978 1.633865
22 20.836300 0.000000 0.000000 3.076290 0.071114 -1.766473
23 22.902393 -0.000000 0.000000 0.023112 -0.039480 -0.482009
24 3.820476 -0.064597 4.522500 -3.090131 -0.018170 -0.745743
25 10.247890 -0.000000 0.000000 -0.054132 -0.018154 1.193372
26 3.984100 1.091600 -6.377929 2.911156 0.110054 -0.798780
27 8.776104 0.000000 0.000000 0.047697 0.032029 1.088935
28 4.706996 0.421400 -0.147092 3.140984 0.021865 -0.755583
29 10.188827 0.000000 0.000000 0.025368 0.032634 1.029946
30 15.965199 0.178700 5.285300 -1.705438 -1.126822 0.208685
31 1.448131 11.235700 0.000000 0.003038 0.029792 1.727686
32 12.057640 -0.299583 -0.177242 0.055982 -0.005082 -0.178842
33 12.054365 -0.258603 -0.173235 0.007112 -0.012457 -0.099414
34 33.434669 -0.074285 -0.120233 0.005899 -0.010942 -0.159453
35 18.809496 -0.101691 -26.364403 -2.799212 0.001775 -1.152986
36 -48.046761 0.000000 -0.000000 -0.021192 -0.011129 1.092503
37 -32.732483 -0.000000 0.000000 -0.169781 0.002969 -0.581701
38 -5.577498 3.896500 -9.552592 -1.631494 -0.368079 -0.300516
39 -13.046900 0.000000 0.000000 0.057462 0.143499 0.182789
40 -4.538899 1.838200 1.085000 3.114651 -0.048499 -1.173388
41 -9.326100 0.000000 0.000000 0.010756 0.026842 1.145826
42 -2.709605 0.999000 -6.980300 -2.991277 -0.107924 -1.353244
43 -10.456600 0.000000 0.000000 0.015375 0.025909 0.927586
44 -3.968400 2.196200 7.058900 2.961936 0.001602 -1.321229
45 -8.804501 0.000000 0.000000 -0.009047 0.023573 0.877837
46 18.809498 -0.101730 26.364401 -2.859588 0.009278 1.970342
47 48.046772 -0.000000 -0.000000 -0.045390 -0.023994 0.946958
48 32.732498 0.000000 0.000000 -0.099903 -0.109977 -1.098111
49 13.046900 0.000000 0.000000 0.035190 0.082925 0.229874
50 4.529260 -1.758800 -0.050100 3.094543 -0.091714 -0.674363
51 9.326100 0.000000 0.000000 0.040740 0.032046 0.817259
52 4.229000 -2.047300 -5.390500 -3.082994 -0.008814 -0.831403
53 8.804501 0.000000 0.000000 0.057561 0.023001 0.834541
54 2.709594 -0.999000 6.980300 -3.063071 -0.125136 -0.841807
55 10.456599 0.000000 -0.000000 0.052866 0.017840 0.983238
56 5.577500 -3.896500 9.552674 -1.631494 -0.368079 -0.300516
57 11.988316 -16.788992 22.907553 2.681587 -0.833152 1.951080
58 37.458698 0.000001 0.000000 0.071389 -0.171722 0.917419
59 83.706497 -0.000042 -0.000002 1.648097 -0.045599 0.838895
60 -22.525200 -0.395098 18.987700 -2.991983 -0.788123 3.084001
61 67.425568 0.000004 0.000000 -0.121744 -0.150105 0.083259
62 63.648560 0.000001 -0.000019 0.010449 -0.214115 -0.002504
63 23.821501 -0.002242 -0.003404 0.000000 -0.000000 0.000000
64 9.637900 -0.153514 24.446100 0.057978 -1.273407 0.136094
65 65.739983 -0.000002 0.000002 -0.195748 -0.284892 0.092995
66 55.101086 0.000006 0.000000 -0.001997 -0.113503 0.016107
67 40.393002 -0.002395 -0.004600 0.000000 -0.000000 0.000000
68 -6.972687 -0.585622 25.377190 -2.842850 -1.319809 2.972330
69 64.545006 0.000063 0.000002 -0.132759 -0.227875 0.020931
70 51.973690 0.000005 -0.000000 -0.003570 -0.109358 0.031612
71 33.419174 -0.001923 -0.003663 0.000000 -0.000000 0.000000
72 -26.481199 -0.424288 7.812704 -3.073867 -0.360577 3.091605
73 64.186661 0.000000 -0.000078 -0.069878 -0.090025 0.114546
74 55.590393 -0.000014 0.000000 -0.004507 -0.072960 0.056809
75 25.390707 -0.002441 -0.002403 0.000000 -0.000000 0.000000
76 -2.687500 -4.314000 0.575600 0.784121 0.220419 -2.252992
77 43.191101 -0.000006 -0.000000 -0.032044 0.017745 0.166355
78 46.987961 -0.001600 -0.000800 0.000000 -0.000000 0.000000
79 12.012593 -17.292820 -22.832642 2.747323 -0.910455 -1.273780
80 -37.458698 0.000000 0.000000 0.132180 -0.209253 0.821827
81 -83.706490 0.000011 -0.000083 1.602597 0.038467 0.862321
82 26.481199 0.424300 -7.812698 -3.079565 -0.353757 3.109165
83 -64.186607 0.000000 0.000000 -0.070437 -0.089611 0.120824
84 -55.590378 0.000000 -0.000000 -0.005082 -0.080421 0.062721
85 -25.390997 0.002845 0.002800 0.000000 -0.000000 0.000000
86 6.972694 0.585591 -25.377172 -2.874713 -1.323659 3.005211
87 -64.544991 -0.000001 0.000004 -0.131165 -0.228774 0.013920
88 -51.973686 0.000000 -0.000000 -0.004852 -0.109332 0.043217
89 -33.420601 0.002700 0.005200 0.000000 -0.000000 0.000000
90 -9.637904 0.153497 -24.446091 0.072341 -1.274262 0.121038
91 -65.739899 0.000000 0.000070 -0.195998 -0.284703 0.093883
92 -55.101067 -0.000004 0.000000 -0.001699 -0.113475 0.013682
93 -40.394104 0.002792 0.005300 0.000000 -0.000000 0.000000
94 22.525196 0.395099 -18.987713 -3.010894 -0.784990 3.111319
95 -67.425514 0.000002 -0.000000 -0.120909 -0.150785 0.077795
96 -63.648571 0.000000 -0.000067 0.011917 -0.228436 -0.004657
97 -23.822105 0.002800 0.004294 0.000000 -0.000000 0.000000
98 2.687500 4.314000 -0.575596 0.810102 0.150337 -2.205351
99 -43.191101 0.000002 0.000000 -0.032044 0.017745 0.166355
100 -46.988159 0.002000 0.001000 0.000000 -0.000000 0.000000
101 34.506157 0.012872 -0.056058 0.003211 0.002846 -0.074875
102 19.916170 -0.011716 0.100360 -0.037925 0.000623 -0.038509
103 19.340340 0.054121 0.103391 -0.039735 0.007598 -0.108343
104 20.700073 -0.035871 0.000001 0.074343 -0.024759 0.236910
105 22.713196 -10.955200 -4.711789 -0.065497 -0.343133 0.980447
106 -5.667203 -0.000000 0.000000 0.036125 -0.136201 -0.580368
107 -5.935400 -0.005211 0.000099 0.000000 -0.000000 0.000000
108 6.464068 -3.692629 0.000000 -1.570562 -0.000050 0.421143
109 19.717197 4.858902 7.932071 -2.037192 1.183303 -0.865245
110 -5.371100 0.000000 0.000000 -0.186114 -0.167466 -0.227911
111 -4.278900 0.000000 0.000000 0.009547 0.047203 -0.269372
112 2.284300 0.000000 0.000000 0.000000 -0.000000 0.000000
113 19.717201 -4.858977 7.931992 1.104403 -1.183303 -2.276350
114 5.371100 0.000000 0.000000 -0.186113 -0.167466 -0.227911
115 4.278900 0.000000 -0.000000 0.009547 0.047203 -0.269372
116 2.284364 0.000000 0.000000 0.000000 -0.000000 0.000000
117 6.994201 0.000000 1.816273 -1.571108 -0.200777 0.000031
118 6.701558 0.000000 0.000000 0.000000 -0.000000 0.143668
119 4.978200 0.000000 0.000000 0.000000 -0.000000 0.180994
120 4.007800 0.000000 0.000000 0.000000 -0.000000 0.167997
121 22.713158 -10.955200 4.711800 -0.065497 -0.343133 -2.161146
122 5.667200 0.000000 0.000000 0.036125 -0.136201 -0.580368
123 5.935300 0.005263 -0.000100 0.000000 -0.000000 0.000000
124 24.210800 2.022181 5.447825 -1.571388 -0.952005 -1.450244
125 24.088236 3.038679 -4.010427 -1.571388 -0.952006 1.691349
126 0.0 0.0 0.0 0.0 0.0 0.0
127 0.0 0.0 0.0 0.0 0.0 0.0
128 0.0 0.0 0.0 0.0 0.0 0.0
129 0.0 0.0 0.0 0.0 0.0 0.0
130 0.0 0.0 0.0 0.0 0.0 0.0
time 8
0 0.000000 0.000000 0.000000 -0.000000 -0.000000 -0.000000
1 -0.347469 1.449181 201.654999 -1.943743 -1.527686 -1.197778
2 -6.922300 -22.143398 0.000000 -3.093750 -0.012841 -1.863728
3 26.628101 0.000000 0.000000 -0.022912 -0.001711 -0.205792
4 26.630791 0.000001 0.000000 -0.019456 -0.014236 -0.317775
5 26.630699 0.000000 0.000000 -0.016457 -0.030799 -0.355818
6 26.628801 -0.000001 0.000000 -0.009121 -0.032681 -0.396380
7 26.628801 0.000000 0.000000 -0.008581 -0.021786 -0.232881
8 26.629200 -0.000100 0.000000 0.000000 -0.000000 0.000000
9 -0.943900 -2.280900 -22.926109 -0.041984 0.077332 0.326794
10 -40.495499 -0.000000 0.000000 -0.010247 -0.009377 1.633368
11 -20.836300 0.000000 0.000000 3.075422 0.061977 -1.722164
12 -15.965199 -0.178700 -5.285300 -1.705438 -1.126822 0.208685
13 -22.902321 -0.000000 -0.000000 0.015129 -0.032734 -0.501993
14 -4.707000 -0.421400 0.147100 -3.105572 -0.011473 -0.789378
15 -10.188887 -0.000000 -0.000000 0.065297 0.036280 0.641586
16 -3.984100 -1.091600 6.378000 2.945888 0.054132 -0.809404
17 -8.776100 0.000000 0.000000 0.100018 0.047610 0.699147
18 -3.787000 0.101300 -5.082900 -2.796923 -0.029722 -0.766260
19 -10.248008 0.000000 0.000000 0.020833 -0.033296 0.774733
20 -0.943902 -2.280900 22.926100 -0.047790 0.054324 -2.643311
21 40.495602 0.000000 0.000000 -0.011108 -0.008547 1.602410
22 20.836300 0.000000 0.000000 3.073613 0.059669 -1.719950
23 22.902399 0.000000 0.000000 -0.000046 -0.034997 -0.549006
24 3.820500 -0.064609 4.522500 -3.108688 -0.013897 -0.769774
25 10.247900 0.000000 0.000000 -0.039612 0.001419 1.242888
26 3.984100 1.091600 -6.377900 2.902441 0.111655 -0.829654
27 8.776100 0.000000 0.000000 0.048616 0.040442 1.146852
28 4.707000 0.421400 -0.147100 3.124557 0.022601 -0.783137
29 10.188800 0.000000 0.000000 0.040182 0.047782 1.082225
30 15.965199 0.178700 5.285300 -1.705438 -1.126822 0.208685
31 1.448113 11.235700 0.000000 0.002770 0.026608 1.730309
32 12.293456 -0.328859 -0.151580 0.011955 -0.007681 -0.170616
33 11.727129 -0.397728 -0.106944 -0.000170 -0.011166 -0.113928
34 33.182468 -0.935320 -0.123571 -0.004713 -0.010012 -0.099407
35 18.809496 -0.101693 -26.364403 -2.805025 -0.011702 -1.015742
36 -48.046787 0.000000 -0.000000 -0.028702 -0.007737 0.959792
37 -32.732506 -0.000000 0.000000 -0.173702 -0.011108 -0.650227
38 -5.577498 3.896500 -9.552600 -1.631494 -0.368079 -0.300516
39 -13.046900 0.000000 0.000000 0.048800 0.133088 0.203145
40 -4.538900 1.838200 1.085000 3.114987 -0.044319 -1.179275
41 -9.326100 0.000000 0.000000 0.006899 0.026754 1.149919
42 -2.709600 0.999000 -6.980300 -2.990914 -0.103318 -1.356615
43 -10.456600 0.000000 0.000000 0.011706 0.025203 0.930477
44 -3.968400 2.196200 7.058900 2.961837 0.007886 -1.326224
45 -8.804501 0.000000 0.000000 -0.014924 0.022788 0.880234
46 18.809500 -0.101700 26.364401 -2.858536 0.023230 2.117826
47 48.046787 -0.000000 -0.000000 -0.056579 -0.042044 0.729032
48 32.732498 0.000000 0.000000 -0.098371 -0.123631 -1.082292
49 13.046900 0.000000 0.000000 0.037425 0.069998 0.322209
50 4.529285 -1.758800 -0.050100 3.095245 -0.096440 -0.670085
51 9.326100 0.000000 0.000000 0.045882 0.032656 0.807955
52 4.229000 -2.047300 -5.390500 -3.081846 -0.015674 -0.827012
53 8.804501 0.000000 0.000000 0.063976 0.023211 0.824651
54 2.709600 -0.999000 6.980300 -3.062614 -0.129167 -0.835410
55 10.456600 0.000000 0.000000 0.055882 0.017238 0.972476
56 5.577501 -3.896500 9.552710 -1.631494 -0.368079 -0.300516
57 12.078128 -18.225323 22.526016 2.436857 -0.620790 2.330133
58 37.458698 0.000001 0.000001 0.209071 -0.386996 1.052600
59 83.706497 -0.000023 -0.000002 1.787200 -0.060942 1.016729
60 -22.525200 -0.395101 18.987700 -3.037829 -0.720036 -3.125021
61 67.425591 0.000000 0.000000 -0.099961 -0.165350 -0.055108
62 63.648582 0.000000 -0.000022 0.046751 -0.259599 -0.172982
63 23.821501 -0.002216 -0.003400 0.000000 -0.000000 0.000000
64 9.637900 -0.153500 24.446098 0.210221 -1.274737 -0.022592
65 65.739998 -0.000002 0.000001 -0.150090 -0.310884 -0.062260
66 55.101112 0.000000 0.000000 0.015074 -0.112534 -0.135176
67 40.393002 -0.002400 -0.004600 0.000000 -0.000000 0.000000
68 -6.972710 -0.585600 25.377203 -2.994095 -1.347157 3.126718
69 64.545021 0.000084 0.000003 -0.090710 -0.247363 -0.157196
70 51.973698 0.000006 -0.000000 0.012116 -0.108743 -0.112476
71 33.419205 -0.001900 -0.003700 0.000000 -0.000000 0.000000
72 -26.481199 -0.424300 7.812700 -3.082641 -0.262062 3.139809
73 64.186684 0.000000 -0.000100 -0.058972 -0.097502 -0.001718
74 55.590382 -0.000000 0.000000 0.001726 -0.098860 -0.076031
75 25.390707 -0.002413 -0.002400 0.000000 -0.000000 0.000000
76 -2.687500 -4.314000 0.575600 0.672985 0.048116 -2.092988
77 43.191101 0.000000 0.000000 -0.032044 0.017745 0.166355
78 46.987988 -0.001600 -0.000800 0.000000 -0.000000 0.000000
79 12.109110 -18.871010 -22.430555 2.460672 -0.748071 -0.876477
80 -37.458698 0.000000 0.000000 0.326704 -0.442210 0.888870
81 -83.706520 0.000014 -0.000107 1.731688 0.066933 1.059770
82 26.481199 0.424300 -7.812700 -3.089391 -0.251519 -3.118031
83 -64.186607 0.000000 0.000000 -0.059879 -0.096982 0.007716
84 -55.590393 0.000000 -0.000000 0.001482 -0.110068 -0.067253
85 -25.391008 0.002816 0.002800 0.000000 -0.000000 0.000000
86 6.972701 0.585593 -25.377199 -3.051376 -1.350873 -3.097664
87 -64.544991 -0.000001 -0.000000 -0.088123 -0.248266 -0.167717
88 -51.973709 -0.000000 -0.000000 0.010204 -0.108965 -0.095067
89 -33.420601 0.002700 0.005200 0.000000 -0.000000 0.000000
90 -9.637900 0.153500 -24.446098 0.232250 -1.274978 -0.045658
91 -65.739899 0.000000 0.000088 -0.150508 -0.310660 -0.060902
92 -55.101089 0.000000 0.000000 0.015515 -0.112428 -0.138828
93 -40.394100 0.002802 0.005300 0.000000 -0.000000 0.000000
94 22.525200 0.395099 -18.987707 -3.062997 -0.713838 -3.087023
95 -67.425507 -0.000000 -0.000000 -0.098591 -0.166179 -0.063245
96 -63.648590 0.000000 -0.000086 0.051055 -0.280622 -0.177287
97 -23.822107 0.002800 0.004300 0.000000 -0.000000 0.000000
98 2.687500 4.314000 -0.575600 0.746612 -0.087881 -2.042375
99 -43.191101 0.000000 0.000000 -0.032044 0.017745 0.166355
100 -46.988178 0.002000 0.001000 0.000000 -0.000000 0.000000
101 34.579247 0.022825 -0.000875 0.017152 0.006083 -0.037113
102 21.305363 0.151897 0.071912 -0.029553 0.000037 -0.033652
103 20.330460 0.053545 0.078191 -0.032223 0.012283 -0.117162
104 21.141685 -0.086993 0.000001 0.058470 -0.020840 0.207596
105 22.713202 -10.955200 -4.711800 -0.065497 -0.343133 0.980447
106 -5.667200 0.000000 0.000000 0.036125 -0.136201 -0.580368
107 -5.935400 -0.005216 0.000093 0.000000 -0.000000 0.000000
108 6.464087 -3.692620 0.000000 -1.570533 -0.000059 0.441315
109 19.717199 4.858902 7.932106 -2.037192 1.183303 -0.865245
110 -5.371100 0.000000 0.000000 -0.186114 -0.167466 -0.227911
111 -4.278900 0.000000 0.000000 0.009547 0.047203 -0.269372
112 2.284300 0.000000 0.000000 0.000000 -0.000000 0.000000
113 19.717201 -4.859003 7.932000 1.104403 -1.183303 -2.276350
114 5.371100 0.000000 0.000000 -0.186113 -0.167466 -0.227911
115 4.278900 0.000000 0.000000 0.009547 0.047203 -0.269372
116 2.284387 0.000000 0.000000 0.000000 -0.000000 0.000000
117 6.994200 0.000000 1.816280 -1.571108 -0.200777 0.000031
118 6.701579 0.000000 0.000000 0.000000 -0.000000 0.143668
119 4.978200 0.000000 0.000000 0.000000 -0.000000 0.180994
120 4.007800 0.000000 0.000000 0.000000 -0.000000 0.167997
121 22.713177 -10.955199 4.711800 -0.065497 -0.343133 -2.161146
122 5.667200 0.000000 0.000000 0.036125 -0.136201 -0.580368
123 5.935300 0.005277 -0.000100 0.000000 -0.000000 0.000000
124 24.593431 1.127181 6.759517 -1.571388 -0.952005 -1.450244
125 24.618551 0.918809 -7.054077 -1.571388 -0.952006 1.691349
126 0.0 0.0 0.0 0.0 0.0 0.0
127 0.0 0.0 0.0 0.0 0.0 0.0
128 0.0 0.0 0.0 0.0 0.0 0.0
129 0.0 0.0 0.0 0.0 0.0 0.0
130 0.0 0.0 0.0 0.0 0.0 0.0
time 9
0 0.000000 0.000000 0.000000 -0.000000 -0.000000 -0.000000
1 -0.728333 1.568156 195.935547 -1.476195 -1.336406 -1.670566
2 -6.922300 -22.143435 0.000000 -3.083679 -0.017439 -1.816065
3 26.628101 0.000000 0.000000 -0.011381 -0.004469 -0.196990
4 26.630823 0.000001 0.000000 -0.007383 -0.018383 -0.290662
5 26.630699 0.000000 -0.000000 -0.006750 -0.029828 -0.270151
6 26.628792 -0.000000 0.000000 0.000781 -0.024670 -0.284215
7 26.628811 0.000000 -0.000000 0.002485 -0.017233 -0.163575
8 26.629200 -0.000100 0.000000 0.000000 -0.000000 0.000000
9 -0.943900 -2.280900 -22.926083 -0.041699 0.083040 0.296192
10 -40.495491 -0.000000 0.000000 -0.007921 -0.006770 1.676328
11 -20.836300 0.000000 0.000000 3.076891 0.071778 -1.725632
12 -15.965199 -0.178698 -5.285300 -1.705438 -1.126822 0.208685
13 -22.902321 -0.000000 -0.000000 0.028272 -0.042401 -0.466458
14 -4.707000 -0.421400 0.147092 -3.106894 -0.000678 -0.793620
15 -10.188895 0.000000 -0.000000 0.042681 0.022383 0.609937
16 -3.984101 -1.091600 6.378003 2.927019 0.064799 -0.824010
17 -8.776093 0.000000 0.000000 0.071309 0.049963 0.669069
18 -3.787000 0.101300 -5.082900 -2.793932 -0.022117 -0.782898
19 -10.247979 0.000000 0.000000 -0.000038 -0.052967 0.763896
20 -0.943901 -2.280900 22.926102 -0.046100 0.059573 -2.658629
21 40.495605 -0.000001 0.000000 -0.008267 -0.007427 1.653506
22 20.836300 0.000000 0.000000 3.076160 0.070202 -1.720877
23 22.902403 0.000000 -0.000000 0.022241 -0.045404 -0.484798
24 3.820505 -0.064599 4.522500 -3.078501 -0.014624 -0.751354
25 10.247925 0.000000 -0.000000 -0.047870 -0.032408 1.184469
26 3.984100 1.091600 -6.377900 2.908373 0.115310 -0.798413
27 8.776100 0.000000 0.000000 0.050309 0.033096 1.071486
28 4.707010 0.421400 -0.147132 -3.133543 0.027082 -0.753188
29 10.188796 -0.000000 -0.000000 0.026855 0.021707 1.011530
30 15.965199 0.178700 5.285300 -1.705438 -1.126822 0.208685
31 1.448139 11.235701 -0.000000 0.002399 0.027706 1.710423
32 12.433486 -0.436177 -0.150212 -0.039725 -0.026651 -0.135544
33 12.964876 -0.151413 0.004282 -0.015247 0.011916 -0.157706
34 30.903261 -1.094077 -0.226383 -0.012815 -0.025464 -0.109843
35 18.809496 -0.101712 -26.364403 -2.799421 -0.001488 -1.093450
36 -48.046783 0.000000 -0.000000 -0.010125 -0.002369 1.134687
37 -32.732475 -0.000001 0.000000 -0.175879 0.004648 -0.454528
38 -5.577498 3.896500 -9.552616 -1.631494 -0.368079 -0.300516
39 -13.046900 0.000000 0.000000 0.030749 0.114959 0.270680
40 -4.538900 1.838200 1.085000 3.114620 -0.047531 -1.165125
41 -9.326100 0.000000 0.000000 0.011488 0.027022 1.134448
42 -2.709572 0.999000 -6.980300 -2.991635 -0.106566 -1.344704
43 -10.456600 0.000000 0.000000 0.013826 0.025782 0.916186
44 -3.968400 2.196200 7.058900 2.962134 0.002112 -1.312577
45 -8.804501 0.000000 0.000000 -0.005563 0.024303 0.866847
46 18.809500 -0.101693 26.364401 -2.859667 0.013547 2.009144
47 48.046768 -0.000000 -0.000000 -0.014592 -0.005226 0.987905
48 32.732468 0.000000 0.000000 -0.104042 -0.071348 -0.876305
49 13.046900 0.000000 0.000000 0.052861 0.085427 0.337240
50 4.529277 -1.758800 -0.050100 3.094001 -0.092710 -0.652433
51 9.326100 0.000000 0.000000 0.043326 0.031798 0.790246
52 4.229000 -2.047300 -5.390500 -3.082222 -0.012559 -0.809254
53 8.804501 0.000000 0.000000 0.060403 0.022654 0.806765
54 2.709580 -0.999000 6.980300 -3.064052 -0.125227 -0.820502
55 10.456600 -0.000000 0.000000 0.050708 0.016723 0.957771
56 5.577501 -3.896500 9.552717 -1.631494 -0.368079 -0.300516
57 11.965374 -19.125874 22.320753 1.973801 -0.988177 2.584245
58 37.458698 0.000001 0.000002 0.271804 -0.307846 0.805314
59 83.706497 -0.000013 0.000000 1.838025 -0.165123 1.078321
60 -22.525198 -0.395101 18.987700 -2.967985 -0.719593 3.050883
61 67.425568 -0.000017 -0.000002 -0.108461 -0.159934 -0.002669
62 63.648575 0.000003 -0.000008 0.029569 -0.204837 -0.123479
63 23.821501 -0.002221 -0.003380 0.000000 -0.000000 0.000000
64 9.637899 -0.153520 24.446100 0.101652 -1.279224 0.090802
65 65.740013 -0.000002 0.000001 -0.162278 -0.304841 -0.022036
66 55.101093 -0.000027 0.000000 0.010480 -0.113036 -0.094291
67 40.393002 -0.002424 -0.004600 0.000000 -0.000000 0.000000
68 -6.972682 -0.585595 25.377205 -2.785499 -1.331675 2.912657
69 64.545044 0.000073 0.000002 -0.101931 -0.243036 -0.110985
70 51.973690 0.000005 -0.000000 0.009998 -0.108966 -0.092974
71 33.419209 -0.001904 -0.003714 0.000000 -0.000000 0.000000
72 -26.481199 -0.424331 7.812681 -3.062926 -0.271398 3.060158
73 64.186661 -0.000001 -0.000077 -0.061167 -0.096143 0.020997
74 55.590374 0.000003 0.000000 0.000982 -0.072788 -0.061131
75 25.390707 -0.002409 -0.002387 0.000000 -0.000000 0.000000
76 -2.687500 -4.314000 0.575600 1.143504 0.089773 -1.848734
77 43.191101 0.000007 0.000000 -0.032044 0.017745 0.166355
78 46.987991 -0.001600 -0.000800 0.000000 -0.000000 0.000000
79 11.988901 -19.623049 -22.248569 1.969449 -1.067812 -0.537256
80 -37.458698 0.000000 0.000000 0.317416 -0.319189 0.708017
81 -83.706490 0.000011 -0.000083 1.800524 -0.075306 1.110675
82 26.481199 0.424300 -7.812681 -3.068526 -0.265955 3.079583
83 -64.186600 0.000000 -0.000001 -0.062164 -0.095533 0.031427
84 -55.590366 -0.000000 -0.000002 0.000549 -0.080264 -0.049250
85 -25.391006 0.002800 0.002800 0.000000 -0.000000 0.000000
86 6.972667 0.585594 -25.377193 -2.809602 -1.335093 2.937577
87 -64.544983 -0.000000 -0.000015 -0.101725 -0.243107 -0.111811
88 -51.973686 -0.000000 -0.000000 0.008603 -0.109100 -0.080285
89 -33.420601 0.002700 0.005200 0.000000 -0.000000 0.000000
90 -9.637899 0.153500 -24.446100 0.107399 -1.280160 0.084767
91 -65.739914 0.000000 0.000070 -0.164408 -0.303705 -0.014929
92 -55.101074 0.000019 0.000002 0.010053 -0.113043 -0.090186
93 -40.394096 0.002809 0.005300 0.000000 -0.000000 0.000000
94 22.525202 0.395099 -18.987690 -2.984679 -0.717569 3.075722
95 -67.425499 -0.000001 -0.000000 -0.107989 -0.160257 -0.005513
96 -63.648571 0.000000 -0.000066 0.031080 -0.220289 -0.120594
97 -23.822105 0.002800 0.004296 0.000000 -0.000000 0.000000
98 2.687500 4.314000 -0.575620 1.249484 -0.014452 -1.885964
99 -43.191101 -0.000006 -0.000000 -0.032044 0.017745 0.166355
100 -46.988190 0.002000 0.001000 0.000000 -0.000000 0.000000
101 34.501156 0.037712 0.225718 0.041574 -0.073324 -0.059038
102 21.296457 0.150176 0.038923 -0.018605 -0.020045 -0.034937
103 20.392147 0.052649 0.042640 -0.019850 -0.002492 -0.113446
104 21.275654 -0.102516 0.000000 0.037211 -0.095313 0.143339
105 22.713177 -10.955201 -4.711832 -0.065497 -0.343133 0.980447
106 -5.667174 0.000000 -0.000000 0.036125 -0.136201 -0.580368
107 -5.935400 -0.005211 0.000110 0.000000 -0.000000 0.000000
108 6.464068 -3.692641 0.000000 -1.570688 -0.000029 0.521718
109 19.717199 4.858896 7.932113 -2.037192 1.183303 -0.865245
110 -5.371100 0.000000 0.000000 -0.186114 -0.167466 -0.227911
111 -4.278900 0.000000 0.000000 0.009547 0.047203 -0.269372
112 2.284300 0.000000 0.000000 0.000000 -0.000000 0.000000
113 19.717201 -4.858992 7.932036 1.104403 -1.183303 -2.276350
114 5.371100 0.000000 0.000000 -0.186113 -0.167466 -0.227911
115 4.278900 0.000000 0.000000 0.009547 0.047203 -0.269372
116 2.284368 0.000000 0.000000 0.000000 -0.000000 0.000000
117 6.994197 0.000000 1.816271 -1.570900 -0.200777 0.000010
118 6.701562 0.000000 0.000000 0.000000 -0.000000 0.143668
119 4.978200 -0.000000 0.000000 0.000000 -0.000000 0.180994
120 4.007800 0.000000 0.000000 0.000000 -0.000000 0.167997
121 22.713188 -10.955200 4.711799 -0.065497 -0.343133 -2.161146
122 5.667200 0.000001 -0.000000 0.036125 -0.136201 -0.580368
123 5.935300 0.005282 -0.000100 0.000000 -0.000000 0.000000
124 24.566286 2.110066 5.385056 -1.571388 -0.952005 -1.450244
125 24.663139 1.306794 -6.520824 -1.571388 -0.952006 1.691349
126 0.0 0.0 0.0 0.0 0.0 0.0
127 0.0 0.0 0.0 0.0 0.0 0.0
128 0.0 0.0 0.0 0.0 0.0 0.0
129 0.0 0.0 0.0 0.0 0.0 0.0
130 0.0 0.0 0.0 0.0 0.0 0.0
time 10
0 0.000000 0.000000 0.000000 -0.000000 -0.000000 -0.000000
1 -1.312134 1.555698 195.349197 -1.433175 -1.140014 -1.718951
2 -6.922300 -22.143482 0.000000 -3.073838 -0.022511 -1.768446
3 26.628101 0.000000 0.000000 0.000126 -0.007329 -0.188220
4 26.630869 0.000000 0.000000 0.004573 -0.022856 -0.263598
5 26.630699 0.000000 -0.000000 0.003004 -0.029691 -0.184481
6 26.628796 -0.000001 0.000000 0.011515 -0.017818 -0.171994
7 26.628807 0.000001 -0.000000 0.013838 -0.013458 -0.094227
8 26.629200 -0.000100 0.000000 0.000000 -0.000000 0.000000
9 -0.943900 -2.280900 -22.926044 -0.041588 0.088754 0.265577
10 -40.495487 0.000000 0.000000 -0.005485 -0.004265 1.719292
11 -20.836300 0.000000 0.000000 3.078328 0.081583 -1.729088
12 -15.965199 -0.178699 -5.285300 -1.705438 -1.126822 0.208685
13 -22.902330 -0.000000 0.000000 0.041068 -0.052527 -0.431036
14 -4.707000 -0.421400 0.147094 -3.108262 0.010112 -0.797876
15 -10.188895 0.000000 -0.000000 0.020521 0.007780 0.578616
16 -3.984101 -1.091600 6.378002 2.907983 0.075188 -0.838827
17 -8.776084 0.000000 0.000000 0.042539 0.051452 0.638932
18 -3.787000 0.101300 -5.082900 -2.791068 -0.014463 -0.799512
19 -10.247931 0.000000 0.000000 -0.020721 -0.072859 0.753459
20 -0.943901 -2.280899 22.926090 -0.044490 0.064848 -2.673943
21 40.495609 -0.000002 0.000000 -0.005372 -0.006453 1.704606
22 20.836300 0.000000 0.000000 3.078700 0.080738 -1.721777
23 22.902403 0.000000 -0.000000 0.043825 -0.057217 -0.420802
24 3.820502 -0.064579 4.522500 -3.048333 -0.015907 -0.732964
25 10.247958 0.000000 -0.000000 -0.054150 -0.066659 1.126233
26 3.984100 1.091600 -6.377915 2.914419 0.118779 -0.767138
27 8.776100 0.000000 0.000000 0.052550 0.025898 0.996124
28 4.707023 0.421400 -0.147175 -3.108332 0.030809 -0.723133
29 10.188803 -0.000000 -0.000000 0.015406 -0.005242 0.941204
30 15.965199 0.178700 5.285300 -1.705438 -1.126822 0.208685
31 1.448187 11.235701 -0.000000 0.002007 0.028796 1.690536
32 12.525656 -0.582567 -0.160940 -0.092072 -0.043772 -0.099516
33 14.985000 0.287648 0.138010 -0.031327 0.034314 -0.201850
34 27.611832 -0.902171 -0.380655 -0.020759 -0.040999 -0.120159
35 18.809498 -0.101738 -26.364405 -2.794626 0.009130 -1.171103
36 -48.046764 0.000000 0.000000 0.009103 -0.000317 1.309650
37 -32.732422 -0.000002 0.000000 -0.174951 0.020528 -0.258824
38 -5.577499 3.896500 -9.552637 -1.631493 -0.368079 -0.300516
39 -13.046900 0.000000 0.000000 0.011543 0.098082 0.338407
40 -4.538900 1.838200 1.085000 3.114208 -0.050738 -1.150972
41 -9.326100 0.000000 0.000000 0.016073 0.027362 1.118978
42 -2.709533 0.999000 -6.980300 -2.992394 -0.109804 -1.332786
43 -10.456600 0.000000 0.000000 0.015937 0.026392 0.901897
44 -3.968400 2.196200 7.058900 2.962352 -0.003665 -1.298932
45 -8.804501 0.000000 0.000000 0.003778 0.025944 0.853474
46 18.809498 -0.101696 26.364401 -2.859740 0.003799 1.900481
47 48.046730 -0.000000 -0.000000 0.035428 0.019584 1.248131
48 32.732418 0.000000 0.000000 -0.098890 -0.019014 -0.671102
49 13.046900 0.000000 0.000000 0.068551 0.100621 0.352529
50 4.529254 -1.758800 -0.050100 3.092824 -0.088958 -0.634792
51 9.326100 0.000000 0.000000 0.040786 0.030894 0.772540
52 4.229000 -2.047300 -5.390500 -3.082541 -0.009437 -0.791498
53 8.804501 0.000000 0.000000 0.056841 0.022034 0.788880
54 2.709551 -0.999000 6.980300 -3.065430 -0.121266 -0.805607
55 10.456600 -0.000000 0.000000 0.045542 0.016133 0.943069
56 5.577500 -3.896500 9.552711 -1.631493 -0.368079 -0.300516
57 11.751301 -19.758413 22.203644 0.985217 -1.155953 -2.900179
58 37.458698 0.000001 0.000003 0.311491 -0.216886 0.569105
59 83.706497 -0.000005 0.000002 1.883318 -0.272123 1.135816
60 -22.525198 -0.395100 18.987700 -2.898800 -0.713543 2.944205
61 67.425522 -0.000040 -0.000004 -0.116655 -0.154087 0.049675
62 63.648560 0.000007 0.000014 0.015314 -0.149326 -0.075420
63 23.821501 -0.002239 -0.003353 0.000000 -0.000000 0.000000
64 9.637897 -0.153558 24.446102 -0.008954 -1.280088 0.206232
65 65.740021 -0.000001 0.000000 -0.174179 -0.298337 0.018030
66 55.101048 -0.000064 0.000000 0.005870 -0.113351 -0.053402
67 40.392998 -0.002455 -0.004600 0.000000 -0.000000 0.000000
68 -6.972629 -0.585598 25.377201 -2.609247 -1.307094 2.730927
69 64.545067 0.000046 0.000002 -0.112922 -0.238211 -0.064879
70 51.973671 0.000002 -0.000000 0.007876 -0.109149 -0.073472
71 33.419201 -0.001920 -0.003717 0.000000 -0.000000 0.000000
72 -26.481199 -0.424374 7.812655 -3.042453 -0.279187 2.980139
73 64.186630 -0.000002 -0.000031 -0.063330 -0.094734 0.043707
74 55.590359 0.000002 0.000000 0.000628 -0.046708 -0.046275
75 25.390705 -0.002417 -0.002370 0.000000 -0.000000 0.000000
76 -2.687500 -4.314000 0.575600 1.609723 0.016407 -1.612296
77 43.191101 0.000014 0.000000 -0.032044 0.017745 0.166355
78 46.987984 -0.001600 -0.000800 0.000000 -0.000000 0.000000
79 11.760292 -19.961880 -22.176657 0.967119 -1.165969 0.322866
80 -37.458698 0.000000 0.000000 0.286043 -0.199648 0.531768
81 -83.706429 0.000005 -0.000036 1.863380 -0.220580 1.152576
82 26.481199 0.424299 -7.812651 -3.046375 -0.278608 2.993394
83 -64.186600 0.000000 -0.000003 -0.064413 -0.094030 0.055131
84 -55.590317 -0.000000 -0.000003 0.000155 -0.050449 -0.031310
85 -25.390997 0.002791 0.002800 0.000000 -0.000000 0.000000
86 6.972616 0.585596 -25.377174 -2.608693 -1.307405 2.730483
87 -64.544975 0.000001 -0.000034 -0.114991 -0.237220 -0.056058
88 -51.973640 0.000000 -0.000001 0.007001 -0.109212 -0.065502
89 -33.420601 0.002700 0.005200 0.000000 -0.000000 0.000000
90 -9.637900 0.153500 -24.446100 -0.019901 -1.280554 0.217638
91 -65.739937 -0.000000 0.000032 -0.177928 -0.296150 0.030835
92 -55.101040 0.000044 0.000004 0.004568 -0.113394 -0.041539
93 -40.394093 0.002813 0.005300 0.000000 -0.000000 0.000000
94 22.525200 0.395100 -18.987663 -2.906322 -0.714167 2.955248
95 -67.425491 -0.000000 -0.000000 -0.117017 -0.153810 0.052103
96 -63.648537 -0.000000 -0.000027 0.014828 -0.158972 -0.065789
97 -23.822104 0.002800 0.004287 0.000000 -0.000000 0.000000
98 2.687500 4.314000 -0.575647 1.756889 -0.025964 -1.713740
99 -43.191101 -0.000015 -0.000000 -0.032044 0.017745 0.166355
100 -46.988197 0.002000 0.001000 0.000000 -0.000000 0.000000
101 34.347454 0.054847 0.535572 0.067969 -0.152149 -0.083114
102 20.578564 0.064594 0.004226 -0.007625 -0.040112 -0.036442
103 19.982023 0.051613 0.002599 -0.007529 -0.017311 -0.109912
104 21.249861 -0.099555 0.000000 0.020630 -0.170986 0.080049
105 22.713137 -10.955202 -4.711875 -0.065497 -0.343133 0.980447
106 -5.667137 0.000000 -0.000000 0.036125 -0.136201 -0.580368
107 -5.935400 -0.005201 0.000139 0.000000 -0.000000 0.000000
108 6.464029 -3.692676 0.000000 -1.570840 0.000014 0.602122
109 19.717199 4.858890 7.932106 -2.037191 1.183303 -0.865244
110 -5.371100 0.000000 0.000000 -0.186114 -0.167466 -0.227910
111 -4.278900 0.000000 0.000000 0.009547 0.047203 -0.269372
112 2.284300 0.000000 0.000000 0.000000 -0.000000 0.000000
113 19.717199 -4.858963 7.932083 1.104402 -1.183303 -2.276349
114 5.371100 0.000000 0.000000 -0.186113 -0.167466 -0.227910
115 4.278900 0.000000 0.000000 0.009547 0.047203 -0.269372
116 2.284329 0.000000 0.000000 0.000000 -0.000000 0.000000
117 6.994193 0.000000 1.816252 -1.570693 -0.200777 -0.000010
118 6.701527 0.000000 0.000000 0.000000 -0.000000 0.143668
119 4.978200 -0.000000 0.000000 0.000000 -0.000000 0.180994
120 4.007800 0.000000 0.000000 0.000000 -0.000000 0.167997
121 22.713194 -10.955202 4.711798 -0.065497 -0.343133 -2.161146
122 5.667200 0.000001 -0.000000 0.036125 -0.136201 -0.580368
123 5.935300 0.005282 -0.000100 0.000000 -0.000000 0.000000
124 24.334364 4.031897 2.667534 -1.571387 -0.952006 -1.450244
125 24.464970 2.948783 -4.199029 -1.571388 -0.952005 1.691349
126 0.0 0.0 0.0 0.0 0.0 0.0
127 0.0 0.0 0.0 0.0 0.0 0.0
128 0.0 0.0 0.0 0.0 0.0 0.0
129 0.0 0.0 0.0 0.0 0.0 0.0
130 0.0 0.0 0.0 0.0 0.0 0.0
time 11
0 0.000000 0.000000 0.000000 -0.000000 -0.000000 -0.000000
1 -1.578529 1.421235 200.335739 -1.418665 -0.943295 -1.739060
2 -6.922300 -22.143513 0.000000 -3.064248 -0.028045 -1.720873
3 26.628101 0.000000 0.000000 0.011607 -0.010289 -0.179484
4 26.630899 0.000000 0.000000 0.016406 -0.027650 -0.236587
5 26.630699 0.000000 0.000000 0.012734 -0.030389 -0.098812
6 26.628801 -0.000001 0.000000 0.022949 -0.012211 -0.059717
7 26.628801 0.000000 0.000000 0.025426 -0.010479 -0.024843
8 26.629198 -0.000100 0.000000 0.000000 -0.000000 0.000000
9 -0.943900 -2.280900 -22.926023 -0.041654 0.094468 0.234946
10 -40.495487 0.000000 0.000000 -0.002944 -0.001867 1.762263
11 -20.836300 0.000000 0.000000 3.079731 0.091394 -1.732533
12 -15.965199 -0.178700 -5.285300 -1.705438 -1.126822 0.208685
13 -22.902342 -0.000000 -0.000000 0.053505 -0.063099 -0.395726
14 -4.707000 -0.421400 0.147100 -3.109676 0.020895 -0.802147
15 -10.188885 0.000000 -0.000000 -0.001171 -0.007505 0.547627
16 -3.984100 -1.091600 6.378000 2.888778 0.085293 -0.853852
17 -8.776079 0.000000 0.000000 0.013736 0.052074 0.608764
18 -3.787000 0.101300 -5.082900 -2.788332 -0.006762 -0.816102
19 -10.247894 0.000000 0.000000 -0.041228 -0.092961 0.743420
20 -0.943900 -2.280900 22.926081 -0.042961 0.070146 -2.689254
21 40.495609 -0.000000 -0.000000 -0.002432 -0.005628 1.755707
22 20.836300 0.000000 0.000000 3.081232 0.091276 -1.722652
23 22.902399 0.000000 0.000000 0.064626 -0.070381 -0.357024
24 3.820500 -0.064568 4.522500 -3.018192 -0.017744 -0.714620
25 10.247982 0.000000 -0.000000 -0.058433 -0.101216 1.068045
26 3.984100 1.091600 -6.377932 2.920574 0.122059 -0.735830
27 8.776100 0.000000 0.000000 0.055326 0.018889 0.920758
28 4.707030 0.421400 -0.147203 -3.083018 0.033776 -0.692990
29 10.188807 -0.000000 -0.000000 0.005873 -0.032927 0.871154
30 15.965199 0.178700 5.285300 -1.705438 -1.126822 0.208685
31 1.448216 11.235700 -0.000000 0.001593 0.029878 1.670648
32 12.501695 -0.658248 -0.175525 -0.145046 -0.058974 -0.062610
33 16.272614 0.590368 0.194118 -0.048398 0.055977 -0.246392
34 25.776306 -0.502532 -0.450288 -0.028548 -0.056615 -0.130359
35 18.809500 -0.101758 -26.364405 -2.790668 0.020088 -1.248716
36 -48.046757 0.000000 0.000000 0.028394 -0.001643 1.484620
37 -32.732384 -0.000002 0.000000 -0.170951 0.035923 -0.063019
38 -5.577500 3.896500 -9.552654 -1.631493 -0.368079 -0.300516
39 -13.046900 0.000000 0.000000 -0.008736 0.082538 0.406346
40 -4.538900 1.838200 1.085000 3.113751 -0.053939 -1.136815
41 -9.326100 0.000000 0.000000 0.020652 0.027772 1.103509
42 -2.709509 0.999000 -6.980300 -2.993193 -0.113034 -1.320861
43 -10.456600 0.000000 0.000000 0.018040 0.027032 0.887608
44 -3.968400 2.196200 7.058900 2.962491 -0.009445 -1.285287
45 -8.804501 0.000000 0.000000 0.013096 0.027709 0.840116
46 18.809498 -0.101700 26.364401 -2.858756 -0.005900 1.791819
47 48.046700 0.000000 0.000000 0.090169 0.030660 1.509372
48 32.732388 0.000000 0.000001 -0.083180 0.031171 -0.465571
49 13.046900 0.000000 0.000000 0.084498 0.115573 0.368082
50 4.529242 -1.758800 -0.050100 3.091714 -0.085187 -0.617161
51 9.326100 0.000000 0.000000 0.038262 0.029946 0.754837
52 4.229000 -2.047300 -5.390500 -3.082806 -0.006310 -0.773744
53 8.804501 0.000000 0.000000 0.053290 0.021350 0.770999
54 2.709536 -0.999000 6.980300 -3.066748 -0.117285 -0.790724
55 10.456600 0.000000 0.000000 0.040385 0.015466 0.928371
56 5.577500 -3.896500 9.552704 -1.631493 -0.368079 -0.300516
57 11.596444 -19.648626 22.262503 0.094601 -0.932823 -2.201051
58 37.458698 0.000001 0.000001 0.328079 -0.119551 0.340421
59 83.706497 -0.000000 0.000003 1.923618 -0.381425 1.190193
60 -22.525198 -0.395099 18.987698 -2.831365 -0.702012 2.839125
61 67.425484 -0.000052 -0.000001 -0.124521 -0.147824 0.101921
62 63.648544 0.000009 0.000027 0.003850 -0.093211 -0.028485
63 23.821501 -0.002248 -0.003340 0.000000 -0.000000 0.000000
64 9.637899 -0.153583 24.446102 -0.118820 -1.277298 0.320922
65 65.740021 -0.000000 0.000000 -0.185774 -0.291384 0.057930
66 55.101013 -0.000085 0.000000 0.001250 -0.113478 -0.012511
67 40.392998 -0.002471 -0.004600 0.000000 -0.000000 0.000000
68 -6.972589 -0.585603 25.377195 -2.467054 -1.275680 2.583235
69 64.545082 0.000027 0.000001 -0.123660 -0.232900 -0.018886
70 51.973663 0.000000 -0.000000 0.005751 -0.109290 -0.053969
71 33.419186 -0.001933 -0.003707 0.000000 -0.000000 0.000000
72 -26.481199 -0.424404 7.812642 -3.021356 -0.285374 2.899808
73 64.186600 -0.000003 0.000003 -0.065460 -0.093277 0.066410
74 55.590351 0.000001 0.000000 0.000662 -0.020625 -0.031440
75 25.390703 -0.002424 -0.002362 0.000000 -0.000000 0.000000
76 -2.687500 -4.314000 0.575600 2.050917 -0.153197 -1.431831
77 43.191101 0.000017 0.000000 -0.032044 0.017745 0.166355
78 46.987976 -0.001600 -0.000800 0.000000 -0.000000 0.000000
79 11.594722 -19.633459 -22.268734 0.208719 -0.929315 0.936125
80 -37.458698 0.000000 0.000000 0.234674 -0.087281 0.354815
81 -83.706390 -0.000000 -0.000000 1.922544 -0.368106 1.186554
82 26.481199 0.424300 -7.812636 -3.023095 -0.289371 2.906639
83 -64.186600 0.000000 0.000000 -0.066625 -0.092475 0.078829
84 -55.590290 -0.000000 -0.000000 0.000297 -0.020631 -0.013401
85 -25.390989 0.002796 0.002800 0.000000 -0.000000 0.000000
86 6.972588 0.585600 -25.377165 -2.451559 -1.271092 2.567136
87 -64.544983 0.000002 -0.000051 -0.127879 -0.230625 -0.000473
88 -51.973614 0.000000 -0.000001 0.005397 -0.109300 -0.050719
89 -33.420601 0.002700 0.005200 0.000000 -0.000000 0.000000
90 -9.637900 0.153500 -24.446098 -0.145428 -1.276140 0.348738
91 -65.739952 -0.000000 -0.000000 -0.191042 -0.288013 0.076381
92 -55.101021 0.000057 -0.000000 -0.000929 -0.113479 0.007111
93 -40.394093 0.002806 0.005300 0.000000 -0.000000 0.000000
94 22.525200 0.395100 -18.987648 -2.829527 -0.703723 2.836201
95 -67.425484 -0.000000 -0.000000 -0.125645 -0.146861 0.109600
96 -63.648514 -0.000000 0.000003 0.002101 -0.096883 -0.012425
97 -23.822102 0.002800 0.004282 0.000000 -0.000000 0.000000
98 2.687500 4.314000 -0.575660 2.257186 -0.119319 -1.568160
99 -43.191101 -0.000024 -0.000000 -0.032044 0.017745 0.166355
100 -46.988201 0.002000 0.001000 0.000000 -0.000000 0.000000
101 34.232197 0.065883 0.747602 0.096707 -0.230286 -0.109684
102 19.616016 -0.049742 -0.011563 0.003396 -0.060161 -0.038170
103 19.375065 0.050862 -0.017686 0.004743 -0.032173 -0.106560
104 21.087227 -0.080747 0.000000 0.008743 -0.247545 0.017028
105 22.713114 -10.955201 -4.711904 -0.065497 -0.343133 0.980447
106 -5.667116 0.000000 -0.000000 0.036125 -0.136201 -0.580368
107 -5.935400 -0.005193 0.000157 0.000000 -0.000000 0.000000
108 6.464000 -3.692700 0.000000 -1.570988 0.000068 0.682525
109 19.717199 4.858890 7.932098 -2.037191 1.183303 -0.865244
110 -5.371100 0.000000 0.000000 -0.186114 -0.167466 -0.227910
111 -4.278900 0.000000 0.000000 0.009547 0.047203 -0.269372
112 2.284300 0.000000 0.000000 0.000000 -0.000000 0.000000
113 19.717199 -4.858942 7.932104 1.104402 -1.183303 -2.276349
114 5.371100 0.000000 0.000000 -0.186113 -0.167466 -0.227910
115 4.278900 0.000000 0.000000 0.009547 0.047203 -0.269372
116 2.284300 0.000000 0.000000 0.000000 -0.000000 0.000000
117 6.994191 0.000000 1.816237 -1.570485 -0.200777 -0.000031
118 6.701500 0.000000 0.000000 0.000000 -0.000000 0.143668
119 4.978200 0.000000 0.000000 0.000000 -0.000000 0.180994
120 4.007800 0.000000 0.000000 0.000000 -0.000000 0.167997
121 22.713200 -10.955200 4.711800 -0.065497 -0.343133 -2.161146
122 5.667200 0.000000 0.000000 0.036125 -0.136201 -0.580368
123 5.935300 0.005276 -0.000100 0.000000 -0.000000 0.000000
124 24.072107 5.451363 0.645091 -1.571387 -0.952006 -1.450244
125 24.173145 4.613567 -1.829720 -1.571388 -0.952005 1.691349
126 0.0 0.0 0.0 0.0 0.0 0.0
127 0.0 0.0 0.0 0.0 0.0 0.0
128 0.0 0.0 0.0 0.0 0.0 0.0
129 0.0 0.0 0.0 0.0 0.0 0.0
130 0.0 0.0 0.0 0.0 0.0 0.0
time 12
0 0.000000 0.000000 0.000000 -0.000000 -0.000000 -0.000000
1 -1.172504 1.042800 216.463715 -1.525598 -0.998671 -1.635201
2 -6.922300 -22.143513 0.000000 -3.061247 -0.026081 -1.753717
3 26.628101 0.000000 0.000000 0.011806 -0.006194 -0.087003
4 26.630903 -0.000000 -0.000000 0.013370 -0.019511 -0.135400
5 26.630699 0.000000 0.000000 0.009259 -0.019080 0.008368
6 26.628807 -0.000001 0.000000 0.018715 -0.001441 -0.001975
7 26.628792 0.000001 0.000000 0.020065 0.005475 -0.024310
8 26.629196 -0.000100 0.000000 0.000000 -0.000000 0.000000
9 -0.943900 -2.280900 -22.926029 -0.043327 0.100388 0.183977
10 -40.495495 0.000000 -0.000000 -0.000225 -0.000795 1.739720
11 -20.836300 0.000000 0.000000 3.079706 0.092382 -1.767700
12 -15.965199 -0.178700 -5.285300 -1.705438 -1.126822 0.208685
13 -22.902357 -0.000000 -0.000000 0.056853 -0.060349 -0.385613
14 -4.707000 -0.421400 0.147106 -3.121540 0.036773 -0.807482
15 -10.188860 0.000000 -0.000000 -0.012986 0.000509 0.562881
16 -3.984095 -1.091600 6.378001 2.885649 0.104001 -0.859415
17 -8.776085 0.000000 0.000000 0.006321 0.049812 0.621147
18 -3.787000 0.101300 -5.082900 -2.802026 0.013827 -0.814731
19 -10.247885 0.000000 0.000000 -0.057416 -0.084046 0.754261
20 -0.943900 -2.280905 22.926077 -0.043776 0.077627 -2.753019
21 40.495602 0.000005 -0.000000 0.000118 -0.003252 1.736028
22 20.836300 0.000000 0.000000 3.080875 0.092321 -1.768314
23 22.902393 0.000000 0.000000 0.065836 -0.064620 -0.354137
24 3.820500 -0.064580 4.522500 -3.029870 -0.021300 -0.708775
25 10.247985 -0.000000 -0.000000 -0.065616 -0.087132 1.077967
26 3.984100 1.091600 -6.377947 2.923313 0.116739 -0.735920
27 8.776100 0.000000 0.000000 0.052768 0.017692 0.939115
28 4.707024 0.421400 -0.147203 -3.091799 0.028838 -0.695291
29 10.188801 -0.000000 -0.000000 0.003308 -0.021802 0.890255
30 15.965199 0.178700 5.285300 -1.705438 -1.126822 0.208685
31 1.448205 11.235700 -0.000000 0.002187 0.031775 1.687972
32 12.246355 -0.592702 -0.197801 -0.047866 -0.043235 -0.108178
33 16.095484 0.620255 0.094990 -0.022981 0.028019 -0.187295
34 26.853352 0.312677 -0.343354 -0.010881 -0.042728 -0.180113
35 18.809498 -0.101764 -26.364405 -2.790680 0.023535 -1.308726
36 -48.046772 0.000000 0.000000 0.016550 -0.007801 1.442115
37 -32.732380 -0.000002 0.000000 -0.167058 0.033385 -0.190728
38 -5.577504 3.896500 -9.552667 -1.631493 -0.368079 -0.300516
39 -13.046900 0.000000 0.000000 0.021690 0.107747 0.317947
40 -4.538898 1.838200 1.085000 3.113791 -0.054885 -1.145032
41 -9.326100 0.000000 0.000000 0.019857 0.027520 1.114834
42 -2.709513 0.999000 -6.980300 -2.992827 -0.114373 -1.329364
43 -10.456600 0.000000 0.000000 0.019512 0.027139 0.898977
44 -3.968400 2.196200 7.058900 2.962334 -0.009930 -1.293889
45 -8.804501 0.000000 0.000000 0.009589 0.026819 0.851027
46 18.809498 -0.101700 26.364401 -2.858515 -0.010092 1.752992
47 48.046692 0.000000 0.000000 0.055045 0.023157 1.467755
48 32.732388 0.000000 0.000001 -0.098598 -0.004912 -0.686949
49 13.046900 0.000000 0.000000 0.064828 0.114217 0.258420
50 4.529255 -1.758800 -0.050100 3.092195 -0.084245 -0.638995
51 9.326100 0.000000 0.000000 0.035695 0.030221 0.781796
52 4.229000 -2.047300 -5.390500 -3.083566 -0.002583 -0.795806
53 8.804501 0.000000 0.000000 0.050472 0.021734 0.798727
54 2.709554 -0.999000 6.980300 -3.065852 -0.117249 -0.811937
55 10.456600 0.000000 0.000000 0.042555 0.016738 0.953779
56 5.577502 -3.896500 9.552695 -1.631493 -0.368079 -0.300516
57 11.560108 -18.056236 22.672977 -0.098465 -1.359513 -1.937824
58 37.458698 0.000001 -0.000010 0.116631 -0.035038 0.437752
59 83.706490 0.000006 -0.000003 1.763751 -0.243752 0.965562
60 -22.525200 -0.395098 18.987698 -2.839372 -0.772971 2.857107
61 67.425476 -0.000040 0.000017 -0.136553 -0.136799 0.186648
62 63.648544 0.000007 0.000023 -0.008539 -0.100041 0.089334
63 23.821501 -0.002232 -0.003353 0.000000 -0.000000 0.000000
64 9.637911 -0.153580 24.446102 -0.157746 -1.268731 0.361516
65 65.740013 -0.000000 0.000000 -0.216959 -0.269265 0.170517
66 55.101002 -0.000078 0.000000 -0.011073 -0.112947 0.096574
67 40.392998 -0.002455 -0.004600 0.000000 -0.000000 0.000000
68 -6.972579 -0.585608 25.377188 -2.523226 -1.268757 2.641703
69 64.545090 0.000028 0.000001 -0.152652 -0.215199 0.111383
70 51.973663 -0.000000 -0.000000 -0.007681 -0.109170 0.069315
71 33.419167 -0.001939 -0.003672 0.000000 -0.000000 0.000000
72 -26.481199 -0.424409 7.812655 -3.023963 -0.375540 2.925889
73 64.186584 -0.000002 0.000010 -0.073779 -0.086860 0.158714
74 55.590359 0.000001 0.000000 -0.001705 -0.020681 0.085022
75 25.390701 -0.002424 -0.002370 0.000000 -0.000000 0.000000
76 -2.687499 -4.314000 0.575600 1.808724 0.216371 -1.671170
77 43.191101 0.000013 0.000000 -0.032044 0.017745 0.166355
78 46.987968 -0.001600 -0.000800 0.000000 -0.000000 0.000000
79 11.555335 -17.972523 -22.688540 0.053313 -1.361694 1.130348
80 -37.458698 0.000000 0.000000 0.050987 -0.007190 0.442343
81 -83.706390 -0.000002 0.000008 1.762103 -0.235047 0.962719
82 26.481199 0.424302 -7.812650 -3.025402 -0.378171 2.930598
83 -64.186615 0.000000 0.000015 -0.074503 -0.086259 0.166982
84 -55.590313 -0.000000 0.000015 -0.001948 -0.020657 0.097046
85 -25.390987 0.002827 0.002800 0.000000 -0.000000 0.000000
86 6.972607 0.585607 -25.377171 -2.512513 -1.265893 2.630588
87 -64.545013 0.000006 -0.000065 -0.155214 -0.213359 0.123477
88 -51.973629 0.000003 -0.000000 -0.007916 -0.109148 0.071480
89 -33.420601 0.002701 0.005200 0.000000 -0.000000 0.000000
90 -9.637900 0.153500 -24.446098 -0.174881 -1.267776 0.379457
91 -65.739944 -0.000001 -0.000023 -0.220174 -0.266663 0.182664
92 -55.101025 0.000044 -0.000018 -0.012519 -0.112793 0.109668
93 -40.394096 0.002777 0.005300 0.000000 -0.000000 0.000000
94 22.525200 0.395098 -18.987652 -2.838029 -0.774121 2.855048
95 -67.425476 -0.000000 -0.000000 -0.137234 -0.136109 0.191664
96 -63.648529 -0.000000 0.000009 -0.009886 -0.102357 0.100133
97 -23.822102 0.002800 0.004286 0.000000 -0.000000 0.000000
98 2.687500 4.314000 -0.575647 1.901466 0.261660 -1.735286
99 -43.191101 -0.000036 -0.000000 -0.032044 0.017745 0.166355
100 -46.988197 0.002000 0.001000 0.000000 -0.000000 0.000000
101 34.193401 0.066329 0.782337 0.065732 -0.168733 -0.117583
102 18.181816 -0.219589 0.006706 -0.008761 -0.074327 -0.041039
103 18.371632 0.050397 -0.004216 -0.007956 -0.043833 -0.098373
104 20.653095 -0.030498 0.000000 0.039343 -0.162358 0.123743
105 22.713125 -10.955195 -4.711905 -0.065497 -0.343133 0.980447
106 -5.667125 0.000000 -0.000000 0.036125 -0.136201 -0.580368
107 -5.935400 -0.005188 0.000155 0.000000 -0.000000 0.000000
108 6.463993 -3.692698 0.000000 -1.570984 0.000056 0.582072
109 19.717199 4.858903 7.932089 -2.037191 1.183303 -0.865244
110 -5.371100 0.000000 0.000000 -0.186114 -0.167466 -0.227910
111 -4.278900 0.000000 0.000000 0.009547 0.047203 -0.269372
112 2.284300 0.000000 0.000000 0.000000 -0.000000 0.000000
113 19.717199 -4.858945 7.932076 1.104402 -1.183303 -2.276349
114 5.371100 0.000000 0.000000 -0.186113 -0.167466 -0.227910
115 4.278900 0.000000 0.000000 0.009547 0.047203 -0.269372
116 2.284294 0.000000 0.000000 0.000000 -0.000000 0.000000
117 6.994193 0.000000 1.816231 -1.570592 -0.200777 -0.000020
118 6.701492 -0.000000 0.000000 0.000000 -0.000000 0.143668
119 4.978200 0.000001 0.000000 0.000000 -0.000000 0.180994
120 4.007800 0.000000 0.000000 0.000000 -0.000000 0.167997
121 22.713202 -10.955191 4.711806 -0.065497 -0.343133 -2.161146
122 5.667200 -0.000005 0.000000 0.036125 -0.136201 -0.580368
123 5.935300 0.005258 -0.000100 0.000000 -0.000000 0.000000
124 23.749041 5.869155 0.008525 -1.571387 -0.952006 -1.450244
125 23.693945 6.326372 0.638028 -1.571388 -0.952005 1.691349
126 0.0 0.0 0.0 0.0 0.0 0.0
127 0.0 0.0 0.0 0.0 0.0 0.0
128 0.0 0.0 0.0 0.0 0.0 0.0
129 0.0 0.0 0.0 0.0 0.0 0.0
130 0.0 0.0 0.0 0.0 0.0 0.0
time 13
0 0.000000 0.000000 0.000000 -0.000000 -0.000000 -0.000000
1 -0.449081 0.542361 238.164566 -1.652806 -1.046839 -1.511021
2 -6.922299 -22.143494 0.000000 -3.058312 -0.024020 -1.786553
3 26.628101 0.000000 0.000000 0.012383 -0.002135 0.005477
4 26.630890 0.000000 -0.000000 0.011171 -0.011106 -0.034252
5 26.630699 0.000000 0.000000 0.007013 -0.007465 0.115491
6 26.628817 -0.000001 0.000000 0.015108 0.009554 0.055724
7 26.628777 0.000001 0.000000 0.014711 0.021432 -0.023862
8 26.629192 -0.000100 0.000000 0.000000 -0.000000 0.000000
9 -0.943900 -2.280900 -22.926050 -0.045302 0.106215 0.132968
10 -40.495510 0.000000 -0.000000 0.002469 0.000338 1.717180
11 -20.836300 0.000000 0.000000 3.079646 0.093368 -1.802870
12 -15.965199 -0.178699 -5.285300 -1.705438 -1.126822 0.208685
13 -22.902372 -0.000000 -0.000000 0.060229 -0.057632 -0.375492
14 -4.707000 -0.421400 0.147116 -3.133497 0.052586 -0.813009
15 -10.188825 0.000000 -0.000000 -0.024678 0.008701 0.578040
16 -3.984088 -1.091600 6.378001 2.882408 0.122691 -0.865048
17 -8.776095 0.000000 0.000000 -0.001120 0.047641 0.633545
18 -3.787000 0.101300 -5.082900 -2.815698 0.034433 -0.813641
19 -10.247889 0.000000 0.000000 -0.073495 -0.074957 0.764948
20 -0.943900 -2.280912 22.926075 -0.045068 0.085042 -2.816829
21 40.495590 0.000012 -0.000000 0.002621 -0.000826 1.716355
22 20.836300 0.000000 0.000000 3.080470 0.093349 -1.813981
23 22.902384 0.000000 0.000000 0.067063 -0.058862 -0.351244
24 3.820500 -0.064601 4.522500 -3.041569 -0.024788 -0.702888
25 10.247977 -0.000000 -0.000000 -0.072650 -0.072978 1.087776
26 3.984100 1.091600 -6.377964 2.926051 0.111419 -0.736025
27 8.776100 0.000000 0.000000 0.050188 0.016543 0.957475
28 4.707010 0.421400 -0.147189 -3.100566 0.023881 -0.697548
29 10.188792 -0.000000 -0.000000 0.000957 -0.010630 0.909323
30 15.965199 0.178700 5.285300 -1.705438 -1.126822 0.208685
31 1.448177 11.235700 -0.000000 0.002814 0.033661 1.705298
32 11.874886 -0.456448 -0.223935 0.048439 -0.023174 -0.151979
33 15.185846 0.513803 -0.081759 0.000732 -0.001381 -0.128950
34 29.386295 1.335617 -0.151782 0.006065 -0.027984 -0.229589
35 18.809498 -0.101763 -26.364405 -2.790898 0.026976 -1.368741
36 -48.046799 0.000000 0.000000 0.004977 -0.014456 1.399683
37 -32.732395 -0.000002 -0.000000 -0.162874 0.031364 -0.318435
38 -5.577509 3.896500 -9.552676 -1.631494 -0.368079 -0.300516
39 -13.046900 0.000000 0.000000 0.049850 0.135524 0.230074
40 -4.538896 1.838200 1.085000 3.113838 -0.055831 -1.153250
41 -9.326100 0.000000 0.000000 0.019059 0.027276 1.126159
42 -2.709532 0.999000 -6.980300 -2.992449 -0.115709 -1.337870
43 -10.456600 0.000000 0.000000 0.020986 0.027230 0.910347
44 -3.968400 2.196200 7.058900 2.962182 -0.010417 -1.302492
45 -8.804501 0.000000 0.000000 0.006072 0.025967 0.861940
46 18.809500 -0.101700 26.364401 -2.858111 -0.014271 1.714163
47 48.046692 0.000000 0.000000 0.020269 0.014204 1.426433
48 32.732407 0.000000 0.000000 -0.105725 -0.043499 -0.907952
49 13.046900 0.000000 0.000000 0.045432 0.110731 0.148836
50 4.529279 -1.758800 -0.050100 3.092655 -0.083294 -0.660826
51 9.326100 0.000000 0.000000 0.033136 0.030566 0.808754
52 4.229000 -2.047300 -5.390500 -3.084408 0.001126 -0.817872
53 8.804501 0.000000 0.000000 0.047666 0.022196 0.826455
54 2.709586 -0.999000 6.980300 -3.064958 -0.117193 -0.833150
55 10.456600 0.000000 0.000000 0.044758 0.017955 0.979190
56 5.577505 -3.896500 9.552684 -1.631494 -0.368079 -0.300516
57 11.582989 -15.721520 23.259418 -2.588011 -1.325516 0.618847
58 37.458698 0.000001 -0.000025 -0.086023 0.067610 0.515363
59 83.706490 0.000009 -0.000010 1.580684 -0.144711 0.727030
60 -22.525204 -0.395098 18.987698 -2.849914 -0.843803 2.877330
61 67.425484 -0.000017 0.000041 -0.147584 -0.124808 0.271107
62 63.648544 0.000003 0.000010 -0.021657 -0.105373 0.207303
63 23.821501 -0.002206 -0.003380 0.000000 -0.000000 0.000000
64 9.637926 -0.153563 24.446102 -0.194439 -1.259720 0.399879
65 65.739990 0.000000 0.000000 -0.245196 -0.243939 0.281642
66 55.100994 -0.000055 -0.000000 -0.023263 -0.111085 0.205630
67 40.392998 -0.002424 -0.004600 0.000000 -0.000000 0.000000
68 -6.972582 -0.585614 25.377180 -2.576680 -1.260901 2.697457
69 64.545082 0.000037 0.000001 -0.178940 -0.193991 0.240551
70 51.973675 0.000000 -0.000000 -0.020995 -0.107410 0.192574
71 33.419144 -0.001942 -0.003623 0.000000 -0.000000 0.000000
72 -26.481199 -0.424402 7.812680 -3.029305 -0.465607 2.953306
73 64.186577 -0.000001 0.000005 -0.081464 -0.079708 0.250909
74 55.590366 0.000000 0.000000 -0.004063 -0.020461 0.201483
75 25.390701 -0.002423 -0.002387 0.000000 -0.000000 0.000000
76 -2.687498 -4.314000 0.575600 1.445270 0.498964 -2.032464
77 43.191097 0.000004 0.000000 -0.032044 0.017745 0.166355
78 46.987957 -0.001600 -0.000800 0.000000 -0.000000 0.000000
79 11.578986 -15.644340 -23.272333 -2.595183 -1.330211 -2.467235
80 -37.458698 0.000000 0.000000 -0.125686 0.087266 0.514069
81 -83.706413 -0.000002 0.000004 1.579360 -0.140577 0.725280
82 26.481199 0.424305 -7.812677 -3.030181 -0.466891 2.955763
83 -64.186630 0.000000 0.000035 -0.081796 -0.079376 0.255035
84 -55.590355 -0.000000 0.000035 -0.004183 -0.020435 0.207492
85 -25.390989 0.002871 0.002800 0.000000 -0.000000 0.000000
86 6.972650 0.585616 -25.377186 -2.571179 -1.259574 2.691753
87 -64.545059 0.000009 -0.000076 -0.180060 -0.192940 0.246421
88 -51.973663 0.000006 -0.000000 -0.021111 -0.107385 0.193654
89 -33.420601 0.002702 0.005200 0.000000 -0.000000 0.000000
90 -9.637900 0.153500 -24.446098 -0.202705 -1.259156 0.408549
91 -65.739922 -0.000001 -0.000041 -0.246638 -0.242479 0.287634
92 -55.101040 0.000019 -0.000042 -0.023975 -0.110932 0.212196
93 -40.394108 0.002736 0.005300 0.000000 -0.000000 0.000000
94 22.525200 0.395095 -18.987665 -2.849176 -0.844379 2.876239
95 -67.425476 -0.000000 -0.000000 -0.147878 -0.124454 0.273476
96 -63.648560 -0.000000 0.000005 -0.022422 -0.106455 0.212805
97 -23.822102 0.002800 0.004293 0.000000 -0.000000 0.000000
98 2.687500 4.314000 -0.575620 1.424965 0.544348 -2.068198
99 -43.191101 -0.000049 0.000000 -0.032044 0.017745 0.166355
100 -46.988190 0.002000 0.001000 0.000000 -0.000000 0.000000
101 34.193050 0.060677 0.719249 0.034533 -0.107450 -0.127328
102 16.502964 -0.418190 0.043881 -0.020892 -0.088526 -0.043738
103 17.171368 0.050217 0.029010 -0.020757 -0.055387 -0.090033
104 20.082121 0.035597 0.000000 0.078552 -0.080873 0.231929
105 22.713154 -10.955188 -4.711890 -0.065497 -0.343133 0.980447
106 -5.667150 -0.000000 -0.000000 0.036125 -0.136201 -0.580368
107 -5.935400 -0.005185 0.000142 0.000000 -0.000000 0.000000
108 6.463994 -3.692686 0.000000 -1.570978 0.000045 0.481620
109 19.717199 4.858922 7.932078 -2.037191 1.183303 -0.865244
110 -5.371100 0.000000 0.000000 -0.186114 -0.167466 -0.227911
111 -4.278900 0.000000 0.000000 0.009547 0.047203 -0.269372
112 2.284300 0.000000 0.000000 0.000000 -0.000000 0.000000
113 19.717201 -4.858958 7.932022 1.104403 -1.183303 -2.276350
114 5.371100 0.000000 0.000000 -0.186113 -0.167466 -0.227911
115 4.278900 0.000000 0.000000 0.009547 0.047203 -0.269372
116 2.284297 0.000000 0.000000 0.000000 -0.000000 0.000000
117 6.994197 0.000000 1.816228 -1.570700 -0.200777 -0.000010
118 6.701493 -0.000000 0.000000 0.000000 -0.000000 0.143668
119 4.978200 0.000002 0.000000 0.000000 -0.000000 0.180994
120 4.007800 0.000000 0.000000 0.000000 -0.000000 0.167997
121 22.713200 -10.955177 4.711816 -0.065497 -0.343133 -2.161146
122 5.667200 -0.000011 0.000000 0.036125 -0.136201 -0.580368
123 5.935300 0.005234 -0.000100 0.000000 -0.000000 0.000000
124 23.395641 5.784582 0.067037 -1.571387 -0.952005 -1.450244
125 23.121090 8.061971 3.153290 -1.571388 -0.952006 1.691349
126 0.0 0.0 0.0 0.0 0.0 0.0
127 0.0 0.0 0.0 0.0 0.0 0.0
128 0.0 0.0 0.0 0.0 0.0 0.0
129 0.0 0.0 0.0 0.0 0.0 0.0
130 0.0 0.0 0.0 0.0 0.0 0.0
time 14
0 0.000000 0.000000 0.000000 -0.000000 -0.000000 -0.000000
1 0.047077 0.295240 249.172638 -1.802109 -1.085647 -1.364709
2 -6.922300 -22.143471 0.000000 -3.055446 -0.021863 -1.819381
3 26.628101 0.000000 0.000000 0.013332 0.001854 0.097960
4 26.630873 0.000000 -0.000000 0.009833 -0.002523 0.066872
5 26.630699 0.000000 0.000000 0.006023 0.004324 0.222587
6 26.628832 -0.000001 0.000000 0.012142 0.020740 0.113393
7 26.628765 -0.000008 0.000000 0.009362 0.037391 -0.023499
8 26.629190 -0.000100 0.000000 0.000000 -0.000000 0.000000
9 -0.943900 -2.280900 -22.926071 -0.047575 0.111934 0.081915
10 -40.495518 0.000000 0.000000 0.005137 0.001532 1.694643
11 -20.836300 0.000000 0.000000 3.079552 0.094352 -1.838044
12 -15.965199 -0.178698 -5.285300 -1.705438 -1.126822 0.208685
13 -22.902374 -0.000000 -0.000000 0.063631 -0.054950 -0.365363
14 -4.706999 -0.421400 0.147130 3.137633 0.068331 -0.818730
15 -10.188800 0.000000 0.000000 -0.036246 0.017069 0.593104
16 -3.984085 -1.091600 6.377991 2.879053 0.141362 -0.870757
17 -8.776103 -0.000000 0.000000 -0.008587 0.045563 0.645957
18 -3.787000 0.101300 -5.082900 -2.829361 0.055052 -0.812833
19 -10.247896 0.000000 0.000000 -0.089465 -0.065699 0.775481
20 -0.943900 -2.280915 22.926071 -0.046833 0.092359 -2.880690
21 40.495583 0.000020 -0.000000 0.005075 0.001648 1.696688
22 20.836300 0.000000 0.000000 3.080018 0.094357 -1.859653
23 22.902374 0.000000 0.000000 0.068306 -0.053108 -0.348345
24 3.820500 -0.064610 4.522500 -3.053289 -0.028206 -0.696960
25 10.247973 -0.000000 -0.000000 -0.079538 -0.058756 1.097476
26 3.984100 1.091600 -6.377974 2.928788 0.106100 -0.736144
27 8.776100 0.000000 0.000000 0.047587 0.015441 0.975837
28 4.707000 0.421400 -0.147170 -3.109322 0.018904 -0.699761
29 10.188791 -0.000000 -0.000000 -0.001181 0.000584 0.928364
30 15.965199 0.178700 5.285300 -1.705438 -1.126822 0.208685
31 1.448154 11.235700 -0.000000 0.003474 0.035536 1.722626
32 11.664764 -0.351259 -0.234187 0.143753 0.000984 -0.193637
33 14.225511 0.351407 -0.203410 0.022701 -0.032106 -0.071289
34 31.473272 1.799850 -0.015249 0.022256 -0.012422 -0.278793
35 18.809498 -0.101765 -26.364405 -2.791323 0.030397 -1.428763
36 -48.046806 0.000000 -0.000000 -0.006305 -0.021596 1.357326
37 -32.732414 -0.000002 -0.000000 -0.158466 0.029891 -0.446144
38 -5.577507 3.896500 -9.552680 -1.631494 -0.368079 -0.300516
39 -13.046900 0.000000 0.000000 0.075554 0.165642 0.142641
40 -4.538900 1.838200 1.085000 3.113893 -0.056777 -1.161468
41 -9.326100 0.000000 0.000000 0.018258 0.027042 1.137484
42 -2.709552 0.999000 -6.980300 -2.992060 -0.117041 -1.346377
43 -10.456600 0.000000 0.000000 0.022460 0.027304 0.921716
44 -3.968400 2.196200 7.058900 2.962034 -0.010905 -1.311094
45 -8.804501 0.000000 0.000000 0.002547 0.025153 0.872856
46 18.809500 -0.101700 26.364401 -2.857545 -0.018432 1.675329
47 48.046700 0.000000 0.000000 -0.014105 0.003829 1.385451
48 32.732426 0.000000 0.000000 -0.104211 -0.082708 -1.129223
49 13.046900 0.000000 0.000000 0.026544 0.105159 0.039394
50 4.529292 -1.758800 -0.050100 3.093094 -0.082332 -0.682656
51 9.326100 0.000000 0.000000 0.030588 0.030979 0.835711
52 4.229000 -2.047300 -5.390500 -3.085332 0.004815 -0.839940
53 8.804501 0.000000 0.000000 0.044874 0.022736 0.854181
54 2.709605 -0.999000 6.980300 -3.064065 -0.117119 -0.854362
55 10.456600 0.000000 0.000000 0.046990 0.019116 1.004605
56 5.577506 -3.896500 9.552679 -1.631494 -0.368079 -0.300516
57 11.647718 -14.390980 23.582689 -2.738771 -0.897372 0.840329
58 37.458698 0.000001 -0.000033 -0.282896 0.183603 0.571507
59 83.706482 0.000000 -0.000014 1.381055 -0.092196 0.476701
60 -22.525204 -0.395098 18.987698 -2.863739 -0.914462 2.900580
61 67.425491 -0.000000 0.000053 -0.157541 -0.111938 0.355304
62 63.648540 0.000000 0.000000 -0.035321 -0.109131 0.325390
63 23.821501 -0.002198 -0.003400 0.000000 -0.000000 0.000000
64 9.637934 -0.153545 24.446102 -0.228989 -1.250302 0.436102
65 65.739975 0.000000 0.000001 -0.270209 -0.215758 0.391299
66 55.100998 -0.000034 -0.000000 -0.035174 -0.107917 0.314625
67 40.392998 -0.002400 -0.004600 0.000000 -0.000000 0.000000
68 -6.972586 -0.585616 25.377176 -2.627312 -1.252183 2.750391
69 64.545082 0.000040 0.000000 -0.202130 -0.169657 0.368571
70 51.973679 0.000000 0.000000 -0.033987 -0.104036 0.315765
71 33.419128 -0.001940 -0.003593 0.000000 -0.000000 0.000000
72 -26.481199 -0.424397 7.812700 -3.037823 -0.555500 2.982707
73 64.186584 0.000000 0.000000 -0.088452 -0.071881 0.342994
74 55.590370 -0.000001 0.000000 -0.006379 -0.019969 0.317943
75 25.390699 -0.002425 -0.002400 0.000000 -0.000000 0.000000
76 -2.687497 -4.314000 0.575600 0.941529 0.612597 -2.534308
77 43.191097 -0.000002 0.000000 -0.032044 0.017745 0.166355
78 46.987957 -0.001600 -0.000800 0.000000 -0.000000 0.000000
79 11.647682 -14.390648 -23.582813 -2.720402 -0.897038 -2.302914
80 -37.458698 0.000000 0.000000 -0.297583 0.192711 0.568816
81 -83.706429 -0.000002 0.000000 1.381055 -0.092197 0.476701
82 26.481199 0.424318 -7.812698 -3.037827 -0.555467 2.982710
83 -64.186638 0.000000 0.000045 -0.088451 -0.071881 0.342988
84 -55.590378 0.000000 0.000045 -0.006379 -0.019969 0.317937
85 -25.390985 0.002894 0.002800 0.000000 -0.000000 0.000000
86 6.972684 0.585630 -25.377197 -2.627286 -1.252201 2.750363
87 -64.545090 0.000006 -0.000076 -0.202081 -0.169703 0.368323
88 -51.973686 0.000002 -0.000000 -0.033987 -0.104036 0.315760
89 -33.420601 0.002702 0.005200 0.000000 -0.000000 0.000000
90 -9.637900 0.153500 -24.446098 -0.228989 -1.250302 0.436102
91 -65.739899 -0.000001 -0.000048 -0.270208 -0.215759 0.391294
92 -55.101051 0.000000 -0.000054 -0.035177 -0.107916 0.314668
93 -40.394112 0.002705 0.005300 0.000000 -0.000000 0.000000
94 22.525198 0.395094 -18.987677 -2.863746 -0.914445 2.900587
95 -67.425476 0.000000 -0.000000 -0.157514 -0.111977 0.355042
96 -63.648575 0.000000 0.000001 -0.035346 -0.109125 0.325561
97 -23.822102 0.002800 0.004300 0.000000 -0.000000 0.000000
98 2.687500 4.314000 -0.575600 0.806520 0.625363 -2.558724
99 -43.191101 -0.000053 0.000000 -0.032044 0.017745 0.166355
100 -46.988178 0.002000 0.001000 0.000000 -0.000000 0.000000
101 34.231155 0.054049 0.615670 0.002885 -0.046500 -0.138934
102 15.724766 -0.510167 0.075122 -0.033000 -0.102757 -0.046267
103 16.648157 0.050739 0.064237 -0.033664 -0.066833 -0.081540
104 19.801186 0.068117 0.000000 0.126189 -0.004129 0.342852
105 22.713171 -10.955178 -4.711871 -0.065497 -0.343133 0.980447
106 -5.667172 -0.000000 0.000000 0.036125 -0.136201 -0.580368
107 -5.935400 -0.005184 0.000134 0.000000 -0.000000 0.000000
108 6.463996 -3.692678 0.000000 -1.570971 0.000034 0.381167
109 19.717199 4.858932 7.932068 -2.037191 1.183303 -0.865244
110 -5.371100 0.000000 0.000000 -0.186114 -0.167466 -0.227911
111 -4.278900 0.000000 0.000000 0.009547 0.047203 -0.269372
112 2.284300 0.000000 0.000000 0.000000 -0.000000 0.000000
113 19.717201 -4.858967 7.931983 1.104403 -1.183303 -2.276350
114 5.371100 0.000000 0.000000 -0.186113 -0.167466 -0.227911
115 4.278900 0.000000 0.000000 0.009547 0.047203 -0.269372
116 2.284300 0.000000 0.000000 0.000000 -0.000000 0.000000
117 6.994200 0.000000 1.816223 -1.570807 -0.200777 0.000001
118 6.701495 -0.000000 0.000000 0.000000 -0.000000 0.143668
119 4.978200 0.000002 0.000000 0.000000 -0.000000 0.180994
120 4.007800 0.000000 0.000000 0.000000 -0.000000 0.167997
121 22.713200 -10.955166 4.711830 -0.065497 -0.343133 -2.161146
122 5.667200 -0.000014 0.000000 0.036125 -0.136201 -0.580368
123 5.935300 0.005219 -0.000100 0.000000 -0.000000 0.000000
124 23.277775 5.254273 0.786361 -1.571387 -0.952005 -1.450244
125 22.884851 8.513490 3.822287 -1.571388 -0.952006 1.691349
126 0.0 0.0 0.0 0.0 0.0 0.0
127 0.0 0.0 0.0 0.0 0.0 0.0
128 0.0 0.0 0.0 0.0 0.0 0.0
129 0.0 0.0 0.0 0.0 0.0 0.0
130 0.0 0.0 0.0 0.0 0.0 0.0
time 15
0 0.000000 0.000000 0.000000 -0.000000 -0.000000 -0.000000
1 0.087261 0.554766 238.797638 -1.801351 -1.232178 -1.350903
2 -6.922302 -22.143446 0.000000 -3.068171 -0.018802 -1.834535
3 26.628101 0.000000 0.000000 0.001153 0.002014 -0.001543
4 26.630846 0.000000 -0.000000 -0.000378 -0.005182 -0.061582
5 26.630699 0.000000 -0.000000 -0.003678 -0.005822 0.029369
6 26.628855 -0.000001 0.000000 0.002066 0.004314 -0.057003
7 26.628757 -0.000040 0.000000 0.002029 0.018145 -0.093516
8 26.629192 -0.000100 0.000000 0.000000 -0.000000 0.000000
9 -0.943900 -2.280900 -22.926085 -0.044828 0.100649 0.162352
10 -40.495514 0.000000 0.000000 -0.000027 -0.001961 1.674537
11 -20.836300 0.000000 0.000000 3.078560 0.083609 -1.798654
12 -15.965200 -0.178697 -5.285300 -1.705438 -1.126822 0.208685
13 -22.902351 -0.000000 -0.000000 0.047573 -0.046852 -0.411659
14 -4.707000 -0.421400 0.147153 -3.131601 0.042341 -0.806712
15 -10.188790 -0.000000 0.000000 -0.002944 0.023473 0.607482
16 -3.984088 -1.091600 6.377962 2.902021 0.113356 -0.847647
17 -8.776104 -0.000000 0.000000 0.027426 0.046810 0.661986
18 -3.787000 0.101300 -5.082900 -2.817596 0.027460 -0.794926
19 -10.247912 0.000000 0.000000 -0.053459 -0.055810 0.773710
20 -0.943900 -2.280912 22.926065 -0.046194 0.079772 -2.802771
21 40.495586 0.000032 -0.000000 -0.000411 -0.001544 1.665894
22 20.836300 0.000000 0.000000 3.078414 0.082802 -1.811946
23 22.902367 0.000000 0.000000 0.045809 -0.045560 -0.415717
24 3.820503 -0.064591 4.522500 -3.071217 -0.021887 -0.718788
25 10.247980 0.000000 -0.000000 -0.068437 -0.038681 1.143625
26 3.984100 1.091600 -6.377972 2.920298 0.109517 -0.765236
27 8.776100 0.000000 0.000000 0.046784 0.023668 1.030572
28 4.706997 0.421400 -0.147143 -3.125387 0.021598 -0.725429
29 10.188806 -0.000000 -0.000000 0.010692 0.016641 0.977318
30 15.965199 0.178700 5.285300 -1.705438 -1.126822 0.208685
31 1.448144 11.235700 -0.000000 0.003243 0.032424 1.725504
32 11.777254 -0.307852 -0.212631 0.099937 -0.002285 -0.186087
33 13.163967 0.077420 -0.214793 0.015396 -0.025983 -0.085748
34 32.664753 1.148494 0.025515 0.012913 -0.012271 -0.219108
35 18.809496 -0.101776 -26.364405 -2.793734 0.015850 -1.291686
36 -48.046776 0.000000 -0.000000 -0.012977 -0.016350 1.224876
37 -32.732441 -0.000001 -0.000000 -0.164204 0.016211 -0.514009
38 -5.577487 3.896500 -9.552673 -1.631494 -0.368079 -0.300516
39 -13.046900 0.000000 0.000000 0.066944 0.154110 0.162538
40 -4.538918 1.838200 1.085000 3.114282 -0.052571 -1.167424
41 -9.326100 0.000000 0.000000 0.014426 0.026932 1.141667
42 -2.709574 0.999000 -6.980300 -2.991662 -0.112416 -1.349818
43 -10.456600 -0.000000 -0.000000 0.018841 0.026587 0.924683
44 -3.968400 2.196200 7.058900 2.961997 -0.004600 -1.316150
45 -8.804501 0.000000 0.000000 -0.003322 0.024344 0.875339
46 18.809500 -0.101700 26.364401 -2.860125 -0.004708 1.822585
47 48.046719 0.000000 0.000000 -0.031530 -0.007815 1.167241
48 32.732452 0.000000 0.000000 -0.102295 -0.096057 -1.113543
49 13.046900 0.000000 0.000000 0.030988 0.094275 0.133100
50 4.529279 -1.758800 -0.050100 3.093822 -0.087031 -0.678424
51 9.326100 0.000000 0.000000 0.035698 0.031500 0.826462
52 4.229000 -2.047300 -5.390500 -3.084147 -0.001996 -0.835581
53 8.804501 0.000000 0.000000 0.051247 0.022835 0.844345
54 2.709589 -0.999000 6.980300 -3.063567 -0.121129 -0.848021
55 10.456600 0.000000 0.000000 0.049958 0.018463 0.993913
56 5.577505 -3.896500 9.552686 -1.631494 -0.368079 -0.300516
57 11.796132 -15.067102 23.379881 3.093574 -0.938810 1.415280
58 37.458702 0.000001 -0.000025 -0.093853 0.026111 0.760729
59 83.706490 -0.000037 -0.000011 1.515025 -0.060603 0.657100
60 -22.525204 -0.395096 18.987698 -2.933217 -0.853229 2.996735
61 67.425491 0.000004 0.000041 -0.140947 -0.132263 0.219407
62 63.648525 -0.000000 -0.000002 -0.016826 -0.162808 0.162257
63 23.821501 -0.002227 -0.003405 0.000000 -0.000000 0.000000
64 9.637927 -0.153526 24.446100 -0.092438 -1.265008 0.293093
65 65.739967 0.000000 0.000003 -0.235643 -0.253170 0.242813
66 55.101009 -0.000020 -0.000000 -0.018749 -0.111948 0.164983
67 40.392998 -0.002395 -0.004600 0.000000 -0.000000 0.000000
68 -6.972586 -0.585610 25.377184 -2.720078 -1.287308 2.846299
69 64.545067 0.000029 0.000000 -0.170100 -0.201757 0.195604
70 51.973667 -0.000002 -0.000000 -0.018851 -0.107797 0.172595
71 33.419128 -0.001927 -0.003602 0.000000 -0.000000 0.000000
72 -26.481199 -0.424404 7.812705 -3.058784 -0.458755 3.038094
73 64.186607 0.000000 -0.000000 -0.079623 -0.081551 0.228012
74 55.590370 -0.000001 0.000000 -0.007103 -0.046182 0.186659
75 25.390699 -0.002437 -0.002403 0.000000 -0.000000 0.000000
76 -2.687498 -4.314000 0.575600 0.876600 0.417118 -2.393038
77 43.191097 -0.000002 0.000000 -0.032044 0.017745 0.166355
78 46.987972 -0.001600 -0.000800 0.000000 -0.000000 0.000000
79 11.806438 -15.284327 -23.346851 -3.119574 -0.966316 -1.797817
80 -37.458698 0.000000 0.000000 -0.071534 0.006966 0.714018
81 -83.706436 -0.000002 -0.000001 1.488110 -0.018805 0.666660
82 26.481199 0.424348 -7.812705 -3.062322 -0.455496 3.047387
83 -64.186630 0.000000 0.000035 -0.079868 -0.081316 0.231056
84 -55.590359 0.000000 0.000035 -0.007590 -0.049833 0.189517
85 -25.390972 0.002874 0.002800 0.000000 -0.000000 0.000000
86 6.972700 0.585653 -25.377203 -2.733271 -1.289785 2.860002
87 -64.545082 -0.000012 -0.000055 -0.169375 -0.202351 0.192035
88 -51.973682 -0.000015 -0.000000 -0.019463 -0.107698 0.178226
89 -33.420601 0.002702 0.005200 0.000000 -0.000000 0.000000
90 -9.637900 0.153496 -24.446098 -0.085564 -1.265780 0.285863
91 -65.739891 -0.000000 -0.000037 -0.235734 -0.253078 0.243168
92 -55.101055 -0.000002 -0.000042 -0.018595 -0.111961 0.163708
93 -40.394108 0.002691 0.005300 0.000000 -0.000000 0.000000
94 22.525200 0.395091 -18.987686 -2.943895 -0.852301 3.011589
95 -67.425484 0.000002 -0.000000 -0.140569 -0.132667 0.216581
96 -63.648552 0.000000 0.000000 -0.016755 -0.169922 0.161478
97 -23.822102 0.002800 0.004309 0.000000 -0.000000 0.000000
98 2.687500 4.314000 -0.575596 0.830136 0.387067 -2.376348
99 -43.191101 -0.000039 0.000000 -0.032044 0.017745 0.166355
100 -46.988163 0.002000 0.001000 0.000000 -0.000000 0.000000
101 34.345554 0.048304 0.463250 -0.005655 0.077898 -0.109011
102 16.716820 -0.392789 0.090881 -0.037833 -0.098064 -0.040300
103 17.485388 0.052421 0.101565 -0.043403 -0.024001 -0.092674
104 20.120365 0.031165 0.000000 0.115769 0.021907 0.299389
105 22.713165 -10.955164 -4.711842 -0.065497 -0.343133 0.980447
106 -5.667184 -0.000000 -0.000000 0.036125 -0.136201 -0.580368
107 -5.935400 -0.005183 0.000133 0.000000 -0.000000 0.000000
108 6.463997 -3.692683 0.000000 -1.570826 0.000007 0.401323
109 19.717199 4.858923 7.932062 -2.037191 1.183303 -0.865244
110 -5.371100 0.000000 0.000000 -0.186114 -0.167466 -0.227911
111 -4.278900 0.000000 0.000000 0.009547 0.047203 -0.269372
112 2.284300 0.000000 0.000000 0.000000 -0.000000 0.000000
113 19.717201 -4.858967 7.931979 1.104403 -1.183303 -2.276350
114 5.371100 0.000000 0.000000 -0.186113 -0.167466 -0.227911
115 4.278900 0.000000 0.000000 0.009547 0.047203 -0.269372
116 2.284300 0.000000 0.000000 0.000000 -0.000000 0.000000
117 6.994201 0.000000 1.816213 -1.570907 -0.200777 0.000011
118 6.701494 -0.000000 0.000000 0.000000 -0.000000 0.143668
119 4.978200 0.000002 0.000000 0.000000 -0.000000 0.180994
120 4.007800 0.000000 0.000000 0.000000 -0.000000 0.167997
121 22.713202 -10.955159 4.711856 -0.065497 -0.343133 -2.161146
122 5.667200 -0.000011 0.000000 0.036125 -0.136201 -0.580368
123 5.935300 0.005222 -0.000100 0.000000 -0.000000 0.000000
124 23.631340 3.829487 2.831564 -1.571387 -0.952005 -1.450244
125 23.322124 6.394518 0.795451 -1.571388 -0.952006 1.691349
126 0.0 0.0 0.0 0.0 0.0 0.0
127 0.0 0.0 0.0 0.0 0.0 0.0
128 0.0 0.0 0.0 0.0 0.0 0.0
129 0.0 0.0 0.0 0.0 0.0 0.0
130 0.0 0.0 0.0 0.0 0.0 0.0
time 16
0 0.000000 0.000000 0.000000 -0.000000 -0.000000 -0.000000
1 -0.099838 1.067611 217.729843 -1.810589 -1.378692 -1.327462
2 -6.922306 -22.143419 0.000000 -3.080940 -0.015935 -1.849727
3 26.628101 0.000000 0.000000 -0.010982 0.000964 -0.101041
4 26.630814 0.000001 -0.000000 -0.010164 -0.009127 -0.190005
5 26.630699 0.000000 -0.000000 -0.011252 -0.017642 -0.163766
6 26.628881 -0.000001 0.000000 -0.005079 -0.013583 -0.227239
7 26.628752 -0.000080 -0.000000 -0.003938 -0.001566 -0.163379
8 26.629194 -0.000100 0.000000 0.000000 -0.000000 0.000000
9 -0.943900 -2.280900 -22.926096 -0.043003 0.089182 0.242669
10 -40.495506 -0.000000 0.000000 -0.005119 -0.005558 1.654449
11 -20.836300 0.000000 0.000000 3.077146 0.072912 -1.759286
12 -15.965200 -0.178695 -5.285300 -1.705438 -1.126822 0.208685
13 -22.902317 -0.000000 -0.000000 0.031162 -0.039505 -0.458064
14 -4.707000 -0.421400 0.147180 -3.117975 0.016188 -0.795067
15 -10.188791 -0.000000 -0.000000 0.030451 0.029394 0.622069
16 -3.984095 -1.091600 6.377923 2.924270 0.084840 -0.825253
17 -8.776102 -0.000000 0.000000 0.063456 0.047480 0.678051
18 -3.787000 0.101300 -5.082900 -2.806331 -0.000337 -0.777351
19 -10.247933 0.000000 0.000000 -0.017489 -0.045864 0.772297
20 -0.943900 -2.280905 22.926058 -0.046540 0.067174 -2.724932
21 40.495594 0.000046 0.000000 -0.005796 -0.004904 1.635118
22 20.836300 0.000000 0.000000 3.076261 0.071336 -1.764264
23 22.902357 0.000000 0.000000 0.022861 -0.039544 -0.483223
24 3.820505 -0.064561 4.522500 -3.089277 -0.015963 -0.740722
25 10.247991 0.000000 -0.000000 -0.056429 -0.019140 1.189968
26 3.984100 1.091600 -6.377963 2.911709 0.112686 -0.794367
27 8.776100 0.000000 0.000000 0.046433 0.031927 1.085312
28 4.706999 0.421400 -0.147112 -3.141517 0.023879 -0.751139
29 10.188828 -0.000000 0.000000 0.023342 0.032096 1.026479
30 15.965199 0.178700 5.285300 -1.705438 -1.126822 0.208685
31 1.448141 11.235700 -0.000000 0.003004 0.029313 1.728382
32 12.051092 -0.295511 -0.175194 0.056098 -0.005219 -0.178401
33 12.051728 -0.252509 -0.171078 0.008004 -0.019967 -0.100249
34 33.410259 -0.061569 0.011238 0.003595 -0.011563 -0.159427
35 18.809496 -0.101790 -26.364405 -2.798110 0.001769 -1.154592
36 -48.046726 0.000000 -0.000000 -0.020284 -0.012030 1.092403
37 -32.732475 -0.000000 -0.000000 -0.169000 0.002174 -0.581786
38 -5.577459 3.896500 -9.552661 -1.631493 -0.368079 -0.300516
39 -13.046900 0.000000 0.000000 0.058118 0.142750 0.182500
40 -4.538943 1.838200 1.085000 3.114646 -0.048362 -1.173376
41 -9.326100 0.000000 0.000000 0.010594 0.026838 1.145851
42 -2.709598 0.999000 -6.980300 -2.991281 -0.107790 -1.353255
43 -10.456600 -0.000000 -0.000000 0.015219 0.025881 0.927653
44 -3.968400 2.196200 7.058900 2.961928 0.001705 -1.321207
45 -8.804501 0.000000 0.000000 -0.009192 0.023550 0.877827
46 18.809500 -0.101700 26.364401 -2.860664 0.009247 1.969809
47 48.046745 0.000000 0.000000 -0.046024 -0.022954 0.949220
48 32.732483 0.000000 0.000000 -0.100587 -0.109435 -1.097868
49 13.046900 0.000000 0.000000 0.034386 0.083026 0.226664
50 4.529255 -1.758800 -0.050100 3.094530 -0.091733 -0.674194
51 9.326100 0.000000 0.000000 0.040803 0.032069 0.817215
52 4.229000 -2.047300 -5.390500 -3.082992 -0.008812 -0.831230
53 8.804501 0.000000 0.000000 0.057618 0.022996 0.834510
54 2.709560 -0.999000 6.980300 -3.063093 -0.125143 -0.841679
55 10.456600 0.000000 0.000000 0.052933 0.017842 0.983220
56 5.577502 -3.896500 9.552697 -1.631493 -0.368079 -0.300516
57 11.986393 -16.747400 22.913904 2.692757 -0.828894 1.941788
58 37.458706 0.000001 -0.000010 0.064471 -0.161493 0.919265
59 83.706497 -0.000087 -0.000004 1.652335 -0.053691 0.839886
60 -22.525202 -0.395095 18.987700 -2.989531 -0.788298 3.080367
61 67.425499 0.000002 0.000018 -0.121677 -0.150162 0.082820
62 63.648510 -0.000000 -0.000000 0.010517 -0.212763 -0.003475
63 23.821501 -0.002273 -0.003404 0.000000 -0.000000 0.000000
64 9.637912 -0.153505 24.446100 0.054927 -1.273326 0.139281
65 65.739960 0.000000 0.000006 -0.195365 -0.285144 0.091646
66 55.101032 -0.000008 -0.000000 -0.001897 -0.113499 0.015247
67 40.393002 -0.002398 -0.004600 0.000000 -0.000000 0.000000
68 -6.972587 -0.585600 25.377197 -2.837929 -1.319268 2.967277
69 64.545059 0.000012 -0.000000 -0.132679 -0.227922 0.020573
70 51.973656 -0.000004 -0.000000 -0.003327 -0.109371 0.029343
71 33.419132 -0.001909 -0.003629 0.000000 -0.000000 0.000000
72 -26.481199 -0.424412 7.812704 -3.073131 -0.361175 3.089015
73 64.186638 0.000000 -0.000000 -0.069732 -0.090147 0.112858
74 55.590363 -0.000001 0.000000 -0.004382 -0.072263 0.055190
75 25.390699 -0.002453 -0.002401 0.000000 -0.000000 0.000000
76 -2.687499 -4.314000 0.575600 0.788205 0.231665 -2.247947
77 43.191101 -0.000001 0.000000 -0.032044 0.017745 0.166355
78 46.987995 -0.001600 -0.000800 0.000000 -0.000000 0.000000
79 12.010240 -17.252497 -22.837576 2.755811 -0.909075 -1.284311
80 -37.458698 0.000000 0.000000 0.129762 -0.205101 0.816407
81 -83.706444 -0.000002 -0.000003 1.607110 0.032669 0.863394
82 26.481199 0.424386 -7.812705 -3.078859 -0.354391 3.106710
83 -64.186615 0.000000 0.000015 -0.070275 -0.089736 0.118962
84 -55.590317 0.000000 0.000015 -0.004956 -0.079606 0.060885
85 -25.390955 0.002832 0.002800 0.000000 -0.000000 0.000000
86 6.972707 0.585680 -25.377205 -2.870122 -1.323198 3.000489
87 -64.545059 -0.000037 -0.000024 -0.131092 -0.228816 0.013607
88 -51.973671 -0.000039 -0.000000 -0.004567 -0.109344 0.040613
89 -33.420601 0.002701 0.005200 0.000000 -0.000000 0.000000
90 -9.637900 0.153492 -24.446098 0.069695 -1.274199 0.123801
91 -65.739883 0.000001 -0.000016 -0.195576 -0.284988 0.092375
92 -55.101055 0.000002 -0.000018 -0.001584 -0.113481 0.012655
93 -40.394100 0.002686 0.005300 0.000000 -0.000000 0.000000
94 22.525200 0.395090 -18.987694 -3.008536 -0.785242 3.107843
95 -67.425499 0.000004 0.000000 -0.120852 -0.150830 0.077402
96 -63.648514 0.000000 -0.000000 0.011990 -0.226853 -0.005687
97 -23.822102 0.002800 0.004317 0.000000 -0.000000 0.000000
98 2.687500 4.314000 -0.575598 0.808617 0.148782 -2.211243
99 -43.191101 -0.000017 0.000000 -0.032044 0.017745 0.166355
100 -46.988148 0.002000 0.001000 0.000000 -0.000000 0.000000
101 34.498405 0.041583 0.270339 -0.010553 0.202495 -0.079640
102 18.609528 -0.168788 0.100705 -0.042636 -0.093343 -0.034360
103 18.999672 0.054805 0.140893 -0.053616 0.018718 -0.104224
104 20.729584 -0.039362 0.000000 0.104218 0.047465 0.255618
105 22.713148 -10.955148 -4.711807 -0.065497 -0.343133 0.980447
106 -5.667193 -0.000000 -0.000000 0.036125 -0.136201 -0.580368
107 -5.935400 -0.005185 0.000137 0.000000 -0.000000 0.000000
108 6.463999 -3.692693 0.000000 -1.570681 -0.000024 0.421480
109 19.717197 4.858905 7.932056 -2.037191 1.183303 -0.865244
110 -5.371100 0.000000 0.000000 -0.186114 -0.167466 -0.227910
111 -4.278900 0.000000 0.000000 0.009547 0.047203 -0.269372
112 2.284300 0.000000 0.000000 0.000000 -0.000000 0.000000
113 19.717199 -4.858964 7.931991 1.104403 -1.183303 -2.276350
114 5.371100 0.000000 0.000000 -0.186113 -0.167466 -0.227910
115 4.278900 0.000000 0.000000 0.009547 0.047203 -0.269372
116 2.284300 0.000000 0.000000 0.000000 -0.000000 0.000000
117 6.994201 0.000000 1.816202 -1.571008 -0.200777 0.000021
118 6.701495 -0.000000 0.000000 0.000000 -0.000000 0.143668
119 4.978200 0.000001 0.000000 0.000000 -0.000000 0.180994
120 4.007800 0.000000 0.000000 0.000000 -0.000000 0.167997
121 22.713205 -10.955155 4.711887 -0.065497 -0.343133 -2.161145
122 5.667200 -0.000005 0.000000 0.036125 -0.136201 -0.580368
123 5.935300 0.005235 -0.000100 0.000000 -0.000000 0.000000
124 24.220440 1.958966 5.537576 -1.571387 -0.952005 -1.450244
125 24.096010 2.991469 -4.077649 -1.571388 -0.952006 1.691349
126 0.0 0.0 0.0 0.0 0.0 0.0
127 0.0 0.0 0.0 0.0 0.0 0.0
128 0.0 0.0 0.0 0.0 0.0 0.0
129 0.0 0.0 0.0 0.0 0.0 0.0
130 0.0 0.0 0.0 0.0 0.0 0.0
time 17
0 0.000000 0.000000 0.000000 -0.000000 -0.000000 -0.000000
1 -0.372787 1.449113 201.774307 -1.923701 -1.524839 -1.200348
2 -6.922307 -22.143398 0.000000 -3.093751 -0.013262 -1.864953
3 26.628101 0.000000 0.000000 -0.022953 -0.001286 -0.200519
4 26.630800 0.000001 0.000000 -0.019365 -0.014292 -0.318390
5 26.630699 0.000000 0.000000 -0.016417 -0.030695 -0.356866
6 26.628902 -0.000001 0.000000 -0.009091 -0.032431 -0.397417
7 26.628754 -0.000100 -0.000000 -0.008516 -0.021645 -0.233140
8 26.629200 -0.000100 0.000000 0.000000 -0.000000 0.000000
9 -0.943900 -2.280900 -22.926105 -0.042108 0.077606 0.322889
10 -40.495499 -0.000000 0.000000 -0.010138 -0.009256 1.634379
11 -20.836300 0.000000 0.000000 3.075312 0.062280 -1.719931
12 -15.965200 -0.178694 -5.285300 -1.705438 -1.126822 0.208685
13 -22.902298 0.000000 -0.000000 0.014432 -0.032928 -0.504572
14 -4.707000 -0.421400 0.147200 -3.104654 -0.010120 -0.783781
15 -10.188800 0.000000 0.000000 0.063936 0.034824 0.636847
16 -3.984100 -1.091600 6.377902 2.945828 0.055842 -0.803546
17 -8.776100 0.000000 0.000000 0.099493 0.047571 0.694129
18 -3.787000 0.101300 -5.082900 -2.795552 -0.028325 -0.760083
19 -10.247944 0.000000 0.000000 0.018452 -0.035874 0.771243
20 -0.943900 -2.280900 22.926056 -0.047866 0.054641 -2.647148
21 40.495602 0.000050 0.000000 -0.011075 -0.008427 1.604360
22 20.836300 0.000000 0.000000 3.073564 0.059986 -1.716592
23 22.902349 0.000000 0.000000 -0.000436 -0.035089 -0.550835
24 3.820500 -0.064544 4.522500 -3.107461 -0.010436 -0.762759
25 10.247999 0.000000 -0.000000 -0.043530 -0.000177 1.236533
26 3.984100 1.091600 -6.377950 2.903028 0.115606 -0.823534
27 8.776100 0.000000 0.000000 0.046534 0.040192 1.140066
28 4.707000 0.421400 -0.147100 3.125484 0.025744 -0.776883
29 10.188849 0.000000 0.000000 0.036744 0.046909 1.075860
30 15.965199 0.178700 5.285300 -1.705438 -1.126822 0.208685
31 1.448144 11.235700 -0.000000 0.002755 0.026203 1.731261
32 12.279968 -0.323863 -0.149919 0.012236 -0.007814 -0.170594
33 11.722134 -0.391044 -0.105056 0.000527 -0.014059 -0.114792
34 33.156513 -0.926145 -0.075575 -0.005664 -0.010301 -0.099756
35 18.809496 -0.101800 -26.364405 -2.804370 -0.011582 -1.017429
36 -48.046692 0.000000 -0.000000 -0.028096 -0.008714 0.959907
37 -32.732498 0.000000 0.000000 -0.172835 -0.012155 -0.649500
38 -5.577446 3.896500 -9.552656 -1.631493 -0.368079 -0.300516
39 -13.046900 0.000000 0.000000 0.049079 0.131566 0.202532
40 -4.538956 1.838200 1.085000 3.114985 -0.044152 -1.179326
41 -9.326100 0.000000 0.000000 0.006762 0.026760 1.150035
42 -2.709606 0.999000 -6.980300 -2.990915 -0.103162 -1.356688
43 -10.456600 0.000000 0.000000 0.011596 0.025186 0.930626
44 -3.968400 2.196200 7.058900 2.961827 0.008009 -1.326264
45 -8.804501 0.000000 0.000000 -0.015065 0.022770 0.880319
46 18.809500 -0.101700 26.364401 -2.859150 0.023129 2.117060
47 48.046757 0.000000 0.000000 -0.056906 -0.040868 0.731323
48 32.732498 0.000000 0.000000 -0.099088 -0.122838 -1.082191
49 13.046900 0.000000 0.000000 0.036713 0.071510 0.320107
50 4.529243 -1.758800 -0.050100 3.095218 -0.096438 -0.669965
51 9.326100 0.000000 0.000000 0.045902 0.032685 0.807971
52 4.229000 -2.047300 -5.390500 -3.081867 -0.015633 -0.826887
53 8.804501 0.000000 0.000000 0.063988 0.023220 0.824676
54 2.709544 -0.999000 6.980300 -3.062646 -0.129159 -0.835336
55 10.456600 0.000000 0.000000 0.055915 0.017252 0.972525
56 5.577499 -3.896500 9.552706 -1.631493 -0.368079 -0.300516
57 12.075621 -18.170931 22.534338 2.451413 -0.620027 2.317513
58 37.458706 0.000001 0.000001 0.198161 -0.370080 1.053223
59 83.706497 -0.000112 -0.000000 1.788664 -0.071802 1.021965
60 -22.525200 -0.395093 18.987700 -3.035053 -0.720560 -3.129218
61 67.425499 0.000000 0.000000 -0.100066 -0.165290 -0.054450
62 63.648502 0.000000 0.000001 0.046310 -0.257547 -0.172443
63 23.821501 -0.002306 -0.003400 0.000000 -0.000000 0.000000
64 9.637900 -0.153500 24.446098 0.207234 -1.274717 -0.019468
65 65.739960 0.000000 0.000008 -0.150139 -0.310851 -0.062090
66 55.101051 -0.000000 -0.000000 0.015000 -0.112535 -0.134499
67 40.393002 -0.002400 -0.004600 0.000000 -0.000000 0.000000
68 -6.972599 -0.585600 25.377205 -2.987463 -1.346704 3.119925
69 64.545052 -0.000000 -0.000001 -0.090930 -0.247283 -0.156307
70 51.973648 -0.000006 -0.000000 0.012266 -0.108726 -0.113924
71 33.419144 -0.001900 -0.003644 0.000000 -0.000000 0.000000
72 -26.481199 -0.424406 7.812700 -3.081880 -0.263065 3.136900
73 64.186653 0.000000 0.000000 -0.058907 -0.097553 -0.002462
74 55.590351 -0.000002 0.000000 0.001756 -0.097763 -0.076639
75 25.390699 -0.002456 -0.002400 0.000000 -0.000000 0.000000
76 -2.687500 -4.314000 0.575600 0.676309 0.060894 -2.090930
77 43.191101 0.000000 0.000000 -0.032044 0.017745 0.166355
78 46.988010 -0.001600 -0.000800 0.000000 -0.000000 0.000000
79 12.106049 -18.818289 -22.437054 2.471977 -0.751944 -0.890468
80 -37.458698 0.000000 0.000000 0.321768 -0.432919 0.878106
81 -83.706451 -0.000001 -0.000004 1.734073 0.059544 1.065161
82 26.481199 0.424413 -7.812700 -3.088671 -0.252581 -3.120739
83 -64.186607 0.000000 0.000000 -0.059788 -0.097033 0.006709
84 -55.590294 0.000000 -0.000000 0.001504 -0.108795 -0.068185
85 -25.390949 0.002800 0.002800 0.000000 -0.000000 0.000000
86 6.972701 0.585700 -25.377205 -3.045359 -1.350533 -3.103838
87 -64.545044 -0.000050 -0.000001 -0.088364 -0.248184 -0.166727
88 -51.973660 -0.000050 -0.000000 0.010416 -0.108943 -0.097019
89 -33.420601 0.002700 0.005200 0.000000 -0.000000 0.000000
90 -9.637900 0.153500 -24.446098 0.229883 -1.274955 -0.043184
91 -65.739891 0.000000 -0.000001 -0.150490 -0.310666 -0.060975
92 -55.101051 0.000006 0.000000 0.015464 -0.112440 -0.138407
93 -40.394096 0.002694 0.005300 0.000000 -0.000000 0.000000
94 22.525200 0.395100 -18.987700 -3.060370 -0.714484 -3.090977
95 -67.425507 0.000006 0.000000 -0.098719 -0.166102 -0.062485
96 -63.648491 -0.000000 -0.000000 0.050576 -0.278229 -0.176829
97 -23.822102 0.002800 0.004313 0.000000 -0.000000 0.000000
98 2.687500 4.314000 -0.575600 0.748606 -0.082792 -2.042394
99 -43.191101 0.000000 0.000000 -0.032044 0.017745 0.166355
100 -46.988144 0.002000 0.001000 0.000000 -0.000000 0.000000
101 34.576206 0.033437 0.119319 -0.011764 0.327180 -0.049900
102 19.939440 -0.010981 0.108394 -0.047408 -0.088594 -0.028444
103 20.014759 0.056937 0.164169 -0.064341 0.061314 -0.116230
104 21.125513 -0.085199 0.000000 0.091539 0.072490 0.211487
105 22.713140 -10.955142 -4.711794 -0.065497 -0.343133 0.980447
106 -5.667200 0.000000 0.000000 0.036125 -0.136201 -0.580368
107 -5.935400 -0.005194 0.000144 0.000000 -0.000000 0.000000
108 6.464000 -3.692700 0.000000 -1.570537 -0.000057 0.441636
109 19.717197 4.858902 7.932047 -2.037191 1.183303 -0.865244
110 -5.371100 0.000000 0.000000 -0.186114 -0.167466 -0.227910
111 -4.278900 0.000000 0.000000 0.009547 0.047203 -0.269372
112 2.284300 0.000000 0.000000 0.000000 -0.000000 0.000000
113 19.717199 -4.858956 7.932000 1.104403 -1.183303 -2.276350
114 5.371100 0.000000 0.000000 -0.186113 -0.167466 -0.227910
115 4.278900 0.000000 0.000000 0.009547 0.047203 -0.269372
116 2.284300 0.000000 0.000000 0.000000 -0.000000 0.000000
117 6.994200 0.000000 1.816194 -1.571108 -0.200777 0.000031
118 6.701500 0.000000 0.000000 0.000000 -0.000000 0.143668
119 4.978200 0.000000 0.000000 0.000000 -0.000000 0.180994
120 4.007800 0.000000 0.000000 0.000000 -0.000000 0.167997
121 22.713207 -10.955157 4.711899 -0.065497 -0.343133 -2.161145
122 5.667200 0.000000 0.000000 0.036125 -0.136201 -0.580368
123 5.935300 0.005250 -0.000100 0.000000 -0.000000 0.000000
124 24.603258 1.045559 6.874946 -1.571387 -0.952005 -1.450244
125 24.626089 0.856684 -7.142109 -1.571388 -0.952006 1.691349
126 0.0 0.0 0.0 0.0 0.0 0.0
127 0.0 0.0 0.0 0.0 0.0 0.0
128 0.0 0.0 0.0 0.0 0.0 0.0
129 0.0 0.0 0.0 0.0 0.0 0.0
130 0.0 0.0 0.0 0.0 0.0 0.0
time 18
0 0.000000 0.000000 0.000000 -0.000000 -0.000000 -0.000000
1 -0.780102 1.567966 196.044327 -1.473023 -1.334183 -1.661915
2 -6.922305 -22.143389 0.000000 -3.083704 -0.017677 -1.817303
3 26.628101 0.000000 0.000000 -0.011425 -0.004223 -0.193131
4 26.630825 0.000000 0.000000 -0.007318 -0.018431 -0.291077
5 26.630699 -0.000000 0.000000 -0.006705 -0.029742 -0.271091
6 26.628914 -0.000001 0.000000 0.000810 -0.024501 -0.285029
7 26.628767 -0.000077 -0.000000 0.002507 -0.017171 -0.164038
8 26.629210 -0.000100 0.000000 0.000000 -0.000000 0.000000
9 -0.943900 -2.280900 -22.926109 -0.041809 0.083250 0.293206
10 -40.495495 -0.000000 0.000000 -0.007810 -0.006680 1.676488
11 -20.836300 0.000000 0.000000 3.076820 0.072009 -1.724890
12 -15.965200 -0.178696 -5.285300 -1.705438 -1.126822 0.208685
13 -22.902313 0.000000 -0.000000 0.027796 -0.042544 -0.468214
14 -4.707000 -0.421400 0.147205 -3.105997 0.000973 -0.788162
15 -10.188825 0.000000 0.000000 0.042100 0.021541 0.608160
16 -3.984107 -1.091600 6.377913 2.927213 0.067010 -0.818237
17 -8.776100 0.000000 -0.000000 0.071173 0.049776 0.667113
18 -3.787000 0.101300 -5.082900 -2.792741 -0.020364 -0.776878
19 -10.247931 0.000000 0.000000 -0.001069 -0.054339 0.762701
20 -0.943900 -2.280899 22.926065 -0.046174 0.059828 -2.661690
21 40.495605 0.000037 0.000000 -0.008202 -0.007323 1.654322
22 20.836300 0.000000 0.000000 3.076125 0.070434 -1.719312
23 22.902338 0.000000 0.000000 0.021862 -0.045525 -0.486430
24 3.820475 -0.064559 4.522500 -3.077337 -0.011822 -0.744305
25 10.248004 -0.000000 -0.000000 -0.049848 -0.033285 1.181490
26 3.984100 1.091600 -6.377929 2.909073 0.118704 -0.792020
27 8.776101 0.000000 0.000000 0.049304 0.032951 1.068481
28 4.706998 0.421402 -0.147128 -3.132536 0.029636 -0.746860
29 10.188872 0.000000 0.000000 0.025171 0.021236 1.008677
30 15.965199 0.178700 5.285300 -1.705438 -1.126822 0.208685
31 1.448160 11.235700 -0.000000 0.002386 0.027411 1.710787
32 12.418740 -0.433784 -0.148891 -0.039468 -0.026747 -0.135566
33 12.957405 -0.146736 0.005636 -0.016102 0.017826 -0.159396
34 30.906521 -1.100851 -0.310969 -0.011117 -0.025938 -0.110008
35 18.809494 -0.101806 -26.364407 -2.799214 -0.001936 -1.095132
36 -48.046680 -0.000000 -0.000000 -0.010029 -0.002760 1.134665
37 -32.732498 -0.000000 0.000000 -0.175760 0.002978 -0.456045
38 -5.577458 3.896500 -9.552675 -1.631493 -0.368079 -0.300516
39 -13.046900 0.000000 0.000000 0.030639 0.113991 0.270012
40 -4.538943 1.838200 1.085000 3.114608 -0.047422 -1.165163
41 -9.326098 -0.000000 -0.000000 0.011417 0.027044 1.134619
42 -2.709578 0.999000 -6.980300 -2.991649 -0.106464 -1.344747
43 -10.456598 0.000000 0.000000 0.013782 0.025799 0.916364
44 -3.968400 2.196200 7.058900 2.962112 0.002193 -1.312605
45 -8.804501 0.000000 0.000000 -0.005663 0.024313 0.866995
46 18.809498 -0.101696 26.364401 -2.859835 0.014037 2.007949
47 48.046738 0.000000 -0.000001 -0.014756 -0.004870 0.988766
48 32.732491 0.000000 0.000000 -0.104305 -0.071171 -0.877699
49 13.046900 0.000000 0.000000 0.052773 0.086765 0.335451
50 4.529257 -1.758800 -0.050100 3.093984 -0.092715 -0.652289
51 9.326100 0.000000 0.000000 0.043348 0.031816 0.790224
52 4.229000 -2.047300 -5.390500 -3.082234 -0.012540 -0.809107
53 8.804501 0.000000 0.000000 0.060419 0.022656 0.806745
54 2.709556 -0.999000 6.980300 -3.064072 -0.125231 -0.820392
55 10.456600 -0.000000 0.000000 0.050730 0.016728 0.957777
56 5.577499 -3.896500 9.552708 -1.631493 -0.368079 -0.300516
57 11.962687 -19.080648 22.327629 1.990702 -0.989171 2.573627
58 37.458706 0.000001 0.000003 0.259636 -0.295316 0.807456
59 83.706482 -0.000087 -0.000005 1.837895 -0.171969 1.081455
60 -22.525194 -0.395088 18.987700 -2.966157 -0.719883 3.048128
61 67.425499 -0.000000 -0.000004 -0.108535 -0.159886 -0.002195
62 63.648510 0.000000 0.000001 0.029296 -0.203366 -0.123028
63 23.821501 -0.002311 -0.003394 0.000000 -0.000000 0.000000
64 9.637897 -0.153522 24.446098 0.099380 -1.279148 0.093179
65 65.739967 0.000000 0.000006 -0.162278 -0.304835 -0.022031
66 55.101063 0.000002 0.000000 0.010452 -0.113033 -0.094001
67 40.393002 -0.002399 -0.004600 0.000000 -0.000000 0.000000
68 -6.972634 -0.585619 25.377197 -2.781660 -1.331144 2.908710
69 64.545067 -0.000003 -0.000001 -0.102100 -0.242965 -0.110291
70 51.973660 -0.000004 -0.000001 0.010086 -0.108958 -0.093815
71 33.419163 -0.001910 -0.003632 0.000000 -0.000000 0.000000
72 -26.481199 -0.424367 7.812688 -3.062410 -0.272142 3.058278
73 64.186638 0.000000 0.000000 -0.061133 -0.096174 0.020572
74 55.590332 -0.000002 0.000000 0.001001 -0.072057 -0.061496
75 25.390699 -0.002432 -0.002400 0.000000 -0.000000 0.000000
76 -2.687500 -4.314000 0.575600 1.145674 0.098186 -1.852524
77 43.191101 -0.000003 0.000000 -0.032044 0.017745 0.166355
78 46.988003 -0.001600 -0.000800 0.000000 -0.000000 0.000000
79 11.985781 -19.579033 -22.254078 1.977428 -1.073981 -0.550367
80 -37.458698 0.000000 0.000000 0.317008 -0.315425 0.700550
81 -83.706459 0.000003 -0.000004 1.801042 -0.080042 1.113855
82 26.481199 0.424420 -7.812690 -3.068010 -0.266752 3.077754
83 -64.186600 0.000002 -0.000003 -0.062100 -0.095571 0.030706
84 -55.590302 0.000000 -0.000003 0.000566 -0.079416 -0.049916
85 -25.390965 0.002786 0.002800 0.000000 -0.000000 0.000000
86 6.972669 0.585706 -25.377197 -2.806337 -1.334644 2.934212
87 -64.545059 -0.000041 0.000004 -0.101871 -0.243051 -0.111198
88 -51.973652 -0.000038 0.000002 0.008736 -0.109088 -0.081503
89 -33.420601 0.002700 0.005200 0.000000 -0.000000 0.000000
90 -9.637900 0.153535 -24.446100 0.105820 -1.280080 0.086415
91 -65.739929 -0.000003 0.000000 -0.164393 -0.303711 -0.014997
92 -55.101048 0.000005 0.000004 0.010020 -0.113049 -0.089919
93 -40.394093 0.002724 0.005300 0.000000 -0.000000 0.000000
94 22.525198 0.395135 -18.987701 -2.982916 -0.717944 3.073092
95 -67.425507 0.000008 -0.000000 -0.108065 -0.160207 -0.005048
96 -63.648506 -0.000002 -0.000000 0.030820 -0.218616 -0.120347
97 -23.822102 0.002800 0.004281 0.000000 -0.000000 0.000000
98 2.687500 4.314000 -0.575600 1.252483 -0.011820 -1.876956
99 -43.191101 0.000004 -0.000000 -0.032044 0.017745 0.166355
100 -46.988155 0.002000 0.001000 0.000000 -0.000000 0.000000
101 34.503868 0.022003 0.047193 0.003582 0.320128 -0.055973
102 20.091337 0.008263 0.114376 -0.048473 -0.074931 -0.032380
103 19.998987 0.058777 0.157858 -0.060554 0.036759 -0.115991
104 21.075848 -0.079453 0.000000 0.086736 0.065747 0.178327
105 22.713146 -10.955157 -4.711823 -0.065497 -0.343133 0.980447
106 -5.667205 -0.000000 0.000000 0.036125 -0.136201 -0.580368
107 -5.935400 -0.005221 0.000162 0.000000 -0.000000 0.000000
108 6.464001 -3.692702 -0.000000 -1.570662 -0.000035 0.521743
109 19.717197 4.858934 7.932031 -2.037191 1.183303 -0.865244
110 -5.371100 0.000000 0.000000 -0.186114 -0.167466 -0.227910
111 -4.278900 0.000000 0.000000 0.009547 0.047203 -0.269372
112 2.284300 0.000000 0.000000 0.000000 -0.000000 0.000000
113 19.717199 -4.858939 7.932001 1.104403 -1.183303 -2.276350
114 5.371100 0.000000 0.000000 -0.186113 -0.167466 -0.227910
115 4.278900 0.000000 0.000000 0.009547 0.047203 -0.269372
116 2.284296 0.000000 0.000000 0.000000 -0.000000 0.000000
117 6.994200 0.000000 1.816194 -1.571108 -0.200777 0.000031
118 6.701513 -0.000000 0.000000 0.000000 -0.000000 0.143668
119 4.978200 -0.000000 0.000000 0.000000 -0.000000 0.180994
120 4.007800 0.000000 0.000000 0.000000 -0.000000 0.167997
121 22.713205 -10.955170 4.711875 -0.065497 -0.343133 -2.161145
122 5.667200 0.000001 -0.000000 0.036125 -0.136201 -0.580368
123 5.935300 0.005269 -0.000100 0.000000 -0.000000 0.000000
124 24.571829 2.045050 5.476601 -1.571387 -0.952005 -1.450244
125 24.666786 1.257770 -6.589910 -1.571388 -0.952006 1.691349
126 0.0 0.0 0.0 0.0 0.0 0.0
127 0.0 0.0 0.0 0.0 0.0 0.0
128 0.0 0.0 0.0 0.0 0.0 0.0
129 0.0 0.0 0.0 0.0 0.0 0.0
130 0.0 0.0 0.0 0.0 0.0 0.0
time 19
0 0.000000 0.000000 0.000000 -0.000000 -0.000000 -0.000000
1 -1.273277 1.555477 195.426636 -1.431405 -1.138371 -1.714681
2 -6.922302 -22.143389 0.000000 -3.073878 -0.022565 -1.769696
3 26.628101 0.000000 0.000000 0.000081 -0.007245 -0.185778
4 26.630869 0.000000 0.000000 0.004612 -0.022898 -0.263813
5 26.630699 -0.000000 0.000000 0.003053 -0.029623 -0.185312
6 26.628918 -0.000001 -0.000000 0.011537 -0.017732 -0.172587
7 26.628786 -0.000033 -0.000000 0.013812 -0.013468 -0.094896
8 26.629223 -0.000100 0.000000 0.000000 -0.000000 0.000000
9 -0.943900 -2.280900 -22.926109 -0.041678 0.088901 0.263510
10 -40.495495 -0.000000 0.000000 -0.005376 -0.004205 1.718603
11 -20.836300 0.000000 0.000000 3.078281 0.081746 -1.729838
12 -15.965199 -0.178698 -5.285300 -1.705438 -1.126822 0.208685
13 -22.902346 0.000000 -0.000000 0.040808 -0.052638 -0.431971
14 -4.707000 -0.421400 0.147203 -3.107388 0.012059 -0.792559
15 -10.188858 0.000000 0.000000 0.020659 0.007642 0.579776
16 -3.984112 -1.091600 6.377941 2.908420 0.077902 -0.833146
17 -8.776100 0.000000 -0.000000 0.042801 0.051216 0.640043
18 -3.787000 0.101300 -5.082900 -2.790064 -0.012356 -0.793648
19 -10.247909 0.000000 0.000000 -0.020455 -0.072966 0.754512
20 -0.943900 -2.280900 22.926081 -0.044557 0.065040 -2.676229
21 40.495605 0.000016 0.000000 -0.005278 -0.006364 1.704286
22 20.836300 0.000000 0.000000 3.078660 0.080889 -1.722007
23 22.902327 -0.000000 -0.000000 0.043454 -0.057372 -0.422236
24 3.820441 -0.064589 4.522500 -3.047244 -0.013763 -0.725900
25 10.248007 -0.000000 0.000000 -0.054341 -0.066690 1.126565
26 3.984100 1.091600 -6.377904 2.915216 0.121612 -0.760476
27 8.776102 0.000000 0.000000 0.052585 0.025926 0.996891
28 4.706997 0.421404 -0.147175 -3.107263 0.032771 -0.716745
29 10.188894 0.000000 0.000000 0.015349 -0.005154 0.941809
30 15.965199 0.178700 5.285300 -1.705438 -1.126822 0.208685
31 1.448183 11.235700 -0.000000 0.001992 0.028612 1.690312
32 12.512550 -0.584397 -0.160026 -0.091837 -0.043833 -0.099584
33 14.975320 0.288967 0.138636 -0.034155 0.048934 -0.204571
34 27.657276 -0.930069 -0.618899 -0.016411 -0.041631 -0.120179
35 18.809494 -0.101809 -26.364410 -2.794823 0.008081 -1.172787
36 -48.046680 -0.000000 -0.000000 0.008797 -0.000039 1.309501
37 -32.732483 -0.000001 0.000000 -0.175721 0.018391 -0.262603
38 -5.577484 3.896500 -9.552702 -1.631494 -0.368079 -0.300516
39 -13.046900 0.000000 0.000000 0.011084 0.097692 0.337685
40 -4.538918 1.838200 1.085000 3.114185 -0.050686 -1.150997
41 -9.326097 -0.000000 -0.000000 0.016068 0.027400 1.119203
42 -2.709534 0.999000 -6.980300 -2.992422 -0.109757 -1.332800
43 -10.456596 0.000000 0.000000 0.015960 0.026444 0.902104
44 -3.968400 2.196200 7.058900 2.962317 -0.003627 -1.298948
45 -8.804501 0.000000 0.000000 0.003718 0.025981 0.853686
46 18.809494 -0.101693 26.364401 -2.859526 0.004924 1.898854
47 48.046707 0.000000 -0.000002 0.035176 0.019179 1.247531
48 32.732475 0.000000 0.000000 -0.098911 -0.019523 -0.673957
49 13.046900 0.000000 0.000000 0.069090 0.101770 0.351060
50 4.529284 -1.758800 -0.050100 3.092817 -0.088971 -0.634624
51 9.326100 0.000000 0.000000 0.040810 0.030901 0.772479
52 4.229000 -2.047300 -5.390500 -3.082546 -0.009440 -0.791328
53 8.804501 0.000000 0.000000 0.056861 0.022028 0.788817
54 2.709581 -0.999000 6.980300 -3.065438 -0.121283 -0.805461
55 10.456600 -0.000000 0.000000 0.045554 0.016128 0.943033
56 5.577500 -3.896500 9.552706 -1.631494 -0.368079 -0.300516
57 11.748720 -19.733595 22.207335 0.999268 -1.157466 -2.903933
58 37.458702 0.000001 0.000002 0.299509 -0.208865 0.571831
59 83.706459 -0.000037 -0.000012 1.882012 -0.274780 1.137151
60 -22.525187 -0.395082 18.987700 -2.897943 -0.713752 2.942913
61 67.425491 -0.000000 -0.000002 -0.116698 -0.154053 0.049966
62 63.648525 0.000001 0.000000 0.015171 -0.148443 -0.075028
63 23.821501 -0.002302 -0.003386 0.000000 -0.000000 0.000000
64 9.637898 -0.153559 24.446100 -0.010474 -1.280005 0.207824
65 65.739983 0.000000 0.000003 -0.174131 -0.298361 0.017870
66 55.101070 -0.000000 0.000000 0.005888 -0.113347 -0.053500
67 40.392998 -0.002398 -0.004600 0.000000 -0.000000 0.000000
68 -6.972681 -0.585649 25.377182 -2.607661 -1.306705 2.729286
69 64.545090 -0.000002 -0.000000 -0.113041 -0.238154 -0.064378
70 51.973682 -0.000001 -0.000001 0.007902 -0.109146 -0.073706
71 33.419182 -0.001929 -0.003607 0.000000 -0.000000 0.000000
72 -26.481201 -0.424312 7.812674 -3.042212 -0.279712 2.979303
73 64.186607 0.000000 0.000000 -0.063325 -0.094744 0.043600
74 55.590305 -0.000002 0.000000 0.000636 -0.046342 -0.046395
75 25.390701 -0.002395 -0.002400 0.000000 -0.000000 0.000000
76 -2.687500 -4.314000 0.575600 1.610078 0.024029 -1.623215
77 43.191101 -0.000007 0.000000 -0.032044 0.017745 0.166355
78 46.987988 -0.001600 -0.000800 0.000000 -0.000000 0.000000
79 11.757520 -19.937395 -22.179855 0.957719 -1.170682 0.324793
80 -37.458698 0.000000 0.000000 0.291333 -0.200494 0.527812
81 -83.706482 0.000008 -0.000003 1.862453 -0.222458 1.153958
82 26.481199 0.424415 -7.812676 -3.046100 -0.279177 2.992460
83 -64.186592 0.000004 -0.000001 -0.064376 -0.094053 0.054696
84 -55.590324 -0.000000 -0.000002 0.000168 -0.050025 -0.031708
85 -25.390989 0.002782 0.002800 0.000000 -0.000000 0.000000
86 6.972623 0.585704 -25.377186 -2.607627 -1.307094 2.729373
87 -64.545082 -0.000021 0.000000 -0.115046 -0.237200 -0.055820
88 -51.973652 -0.000014 0.000004 0.007053 -0.109206 -0.065986
89 -33.420605 0.002700 0.005200 0.000000 -0.000000 0.000000
90 -9.637899 0.153581 -24.446100 -0.020652 -1.280478 0.218421
91 -65.739975 -0.000007 -0.000004 -0.177915 -0.296156 0.030773
92 -55.101044 0.000004 0.000002 0.004552 -0.113396 -0.041426
93 -40.394089 0.002765 0.005300 0.000000 -0.000000 0.000000
94 22.525196 0.395181 -18.987701 -2.905468 -0.714433 2.953981
95 -67.425507 0.000009 -0.000000 -0.117043 -0.153794 0.052275
96 -63.648540 -0.000004 -0.000000 0.014724 -0.158032 -0.065710
97 -23.822102 0.002800 0.004237 0.000000 -0.000000 0.000000
98 2.687500 4.314000 -0.575600 1.760452 -0.030030 -1.698022
99 -43.191097 0.000002 -0.000000 -0.032044 0.017745 0.166355
100 -46.988178 0.002000 0.001000 0.000000 -0.000000 0.000000
101 34.356480 0.009144 0.016958 0.018938 0.313164 -0.062146
102 19.680435 -0.038689 0.118221 -0.049590 -0.061272 -0.036326
103 19.484016 0.060364 0.135495 -0.056776 0.012204 -0.115846
104 20.812893 -0.049018 0.000000 0.082161 0.058849 0.145214
105 22.713161 -10.955183 -4.711873 -0.065497 -0.343133 0.980447
106 -5.667208 -0.000000 0.000000 0.036125 -0.136201 -0.580368
107 -5.935400 -0.005255 0.000183 0.000000 -0.000000 0.000000
108 6.464000 -3.692701 -0.000000 -1.570786 -0.000003 0.601849
109 19.717197 4.858980 7.932012 -2.037191 1.183303 -0.865245
110 -5.371100 0.000000 0.000000 -0.186114 -0.167466 -0.227911
111 -4.278900 0.000000 0.000000 0.009547 0.047203 -0.269372
112 2.284300 0.000000 0.000000 0.000000 -0.000000 0.000000
113 19.717199 -4.858917 7.932001 1.104403 -1.183303 -2.276350
114 5.371100 0.000000 0.000000 -0.186113 -0.167466 -0.227911
115 4.278900 0.000000 0.000000 0.009547 0.047203 -0.269372
116 2.284293 0.000000 0.000000 0.000000 -0.000000 0.000000
117 6.994200 0.000000 1.816197 -1.571108 -0.200777 0.000031
118 6.701531 -0.000000 0.000000 0.000000 -0.000000 0.143668
119 4.978200 -0.000000 0.000000 0.000000 -0.000000 0.180994
120 4.007800 0.000000 0.000000 0.000000 -0.000000 0.167997
121 22.713202 -10.955188 4.711832 -0.065497 -0.343133 -2.161146
122 5.667200 0.000001 -0.000000 0.036125 -0.136201 -0.580368
123 5.935300 0.005290 -0.000100 0.000000 -0.000000 0.000000
124 24.334118 4.001655 2.709615 -1.571387 -0.952005 -1.450244
125 24.463673 2.927123 -4.229070 -1.571388 -0.952005 1.691349
126 0.0 0.0 0.0 0.0 0.0 0.0
127 0.0 0.0 0.0 0.0 0.0 0.0
128 0.0 0.0 0.0 0.0 0.0 0.0
129 0.0 0.0 0.0 0.0 0.0 0.0
130 0.0 0.0 0.0 0.0 0.0 0.0
time 20
0 0.000000 0.000000 0.000000 -0.000000 -0.000000 -0.000000
1 -1.565357 1.420911 200.386398 -1.419212 -0.942215 -1.738513
2 -6.922300 -22.143398 0.000000 -3.064295 -0.027915 -1.722133
3 26.628101 0.000000 0.000000 0.011565 -0.010351 -0.178460
4 26.630899 0.000000 0.000000 0.016417 -0.027687 -0.236601
5 26.630697 -0.000000 0.000000 0.012785 -0.030341 -0.099535
6 26.628910 -0.000001 -0.000000 0.022954 -0.012209 -0.060088
7 26.628801 0.000000 0.000000 0.025345 -0.010556 -0.025719
8 26.629234 -0.000100 0.000000 0.000000 -0.000000 0.000000
9 -0.943900 -2.280900 -22.926109 -0.041716 0.094553 0.233799
10 -40.495499 -0.000000 0.000000 -0.002840 -0.001834 1.760723
11 -20.836300 0.000000 0.000000 3.079695 0.091489 -1.734776
12 -15.965199 -0.178700 -5.285300 -1.705438 -1.126822 0.208685
13 -22.902372 0.000000 -0.000000 0.053453 -0.063196 -0.395841
14 -4.707000 -0.421400 0.147200 -3.108829 0.023140 -0.796972
15 -10.188874 0.000000 0.000000 -0.000379 -0.006858 0.551696
16 -3.984107 -1.091600 6.377962 2.889450 0.088511 -0.848271
17 -8.776100 0.000000 0.000000 0.014399 0.051887 0.612941
18 -3.787000 0.101300 -5.082900 -2.787522 -0.004305 -0.810396
19 -10.247898 0.000000 0.000000 -0.039717 -0.091748 0.746674
20 -0.943900 -2.280900 22.926083 -0.043016 0.070274 -2.690764
21 40.495602 0.000000 0.000000 -0.002310 -0.005552 1.754253
22 20.836300 0.000000 0.000000 3.081169 0.091351 -1.724678
23 22.902321 -0.000000 -0.000000 0.064257 -0.070575 -0.358262
24 3.820425 -0.064604 4.522500 -3.017190 -0.016257 -0.707561
25 10.248008 -0.000000 0.000000 -0.056998 -0.100291 1.071638
26 3.984100 1.091600 -6.377896 2.921450 0.124326 -0.728903
27 8.776100 0.000000 0.000000 0.056359 0.019154 0.925289
28 4.706996 0.421400 -0.147200 -3.081904 0.035142 -0.686558
29 10.188900 -0.000000 0.000000 0.007309 -0.032140 0.875170
30 15.965199 0.178700 5.285300 -1.705438 -1.126822 0.208685
31 1.448200 11.235700 0.000000 0.001574 0.029804 1.669835
32 12.490509 -0.662700 -0.175114 -0.144831 -0.059002 -0.062725
33 16.262566 0.589065 0.194064 -0.053634 0.079188 -0.250391
34 25.846445 -0.542735 -0.788724 -0.021550 -0.057376 -0.130275
35 18.809492 -0.101800 -26.364410 -2.791221 0.018408 -1.250408
36 -48.046692 0.000000 -0.000000 0.027810 -0.000634 1.484356
37 -32.732464 -0.000002 0.000000 -0.172718 0.033509 -0.069084
38 -5.577501 3.896500 -9.552711 -1.631494 -0.368079 -0.300516
39 -13.046900 0.000000 0.000000 -0.009505 0.082748 0.405568
40 -4.538900 1.838200 1.085000 3.113716 -0.053944 -1.136827
41 -9.326096 -0.000000 -0.000000 0.020712 0.027828 1.103790
42 -2.709510 0.999000 -6.980300 -2.993235 -0.113040 -1.320845
43 -10.456595 0.000000 0.000000 0.018128 0.027119 0.887844
44 -3.968400 2.196200 7.058900 2.962443 -0.009449 -1.285292
45 -8.804501 0.000000 0.000000 0.013077 0.027773 0.840393
46 18.809496 -0.101700 26.364399 -2.858226 -0.004101 1.789757
47 48.046692 0.000000 -0.000000 0.089620 0.029622 1.507267
48 32.732460 0.000000 0.000000 -0.083178 0.029964 -0.469888
49 13.046900 0.000000 0.000000 0.085667 0.116518 0.366940
50 4.529302 -1.758800 -0.050100 3.091717 -0.085207 -0.616969
51 9.326100 0.000000 0.000000 0.038289 0.029942 0.754738
52 4.229000 -2.047300 -5.390500 -3.082802 -0.006336 -0.773551
53 8.804501 0.000000 0.000000 0.053315 0.021337 0.770891
54 2.709600 -0.999000 6.980300 -3.066744 -0.117315 -0.790542
55 10.456600 0.000000 0.000000 0.040387 0.015451 0.928292
56 5.577500 -3.896500 9.552695 -1.631494 -0.368079 -0.300516
57 11.594217 -19.639952 22.263704 0.109465 -0.932119 -2.201620
58 37.458698 0.000001 0.000001 0.317445 -0.115857 0.343258
59 83.706451 0.000001 -0.000016 1.921496 -0.379771 1.189924
60 -22.525188 -0.395090 18.987698 -2.831456 -0.702293 2.839275
61 67.425491 -0.000000 -0.000000 -0.124536 -0.147808 0.102029
62 63.648544 0.000000 0.000000 0.003802 -0.092923 -0.028132
63 23.821501 -0.002289 -0.003382 0.000000 -0.000000 0.000000
64 9.637899 -0.153587 24.446100 -0.119606 -1.277255 0.321748
65 65.739990 0.000000 0.000000 -0.185681 -0.291442 0.057608
66 55.101074 -0.000002 0.000000 0.001314 -0.113478 -0.012997
67 40.392998 -0.002398 -0.004600 0.000000 -0.000000 0.000000
68 -6.972713 -0.585673 25.377171 -2.467008 -1.275585 2.583187
69 64.545097 0.000000 0.000000 -0.123730 -0.232861 -0.018578
70 51.973694 0.000001 -0.000000 0.005714 -0.109290 -0.053596
71 33.419193 -0.001939 -0.003590 0.000000 -0.000000 0.000000
72 -26.481201 -0.424285 7.812666 -3.021416 -0.285723 2.900028
73 64.186592 0.000000 0.000000 -0.065484 -0.093265 0.066622
74 55.590294 -0.000002 0.000000 0.000660 -0.020625 -0.031317
75 25.390701 -0.002379 -0.002400 0.000000 -0.000000 0.000000
76 -2.687500 -4.314000 0.575600 2.050029 -0.142829 -1.449443
77 43.191101 -0.000009 0.000000 -0.032044 0.017745 0.166355
78 46.987976 -0.001600 -0.000800 0.000000 -0.000000 0.000000
79 11.592485 -19.624506 -22.270084 0.198987 -0.928711 0.935863
80 -37.458698 0.000000 0.000000 0.246654 -0.091533 0.355024
81 -83.706490 0.000007 -0.000002 1.920462 -0.366982 1.186442
82 26.481199 0.424400 -7.812669 -3.023092 -0.289753 2.906615
83 -64.186600 0.000000 0.000000 -0.066615 -0.092482 0.078679
84 -55.590343 -0.000000 0.000000 0.000305 -0.020631 -0.013532
85 -25.391006 0.002790 0.002800 0.000000 -0.000000 0.000000
86 6.972600 0.585702 -25.377176 -2.451907 -1.271083 2.567497
87 -64.545097 -0.000005 -0.000003 -0.127849 -0.230650 -0.000607
88 -51.973648 0.000004 0.000005 0.005369 -0.109299 -0.050469
89 -33.420605 0.002700 0.005200 0.000000 -0.000000 0.000000
90 -9.637899 0.153604 -24.446100 -0.145394 -1.276129 0.348698
91 -65.740005 -0.000010 -0.000007 -0.191031 -0.288019 0.076324
92 -55.101040 0.000002 -0.000000 -0.000927 -0.113478 0.007069
93 -40.394093 0.002791 0.005300 0.000000 -0.000000 0.000000
94 22.525196 0.395204 -18.987701 -2.829570 -0.704042 2.836287
95 -67.425507 0.000004 -0.000001 -0.125627 -0.146883 0.109480
96 -63.648563 -0.000005 -0.000000 0.002100 -0.096684 -0.012484
97 -23.822102 0.002800 0.004213 0.000000 -0.000000 0.000000
98 2.687500 4.314000 -0.575600 2.260098 -0.132488 -1.549694
99 -43.191097 -0.000000 -0.000000 -0.032044 0.017745 0.166355
100 -46.988197 0.002000 0.001000 0.000000 -0.000000 0.000000
101 34.245800 0.000000 -0.000016 0.034304 0.306292 -0.068416
102 19.088915 -0.107551 0.122445 -0.050761 -0.047618 -0.040285
103 18.888573 0.060867 0.119630 -0.053001 -0.012352 -0.115793
104 20.530228 -0.016294 0.000000 0.077819 0.051804 0.112145
105 22.713173 -10.955202 -4.711909 -0.065497 -0.343133 0.980447
106 -5.667209 -0.000000 0.000000 0.036125 -0.136201 -0.580368
107 -5.935400 -0.005271 0.000193 0.000000 -0.000000 0.000000
108 6.464000 -3.692700 0.000000 -1.570906 0.000038 0.681956
109 19.717197 4.859003 7.932000 -2.037191 1.183303 -0.865245
110 -5.371100 0.000000 0.000000 -0.186114 -0.167466 -0.227911
111 -4.278900 0.000000 0.000000 0.009547 0.047203 -0.269372
112 2.284300 0.000000 0.000000 0.000000 -0.000000 0.000000
113 19.717199 -4.858900 7.932000 1.104403 -1.183303 -2.276350
114 5.371100 0.000000 0.000000 -0.186113 -0.167466 -0.227911
115 4.278900 0.000000 0.000000 0.009547 0.047203 -0.269372
116 2.284300 0.000000 0.000000 0.000000 -0.000000 0.000000
117 6.994200 0.000000 1.816200 -1.571108 -0.200777 0.000031
118 6.701551 -0.000000 0.000000 0.000000 -0.000000 0.143668
119 4.978200 0.000000 0.000000 0.000000 -0.000000 0.180994
120 4.007800 0.000000 0.000000 0.000000 -0.000000 0.167997
121 22.713200 -10.955200 4.711800 -0.065497 -0.343133 -2.161146
122 5.667200 0.000000 0.000000 0.036125 -0.136201 -0.580368
123 5.935300 0.005305 -0.000100 0.000000 -0.000000 0.000000
124 24.072191 5.450888 0.645723 -1.571387 -0.952005 -1.450244
125 24.173042 4.614290 -1.828706 -1.571388 -0.952005 1.691349
126 0.0 0.0 0.0 0.0 0.0 0.0
127 0.0 0.0 0.0 0.0 0.0 0.0
128 0.0 0.0 0.0 0.0 0.0 0.0
129 0.0 0.0 0.0 0.0 0.0 0.0
130 0.0 0.0 0.0 0.0 0.0 0.0
time 21
0 0.000000 0.000000 0.000000 -0.000000 -0.000000 -0.000000
1 -1.492218 1.042158 216.502731 -1.523637 -0.999323 -1.613543
2 -6.922303 -22.143435 0.000000 -3.061284 -0.025999 -1.754372
3 26.628101 0.000000 -0.000000 0.011786 -0.006215 -0.086238
4 26.630903 -0.000000 -0.000000 0.013386 -0.019513 -0.135150
5 26.630690 -0.000000 0.000000 0.009296 -0.019076 0.008000
6 26.628874 -0.000001 0.000000 0.018704 -0.001461 -0.002173
7 26.628807 0.000007 0.000000 0.020005 0.005478 -0.024817
8 26.629246 -0.000100 0.000000 0.000000 -0.000000 0.000000
9 -0.943900 -2.280900 -22.926107 -0.043373 0.100448 0.183203
10 -40.495510 -0.000000 0.000000 -0.000144 -0.000769 1.738669
11 -20.836300 0.000000 0.000000 3.079683 0.092451 -1.769205
12 -15.965199 -0.178700 -5.285300 -1.705438 -1.126822 0.208685
13 -22.902390 0.000000 -0.000000 0.056826 -0.060414 -0.385668
14 -4.707000 -0.421400 0.147200 -3.120991 0.038250 -0.804322
15 -10.188858 0.000000 0.000000 -0.012578 0.000883 0.565142
16 -3.984078 -1.091600 6.377970 2.886098 0.106064 -0.855995
17 -8.776100 0.000000 0.000000 0.006696 0.049638 0.623428
18 -3.787000 0.101300 -5.082900 -2.801490 0.015411 -0.811273
19 -10.247911 0.000000 0.000000 -0.056667 -0.083375 0.756003
20 -0.943902 -2.280900 22.926058 -0.043817 0.077717 -2.754033
21 40.495594 -0.000004 -0.000000 0.000213 -0.003198 1.735031
22 20.836300 0.000000 0.000000 3.080834 0.092375 -1.769678
23 22.902319 -0.000000 -0.000000 0.065597 -0.064741 -0.354940
24 3.820446 -0.064586 4.522500 -3.029279 -0.020289 -0.704441
25 10.248009 -0.000000 0.000000 -0.064769 -0.086632 1.079867
26 3.984100 1.091600 -6.377918 2.923783 0.118184 -0.731665
27 8.776092 -0.000000 -0.000000 0.053412 0.017789 0.941571
28 4.706997 0.421380 -0.147178 -3.091147 0.029762 -0.691323
29 10.188874 -0.000000 0.000000 0.004173 -0.021383 0.892469
30 15.965199 0.178700 5.285300 -1.705438 -1.126822 0.208685
31 1.448204 11.235700 0.000000 0.002186 0.031837 1.687397
32 12.236432 -0.596330 -0.198165 -0.047684 -0.043235 -0.108517
33 16.088482 0.617899 0.094303 -0.026647 0.049234 -0.189758
34 26.912401 0.277510 -0.689633 -0.004559 -0.042647 -0.180208
35 18.809494 -0.101770 -26.364408 -2.791696 0.022397 -1.309489
36 -48.046722 0.000000 -0.000000 0.015639 -0.006766 1.442088
37 -32.732437 -0.000001 0.000000 -0.168440 0.031692 -0.194393
38 -5.577497 3.896500 -9.552682 -1.631494 -0.368079 -0.300516
39 -13.046900 0.000000 0.000000 0.020621 0.107489 0.317538
40 -4.538896 1.838200 1.085000 3.113769 -0.054904 -1.145068
41 -9.326097 -0.000000 -0.000000 0.019932 0.027562 1.115044
42 -2.709529 0.999000 -6.980300 -2.992853 -0.114393 -1.329379
43 -10.456596 0.000000 0.000000 0.019614 0.027205 0.899146
44 -3.968400 2.196200 7.058900 2.962303 -0.009945 -1.293920
45 -8.804501 0.000000 0.000000 0.009612 0.026869 0.851242
46 18.809505 -0.101730 26.364401 -2.857495 -0.008799 1.751562
47 48.046719 0.000000 0.000009 0.055150 0.022013 1.465893
48 32.732460 0.000000 0.000000 -0.098287 -0.005584 -0.689832
49 13.046900 0.000000 0.000000 0.065831 0.115815 0.258668
50 4.529302 -1.758800 -0.050100 3.092195 -0.084246 -0.638902
51 9.326100 0.000000 0.000000 0.035682 0.030214 0.781738
52 4.229000 -2.047300 -5.390500 -3.083572 -0.002584 -0.795711
53 8.804501 0.000000 0.000000 0.050456 0.021728 0.798660
54 2.709604 -0.999000 6.980300 -3.065851 -0.117261 -0.811845
55 10.456599 0.000000 -0.000000 0.042529 0.016731 0.953739
56 5.577500 -3.896500 9.552669 -1.631494 -0.368079 -0.300516
57 11.558650 -18.053041 22.673422 -0.083379 -1.359413 -1.943722
58 37.458698 0.000001 -0.000000 0.109022 -0.031802 0.436833
59 83.706459 0.000013 -0.000012 1.760733 -0.242003 0.966981
60 -22.525209 -0.395128 18.987700 -2.839644 -0.773250 2.857563
61 67.425491 0.000000 -0.000000 -0.136632 -0.136718 0.187228
62 63.648560 -0.000001 -0.000000 -0.008647 -0.099801 0.090289
63 23.821501 -0.002271 -0.003386 0.000000 -0.000000 0.000000
64 9.637899 -0.153601 24.446100 -0.157614 -1.268725 0.361383
65 65.739990 0.000000 -0.000001 -0.217125 -0.269133 0.171140
66 55.101070 -0.000002 0.000000 -0.011116 -0.112942 0.097007
67 40.392998 -0.002398 -0.004600 0.000000 -0.000000 0.000000
68 -6.972721 -0.585690 25.377167 -2.523702 -1.268800 2.642194
69 64.545082 0.000000 0.000002 -0.152810 -0.215086 0.112132
70 51.973686 -0.000002 0.000003 -0.007789 -0.109156 0.070325
71 33.419182 -0.001928 -0.003585 0.000000 -0.000000 0.000000
72 -26.481201 -0.424317 7.812674 -3.024072 -0.375834 2.926376
73 64.186607 0.000000 0.000000 -0.073854 -0.086801 0.159546
74 55.590321 -0.000001 0.000000 -0.001724 -0.020660 0.085802
75 25.390701 -0.002407 -0.002400 0.000000 -0.000000 0.000000
76 -2.687500 -4.314000 0.575600 1.801983 0.221460 -1.689487
77 43.191101 -0.000012 0.000000 -0.032044 0.017745 0.166355
78 46.987976 -0.001600 -0.000800 0.000000 -0.000000 0.000000
79 11.553894 -17.968822 -22.689241 0.032017 -1.360482 1.145682
80 -37.458698 0.000000 0.000000 0.057121 -0.009675 0.440934
81 -83.706497 -0.000007 0.000000 1.759157 -0.233645 0.964252
82 26.481199 0.424369 -7.812676 -3.025460 -0.378490 2.930918
83 -64.186623 -0.000019 0.000000 -0.074556 -0.086213 0.167573
84 -55.590351 0.000001 0.000000 -0.001960 -0.020637 0.097657
85 -25.391008 0.002822 0.002800 0.000000 -0.000000 0.000000
86 6.972622 0.585706 -25.377167 -2.513250 -1.265989 2.631350
87 -64.545082 -0.000000 -0.000002 -0.155314 -0.213292 0.123946
88 -51.973652 0.000006 0.000004 -0.008018 -0.109139 0.072408
89 -33.420605 0.002700 0.005200 0.000000 -0.000000 0.000000
90 -9.637899 0.153581 -24.446100 -0.174225 -1.267801 0.378770
91 -65.740005 -0.000008 -0.000006 -0.220387 -0.266488 0.183460
92 -55.101048 0.000001 -0.000000 -0.012603 -0.112783 0.110394
93 -40.394112 0.002787 0.005300 0.000000 -0.000000 0.000000
94 22.525196 0.395181 -18.987700 -2.838265 -0.774430 2.855457
95 -67.425499 -0.000016 -0.000001 -0.137294 -0.136053 0.192105
96 -63.648567 -0.000004 -0.000000 -0.009966 -0.102179 0.100805
97 -23.822102 0.002800 0.004232 0.000000 -0.000000 0.000000
98 2.687500 4.314000 -0.575599 1.909961 0.255930 -1.712661
99 -43.191097 -0.000000 -0.000000 -0.032044 0.017745 0.166355
100 -46.988205 0.002000 0.001000 0.000000 -0.000000 0.000000
101 34.208790 -0.003335 -0.008827 0.011600 0.203025 -0.098073
102 18.118494 -0.222236 0.131180 -0.051970 -0.031189 -0.042964
103 18.134949 0.059486 0.122520 -0.053615 -0.008732 -0.107487
104 20.205923 0.021261 0.000000 0.088764 0.023822 0.173345
105 22.713186 -10.955206 -4.711919 -0.065497 -0.343133 0.980447
106 -5.667207 -0.000000 0.000000 0.036125 -0.136201 -0.580368
107 -5.935400 -0.005248 0.000179 0.000000 -0.000000 0.000000
108 6.464001 -3.692700 -0.000000 -1.570814 0.000005 0.581631
109 19.717199 4.858981 7.932003 -2.037191 1.183303 -0.865245
110 -5.371100 0.000000 0.000000 -0.186114 -0.167466 -0.227911
111 -4.278900 0.000000 0.000000 0.009547 0.047203 -0.269372
112 2.284300 0.000000 0.000000 0.000000 -0.000000 0.000000
113 19.717199 -4.858896 7.932000 1.104403 -1.183303 -2.276350
114 5.371100 0.000000 0.000000 -0.186113 -0.167466 -0.227911
115 4.278902 -0.000000 -0.000000 0.009547 0.047203 -0.269372
116 2.284333 0.000000 0.000000 0.000000 -0.000000 0.000000
117 6.994200 0.000000 1.816200 -1.571108 -0.200777 0.000031
118 6.701573 -0.000000 0.000000 0.000000 -0.000000 0.143668
119 4.978200 0.000000 0.000000 0.000000 -0.000000 0.180994
120 4.007800 0.000000 0.000000 0.000000 -0.000000 0.167997
121 22.713200 -10.955200 4.711792 -0.065497 -0.343133 -2.161146
122 5.667200 0.000000 0.000000 0.036125 -0.136201 -0.580368
123 5.935300 0.005309 -0.000100 0.000000 -0.000000 0.000000
124 23.763885 5.883624 -0.009185 -1.571387 -0.952005 -1.450244
125 23.709423 6.335356 0.647951 -1.571388 -0.952005 1.691349
126 0.0 0.0 0.0 0.0 0.0 0.0
127 0.0 0.0 0.0 0.0 0.0 0.0
128 0.0 0.0 0.0 0.0 0.0 0.0
129 0.0 0.0 0.0 0.0 0.0 0.0
130 0.0 0.0 0.0 0.0 0.0 0.0
time 22
0 0.000000 0.000000 0.000000 -0.000000 -0.000000 -0.000000
1 -1.217979 0.541328 238.196503 -1.650837 -1.047919 -1.466117
2 -6.922307 -22.143484 0.000000 -3.058336 -0.023987 -1.786603
3 26.628101 0.000000 -0.000000 0.012386 -0.002117 0.005984
4 26.630892 0.000000 -0.000000 0.011198 -0.011074 -0.033738
5 26.630680 -0.000000 0.000000 0.007037 -0.007502 0.115479
6 26.628826 -0.000001 0.000000 0.015084 0.009516 0.055698
7 26.628809 0.000004 0.000000 0.014678 0.021516 -0.024000
8 26.629255 -0.000100 0.000000 0.000000 -0.000000 0.000000
9 -0.943900 -2.280900 -22.926102 -0.045329 0.106253 0.132567
10 -40.495529 0.000000 0.000000 0.002528 0.000356 1.716617
11 -20.836300 0.000000 0.000000 3.079637 0.093412 -1.803636
12 -15.965199 -0.178700 -5.285300 -1.705438 -1.126822 0.208685
13 -22.902401 0.000000 -0.000000 0.060228 -0.057666 -0.375487
14 -4.707000 -0.421400 0.147200 -3.133271 0.053269 -0.811861
15 -10.188825 0.000000 0.000000 -0.024672 0.008786 0.578494
16 -3.984040 -1.091600 6.377971 2.882603 0.123590 -0.863794
17 -8.776100 0.000000 0.000000 -0.001030 0.047471 0.633930
18 -3.787000 0.101300 -5.082900 -2.815481 0.035112 -0.812425
19 -10.247937 0.000000 0.000000 -0.073526 -0.074846 0.765183
20 -0.943905 -2.280900 22.926020 -0.045089 0.085094 -2.817346
21 40.495583 -0.000002 -0.000000 0.002691 -0.000797 1.715814
22 20.836300 0.000000 0.000000 3.080454 0.093384 -1.814683
23 22.902323 -0.000000 -0.000000 0.066956 -0.058912 -0.351612
24 3.820483 -0.064554 4.522500 -3.041381 -0.024283 -0.701272
25 10.248009 -0.000000 -0.000000 -0.072418 -0.072911 1.087980
26 3.984100 1.091600 -6.377957 2.926132 0.112048 -0.734441
27 8.776079 -0.000000 -0.000000 0.050442 0.016472 0.957857
28 4.706998 0.421353 -0.147133 -3.100363 0.024337 -0.696038
29 10.188831 -0.000000 0.000000 0.001223 -0.010573 0.909732
30 15.965199 0.178700 5.285300 -1.705438 -1.126822 0.208685
31 1.448202 11.235700 0.000000 0.002834 0.033858 1.704962
32 11.866506 -0.457649 -0.225169 0.048582 -0.023126 -0.152536
33 15.183727 0.511128 -0.083029 -0.001552 0.017715 -0.130017
34 29.416773 1.314305 -0.452437 0.011666 -0.027092 -0.229857
35 18.809498 -0.101730 -26.364405 -2.792406 0.026350 -1.368577
36 -48.046764 0.000000 -0.000000 0.003738 -0.013407 1.399895
37 -32.732410 -0.000001 -0.000000 -0.163968 0.030423 -0.319703
38 -5.577485 3.896500 -9.552634 -1.631494 -0.368079 -0.300516
39 -13.046900 0.000000 0.000000 0.048531 0.134763 0.230019
40 -4.538898 1.838200 1.085000 3.113831 -0.055864 -1.153309
41 -9.326098 -0.000000 -0.000000 0.019149 0.027305 1.126297
42 -2.709570 0.999000 -6.980300 -2.992460 -0.115743 -1.337914
43 -10.456598 0.000000 0.000000 0.021101 0.027275 0.910448
44 -3.968400 2.196200 7.058900 2.962167 -0.010443 -1.302547
45 -8.804501 0.000000 0.000000 0.006138 0.026003 0.862094
46 18.809521 -0.101770 26.364401 -2.856586 -0.013466 1.713361
47 48.046768 0.000000 0.000022 0.021028 0.012991 1.424812
48 32.732464 0.000000 0.000000 -0.105285 -0.043570 -0.909420
49 13.046900 0.000000 0.000000 0.046192 0.112988 0.150454
50 4.529293 -1.758800 -0.050100 3.092651 -0.083275 -0.660833
51 9.326100 0.000000 0.000000 0.033084 0.030555 0.808738
52 4.229000 -2.047300 -5.390500 -3.084425 0.001150 -0.817874
53 8.804501 0.000000 0.000000 0.047609 0.022197 0.826429
54 2.709603 -0.999000 6.980300 -3.064959 -0.117187 -0.833147
55 10.456597 0.000000 -0.000000 0.044703 0.017955 0.979188
56 5.577500 -3.896500 9.552633 -1.631494 -0.368079 -0.300516
57 11.582546 -15.719544 23.259806 -2.582505 -1.325730 0.617634
58 37.458698 0.000001 -0.000001 -0.091086 0.069427 0.511183
59 83.706482 0.000012 -0.000005 1.576940 -0.142799 0.729931
60 -22.525238 -0.395178 18.987700 -2.850414 -0.844077 2.878136
61 67.425491 0.000000 -0.000000 -0.147715 -0.124651 0.272157
62 63.648579 -0.000003 -0.000000 -0.021834 -0.105166 0.208861
63 23.821501 -0.002248 -0.003394 0.000000 -0.000000 0.000000
64 9.637899 -0.153607 24.446100 -0.193453 -1.259771 0.398852
65 65.739975 0.000000 -0.000001 -0.245569 -0.243564 0.283185
66 55.101059 -0.000001 -0.000000 -0.023411 -0.111053 0.206980
67 40.393002 -0.002399 -0.004600 0.000000 -0.000000 0.000000
68 -6.972715 -0.585702 25.377167 -2.577701 -1.261065 2.698508
69 64.545052 0.000000 0.000003 -0.179167 -0.193781 0.241733
70 51.973675 -0.000005 0.000008 -0.021170 -0.107365 0.194219
71 33.419159 -0.001907 -0.003587 0.000000 -0.000000 0.000000
72 -26.481199 -0.424376 7.812689 -3.029490 -0.465845 2.954077
73 64.186638 0.000000 0.000000 -0.081581 -0.079591 0.252360
74 55.590363 -0.000001 0.000000 -0.004095 -0.020416 0.202920
75 25.390701 -0.002456 -0.002400 0.000000 -0.000000 0.000000
76 -2.687500 -4.314000 0.575600 1.433844 0.496993 -2.051527
77 43.191101 -0.000013 0.000000 -0.032044 0.017745 0.166355
78 46.987976 -0.001600 -0.000800 0.000000 -0.000000 0.000000
79 11.578529 -15.641888 -23.272850 -2.576804 -1.329079 -2.487724
80 -37.458698 0.000000 0.000000 -0.125392 0.086633 0.510171
81 -83.706497 -0.000026 0.000002 1.575676 -0.138830 0.728248
82 26.481199 0.424329 -7.812690 -3.030336 -0.467143 2.956446
83 -64.186646 -0.000044 -0.000000 -0.081903 -0.079267 0.256366
84 -55.590359 0.000002 0.000000 -0.004212 -0.020391 0.208845
85 -25.391005 0.002866 0.002800 0.000000 -0.000000 0.000000
86 6.972666 0.585709 -25.377157 -2.572328 -1.259761 2.692940
87 -64.545059 0.000000 -0.000001 -0.180265 -0.192753 0.247483
88 -51.973656 0.000003 0.000003 -0.021283 -0.107349 0.195259
89 -33.420601 0.002700 0.005200 0.000000 -0.000000 0.000000
90 -9.637900 0.153535 -24.446100 -0.201470 -1.259227 0.407256
91 -65.739975 -0.000003 -0.000003 -0.247031 -0.242079 0.289264
92 -55.101055 0.000000 0.000000 -0.024142 -0.110895 0.213688
93 -40.394138 0.002768 0.005300 0.000000 -0.000000 0.000000
94 22.525198 0.395135 -18.987700 -2.849655 -0.844673 2.877017
95 -67.425491 -0.000043 -0.000001 -0.148003 -0.124308 0.274475
96 -63.648560 -0.000002 -0.000000 -0.022585 -0.106281 0.214209
97 -23.822102 0.002800 0.004272 0.000000 -0.000000 0.000000
98 2.687500 4.314000 -0.575598 1.438320 0.548728 -2.043032
99 -43.191101 -0.000000 -0.000000 -0.032044 0.017745 0.166355
100 -46.988205 0.002000 0.001000 0.000000 -0.000000 0.000000
101 34.208496 -0.002954 -0.004376 -0.007668 0.099181 -0.124907
102 16.967457 -0.358833 0.140293 -0.053222 -0.014763 -0.045663
103 17.300852 0.057021 0.131909 -0.054199 -0.005107 -0.099183
104 19.861908 0.061103 0.000000 0.097975 -0.004775 0.234220
105 22.713200 -10.955203 -4.711915 -0.065497 -0.343133 0.980447
106 -5.667204 -0.000000 0.000000 0.036125 -0.136201 -0.580368
107 -5.935400 -0.005208 0.000153 0.000000 -0.000000 0.000000
108 6.464001 -3.692699 -0.000000 -1.570718 -0.000019 0.481305
109 19.717199 4.858936 7.932013 -2.037191 1.183303 -0.865244
110 -5.371100 0.000000 0.000000 -0.186114 -0.167466 -0.227910
111 -4.278900 0.000000 0.000000 0.009547 0.047203 -0.269372
112 2.284300 0.000000 0.000000 0.000000 -0.000000 0.000000
113 19.717199 -4.858898 7.932000 1.104402 -1.183303 -2.276350
114 5.371100 0.000000 0.000000 -0.186113 -0.167466 -0.227911
115 4.278905 -0.000000 -0.000000 0.009547 0.047203 -0.269372
116 2.284378 0.000000 0.000000 0.000000 -0.000000 0.000000
117 6.994200 0.000000 1.816200 -1.571108 -0.200777 0.000031
118 6.701596 -0.000000 0.000000 0.000000 -0.000000 0.143668
119 4.978200 0.000000 0.000000 0.000000 -0.000000 0.180994
120 4.007800 0.000000 0.000000 0.000000 -0.000000 0.167997
121 22.713200 -10.955194 4.711796 -0.065497 -0.343133 -2.161146
122 5.667200 0.000000 0.000000 0.036125 -0.136201 -0.580368
123 5.935300 0.005308 -0.000100 0.000000 -0.000000 0.000000
124 23.431366 5.808986 0.039006 -1.571388 -0.952005 -1.450244
125 23.158287 8.074235 3.164125 -1.571388 -0.952006 1.691349
126 0.0 0.0 0.0 0.0 0.0 0.0
127 0.0 0.0 0.0 0.0 0.0 0.0
128 0.0 0.0 0.0 0.0 0.0 0.0
129 0.0 0.0 0.0 0.0 0.0 0.0
130 0.0 0.0 0.0 0.0 0.0 0.0
time 23
0 0.000000 0.000000 0.000000 -0.000000 -0.000000 -0.000000
1 -0.948071 0.294021 249.195801 -1.802087 -1.085413 -1.294876
2 -6.922310 -22.143509 0.000000 -3.055455 -0.021881 -1.818827
3 26.628101 0.000000 0.000000 0.013362 0.001909 0.098208
4 26.630877 0.000000 -0.000000 0.009876 -0.002457 0.067650
5 26.630674 -0.000000 0.000000 0.006032 0.004247 0.222930
6 26.628801 -0.000001 0.000000 0.012104 0.020683 0.113539
7 26.628801 0.000000 0.000000 0.009362 0.037558 -0.023268
8 26.629257 -0.000100 0.000000 0.000000 -0.000000 0.000000
9 -0.943900 -2.280900 -22.926100 -0.047579 0.111951 0.081888
10 -40.495548 0.000000 0.000000 0.005175 0.001539 1.694569
11 -20.836300 0.000000 0.000000 3.079558 0.094371 -1.838071
12 -15.965199 -0.178700 -5.285300 -1.705438 -1.126822 0.208685
13 -22.902405 0.000000 -0.000000 0.063656 -0.054953 -0.365298
14 -4.707000 -0.421400 0.147200 3.137509 0.068194 -0.819591
15 -10.188800 0.000000 0.000000 -0.036661 0.016850 0.591750
16 -3.984020 -1.091600 6.377965 2.878962 0.141088 -0.871673
17 -8.776100 0.000000 0.000000 -0.008777 0.045384 0.644448
18 -3.787000 0.101300 -5.082900 -2.829508 0.054795 -0.813855
19 -10.247959 0.000001 0.000000 -0.090296 -0.066165 0.774211
20 -0.943906 -2.280900 22.926001 -0.046828 0.092377 -2.880710
21 40.495579 -0.000000 -0.000000 0.005122 0.001652 1.696604
22 20.836300 0.000000 0.000000 3.080028 0.094374 -1.859692
23 22.902332 -0.000000 0.000000 0.068334 -0.053088 -0.348276
24 3.820500 -0.064537 4.522500 -3.053497 -0.028239 -0.698054
25 10.247999 0.000000 -0.000000 -0.079949 -0.059128 1.095981
26 3.984100 1.091600 -6.377988 2.928496 0.105919 -0.737228
27 8.776073 -0.000000 -0.000000 0.047452 0.015203 0.974147
28 4.707000 0.421340 -0.147100 -3.109553 0.018870 -0.700702
29 10.188800 0.000000 0.000000 -0.001539 0.000286 0.926961
30 15.965199 0.178700 5.285300 -1.705438 -1.126822 0.208685
31 1.448200 11.235700 0.000000 0.003518 0.035868 1.722529
32 11.658394 -0.350739 -0.235884 0.143850 0.001099 -0.194410
33 14.226953 0.348728 -0.204962 0.021616 -0.015236 -0.071087
34 31.482130 1.789628 -0.258932 0.027095 -0.010754 -0.279233
35 18.809500 -0.101700 -26.364401 -2.793348 0.030255 -1.427674
36 -48.046783 0.000000 -0.000000 -0.007874 -0.020543 1.357779
37 -32.732399 -0.000001 -0.000000 -0.159373 0.029723 -0.445014
38 -5.577477 3.896500 -9.552600 -1.631494 -0.368079 -0.300516
39 -13.046900 0.000000 0.000000 0.074038 0.164349 0.142928
40 -4.538900 1.838200 1.085000 3.113900 -0.056823 -1.161551
41 -9.326100 0.000000 0.000000 0.018363 0.027056 1.137551
42 -2.709600 0.999000 -6.980300 -2.992055 -0.117089 -1.346452
43 -10.456600 0.000000 0.000000 0.022588 0.027328 0.921751
44 -3.968400 2.196200 7.058900 2.962036 -0.010942 -1.311175
45 -8.804501 0.000000 0.000000 0.002655 0.025174 0.872949
46 18.809528 -0.101800 26.364403 -2.855498 -0.018095 1.675153
47 48.046791 0.000000 0.000028 -0.012691 0.002580 1.384065
48 32.732471 0.000000 -0.000000 -0.103831 -0.082167 -1.129271
49 13.046900 0.000000 0.000000 0.026983 0.108071 0.042363
50 4.529287 -1.758800 -0.050100 3.093086 -0.082294 -0.682761
51 9.326100 0.000000 0.000000 0.030496 0.030967 0.835737
52 4.229000 -2.047300 -5.390500 -3.085361 0.004864 -0.840041
53 8.804501 0.000000 0.000000 0.044776 0.022746 0.854196
54 2.709601 -0.999000 6.980300 -3.064069 -0.117095 -0.854449
55 10.456596 0.000000 -0.000000 0.046908 0.019124 1.004641
56 5.577499 -3.896500 9.552608 -1.631494 -0.368079 -0.300516
57 11.647995 -14.389657 23.583063 -2.733944 -0.897024 0.834644
58 37.458698 0.000001 0.000001 -0.285844 0.183259 0.564658
59 83.706497 0.000000 0.000000 1.376637 -0.090033 0.480948
60 -22.525253 -0.395204 18.987701 -2.864530 -0.914722 2.901794
61 67.425491 -0.000000 -0.000000 -0.157711 -0.111696 0.356820
62 63.648582 -0.000004 0.000000 -0.035573 -0.108941 0.327552
63 23.821501 -0.002230 -0.003400 0.000000 -0.000000 0.000000
64 9.637899 -0.153600 24.446100 -0.227214 -1.250429 0.434244
65 65.739975 0.000000 -0.000001 -0.270732 -0.215098 0.393739
66 55.101055 -0.000000 -0.000000 -0.035419 -0.107835 0.316891
67 40.393002 -0.002400 -0.004600 0.000000 -0.000000 0.000000
68 -6.972700 -0.585700 25.377171 -2.628884 -1.252449 2.752010
69 64.545036 0.000001 0.000004 -0.202400 -0.169332 0.370179
70 51.973667 -0.000007 0.000010 -0.034222 -0.103944 0.318045
71 33.419147 -0.001892 -0.003597 0.000000 -0.000000 0.000000
72 -26.481199 -0.424409 7.812700 -3.038116 -0.555677 2.983783
73 64.186653 0.000000 0.000000 -0.088600 -0.071699 0.345062
74 55.590393 -0.000000 0.000000 -0.006422 -0.019897 0.320036
75 25.390699 -0.002485 -0.002400 0.000000 -0.000000 0.000000
76 -2.687500 -4.314000 0.575600 0.931172 0.603098 -2.548820
77 43.191101 -0.000003 0.000000 -0.032044 0.017745 0.166355
78 46.987980 -0.001600 -0.000800 0.000000 -0.000000 0.000000
79 11.647956 -14.389450 -23.583164 -2.711366 -0.896383 -2.309999
80 -37.458698 0.000000 0.000000 -0.303391 0.193775 0.561482
81 -83.706497 -0.000037 0.000001 1.376637 -0.090034 0.480948
82 26.481199 0.424300 -7.812700 -3.038119 -0.555649 2.983785
83 -64.186661 -0.000057 -0.000000 -0.088600 -0.071699 0.345057
84 -55.590355 0.000003 0.000000 -0.006422 -0.019897 0.320031
85 -25.391001 0.002888 0.002800 0.000000 -0.000000 0.000000
86 6.972701 0.585701 -25.377148 -2.628859 -1.252464 2.751985
87 -64.545044 0.000000 0.000000 -0.202359 -0.169370 0.369968
88 -51.973656 -0.000000 -0.000000 -0.034224 -0.103957 0.318041
89 -33.420601 0.002700 0.005200 0.000000 -0.000000 0.000000
90 -9.637900 0.153500 -24.446098 -0.227214 -1.250429 0.434244
91 -65.739952 -0.000000 -0.000000 -0.270731 -0.215098 0.393735
92 -55.101055 0.000000 0.000000 -0.035421 -0.107835 0.316926
93 -40.394154 0.002747 0.005300 0.000000 -0.000000 0.000000
94 22.525200 0.395100 -18.987700 -2.864532 -0.914716 2.901795
95 -67.425491 -0.000058 -0.000001 -0.157688 -0.111730 0.356596
96 -63.648548 -0.000000 -0.000000 -0.035594 -0.108936 0.327697
97 -23.822102 0.002800 0.004300 0.000000 -0.000000 0.000000
98 2.687500 4.314000 -0.575598 0.815456 0.639859 -2.540782
99 -43.191101 0.000000 0.000000 -0.032044 0.017745 0.166355
100 -46.988205 0.002000 0.001000 0.000000 -0.000000 0.000000
101 34.245800 0.000000 0.000000 -0.024054 -0.005120 -0.149608
102 16.612844 -0.401320 0.139897 -0.054519 0.001660 -0.048381
103 17.038128 0.055037 0.133580 -0.054753 -0.001478 -0.090882
104 19.757559 0.073198 0.000000 0.105433 -0.033878 0.294862
105 22.713200 -10.955200 -4.711900 -0.065497 -0.343133 0.980447
106 -5.667200 0.000000 0.000000 0.036125 -0.136201 -0.580368
107 -5.935400 -0.005187 0.000132 0.000000 -0.000000 0.000000
108 6.464000 -3.692700 0.000000 -1.570621 -0.000033 0.380980
109 19.717199 4.858902 7.932021 -2.037191 1.183303 -0.865244
110 -5.371100 0.000000 0.000000 -0.186114 -0.167466 -0.227910
111 -4.278900 0.000000 0.000000 0.009547 0.047203 -0.269372
112 2.284300 0.000000 0.000000 0.000000 -0.000000 0.000000
113 19.717199 -4.858900 7.932000 1.104402 -1.183303 -2.276350
114 5.371100 0.000000 0.000000 -0.186113 -0.167466 -0.227911
115 4.278906 -0.000000 -0.000000 0.009547 0.047203 -0.269372
116 2.284400 0.000000 0.000000 0.000000 -0.000000 0.000000
117 6.994200 0.000000 1.816200 -1.571108 -0.200777 0.000031
118 6.701612 -0.000000 0.000000 0.000000 -0.000000 0.143668
119 4.978200 0.000000 0.000000 0.000000 -0.000000 0.180994
120 4.007800 0.000000 0.000000 0.000000 -0.000000 0.167997
121 22.713200 -10.955190 4.711800 -0.065497 -0.343133 -2.161146
122 5.667200 0.000000 0.000000 0.036125 -0.136201 -0.580368
123 5.935300 0.005306 -0.000100 0.000000 -0.000000 0.000000
124 23.323196 5.289856 0.744394 -1.571388 -0.952005 -1.450244
125 22.932331 8.532204 3.840385 -1.571388 -0.952006 1.691349
126 0.0 0.0 0.0 0.0 0.0 0.0
127 0.0 0.0 0.0 0.0 0.0 0.0
128 0.0 0.0 0.0 0.0 0.0 0.0
129 0.0 0.0 0.0 0.0 0.0 0.0
130 0.0 0.0 0.0 0.0 0.0 0.0
time 24
0 0.000000 0.000000 0.000000 -0.000000 -0.000000 -0.000000
1 -0.686863 0.553761 238.803711 -1.814427 -1.232307 -1.297705
2 -6.922307 -22.143482 0.000000 -3.068176 -0.018762 -1.834014
3 26.628101 -0.000000 0.000000 0.001170 0.002008 -0.002032
4 26.630852 0.000000 -0.000000 -0.000363 -0.005126 -0.060987
5 26.630680 -0.000000 -0.000000 -0.003675 -0.005885 0.029728
6 26.628824 -0.000001 0.000000 0.002036 0.004242 -0.056777
7 26.628775 0.000000 -0.000000 0.002015 0.018240 -0.093331
8 26.629240 -0.000100 0.000000 0.000000 -0.000000 0.000000
9 -0.943900 -2.280900 -22.926102 -0.044806 0.100629 0.162818
10 -40.495575 0.000000 0.000000 -0.000015 -0.001971 1.674362
11 -20.836300 0.000000 0.000000 3.078576 0.083584 -1.798948
12 -15.965199 -0.178699 -5.285300 -1.705438 -1.126822 0.208685
13 -22.902397 -0.000000 -0.000000 0.047675 -0.046838 -0.411297
14 -4.707000 -0.421400 0.147200 -3.131807 0.042076 -0.807980
15 -10.188791 -0.000000 -0.000000 -0.003063 0.023547 0.607156
16 -3.984040 -1.091600 6.377943 2.901959 0.112954 -0.848981
17 -8.776100 0.000000 0.000000 0.027362 0.046738 0.661599
18 -3.787000 0.101300 -5.082900 -2.817874 0.027109 -0.796375
19 -10.247972 0.000001 0.000000 -0.053726 -0.055771 0.773272
20 -0.943904 -2.280900 22.926018 -0.046172 0.079746 -2.802308
21 40.495583 -0.000000 -0.000000 -0.000385 -0.001555 1.665597
22 20.836300 0.000000 0.000000 3.078424 0.082775 -1.812388
23 22.902353 -0.000000 0.000000 0.045875 -0.045543 -0.415445
24 3.820470 -0.064551 4.522500 -3.071515 -0.022326 -0.720393
25 10.247970 0.000000 -0.000000 -0.068267 -0.038686 1.143400
26 3.984100 1.091600 -6.378000 2.920018 0.108910 -0.766722
27 8.776080 -0.000000 -0.000000 0.046934 0.023557 1.030282
28 4.707000 0.421353 -0.147092 -3.125665 0.021195 -0.726837
29 10.188792 0.000000 -0.000000 0.010848 0.016594 0.977159
30 15.965199 0.178700 5.285300 -1.705438 -1.126822 0.208685
31 1.448200 11.235700 -0.000000 0.003275 0.032696 1.725321
32 11.774107 -0.307394 -0.214036 0.099968 -0.002203 -0.186606
33 13.166201 0.075032 -0.216105 0.014357 -0.013708 -0.085594
34 32.669712 1.141717 -0.154568 0.016472 -0.011121 -0.219377
35 18.809500 -0.101693 -26.364401 -2.795321 0.015721 -1.290728
36 -48.046764 0.000000 -0.000000 -0.014161 -0.015340 1.225142
37 -32.732426 -0.000000 -0.000000 -0.165048 0.016444 -0.513356
38 -5.577482 3.896500 -9.552588 -1.631494 -0.368079 -0.300516
39 -13.046900 0.000000 0.000000 0.065822 0.153708 0.162855
40 -4.538899 1.838200 1.085000 3.114287 -0.052622 -1.167472
41 -9.326100 0.000000 0.000000 0.014513 0.026941 1.141698
42 -2.709609 0.999000 -6.980300 -2.991659 -0.112467 -1.349858
43 -10.456600 -0.000000 -0.000000 0.018940 0.026606 0.924688
44 -3.968400 2.196200 7.058900 2.961999 -0.004640 -1.316199
45 -8.804501 0.000000 0.000000 -0.003232 0.024360 0.875391
46 18.809523 -0.101810 26.364403 -2.858519 -0.004442 1.822524
47 48.046772 0.000000 0.000022 -0.030416 -0.008939 1.166135
48 32.732483 0.000000 -0.000000 -0.101795 -0.095858 -1.113511
49 13.046900 0.000000 0.000000 0.031627 0.095880 0.135464
50 4.529293 -1.758800 -0.050100 3.093820 -0.087006 -0.678509
51 9.326100 0.000000 0.000000 0.035634 0.031488 0.826477
52 4.229000 -2.047300 -5.390500 -3.084164 -0.001968 -0.835664
53 8.804501 0.000000 0.000000 0.051180 0.022840 0.844352
54 2.709600 -0.999000 6.980300 -3.063565 -0.121114 -0.848088
55 10.456597 0.000000 -0.000000 0.049900 0.018466 0.993931
56 5.577499 -3.896500 9.552598 -1.631494 -0.368079 -0.300516
57 11.796566 -15.067117 23.380047 3.094781 -0.940894 1.413198
58 37.458698 0.000001 0.000008 -0.093779 0.024486 0.756744
59 83.706505 -0.000036 0.000001 1.511815 -0.057867 0.659186
60 -22.525242 -0.395182 18.987700 -2.934136 -0.853347 2.998110
61 67.425491 -0.000002 -0.000000 -0.141071 -0.132129 0.220343
62 63.648560 -0.000003 0.000000 -0.017038 -0.162975 0.163665
63 23.821501 -0.002220 -0.003401 0.000000 -0.000000 0.000000
64 9.637898 -0.153571 24.446100 -0.090832 -1.265075 0.291415
65 65.739983 0.000000 -0.000001 -0.236054 -0.252790 0.244449
66 55.101063 0.000000 -0.000000 -0.018909 -0.111921 0.166411
67 40.393002 -0.002399 -0.004600 0.000000 -0.000000 0.000000
68 -6.972670 -0.585671 25.377178 -2.721881 -1.287556 2.848153
69 64.545044 0.000001 0.000003 -0.170295 -0.201592 0.196582
70 51.973675 -0.000006 0.000008 -0.019033 -0.107755 0.174296
71 33.419155 -0.001890 -0.003624 0.000000 -0.000000 0.000000
72 -26.481199 -0.424386 7.812702 -3.059085 -0.458749 3.039179
73 64.186646 0.000000 0.000002 -0.079742 -0.081434 0.229484
74 55.590405 0.000002 0.000000 -0.007173 -0.046272 0.188133
75 25.390692 -0.002471 -0.002400 0.000000 -0.000000 0.000000
76 -2.687500 -4.314000 0.575600 0.870353 0.408750 -2.402679
77 43.191101 0.000035 0.000000 -0.032044 0.017745 0.166355
78 46.987980 -0.001600 -0.000800 0.000000 -0.000000 0.000000
79 11.807002 -15.286358 -23.346853 -3.114930 -0.967916 -1.800669
80 -37.458698 0.000000 0.000000 -0.074016 0.007766 0.711243
81 -83.706497 -0.000029 -0.000007 1.484936 -0.016464 0.668710
82 26.481199 0.424293 -7.812699 -3.062618 -0.455485 3.048445
83 -64.186653 -0.000044 -0.000000 -0.079990 -0.081198 0.232562
84 -55.590340 0.000002 0.000000 -0.007662 -0.049944 0.191032
85 -25.391001 0.002865 0.002800 0.000000 -0.000000 0.000000
86 6.972711 0.585671 -25.377129 -2.735028 -1.290015 2.861810
87 -64.545052 0.000000 0.000000 -0.169575 -0.202184 0.193025
88 -51.973637 0.000000 -0.000007 -0.019653 -0.107662 0.179989
89 -33.420601 0.002700 0.005200 0.000000 -0.000000 0.000000
90 -9.637900 0.153492 -24.446096 -0.084026 -1.265839 0.284256
91 -65.739937 0.000000 -0.000002 -0.236151 -0.252691 0.244834
92 -55.101044 -0.000000 0.000000 -0.018757 -0.111933 0.165163
93 -40.394142 0.002724 0.005300 0.000000 -0.000000 0.000000
94 22.525200 0.395092 -18.987701 -2.944798 -0.852410 3.012934
95 -67.425491 -0.000050 -0.000001 -0.140695 -0.132533 0.217529
96 -63.648533 0.000001 0.000002 -0.016973 -0.170132 0.162886
97 -23.822102 0.002800 0.004298 0.000000 -0.000000 0.000000
98 2.687500 4.314000 -0.575598 0.834982 0.396240 -2.364748
99 -43.191101 0.000000 0.000000 -0.032044 0.017745 0.166355
100 -46.988205 0.002000 0.001000 0.000000 -0.000000 0.000000
101 34.358597 0.007721 -0.000216 -0.010447 -0.000870 -0.112269
102 17.869051 -0.253350 0.120558 -0.046194 0.001162 -0.043470
103 17.912498 0.054058 0.117773 -0.047203 0.003043 -0.099678
104 20.125975 0.030560 0.000000 0.089911 -0.029059 0.265595
105 22.713175 -10.955200 -4.711870 -0.065497 -0.343133 0.980447
106 -5.667196 -0.000000 0.000000 0.036125 -0.136201 -0.580368
107 -5.935400 -0.005213 0.000121 0.000000 -0.000000 0.000000
108 6.463998 -3.692704 0.000000 -1.570593 -0.000041 0.401159
109 19.717199 4.858894 7.932021 -2.037191 1.183303 -0.865244
110 -5.371100 0.000000 0.000000 -0.186114 -0.167466 -0.227910
111 -4.278900 0.000000 0.000000 0.009547 0.047203 -0.269372
112 2.284300 0.000000 0.000000 0.000000 -0.000000 0.000000
113 19.717199 -4.858900 7.932000 1.104402 -1.183303 -2.276350
114 5.371100 0.000000 0.000000 -0.186113 -0.167466 -0.227911
115 4.278905 -0.000000 -0.000000 0.009547 0.047203 -0.269372
116 2.284378 0.000000 0.000000 0.000000 -0.000000 0.000000
117 6.994201 0.000000 1.816198 -1.571108 -0.200777 0.000031
118 6.701620 -0.000000 0.000000 0.000000 -0.000000 0.143668
119 4.978200 0.000000 0.000000 0.000000 -0.000000 0.180994
120 4.007800 0.000000 0.000000 0.000000 -0.000000 0.167997
121 22.713200 -10.955193 4.711800 -0.065497 -0.343133 -2.161146
122 5.667200 0.000001 -0.000000 0.036125 -0.136201 -0.580368
123 5.935300 0.005306 -0.000100 0.000000 -0.000000 0.000000
124 23.663363 3.884820 2.759822 -1.571388 -0.952005 -1.450244
125 23.356451 6.430757 0.840216 -1.571388 -0.952006 1.691349
126 0.0 0.0 0.0 0.0 0.0 0.0
127 0.0 0.0 0.0 0.0 0.0 0.0
128 0.0 0.0 0.0 0.0 0.0 0.0
129 0.0 0.0 0.0 0.0 0.0 0.0
130 0.0 0.0 0.0 0.0 0.0 0.0
time 25
0 0.000000 0.000000 0.000000 -0.000000 -0.000000 -0.000000
1 -0.429977 1.067025 217.717041 -1.833772 -1.379201 -1.293153
2 -6.922303 -22.143433 0.000000 -3.080942 -0.015836 -1.849238
3 26.628099 -0.000000 0.000000 -0.010971 0.000887 -0.102265
4 26.630823 0.000000 -0.000000 -0.010175 -0.009086 -0.189594
5 26.630692 -0.000000 -0.000000 -0.011256 -0.017692 -0.163393
6 26.628872 -0.000001 0.000000 -0.005100 -0.013666 -0.226934
7 26.628738 0.000000 -0.000000 -0.003961 -0.001544 -0.163239
8 26.629215 -0.000100 0.000000 0.000000 -0.000000 0.000000
9 -0.943900 -2.280900 -22.926104 -0.042964 0.089122 0.243629
10 -40.495605 0.000000 0.000000 -0.005134 -0.005585 1.654174
11 -20.836300 0.000000 0.000000 3.077173 0.072844 -1.759847
12 -15.965199 -0.178698 -5.285300 -1.705438 -1.126822 0.208685
13 -22.902382 -0.000000 0.000000 0.031342 -0.039467 -0.457405
14 -4.707000 -0.421400 0.147200 -3.118253 0.015801 -0.796742
15 -10.188792 -0.000000 0.000000 0.030639 0.029721 0.622781
16 -3.984078 -1.091600 6.377912 2.924244 0.084317 -0.827007
17 -8.776100 0.000000 0.000000 0.063521 0.047472 0.678789
18 -3.787000 0.101300 -5.082900 -2.806731 -0.000774 -0.779224
19 -10.247983 0.000000 0.000000 -0.017185 -0.045350 0.772715
20 -0.943902 -2.280900 22.926056 -0.046510 0.067102 -2.723988
21 40.495594 -0.000000 -0.000000 -0.005789 -0.004930 1.634607
22 20.836300 0.000000 0.000000 3.076273 0.071264 -1.765108
23 22.902380 -0.000000 0.000000 0.022966 -0.039522 -0.482747
24 3.820420 -0.064578 4.522500 -3.089659 -0.016819 -0.742832
25 10.247930 0.000000 -0.000000 -0.055636 -0.018821 1.191027
26 3.984100 1.091600 -6.378004 2.911453 0.111651 -0.796249
27 8.776092 -0.000000 -0.000000 0.046885 0.031927 1.086426
28 4.707000 0.421380 -0.147096 3.141351 0.023098 -0.753007
29 10.188796 0.000000 -0.000000 0.024043 0.032258 1.027575
30 15.965199 0.178700 5.285300 -1.705438 -1.126822 0.208685
31 1.448199 11.235700 -0.000000 0.003022 0.029524 1.728114
32 12.051638 -0.295820 -0.175899 0.056061 -0.005160 -0.178665
33 12.053426 -0.254293 -0.171849 0.007078 -0.012286 -0.100112
34 33.418282 -0.067669 -0.093893 0.005845 -0.010852 -0.159519
35 18.809500 -0.101697 -26.364401 -2.799260 0.001592 -1.153771
36 -48.046726 0.000000 -0.000000 -0.021080 -0.011014 1.092484
37 -32.732471 -0.000000 0.000000 -0.169802 0.002809 -0.581614
38 -5.577491 3.896500 -9.552588 -1.631494 -0.368079 -0.300516
39 -13.046900 0.000000 0.000000 0.057405 0.143231 0.182838
40 -4.538898 1.838200 1.085000 3.114649 -0.048419 -1.173391
41 -9.326100 0.000000 0.000000 0.010663 0.026841 1.145845
42 -2.709608 0.999000 -6.980300 -2.991278 -0.107844 -1.353261
43 -10.456600 -0.000000 -0.000000 0.015289 0.025894 0.927628
44 -3.968400 2.196200 7.058900 2.961931 0.001662 -1.321224
45 -8.804501 0.000000 0.000000 -0.009122 0.023561 0.877837
46 18.809509 -0.101808 26.364403 -2.859503 0.009506 1.969858
47 48.046730 0.000000 0.000009 -0.045235 -0.024017 0.948392
48 32.732498 0.000000 0.000000 -0.099973 -0.109580 -1.097756
49 13.046900 0.000000 0.000000 0.035109 0.083312 0.228404
50 4.529301 -1.758800 -0.050100 3.094534 -0.091721 -0.674258
51 9.326100 0.000000 0.000000 0.040767 0.032058 0.817219
52 4.229000 -2.047300 -5.390500 -3.082997 -0.008806 -0.831295
53 8.804501 0.000000 0.000000 0.057583 0.022997 0.834509
54 2.709600 -0.999000 6.980300 -3.063087 -0.125137 -0.841726
55 10.456599 0.000000 -0.000000 0.052898 0.017841 0.983220
56 5.577499 -3.896500 9.552598 -1.631494 -0.368079 -0.300516
57 11.986689 -16.748194 22.913900 2.689160 -0.830905 1.944436
58 37.458698 0.000001 0.000018 0.066868 -0.165305 0.917415
59 83.706497 -0.000084 -0.000000 1.650401 -0.050321 0.839922
60 -22.525219 -0.395136 18.987700 -2.990525 -0.788263 3.081852
61 67.425499 -0.000006 -0.000000 -0.121730 -0.150118 0.083168
62 63.648521 -0.000001 0.000001 0.010445 -0.213255 -0.002850
63 23.821501 -0.002214 -0.003401 0.000000 -0.000000 0.000000
64 9.637897 -0.153530 24.446098 0.056303 -1.273352 0.137843
65 65.739998 0.000000 -0.000001 -0.195592 -0.284994 0.092447
66 55.101078 0.000000 -0.000000 -0.001965 -0.113499 0.015835
67 40.393002 -0.002398 -0.004600 0.000000 -0.000000 0.000000
68 -6.972630 -0.585627 25.377190 -2.840030 -1.319486 2.969432
69 64.545067 0.000000 0.000002 -0.132753 -0.227879 0.020904
70 51.973690 -0.000003 0.000003 -0.003447 -0.109363 0.030462
71 33.419174 -0.001894 -0.003659 0.000000 -0.000000 0.000000
72 -26.481199 -0.424337 7.812701 -3.073428 -0.360985 3.090100
73 64.186623 0.000000 0.000004 -0.069809 -0.090085 0.113733
74 55.590401 0.000004 0.000000 -0.004442 -0.072516 0.056042
75 25.390682 -0.002437 -0.002400 0.000000 -0.000000 0.000000
76 -2.687500 -4.314000 0.575600 0.784948 0.224299 -2.253629
77 43.191101 0.000085 0.000000 -0.032044 0.017745 0.166355
78 46.987984 -0.001600 -0.000800 0.000000 -0.000000 0.000000
79 12.010840 -17.257771 -22.837250 2.754684 -0.910163 -1.281585
80 -37.458698 0.000000 0.000000 0.129635 -0.205817 0.817409
81 -83.706497 -0.000012 -0.000017 1.605095 0.035198 0.863374
82 26.481199 0.424296 -7.812693 -3.079145 -0.354188 3.107744
83 -64.186623 -0.000019 0.000000 -0.070357 -0.089673 0.119902
84 -55.590317 0.000001 -0.000000 -0.005017 -0.079901 0.061818
85 -25.391003 0.002820 0.002800 0.000000 -0.000000 0.000000
86 6.972712 0.585629 -25.377108 -2.872107 -1.323383 3.002528
87 -64.545074 0.000000 -0.000000 -0.131165 -0.228774 0.013925
88 -51.973614 0.000001 -0.000016 -0.004703 -0.109338 0.041857
89 -33.420601 0.002700 0.005200 0.000000 -0.000000 0.000000
90 -9.637900 0.153496 -24.446095 0.070923 -1.274216 0.122519
91 -65.739914 0.000000 -0.000005 -0.195817 -0.284826 0.093235
92 -55.101021 -0.000000 0.000000 -0.001657 -0.113479 0.013304
93 -40.394119 0.002701 0.005300 0.000000 -0.000000 0.000000
94 22.525202 0.395095 -18.987705 -3.009496 -0.785179 3.109269
95 -67.425499 -0.000030 -0.000000 -0.120903 -0.150790 0.077738
96 -63.648514 0.000001 0.000005 0.011915 -0.227431 -0.005042
97 -23.822102 0.002800 0.004285 0.000000 -0.000000 0.000000
98 2.687500 4.314000 -0.575599 0.810197 0.153197 -2.205228
99 -43.191101 0.000000 0.000000 -0.032044 0.017745 0.166355
100 -46.988201 0.002000 0.001000 0.000000 -0.000000 0.000000
101 34.508995 0.018017 -0.000507 0.003309 0.002869 -0.074875
102 19.921690 -0.011270 0.091711 -0.037872 0.000622 -0.038563
103 19.358246 0.053561 0.094249 -0.039692 0.007630 -0.108440
104 20.734056 -0.039826 0.000000 0.074258 -0.024698 0.236261
105 22.713139 -10.955201 -4.711829 -0.065497 -0.343133 0.980447
106 -5.667192 -0.000000 0.000000 0.036125 -0.136201 -0.580368
107 -5.935400 -0.005258 0.000117 0.000000 -0.000000 0.000000
108 6.463995 -3.692709 0.000000 -1.570564 -0.000049 0.421338
109 19.717199 4.858898 7.932018 -2.037191 1.183303 -0.865244
110 -5.371100 0.000000 0.000000 -0.186114 -0.167466 -0.227910
111 -4.278900 0.000000 0.000000 0.009547 0.047203 -0.269372
112 2.284300 0.000000 0.000000 0.000000 -0.000000 0.000000
113 19.717199 -4.858900 7.932000 1.104403 -1.183303 -2.276349
114 5.371100 0.000000 0.000000 -0.186113 -0.167466 -0.227911
115 4.278902 -0.000000 -0.000000 0.009547 0.047203 -0.269372
116 2.284334 0.000000 0.000000 0.000000 -0.000000 0.000000
117 6.994202 0.000000 1.816195 -1.571108 -0.200777 0.000031
118 6.701619 -0.000000 0.000000 0.000000 -0.000000 0.143668
119 4.978200 0.000000 0.000000 0.000000 -0.000000 0.180994
120 4.007800 0.000000 0.000000 0.000000 -0.000000 0.167997
121 22.713202 -10.955197 4.711800 -0.065497 -0.343133 -2.161146
122 5.667200 0.000002 -0.000000 0.036125 -0.136201 -0.580368
123 5.935300 0.005306 -0.000100 0.000000 -0.000000 0.000000
124 24.227879 2.035288 5.432453 -1.571387 -0.952005 -1.450244
125 24.105755 3.048389 -3.999884 -1.571388 -0.952005 1.691349
126 0.0 0.0 0.0 0.0 0.0 0.0
127 0.0 0.0 0.0 0.0 0.0 0.0
128 0.0 0.0 0.0 0.0 0.0 0.0
129 0.0 0.0 0.0 0.0 0.0 0.0
130 0.0 0.0 0.0 0.0 0.0 0.0
time 26
0 0.000000 0.000000 0.000000 -0.000000 -0.000000 -0.000000
1 -0.369740 1.448835 201.754547 -1.930844 -1.525900 -1.210665
2 -6.922300 -22.143398 0.000000 -3.093751 -0.013105 -1.864498
3 26.628099 -0.000000 0.000000 -0.022938 -0.001444 -0.202478
4 26.630800 0.000001 0.000000 -0.019398 -0.014271 -0.318162
5 26.630699 0.000000 0.000000 -0.016432 -0.030734 -0.356477
6 26.628902 -0.000001 0.000000 -0.009102 -0.032524 -0.397032
7 26.628721 0.000000 -0.000000 -0.008541 -0.021697 -0.233044
8 26.629200 -0.000100 0.000000 0.000000 -0.000000 0.000000
9 -0.943900 -2.280900 -22.926100 -0.042062 0.077504 0.324340
10 -40.495613 0.000000 0.000000 -0.010178 -0.009301 1.634004
11 -20.836300 0.000000 0.000000 3.075352 0.062167 -1.720760
12 -15.965199 -0.178700 -5.285300 -1.705438 -1.126822 0.208685
13 -22.902372 -0.000001 0.000000 0.014691 -0.032856 -0.503615
14 -4.707000 -0.421400 0.147200 -3.104996 -0.010622 -0.785861
15 -10.188800 0.000000 0.000000 0.064441 0.035365 0.638608
16 -3.984100 -1.091600 6.377897 2.945850 0.055207 -0.805722
17 -8.776100 0.000000 0.000000 0.099688 0.047585 0.695994
18 -3.787000 0.101300 -5.082900 -2.796062 -0.028842 -0.762378
19 -10.247987 0.000000 0.000000 0.019335 -0.034915 0.772539
20 -0.943900 -2.280900 22.926085 -0.047837 0.054523 -2.645723
21 40.495602 0.000000 0.000000 -0.011087 -0.008472 1.603636
22 20.836300 0.000000 0.000000 3.073582 0.059868 -1.717839
23 22.902399 0.000000 0.000000 -0.000292 -0.035055 -0.550156
24 3.820393 -0.064600 4.522500 -3.107920 -0.011720 -0.765366
25 10.247900 0.000000 0.000000 -0.042076 0.000419 1.238892
26 3.984100 1.091600 -6.378000 2.902807 0.114139 -0.825808
27 8.776100 0.000000 0.000000 0.047307 0.040286 1.142586
28 4.707000 0.421400 -0.147100 3.125138 0.024577 -0.779206
29 10.188800 0.000000 0.000000 0.038020 0.047236 1.078224
30 15.965199 0.178700 5.285300 -1.705438 -1.126822 0.208685
31 1.448200 11.235700 0.000000 0.002761 0.026353 1.730907
32 12.282618 -0.324714 -0.150054 0.012131 -0.007765 -0.170602
33 11.723160 -0.392268 -0.105398 -0.000222 -0.010970 -0.114640
34 33.166679 -0.931260 -0.122352 -0.004746 -0.009948 -0.099669
35 18.809500 -0.101700 -26.364401 -2.805091 -0.011867 -1.016750
36 -48.046700 0.000000 0.000000 -0.028511 -0.007641 0.959804
37 -32.732506 -0.000000 0.000000 -0.173615 -0.011119 -0.649809
38 -5.577498 3.896500 -9.552600 -1.631494 -0.368079 -0.300516
39 -13.046900 0.000000 0.000000 0.048792 0.132923 0.202881
40 -4.538898 1.838200 1.085000 3.114986 -0.044214 -1.179307
41 -9.326100 0.000000 0.000000 0.006813 0.026758 1.149992
42 -2.709600 0.999000 -6.980300 -2.990914 -0.103220 -1.356660
43 -10.456600 0.000000 0.000000 0.011637 0.025193 0.930571
44 -3.968400 2.196200 7.058900 2.961831 0.007963 -1.326249
45 -8.804501 0.000000 0.000000 -0.015013 0.022776 0.880288
46 18.809500 -0.101800 26.364403 -2.858428 0.023447 2.117213
47 48.046700 0.000000 0.000000 -0.056452 -0.041939 0.730775
48 32.732506 0.000000 0.000000 -0.098366 -0.123328 -1.082001
49 13.046900 0.000000 0.000000 0.037403 0.070477 0.321208
50 4.529308 -1.758800 -0.050100 3.095228 -0.096439 -0.670009
51 9.326100 0.000000 0.000000 0.045895 0.032674 0.807965
52 4.229000 -2.047300 -5.390500 -3.081859 -0.015648 -0.826934
53 8.804501 0.000000 0.000000 0.063984 0.023217 0.824667
54 2.709600 -0.999000 6.980300 -3.062634 -0.129162 -0.835363
55 10.456600 0.000000 0.000000 0.055903 0.017247 0.972507
56 5.577498 -3.896500 9.552599 -1.631494 -0.368079 -0.300516
57 12.075733 -18.171879 22.534275 2.445690 -0.620332 2.322243
58 37.458698 0.000001 0.000023 0.202362 -0.376628 1.052940
59 83.706497 -0.000108 -0.000001 1.788127 -0.067769 1.020023
60 -22.525200 -0.395101 18.987700 -3.036084 -0.720366 -3.127659
61 67.425499 -0.000007 -0.000000 -0.100027 -0.165312 -0.054694
62 63.648502 0.000000 0.000001 0.046474 -0.258309 -0.172643
63 23.821501 -0.002213 -0.003400 0.000000 -0.000000 0.000000
64 9.637900 -0.153500 24.446098 0.208343 -1.274725 -0.020628
65 65.740005 0.000000 -0.000001 -0.150121 -0.310863 -0.062153
66 55.101089 -0.000000 -0.000000 0.015027 -0.112534 -0.134751
67 40.393002 -0.002400 -0.004600 0.000000 -0.000000 0.000000
68 -6.972600 -0.585598 25.377197 -2.989923 -1.346873 3.122444
69 64.545082 0.000000 0.000001 -0.090849 -0.247313 -0.156637
70 51.973698 0.000001 -0.000000 0.012210 -0.108733 -0.113386
71 33.419186 -0.001900 -0.003680 0.000000 -0.000000 0.000000
72 -26.481199 -0.424300 7.812700 -3.082163 -0.262692 3.137981
73 64.186607 0.000000 -0.000000 -0.058931 -0.097534 -0.002186
74 55.590389 0.000002 0.000000 0.001745 -0.098171 -0.076413
75 25.390676 -0.002420 -0.002400 0.000000 -0.000000 0.000000
76 -2.687500 -4.314000 0.575600 0.675299 0.054524 -2.093175
77 43.191101 0.000109 0.000000 -0.032044 0.017745 0.166355
78 46.987984 -0.001600 -0.000800 0.000000 -0.000000 0.000000
79 12.106545 -18.824884 -22.436607 2.468260 -0.750507 -0.885288
80 -37.458698 0.000000 0.000000 0.323259 -0.435973 0.882241
81 -83.706497 0.000000 -0.000022 1.733191 0.062289 1.063161
82 26.481197 0.424298 -7.812687 -3.088939 -0.252187 -3.119733
83 -64.186607 0.000000 0.000000 -0.059821 -0.097014 0.007083
84 -55.590302 0.000000 -0.000000 0.001496 -0.109267 -0.067839
85 -25.391003 0.002791 0.002800 0.000000 -0.000000 0.000000
86 6.972710 0.585598 -25.377100 -3.047593 -1.350660 -3.101547
87 -64.545082 -0.000000 -0.000000 -0.088274 -0.248214 -0.167095
88 -51.973602 0.000001 -0.000023 0.010338 -0.108951 -0.096294
89 -33.420601 0.002700 0.005200 0.000000 -0.000000 0.000000
90 -9.637900 0.153500 -24.446098 0.230763 -1.274963 -0.044104
91 -65.739899 -0.000000 0.000001 -0.150497 -0.310664 -0.060948
92 -55.101006 -0.000000 0.000000 0.015483 -0.112436 -0.138563
93 -40.394100 0.002691 0.005300 0.000000 -0.000000 0.000000
94 22.525200 0.395099 -18.987707 -3.061347 -0.714244 -3.089508
95 -67.425499 -0.000016 -0.000000 -0.098672 -0.166131 -0.062767
96 -63.648499 0.000000 -0.000000 0.050754 -0.279117 -0.176999
97 -23.822102 0.002800 0.004277 0.000000 -0.000000 0.000000
98 2.687500 4.314000 -0.575600 0.747552 -0.082883 -2.041153
99 -43.191101 0.000000 0.000000 -0.032044 0.017745 0.166355
100 -46.988201 0.002000 0.001000 0.000000 -0.000000 0.000000
101 34.584194 0.023165 -0.000652 0.017196 0.006091 -0.037433
102 21.304607 0.151892 0.071775 -0.029553 0.000042 -0.033661
103 20.330046 0.053536 0.078073 -0.032222 0.012283 -0.117167
104 21.141880 -0.087036 0.000000 0.058484 -0.020797 0.206865
105 22.713120 -10.955201 -4.711800 -0.065497 -0.343133 0.980447
106 -5.667187 -0.000000 0.000000 0.036125 -0.136201 -0.580368
107 -5.935400 -0.005284 0.000123 0.000000 -0.000000 0.000000
108 6.463993 -3.692709 0.000000 -1.570536 -0.000058 0.441517
109 19.717199 4.858902 7.932022 -2.037191 1.183303 -0.865244
110 -5.371100 0.000000 0.000000 -0.186114 -0.167466 -0.227910
111 -4.278900 0.000000 0.000000 0.009547 0.047203 -0.269372
112 2.284300 0.000000 0.000000 0.000000 -0.000000 0.000000
113 19.717199 -4.858900 7.932000 1.104403 -1.183303 -2.276349
114 5.371100 0.000000 0.000000 -0.186113 -0.167466 -0.227911
115 4.278900 0.000000 0.000000 0.009547 0.047203 -0.269372
116 2.284300 0.000000 0.000000 0.000000 -0.000000 0.000000
117 6.994202 0.000000 1.816200 -1.571108 -0.200777 0.000031
118 6.701607 0.000000 0.000000 0.000000 -0.000000 0.143668
119 4.978200 0.000000 0.000000 0.000000 -0.000000 0.180994
120 4.007800 0.000000 0.000000 0.000000 -0.000000 0.167997
121 22.713202 -10.955200 4.711800 -0.065497 -0.343133 -2.161146
122 5.667200 0.000000 0.000000 0.036125 -0.136201 -0.580368
123 5.935300 0.005307 -0.000100 0.000000 -0.000000 0.000000
124 24.593357 1.128403 6.757821 -1.571387 -0.952005 -1.450244
125 24.618256 0.921924 -7.049777 -1.571388 -0.952005 1.691349
126 0.0 0.0 0.0 0.0 0.0 0.0
127 0.0 0.0 0.0 0.0 0.0 0.0
128 0.0 0.0 0.0 0.0 0.0 0.0
129 0.0 0.0 0.0 0.0 0.0 0.0
130 0.0 0.0 0.0 0.0 0.0 0.0
time 27
0 0.000000 0.000000 0.000000 -0.000000 -0.000000 -0.000000
1 -0.703194 1.567846 196.040680 -1.467618 -1.334910 -1.690435
2 -6.922299 -22.143402 0.000000 -3.083699 -0.017581 -1.816905
3 26.628099 -0.000000 0.000000 -0.011413 -0.004323 -0.194494
4 26.630789 0.000001 0.000000 -0.007339 -0.018421 -0.290903
5 26.630701 0.000000 -0.000000 -0.006714 -0.029766 -0.270712
6 26.628889 -0.000001 0.000000 0.000802 -0.024563 -0.284698
7 26.628740 0.000000 -0.000000 0.002496 -0.017204 -0.163908
8 26.629204 -0.000100 0.000000 0.000000 -0.000000 0.000000
9 -0.943900 -2.280900 -22.926077 -0.041771 0.083177 0.294253
10 -40.495583 0.000000 0.000000 -0.007842 -0.006712 1.676231
11 -20.836300 0.000000 0.000000 3.076847 0.071937 -1.725441
12 -15.965199 -0.178710 -5.285300 -1.705438 -1.126822 0.208685
13 -22.902380 -0.000000 0.000000 0.027990 -0.042508 -0.467485
14 -4.707000 -0.421400 0.147200 -3.106285 0.000482 -0.789866
15 -10.188823 0.000000 -0.000000 0.042333 0.021881 0.608972
16 -3.984084 -1.091600 6.377912 2.927170 0.066380 -0.820052
17 -8.776100 0.000000 0.000000 0.071247 0.049828 0.668025
18 -3.787000 0.101300 -5.082900 -2.793139 -0.020889 -0.778768
19 -10.247982 0.000000 0.000000 -0.000646 -0.053784 0.763240
20 -0.943902 -2.280900 22.926096 -0.046149 0.059742 -2.660646
21 40.495602 0.000000 0.000000 -0.008217 -0.007357 1.653826
22 20.836300 0.000000 0.000000 3.076131 0.070358 -1.720145
23 22.902405 0.000000 -0.000000 0.022008 -0.045525 -0.485776
24 3.820415 -0.064608 4.522500 -3.077720 -0.012702 -0.746526
25 10.247891 -0.000000 0.000000 -0.049072 -0.032927 1.182744
26 3.984100 1.091600 -6.377981 2.908848 0.117634 -0.793999
27 8.776097 -0.000000 -0.000000 0.049742 0.033001 1.069766
28 4.707000 0.421406 -0.147100 -3.132855 0.028832 -0.748833
29 10.188800 0.000000 0.000000 0.025863 0.021438 1.009890
30 15.965199 0.178700 5.285300 -1.705438 -1.126822 0.208685
31 1.448204 11.235700 0.000000 0.002388 0.027509 1.710546
32 12.421165 -0.434516 -0.148592 -0.039557 -0.026718 -0.135598
33 12.958004 -0.147304 0.005603 -0.016656 0.019888 -0.159316
34 30.915079 -1.103690 -0.328790 -0.010511 -0.025711 -0.109971
35 18.809500 -0.101695 -26.364401 -2.799680 -0.002149 -1.094613
36 -48.046692 -0.000000 0.000000 -0.010188 -0.001983 1.134649
37 -32.732513 -0.000001 0.000000 -0.176222 0.003822 -0.455920
38 -5.577499 3.896500 -9.552628 -1.631494 -0.368079 -0.300516
39 -13.046900 0.000000 0.000000 0.030391 0.114881 0.270123
40 -4.538898 1.838200 1.085000 3.114611 -0.047462 -1.165152
41 -9.326100 0.000000 0.000000 0.011457 0.027046 1.134564
42 -2.709577 0.999000 -6.980300 -2.991646 -0.106501 -1.344727
43 -10.456600 0.000000 0.000000 0.013813 0.025807 0.916296
44 -3.968401 2.196200 7.058900 2.962115 0.002161 -1.312599
45 -8.804501 0.000000 0.000000 -0.005617 0.024321 0.866950
46 18.809498 -0.101780 26.364403 -2.859364 0.014277 2.008103
47 48.046692 -0.000000 -0.000002 -0.014480 -0.005589 0.988491
48 32.732510 0.000000 0.000000 -0.103812 -0.071504 -0.877357
49 13.046900 0.000000 0.000000 0.053226 0.085976 0.336091
50 4.529309 -1.758800 -0.050100 3.093991 -0.092717 -0.652335
51 9.326100 0.000000 0.000000 0.043346 0.031811 0.790225
52 4.229000 -2.047300 -5.390500 -3.082229 -0.012547 -0.809151
53 8.804501 0.000000 0.000000 0.060420 0.022654 0.806742
54 2.709599 -0.999000 6.980300 -3.064062 -0.125233 -0.820426
55 10.456600 -0.000000 0.000000 0.050726 0.016724 0.957771
56 5.577498 -3.896500 9.552598 -1.631494 -0.368079 -0.300516
57 11.962595 -19.080803 22.327677 1.984980 -0.988598 2.578810
58 37.458698 0.000001 0.000018 0.263208 -0.299307 0.806664
59 83.706497 -0.000084 -0.000001 1.837529 -0.169121 1.080238
60 -22.525194 -0.395094 18.987698 -2.966872 -0.719778 3.049208
61 67.425499 -0.000005 -0.000000 -0.108506 -0.159904 -0.002376
62 63.648510 0.000000 0.000001 0.029394 -0.203843 -0.123202
63 23.821501 -0.002218 -0.003401 0.000000 -0.000000 0.000000
64 9.637912 -0.153489 24.446100 0.100169 -1.279178 0.092353
65 65.739998 -0.000000 -0.000001 -0.162234 -0.304860 -0.022179
66 55.101097 -0.000000 0.000000 0.010483 -0.113032 -0.094293
67 40.393002 -0.002408 -0.004600 0.000000 -0.000000 0.000000
68 -6.972591 -0.585601 25.377201 -2.783125 -1.331345 2.910214
69 64.545067 0.000000 0.000000 -0.102032 -0.242993 -0.110571
70 51.973694 0.000005 -0.000001 0.010048 -0.108962 -0.093456
71 33.419186 -0.001910 -0.003673 0.000000 -0.000000 0.000000
72 -26.481199 -0.424291 7.812702 -3.062605 -0.271860 3.058986
73 64.186600 0.000000 -0.000017 -0.061145 -0.096163 0.020724
74 55.590359 -0.000009 0.000000 0.000996 -0.072329 -0.061418
75 25.390682 -0.002438 -0.002400 0.000000 -0.000000 0.000000
76 -2.687500 -4.314000 0.575600 1.144561 0.094180 -1.855026
77 43.191101 0.000082 0.000000 -0.032044 0.017745 0.166355
78 46.987980 -0.001600 -0.000800 0.000000 -0.000000 0.000000
79 11.985955 -19.583408 -22.253880 1.974199 -1.072442 -0.546110
80 -37.458698 0.000000 0.000000 0.318525 -0.317291 0.702849
81 -83.706505 0.000003 -0.000015 1.800446 -0.078022 1.112617
82 26.481197 0.424289 -7.812681 -3.068201 -0.266481 3.078424
83 -64.186600 0.000004 0.000000 -0.062121 -0.095558 0.030949
84 -55.590290 0.000001 -0.000000 0.000562 -0.079730 -0.049693
85 -25.391003 0.002793 0.002800 0.000000 -0.000000 0.000000
86 6.972712 0.585582 -25.377117 -2.807595 -1.334809 2.935506
87 -64.545052 -0.000001 -0.000000 -0.101810 -0.243075 -0.111453
88 -51.973621 -0.000002 -0.000029 0.008683 -0.109093 -0.081014
89 -33.420601 0.002698 0.005200 0.000000 -0.000000 0.000000
90 -9.637901 0.153498 -24.446119 0.106401 -1.280109 0.085808
91 -65.739891 0.000000 0.000026 -0.164401 -0.303707 -0.014966
92 -55.100994 -0.000000 0.000000 0.010029 -0.113047 -0.090004
93 -40.394096 0.002706 0.005300 0.000000 -0.000000 0.000000
94 22.525198 0.395098 -18.987705 -2.983594 -0.717828 3.074102
95 -67.425499 -0.000019 -0.000000 -0.108033 -0.160229 -0.005238
96 -63.648495 -0.000002 -0.000019 0.030919 -0.219204 -0.120457
97 -23.822102 0.002800 0.004285 0.000000 -0.000000 0.000000
98 2.687500 4.314000 -0.575600 1.251945 -0.012164 -1.876076
99 -43.191101 0.000000 0.000000 -0.032044 0.017745 0.166355
100 -46.988201 0.002000 0.001000 0.000000 -0.000000 0.000000
101 34.508995 0.018018 -0.000507 0.030267 0.011422 -0.056824
102 21.380533 0.161001 0.068185 -0.031113 0.000167 -0.035710
103 20.370962 0.054302 0.075416 -0.033727 0.011578 -0.116284
104 21.156178 -0.088703 0.000000 0.062854 -0.016918 0.143830
105 22.713139 -10.955201 -4.711792 -0.065497 -0.343133 0.980447
106 -5.667178 -0.000000 0.000000 0.036125 -0.136201 -0.580368
107 -5.935400 -0.005263 0.000150 0.000000 -0.000000 0.000000
108 6.463995 -3.692698 0.000000 -1.570725 -0.000019 0.521735
109 19.717197 4.858902 7.932036 -2.037191 1.183303 -0.865244
110 -5.371100 0.000000 0.000000 -0.186114 -0.167466 -0.227910
111 -4.278900 0.000000 0.000000 0.009547 0.047203 -0.269372
112 2.284300 0.000000 0.000000 0.000000 -0.000000 0.000000
113 19.717199 -4.858897 7.932000 1.104403 -1.183303 -2.276349
114 5.371100 0.000000 0.000000 -0.186113 -0.167466 -0.227911
115 4.278900 0.000000 0.000000 0.009547 0.047203 -0.269372
116 2.284291 0.000000 0.000000 0.000000 -0.000000 0.000000
117 6.994202 0.000000 1.816219 -1.570949 -0.200777 0.000015
118 6.701574 0.000000 0.000000 0.000000 -0.000000 0.143668
119 4.978200 0.000000 0.000000 0.000000 -0.000000 0.180994
120 4.007800 0.000000 0.000000 0.000000 -0.000000 0.167997
121 22.713203 -10.955201 4.711800 -0.065497 -0.343133 -2.161146
122 5.667200 -0.000010 0.000000 0.036125 -0.136201 -0.580368
123 5.935300 0.005309 -0.000100 0.000000 -0.000000 0.000000
124 24.561272 2.106960 5.388545 -1.571387 -0.952005 -1.450244
125 24.657654 1.307498 -6.519017 -1.571388 -0.952005 1.691349
126 0.0 0.0 0.0 0.0 0.0 0.0
127 0.0 0.0 0.0 0.0 0.0 0.0
128 0.0 0.0 0.0 0.0 0.0 0.0
129 0.0 0.0 0.0 0.0 0.0 0.0
130 0.0 0.0 0.0 0.0 0.0 0.0
time 28
0 0.000000 0.000000 0.000000 -0.000000 -0.000000 -0.000000
1 -1.233292 1.555404 195.450928 -1.428521 -1.138565 -1.746465
2 -6.922300 -22.143419 0.000000 -3.073871 -0.022531 -1.769355
3 26.628099 -0.000000 0.000000 0.000090 -0.007293 -0.186544
4 26.630783 0.000001 -0.000000 0.004604 -0.022897 -0.263694
5 26.630699 0.000000 -0.000000 0.003051 -0.029633 -0.184942
6 26.628859 -0.000001 0.000000 0.011534 -0.017763 -0.172308
7 26.628778 -0.000000 0.000000 0.013817 -0.013484 -0.094731
8 26.629219 -0.000100 0.000000 0.000000 -0.000000 0.000000
9 -0.943900 -2.280900 -22.926044 -0.041650 0.088857 0.264152
10 -40.495533 0.000000 0.000000 -0.005398 -0.004223 1.718462
11 -20.836300 0.000000 0.000000 3.078297 0.081714 -1.730111
12 -15.965199 -0.178724 -5.285300 -1.705438 -1.126822 0.208685
13 -22.902391 -0.000000 -0.000000 0.040938 -0.052632 -0.431470
14 -4.707000 -0.421400 0.147200 -3.107618 0.011580 -0.793885
15 -10.188854 0.000000 -0.000000 0.020638 0.007751 0.579647
16 -3.984052 -1.091600 6.377942 2.908316 0.077283 -0.834600
17 -8.776100 0.000000 0.000000 0.042752 0.051275 0.640000
18 -3.787000 0.101300 -5.082900 -2.790347 -0.012889 -0.795133
19 -10.247972 0.000001 0.000000 -0.020475 -0.072834 0.754309
20 -0.943905 -2.280900 22.926100 -0.044538 0.064985 -2.675565
21 40.495602 0.000000 0.000000 -0.005294 -0.006387 1.704019
22 20.836300 0.000000 0.000000 3.078658 0.080854 -1.722426
23 22.902401 0.000000 -0.000000 0.043600 -0.057404 -0.421608
24 3.820460 -0.064609 4.522500 -3.047543 -0.014252 -0.727723
25 10.247893 -0.000000 -0.000000 -0.054194 -0.066613 1.126736
26 3.984100 1.091600 -6.377955 2.915001 0.120935 -0.762155
27 8.776092 -0.000000 -0.000000 0.052701 0.025913 0.996943
28 4.707000 0.421406 -0.147100 -3.107543 0.032319 -0.718358
29 10.188800 0.000000 0.000000 0.015498 -0.005127 0.941889
30 15.965199 0.178700 5.285300 -1.705438 -1.126822 0.208685
31 1.448209 11.235700 0.000000 0.001992 0.028657 1.690184
32 12.513163 -0.584787 -0.159422 -0.091911 -0.043826 -0.099638
33 14.975358 0.289010 0.138800 -0.034470 0.049976 -0.204542
34 27.663305 -0.930327 -0.624362 -0.016117 -0.041532 -0.120187
35 18.809500 -0.101689 -26.364401 -2.795041 0.007960 -1.172425
36 -48.046692 -0.000000 0.000000 0.008840 0.000401 1.309567
37 -32.732502 -0.000001 -0.000000 -0.175902 0.018986 -0.262037
38 -5.577498 3.896500 -9.552666 -1.631494 -0.368079 -0.300516
39 -13.046900 0.000000 0.000000 0.010847 0.098109 0.337563
40 -4.538899 1.838200 1.085000 3.114190 -0.050704 -1.150993
41 -9.326100 0.000000 0.000000 0.016095 0.027406 1.119136
42 -2.709546 0.999000 -6.980300 -2.992417 -0.109774 -1.332787
43 -10.456600 0.000000 0.000000 0.015980 0.026451 0.902023
44 -3.968402 2.196200 7.058900 2.962320 -0.003644 -1.298951
45 -8.804501 0.000000 0.000000 0.003757 0.025992 0.853627
46 18.809498 -0.101754 26.364403 -2.859295 0.005060 1.899011
47 48.046696 -0.000000 -0.000001 0.035377 0.018832 1.247537
48 32.732510 0.000000 0.000000 -0.098603 -0.019657 -0.673480
49 13.046900 0.000000 0.000000 0.069302 0.101237 0.351240
50 4.529309 -1.758800 -0.050100 3.092820 -0.088973 -0.634671
51 9.326100 0.000000 0.000000 0.040812 0.030902 0.772488
52 4.229000 -2.047300 -5.390500 -3.082544 -0.009441 -0.791370
53 8.804501 0.000000 0.000000 0.056867 0.022027 0.788820
54 2.709599 -0.999000 6.980300 -3.065431 -0.121284 -0.805502
55 10.456600 -0.000000 0.000000 0.045558 0.016124 0.943038
56 5.577499 -3.896500 9.552598 -1.631494 -0.368079 -0.300516
57 11.748377 -19.732342 22.207596 0.996412 -1.156439 -2.901238
58 37.458698 0.000001 0.000008 0.301747 -0.210529 0.570853
59 83.706490 -0.000036 -0.000001 1.881675 -0.273157 1.136603
60 -22.525192 -0.395097 18.987698 -2.898333 -0.713687 2.943506
61 67.425491 -0.000002 -0.000000 -0.116680 -0.154066 0.049848
62 63.648537 0.000000 0.000000 0.015221 -0.148632 -0.075189
63 23.821501 -0.002228 -0.003401 0.000000 -0.000000 0.000000
64 9.637927 -0.153490 24.446100 -0.010019 -1.280035 0.207346
65 65.739975 -0.000000 -0.000001 -0.174064 -0.298401 0.017639
66 55.101105 -0.000000 0.000000 0.005923 -0.113347 -0.053832
67 40.393002 -0.002419 -0.004600 0.000000 -0.000000 0.000000
68 -6.972591 -0.585619 25.377203 -2.608317 -1.306861 2.729961
69 64.545029 0.000000 0.000000 -0.112986 -0.238179 -0.064608
70 51.973682 0.000010 -0.000000 0.007881 -0.109149 -0.073524
71 33.419178 -0.001923 -0.003651 0.000000 -0.000000 0.000000
72 -26.481201 -0.424293 7.812705 -3.042308 -0.279507 2.979631
73 64.186600 0.000000 -0.000040 -0.063327 -0.094742 0.043627
74 55.590324 -0.000024 0.000000 0.000635 -0.046478 -0.046465
75 25.390692 -0.002473 -0.002400 0.000000 -0.000000 0.000000
76 -2.687500 -4.314000 0.575600 1.609496 0.022154 -1.624850
77 43.191101 0.000030 0.000000 -0.032044 0.017745 0.166355
78 46.987980 -0.001600 -0.000800 0.000000 -0.000000 0.000000
79 11.757233 -19.937643 -22.180113 0.957251 -1.169791 0.325914
80 -37.458698 0.000000 0.000000 0.292444 -0.201231 0.528411
81 -83.706512 0.000001 -0.000003 1.861996 -0.221220 1.153403
82 26.481195 0.424280 -7.812674 -3.046198 -0.279016 2.992785
83 -64.186600 0.000002 0.000000 -0.064385 -0.094047 0.054809
84 -55.590286 0.000002 -0.000000 0.000166 -0.050181 -0.031609
85 -25.391003 0.002809 0.002800 0.000000 -0.000000 0.000000
86 6.972712 0.585577 -25.377146 -2.608105 -1.307210 2.729867
87 -64.545013 -0.000001 0.000000 -0.115012 -0.237214 -0.055963
88 -51.973652 -0.000005 -0.000032 0.007025 -0.109210 -0.065734
89 -33.420601 0.002696 0.005200 0.000000 -0.000000 0.000000
90 -9.637903 0.153495 -24.446148 -0.020386 -1.280504 0.218142
91 -65.739883 0.000000 0.000059 -0.177924 -0.296149 0.030807
92 -55.100990 -0.000001 -0.000000 0.004552 -0.113395 -0.041440
93 -40.394100 0.002736 0.005300 0.000000 -0.000000 0.000000
94 22.525196 0.395097 -18.987703 -2.905825 -0.714384 2.954512
95 -67.425499 -0.000028 -0.000000 -0.117027 -0.153806 0.052176
96 -63.648495 -0.000005 -0.000045 0.014769 -0.158316 -0.065777
97 -23.822102 0.002800 0.004300 0.000000 -0.000000 0.000000
98 2.687500 4.314000 -0.575600 1.760387 -0.030507 -1.697588
99 -43.191101 0.000000 0.000000 -0.032044 0.017745 0.166355
100 -46.988201 0.002000 0.001000 0.000000 -0.000000 0.000000
101 34.358597 0.007725 -0.000217 0.043234 0.017006 -0.076145
102 20.786743 0.091194 0.073506 -0.032673 0.000289 -0.037760
103 19.937933 0.055540 0.080108 -0.035232 0.010874 -0.115399
104 20.970217 -0.067194 0.000000 0.066970 -0.012771 0.080816
105 22.713175 -10.955201 -4.711796 -0.065497 -0.343133 0.980447
106 -5.667168 -0.000000 0.000000 0.036125 -0.136201 -0.580368
107 -5.935400 -0.005222 0.000188 0.000000 -0.000000 0.000000
108 6.463998 -3.692684 0.000000 -1.570910 0.000035 0.601952
109 19.717197 4.858902 7.932056 -2.037191 1.183303 -0.865245
110 -5.371100 0.000000 0.000000 -0.186114 -0.167466 -0.227911
111 -4.278900 0.000000 0.000000 0.009547 0.047203 -0.269372
112 2.284300 0.000000 0.000000 0.000000 -0.000000 0.000000
113 19.717199 -4.858894 7.931999 1.104403 -1.183303 -2.276350
114 5.371100 0.000000 0.000000 -0.186113 -0.167466 -0.227911
115 4.278900 0.000000 0.000000 0.009547 0.047203 -0.269372
116 2.284292 0.000000 0.000000 0.000000 -0.000000 0.000000
117 6.994201 0.000000 1.816245 -1.570791 -0.200777 -0.000000
118 6.701529 -0.000000 0.000000 0.000000 -0.000000 0.143668
119 4.978200 0.000000 0.000000 0.000000 -0.000000 0.180994
120 4.007800 0.000000 0.000000 0.000000 -0.000000 0.167997
121 22.713203 -10.955200 4.711800 -0.065497 -0.343133 -2.161146
122 5.667200 -0.000023 0.000000 0.036125 -0.136201 -0.580368
123 5.935300 0.005312 -0.000100 0.000000 -0.000000 0.000000
124 24.330149 4.028163 2.672007 -1.571388 -0.952005 -1.450244
125 24.460251 2.948969 -4.198057 -1.571388 -0.952006 1.691349
126 0.0 0.0 0.0 0.0 0.0 0.0
127 0.0 0.0 0.0 0.0 0.0 0.0
128 0.0 0.0 0.0 0.0 0.0 0.0
129 0.0 0.0 0.0 0.0 0.0 0.0
130 0.0 0.0 0.0 0.0 0.0 0.0
time 29
0 0.000000 0.000000 0.000000 -0.000000 -0.000000 -0.000000
1 -1.561176 1.420580 200.430176 -1.419273 -0.941891 -1.773396
2 -6.922300 -22.143431 0.000000 -3.064288 -0.027941 -1.721850
3 26.628099 -0.000000 0.000000 0.011568 -0.010355 -0.178628
4 26.630789 0.000001 -0.000000 0.016422 -0.027696 -0.236537
5 26.630699 0.000000 0.000000 0.012792 -0.030337 -0.099175
6 26.628839 -0.000001 0.000000 0.022961 -0.012209 -0.059863
7 26.628807 -0.000000 0.000000 0.025367 -0.010555 -0.025519
8 26.629229 -0.000100 0.000000 0.000000 -0.000000 0.000000
9 -0.943900 -2.280900 -22.926027 -0.041702 0.094537 0.234037
10 -40.495495 0.000000 0.000000 -0.002852 -0.001840 1.760700
11 -20.836300 0.000000 0.000000 3.079702 0.091498 -1.734771
12 -15.965199 -0.178731 -5.285300 -1.705438 -1.126822 0.208685
13 -22.902401 0.000000 -0.000000 0.053520 -0.063215 -0.395568
14 -4.707000 -0.421400 0.147200 -3.108996 0.022673 -0.797919
15 -10.188869 0.000000 -0.000000 -0.000633 -0.007006 0.550636
16 -3.984032 -1.091600 6.377967 2.889289 0.087909 -0.849365
17 -8.776100 0.000000 0.000000 0.014226 0.051923 0.611944
18 -3.787000 0.101300 -5.082900 -2.787687 -0.004845 -0.811475
19 -10.247967 0.000000 0.000000 -0.040163 -0.092056 0.745745
20 -0.943907 -2.280900 22.926100 -0.043005 0.070251 -2.690480
21 40.495602 0.000000 0.000000 -0.002326 -0.005565 1.754214
22 20.836300 0.000000 0.000000 3.081163 0.091356 -1.724682
23 22.902399 0.000000 0.000000 0.064401 -0.070640 -0.357661
24 3.820495 -0.064606 4.522500 -3.017399 -0.016368 -0.708976
25 10.247896 -0.000000 -0.000000 -0.057428 -0.100532 1.070744
26 3.984100 1.091600 -6.377939 2.921259 0.124041 -0.730280
27 8.776095 -0.000000 -0.000000 0.056167 0.019059 0.924112
28 4.707000 0.421405 -0.147100 -3.082133 0.035032 -0.687802
29 10.188800 0.000000 0.000000 0.006958 -0.032334 0.874132
30 15.965199 0.178700 5.285300 -1.705438 -1.126822 0.208685
31 1.448209 11.235700 0.000000 0.001572 0.029797 1.669821
32 12.487906 -0.662905 -0.174852 -0.144889 -0.059018 -0.062801
33 16.261913 0.588879 0.193926 -0.053665 0.079223 -0.250384
34 25.849720 -0.540016 -0.787968 -0.021565 -0.057410 -0.130322
35 18.809498 -0.101693 -26.364403 -2.791201 0.018399 -1.250200
36 -48.046700 0.000000 0.000000 0.027993 -0.000563 1.484499
37 -32.732494 -0.000001 -0.000000 -0.172664 0.033804 -0.068072
38 -5.577497 3.896500 -9.552694 -1.631494 -0.368079 -0.300516
39 -13.046900 0.000000 0.000000 -0.009758 0.082687 0.405219
40 -4.538900 1.838200 1.085000 3.113723 -0.053940 -1.136830
41 -9.326100 0.000000 0.000000 0.020728 0.027837 1.103711
42 -2.709532 0.999000 -6.980300 -2.993228 -0.113037 -1.320840
43 -10.456600 0.000000 0.000000 0.018137 0.027127 0.887751
44 -3.968400 2.196200 7.058900 2.962445 -0.009451 -1.285304
45 -8.804501 0.000000 0.000000 0.013109 0.027787 0.840319
46 18.809500 -0.101739 26.364401 -2.858224 -0.004095 1.789920
47 48.046700 0.000000 0.000000 0.089845 0.029638 1.507571
48 32.732506 0.000000 0.000000 -0.083003 0.030060 -0.469285
49 13.046900 0.000000 0.000000 0.085636 0.116251 0.366659
50 4.529308 -1.758800 -0.050100 3.091716 -0.085210 -0.617018
51 9.326100 0.000000 0.000000 0.038295 0.029949 0.754754
52 4.229000 -2.047300 -5.390500 -3.082803 -0.006329 -0.773591
53 8.804501 0.000000 0.000000 0.053326 0.021337 0.770900
54 2.709600 -0.999000 6.980300 -3.066739 -0.117315 -0.790590
55 10.456600 0.000000 0.000000 0.040399 0.015449 0.928309
56 5.577499 -3.896500 9.552601 -1.631494 -0.368079 -0.300516
57 11.593768 -19.637632 22.264151 0.107942 -0.932167 -2.199860
58 37.458698 0.000001 0.000001 0.317827 -0.115556 0.342159
59 83.706490 0.000000 -0.000001 1.921054 -0.379397 1.190024
60 -22.525192 -0.395101 18.987698 -2.831525 -0.702215 2.839385
61 67.425491 0.000001 -0.000000 -0.124527 -0.147815 0.101973
62 63.648560 -0.000000 -0.000000 0.003819 -0.092822 -0.028288
63 23.821501 -0.002235 -0.003402 0.000000 -0.000000 0.000000
64 9.637935 -0.153499 24.446100 -0.119474 -1.277264 0.321608
65 65.739960 -0.000000 -0.000000 -0.185591 -0.291499 0.057293
66 55.101109 -0.000000 0.000000 0.001353 -0.113478 -0.013368
67 40.393002 -0.002427 -0.004600 0.000000 -0.000000 0.000000
68 -6.972592 -0.585630 25.377203 -2.467106 -1.275641 2.583285
69 64.545006 -0.000000 -0.000000 -0.123688 -0.232882 -0.018759
70 51.973671 0.000012 -0.000000 0.005711 -0.109292 -0.053592
71 33.419174 -0.001928 -0.003630 0.000000 -0.000000 0.000000
72 -26.481201 -0.424296 7.812706 -3.021404 -0.285579 2.899973
73 64.186600 0.000000 -0.000061 -0.065475 -0.093271 0.066524
74 55.590309 -0.000032 0.000000 0.000662 -0.020625 -0.031534
75 25.390699 -0.002500 -0.002400 0.000000 -0.000000 0.000000
76 -2.687500 -4.314000 0.575600 2.050297 -0.143314 -1.449436
77 43.191101 -0.000009 0.000000 -0.032044 0.017745 0.166355
78 46.987980 -0.001600 -0.000800 0.000000 -0.000000 0.000000
79 11.591944 -19.621698 -22.270683 0.197540 -0.928766 0.937610
80 -37.458698 0.000000 0.000000 0.246995 -0.091298 0.353910
81 -83.706505 -0.000001 0.000006 1.920018 -0.366567 1.186533
82 26.481195 0.424283 -7.812671 -3.023082 -0.289685 2.906590
83 -64.186600 0.000000 0.000000 -0.066612 -0.092483 0.078662
84 -55.590294 0.000003 -0.000000 0.000305 -0.020630 -0.013556
85 -25.391003 0.002830 0.002800 0.000000 -0.000000 0.000000
86 6.972703 0.585587 -25.377171 -2.451884 -1.271092 2.567470
87 -64.544983 -0.000001 0.000000 -0.127841 -0.230652 -0.000639
88 -51.973675 -0.000007 -0.000032 0.005366 -0.109301 -0.050454
89 -33.420601 0.002695 0.005200 0.000000 -0.000000 0.000000
90 -9.637904 0.153496 -24.446167 -0.145424 -1.276129 0.348730
91 -65.739883 0.000000 0.000075 -0.191041 -0.288010 0.076361
92 -55.100994 -0.000001 -0.000000 -0.000936 -0.113478 0.007126
93 -40.394100 0.002763 0.005300 0.000000 -0.000000 0.000000
94 22.525194 0.395100 -18.987700 -2.829603 -0.704004 2.836337
95 -67.425499 -0.000032 -0.000000 -0.125624 -0.146884 0.109472
96 -63.648495 -0.000006 -0.000068 0.002110 -0.096662 -0.012519
97 -23.822102 0.002800 0.004310 0.000000 -0.000000 0.000000
98 2.687500 4.314000 -0.575600 2.260541 -0.132936 -1.549763
99 -43.191101 0.000000 0.000000 -0.032044 0.017745 0.166355
100 -46.988201 0.002000 0.001000 0.000000 -0.000000 0.000000
101 34.245800 0.000004 0.000000 0.056092 0.022838 -0.095394
102 19.968933 -0.005148 0.083847 -0.034233 0.000408 -0.039809
103 19.356466 0.056292 0.088702 -0.036738 0.010172 -0.114514
104 20.723885 -0.038692 0.000000 0.070817 -0.008373 0.017823
105 22.713202 -10.955200 -4.711800 -0.065497 -0.343133 0.980447
106 -5.667164 -0.000000 0.000000 0.036125 -0.136201 -0.580368
107 -5.935400 -0.005199 0.000215 0.000000 -0.000000 0.000000
108 6.464000 -3.692676 0.000000 -1.571090 0.000104 0.682170
109 19.717197 4.858902 7.932074 -2.037191 1.183303 -0.865245
110 -5.371100 0.000000 0.000000 -0.186114 -0.167466 -0.227911
111 -4.278900 0.000000 0.000000 0.009547 0.047203 -0.269372
112 2.284300 0.000000 0.000000 0.000000 -0.000000 0.000000
113 19.717199 -4.858900 7.931999 1.104403 -1.183303 -2.276350
114 5.371100 0.000000 0.000000 -0.186113 -0.167466 -0.227911
115 4.278900 0.000000 0.000000 0.009547 0.047203 -0.269372
116 2.284295 0.000000 0.000000 0.000000 -0.000000 0.000000
117 6.994200 0.000000 1.816261 -1.570632 -0.200777 -0.000016
118 6.701496 -0.000000 0.000000 0.000000 -0.000000 0.143668
119 4.978200 0.000000 0.000000 0.000000 -0.000000 0.180994
120 4.007800 0.000000 0.000000 0.000000 -0.000000 0.167997
121 22.713200 -10.955200 4.711800 -0.065497 -0.343133 -2.161146
122 5.667200 -0.000030 0.000000 0.036125 -0.136201 -0.580368
123 5.935300 0.005313 -0.000100 0.000000 -0.000000 0.000000
124 24.072191 5.450730 0.645949 -1.571388 -0.952005 -1.450244
125 24.172974 4.614679 -1.828198 -1.571388 -0.952006 1.691349
126 0.0 0.0 0.0 0.0 0.0 0.0
127 0.0 0.0 0.0 0.0 0.0 0.0
128 0.0 0.0 0.0 0.0 0.0 0.0
129 0.0 0.0 0.0 0.0 0.0 0.0
130 0.0 0.0 0.0 0.0 0.0 0.0
time 30
0 0.000000 0.000000 0.000000 -0.000000 -0.000000 -0.000000
1 -1.505615 1.041139 216.457153 -1.522625 -0.999631 -1.637624
2 -6.922300 -22.143421 0.000000 -3.061281 -0.026029 -1.753621
3 26.628099 -0.000000 0.000000 0.011822 -0.006166 -0.086100
4 26.630812 0.000001 -0.000000 0.013433 -0.019454 -0.134382
5 26.630699 0.000000 0.000000 0.009327 -0.019129 0.008783
6 26.628849 -0.000001 0.000000 0.018677 -0.001513 -0.001812
7 26.628811 -0.000000 0.000000 0.020028 0.005656 -0.024368
8 26.629230 -0.000098 0.000000 0.000000 -0.000000 0.000000
9 -0.943900 -2.280900 -22.926033 -0.043363 0.100461 0.183370
10 -40.495483 0.000000 0.000000 -0.000154 -0.000765 1.738729
11 -20.836300 0.000000 0.000000 3.079696 0.092448 -1.769149
12 -15.965199 -0.178724 -5.285300 -1.705438 -1.126822 0.208685
13 -22.902401 0.000000 -0.000000 0.056866 -0.060393 -0.385494
14 -4.707000 -0.421400 0.147204 -3.121203 0.037837 -0.805891
15 -10.188854 0.000000 -0.000000 -0.013189 0.000578 0.563039
16 -3.984037 -1.091600 6.377982 2.885907 0.105378 -0.857718
17 -8.776100 0.000000 0.000000 0.006362 0.049476 0.621197
18 -3.787000 0.101300 -5.082900 -2.801713 0.014817 -0.813119
19 -10.247978 0.000000 0.000000 -0.057839 -0.084024 0.754076
20 -0.943906 -2.280900 22.926105 -0.043800 0.077724 -2.753828
21 40.495602 0.000000 0.000000 0.000197 -0.003201 1.735108
22 20.836300 0.000000 0.000000 3.080838 0.092361 -1.769658
23 22.902399 0.000000 0.000000 0.065690 -0.064745 -0.354528
24 3.820504 -0.064594 4.522500 -3.029589 -0.020482 -0.706526
25 10.247893 -0.000000 -0.000000 -0.065410 -0.087175 1.077680
26 3.984100 1.091600 -6.377944 2.923343 0.117737 -0.733724
27 8.776124 -0.000000 -0.000000 0.053179 0.017480 0.939006
28 4.706999 0.421404 -0.147096 -3.091510 0.029588 -0.693137
29 10.188796 0.000000 -0.000000 0.003627 -0.021828 0.890295
30 15.965199 0.178700 5.285300 -1.705438 -1.126822 0.208685
31 1.448200 11.235700 0.000000 0.002223 0.032215 1.687228
32 12.232915 -0.598260 -0.199258 -0.047569 -0.043210 -0.109368
33 16.081779 0.610027 0.092492 -0.026625 0.049139 -0.188678
34 26.929409 0.281800 -0.687296 -0.004441 -0.042855 -0.180736
35 18.809498 -0.101716 -26.364403 -2.791680 0.022671 -1.308941
36 -48.046726 0.000000 -0.000000 0.015820 -0.006925 1.442427
37 -32.732487 -0.000001 -0.000000 -0.168070 0.032361 -0.193180
38 -5.577502 3.896500 -9.552707 -1.631494 -0.368079 -0.300516
39 -13.046900 0.000000 0.000000 0.020527 0.107858 0.316429
40 -4.538896 1.838200 1.085000 3.113780 -0.054942 -1.145140
41 -9.326100 0.000000 0.000000 0.020073 0.027575 1.115040
42 -2.709550 0.999000 -6.980300 -2.992844 -0.114442 -1.329437
43 -10.456600 0.000000 0.000000 0.019758 0.027239 0.899105
44 -3.968389 2.196200 7.058900 2.962307 -0.009981 -1.294002
45 -8.804501 0.000000 0.000000 0.009735 0.026898 0.851269
46 18.809500 -0.101749 26.364403 -2.857525 -0.009102 1.751931
47 48.046700 0.000000 0.000000 0.055125 0.022343 1.465296
48 32.732506 0.000000 0.000000 -0.098036 -0.006206 -0.689961
49 13.046900 0.000000 0.000000 0.065954 0.115788 0.260815
50 4.529312 -1.758800 -0.050100 3.092189 -0.084216 -0.639096
51 9.326100 0.000000 0.000000 0.035589 0.030207 0.781887
52 4.229000 -2.047300 -5.390500 -3.083599 -0.002533 -0.795900
53 8.804501 0.000000 0.000000 0.050362 0.021743 0.798794
54 2.709601 -0.999000 6.980300 -3.065845 -0.117242 -0.812020
55 10.456600 0.000000 0.000000 0.042456 0.016744 0.953878
56 5.577499 -3.896500 9.552609 -1.631494 -0.368079 -0.300516
57 11.558975 -18.062010 22.672352 -0.103265 -1.358511 -1.924244
58 37.458698 0.000001 -0.000001 0.106213 -0.030272 0.430693
59 83.706490 0.000012 0.000001 1.757556 -0.240529 0.971113
60 -22.525190 -0.395101 18.987698 -2.840286 -0.773526 2.858668
61 67.425491 0.000001 -0.000000 -0.136855 -0.136494 0.188863
62 63.648579 -0.000000 -0.000000 -0.008919 -0.099589 0.092575
63 23.821501 -0.002235 -0.003403 0.000000 -0.000000 0.000000
64 9.637927 -0.153524 24.446102 -0.155684 -1.268813 0.359369
65 65.739967 -0.000000 -0.000000 -0.217806 -0.268587 0.173697
66 55.101109 -0.000000 0.000000 -0.011374 -0.112915 0.099265
67 40.393002 -0.002432 -0.004600 0.000000 -0.000000 0.000000
68 -6.972589 -0.585623 25.377199 -2.525282 -1.269132 2.643821
69 64.544991 -0.000002 -0.000000 -0.153171 -0.214829 0.113820
70 51.973667 0.000009 -0.000000 -0.008066 -0.109138 0.072849
71 33.419174 -0.001919 -0.003611 0.000000 -0.000000 0.000000
72 -26.481201 -0.424297 7.812705 -3.024230 -0.375981 2.927354
73 64.186600 0.000000 -0.000080 -0.074045 -0.086636 0.161762
74 55.590332 -0.000025 0.000000 -0.001778 -0.020591 0.087970
75 25.390701 -0.002514 -0.002400 0.000000 -0.000000 0.000000
76 -2.687500 -4.314000 0.575600 1.801953 0.222271 -1.686156
77 43.191101 -0.000016 0.000000 -0.032044 0.017745 0.166355
78 46.987991 -0.001600 -0.000800 0.000000 -0.000000 0.000000
79 11.554992 -18.000103 -22.684313 0.012157 -1.359845 1.165096
80 -37.458698 0.000000 0.000000 0.054270 -0.008465 0.434743
81 -83.706467 -0.000001 0.000006 1.755998 -0.232146 0.968357
82 26.481195 0.424314 -7.812678 -3.025623 -0.378691 2.931917
83 -64.186600 0.000000 0.000000 -0.074749 -0.086043 0.169843
84 -55.590321 0.000002 -0.000000 -0.002015 -0.020567 0.099954
85 -25.391003 0.002856 0.002800 0.000000 -0.000000 0.000000
86 6.972680 0.585627 -25.377184 -2.514727 -1.266294 2.632870
87 -64.544975 0.000003 0.000000 -0.155701 -0.213010 0.125772
88 -51.973682 -0.000006 -0.000023 -0.008295 -0.109117 0.074939
89 -33.420601 0.002696 0.005200 0.000000 -0.000000 0.000000
90 -9.637903 0.153507 -24.446177 -0.172410 -1.267891 0.376877
91 -65.739883 0.000000 0.000059 -0.221121 -0.265883 0.186244
92 -55.101021 -0.000001 -0.000000 -0.012892 -0.112749 0.112929
93 -40.394100 0.002784 0.005300 0.000000 -0.000000 0.000000
94 22.525194 0.395111 -18.987700 -2.838881 -0.774734 2.856520
95 -67.425499 -0.000024 -0.000000 -0.137525 -0.135818 0.193814
96 -63.648491 -0.000005 -0.000089 -0.010243 -0.102016 0.103143
97 -23.822102 0.002800 0.004309 0.000000 -0.000000 0.000000
98 2.687500 4.314000 -0.575600 1.909936 0.256432 -1.709116
99 -43.191101 0.000000 0.000000 -0.032044 0.017745 0.166355
100 -46.988201 0.002000 0.001000 0.000000 -0.000000 0.000000
101 34.205051 -0.002782 0.000078 0.029006 0.013951 -0.114558
102 18.704262 -0.154426 0.104269 -0.041197 0.000860 -0.042452
103 18.479240 0.056051 0.105130 -0.042876 0.006122 -0.106298
104 20.357330 0.003738 0.000000 0.083501 -0.015886 0.110880
105 22.713207 -10.955200 -4.711800 -0.065497 -0.343133 0.980447
106 -5.667173 -0.000000 0.000000 0.036125 -0.136201 -0.580368
107 -5.935400 -0.005219 0.000218 0.000000 -0.000000 0.000000
108 6.464000 -3.692684 0.000000 -1.570924 0.000038 0.581550
109 19.717197 4.858902 7.932085 -2.037191 1.183303 -0.865245
110 -5.371100 0.000000 0.000000 -0.186114 -0.167466 -0.227911
111 -4.278900 0.000000 0.000000 0.009547 0.047203 -0.269372
112 2.284300 0.000000 0.000000 0.000000 -0.000000 0.000000
113 19.717201 -4.858925 7.932000 1.104403 -1.183303 -2.276350
114 5.371100 0.000000 0.000000 -0.186113 -0.167466 -0.227911
115 4.278900 0.000000 0.000000 0.009547 0.047203 -0.269372
116 2.284296 0.000000 0.000000 0.000000 -0.000000 0.000000
117 6.994200 0.000000 1.816257 -1.570791 -0.200777 -0.000000
118 6.701484 -0.000000 0.000000 0.000000 -0.000000 0.143668
119 4.978200 0.000000 0.000000 0.000000 -0.000000 0.180994
120 4.007800 0.000000 0.000000 0.000000 -0.000000 0.167997
121 22.713188 -10.955200 4.711800 -0.065497 -0.343133 -2.161146
122 5.667200 -0.000023 0.000000 0.036125 -0.136201 -0.580368
123 5.935300 0.005310 -0.000100 0.000000 -0.000000 0.000000
124 23.760527 5.871974 0.006485 -1.571388 -0.952005 -1.450244
125 23.705812 6.325657 0.635006 -1.571388 -0.952006 1.691349
126 0.0 0.0 0.0 0.0 0.0 0.0
127 0.0 0.0 0.0 0.0 0.0 0.0
128 0.0 0.0 0.0 0.0 0.0 0.0
129 0.0 0.0 0.0 0.0 0.0 0.0
130 0.0 0.0 0.0 0.0 0.0 0.0
time 31
0 0.000000 0.000000 0.000000 -0.000000 -0.000000 -0.000000
1 -1.247837 0.539314 238.053207 -1.649962 -1.048190 -1.478372
2 -6.922300 -22.143402 0.000000 -3.058336 -0.024022 -1.785384
3 26.628101 -0.000000 0.000000 0.012462 -0.002019 0.006427
4 26.630846 0.000001 -0.000000 0.011301 -0.010951 -0.032265
5 26.630699 0.000000 0.000000 0.007090 -0.007614 0.116685
6 26.628872 -0.000001 0.000000 0.015020 0.009413 0.056195
7 26.628807 -0.000000 0.000000 0.014707 0.021872 -0.023303
8 26.629229 -0.000096 0.000000 0.000000 -0.000000 0.000000
9 -0.943900 -2.280900 -22.926050 -0.045324 0.106294 0.132663
10 -40.495483 -0.000000 0.000000 0.002519 0.000369 1.716761
11 -20.836300 0.000000 0.000000 3.079658 0.093397 -1.803531
12 -15.965199 -0.178710 -5.285300 -1.705438 -1.126822 0.208685
13 -22.902399 -0.000000 -0.000000 0.060239 -0.057605 -0.375412
14 -4.707000 -0.421400 0.147207 -3.133538 0.052903 -0.814053
15 -10.188823 0.000000 -0.000000 -0.025651 0.008316 0.575345
16 -3.984054 -1.091600 6.377993 2.882372 0.122818 -0.866147
17 -8.776100 0.000000 0.000000 -0.001524 0.047103 0.630468
18 -3.787000 0.101300 -5.082900 -2.815779 0.034453 -0.815040
19 -10.247996 0.000000 0.000000 -0.075436 -0.075848 0.762257
20 -0.943903 -2.280900 22.926107 -0.045069 0.085133 -2.817220
21 40.495602 0.000000 0.000000 0.002674 -0.000789 1.716008
22 20.836300 0.000000 0.000000 3.080469 0.093350 -1.814638
23 22.902399 0.000000 0.000000 0.066996 -0.058854 -0.351388
24 3.820502 -0.064576 4.522500 -3.041790 -0.024567 -0.704026
25 10.247891 -0.000000 0.000000 -0.073290 -0.073764 1.084501
26 3.984100 1.091600 -6.377959 2.925448 0.111440 -0.737178
27 8.776162 -0.000000 -0.000000 0.050168 0.015945 0.953905
28 4.706999 0.421402 -0.147093 -3.100856 0.024094 -0.698420
29 10.188792 0.000000 -0.000000 0.000466 -0.011270 0.906420
30 15.965199 0.178700 5.285300 -1.705438 -1.126822 0.208685
31 1.448186 11.235700 0.000000 0.002915 0.034622 1.704638
32 11.860667 -0.461463 -0.228266 0.048854 -0.022978 -0.154152
33 15.170850 0.494732 -0.087014 -0.001519 0.017460 -0.127870
34 29.447285 1.320568 -0.454659 0.011918 -0.027459 -0.230867
35 18.809498 -0.101748 -26.364405 -2.792408 0.026907 -1.367691
36 -48.046761 0.000000 -0.000000 0.003924 -0.013794 1.400432
37 -32.732479 -0.000001 -0.000000 -0.163332 0.031502 -0.318288
38 -5.577506 3.896500 -9.552710 -1.631494 -0.368079 -0.300516
39 -13.046900 0.000000 0.000000 0.048538 0.135596 0.228160
40 -4.538892 1.838200 1.085000 3.113845 -0.055944 -1.153451
41 -9.326100 0.000000 0.000000 0.019416 0.027321 1.126370
42 -2.709585 0.999000 -6.980300 -2.992448 -0.115844 -1.338037
43 -10.456600 0.000000 0.000000 0.021380 0.027333 0.910460
44 -3.968374 2.196200 7.058900 2.962173 -0.010513 -1.302701
45 -8.804501 0.000000 0.000000 0.006351 0.026045 0.862222
46 18.809500 -0.101770 26.364403 -2.856636 -0.014079 1.713936
47 48.046700 0.000000 0.000000 0.020750 0.013592 1.423306
48 32.732502 0.000000 0.000000 -0.104775 -0.044882 -0.910286
49 13.046900 0.000000 0.000000 0.046434 0.113262 0.155019
50 4.529315 -1.758800 -0.050100 3.092639 -0.083212 -0.661172
51 9.326100 0.000000 0.000000 0.032890 0.030538 0.809019
52 4.229000 -2.047300 -5.390500 -3.084479 0.001245 -0.818212
53 8.804501 0.000000 0.000000 0.047411 0.022231 0.826688
54 2.709603 -0.999000 6.980300 -3.064953 -0.117149 -0.833450
55 10.456600 0.000000 0.000000 0.044546 0.017985 0.979450
56 5.577500 -3.896500 9.552622 -1.631494 -0.368079 -0.300516
57 11.583790 -15.740134 23.257193 -2.556017 -1.322731 0.590134
58 37.458698 0.000001 -0.000000 -0.097524 0.071377 0.499534
59 83.706497 0.000012 0.000002 1.571335 -0.140176 0.737486
60 -22.525188 -0.395101 18.987700 -2.851794 -0.844690 2.880388
61 67.425499 0.000001 -0.000000 -0.148127 -0.124157 0.275472
62 63.648594 -0.000000 -0.000000 -0.022392 -0.104777 0.213589
63 23.821501 -0.002233 -0.003404 0.000000 -0.000000 0.000000
64 9.637911 -0.153558 24.446102 -0.189850 -1.259977 0.395088
65 65.739983 -0.000000 0.000000 -0.246858 -0.242256 0.288536
66 55.101101 0.000000 0.000000 -0.023956 -0.110934 0.211866
67 40.393002 -0.002435 -0.004600 0.000000 -0.000000 0.000000
68 -6.972586 -0.585610 25.377195 -2.580784 -1.261622 2.701684
69 64.544983 -0.000005 -0.000000 -0.179844 -0.193149 0.245257
70 51.973660 0.000003 -0.000000 -0.021711 -0.107258 0.199262
71 33.419178 -0.001903 -0.003594 0.000000 -0.000000 0.000000
72 -26.481199 -0.424299 7.812702 -3.029938 -0.466273 2.956151
73 64.186600 0.000000 -0.000097 -0.081938 -0.079219 0.256885
74 55.590378 -0.000012 0.000000 -0.004196 -0.020266 0.207474
75 25.390699 -0.002521 -0.002400 0.000000 -0.000000 0.000000
76 -2.687500 -4.314000 0.575600 1.433717 0.500005 -2.045544
77 43.191101 -0.000010 -0.000000 -0.032044 0.017745 0.166355
78 46.988010 -0.001600 -0.000800 0.000000 -0.000000 0.000000
79 11.581473 -15.708325 -23.262283 -2.550085 -1.326376 -2.515594
80 -37.458698 0.000000 0.000000 -0.131878 0.088082 0.498491
81 -83.706421 -0.000001 0.000003 1.570083 -0.136196 0.735781
82 26.481197 0.424357 -7.812691 -3.030789 -0.467606 2.958533
83 -64.186600 0.000000 0.000000 -0.082260 -0.078892 0.260917
84 -55.590355 0.000001 0.000000 -0.004312 -0.020241 0.213463
85 -25.391001 0.002886 0.002800 0.000000 -0.000000 0.000000
86 6.972649 0.585681 -25.377193 -2.575355 -1.260303 2.696058
87 -64.544975 0.000006 0.000000 -0.180965 -0.192095 0.251135
88 -51.973679 -0.000003 -0.000010 -0.021824 -0.107237 0.200304
89 -33.420601 0.002698 0.005200 0.000000 -0.000000 0.000000
90 -9.637901 0.153522 -24.446178 -0.197928 -1.259439 0.403558
91 -65.739891 0.000000 0.000026 -0.248339 -0.240735 0.294724
92 -55.101055 -0.000000 -0.000000 -0.024701 -0.110769 0.218701
93 -40.394096 0.002802 0.005300 0.000000 -0.000000 0.000000
94 22.525194 0.395126 -18.987700 -2.851021 -0.845302 2.879247
95 -67.425499 -0.000010 -0.000000 -0.148426 -0.123799 0.277891
96 -63.648487 -0.000002 -0.000106 -0.023142 -0.105915 0.218919
97 -23.822102 0.002800 0.004304 0.000000 -0.000000 0.000000
98 2.687500 4.314000 -0.575600 1.438251 0.551481 -2.036602
99 -43.191101 0.000000 0.000000 -0.032044 0.017745 0.166355
100 -46.988197 0.002000 0.001000 0.000000 -0.000000 0.000000
101 34.201904 -0.002995 0.000083 0.002098 0.004551 -0.133474
102 17.215565 -0.330239 0.129712 -0.048163 0.001294 -0.045097
103 17.453573 0.055323 0.125461 -0.049048 0.002122 -0.098057
104 19.930405 0.053163 0.000000 0.095434 -0.024544 0.203849
105 22.713203 -10.955200 -4.711800 -0.065497 -0.343133 0.980447
106 -5.667189 -0.000000 0.000000 0.036125 -0.136201 -0.580368
107 -5.935400 -0.005256 0.000210 0.000000 -0.000000 0.000000
108 6.464000 -3.692698 0.000000 -1.570753 -0.000011 0.480929
109 19.717197 4.858902 7.932092 -2.037191 1.183303 -0.865245
110 -5.371100 0.000000 0.000000 -0.186114 -0.167466 -0.227910
111 -4.278900 0.000000 0.000000 0.009547 0.047203 -0.269372
112 2.284300 0.000000 0.000000 0.000000 -0.000000 0.000000
113 19.717201 -4.858959 7.932000 1.104403 -1.183303 -2.276350
114 5.371100 0.000000 0.000000 -0.186113 -0.167466 -0.227911
115 4.278900 0.000000 0.000000 0.009547 0.047203 -0.269372
116 2.284298 0.000000 0.000000 0.000000 -0.000000 0.000000
117 6.994200 0.000000 1.816243 -1.570949 -0.200777 0.000015
118 6.701485 -0.000000 0.000000 0.000000 -0.000000 0.143668
119 4.978200 0.000000 0.000000 0.000000 -0.000000 0.180994
120 4.007800 0.000000 0.000000 0.000000 -0.000000 0.167997
121 22.713175 -10.955200 4.711800 -0.065497 -0.343133 -2.161146
122 5.667200 -0.000010 0.000000 0.036125 -0.136201 -0.580368
123 5.935300 0.005305 -0.000100 0.000000 -0.000000 0.000000
124 23.422024 5.794586 0.057494 -1.571387 -0.952005 -1.450244
125 23.148775 8.060884 3.147123 -1.571388 -0.952006 1.691349
126 0.0 0.0 0.0 0.0 0.0 0.0
127 0.0 0.0 0.0 0.0 0.0 0.0
128 0.0 0.0 0.0 0.0 0.0 0.0
129 0.0 0.0 0.0 0.0 0.0 0.0
130 0.0 0.0 0.0 0.0 0.0 0.0
time 32
0 0.000000 0.000000 0.000000 -0.000000 -0.000000 -0.000000
1 -0.932713 0.290882 249.226807 -1.802158 -1.084749 -1.294627
2 -6.922300 -22.143398 0.000000 -3.055457 -0.021923 -1.817140
3 26.628101 0.000000 0.000000 0.013483 0.002051 0.098957
4 26.630873 0.000000 -0.000000 0.010047 -0.002274 0.069828
5 26.630699 0.000000 0.000000 0.006106 0.004076 0.224559
6 26.628880 -0.000001 0.000000 0.012003 0.020533 0.114171
7 26.628801 0.000000 0.000000 0.009401 0.038094 -0.022324
8 26.629225 -0.000095 0.000000 0.000000 -0.000000 0.000000
9 -0.943900 -2.280900 -22.926067 -0.047581 0.112021 0.081912
10 -40.495499 -0.000000 0.000000 0.005167 0.001561 1.694796
11 -20.836300 0.000000 0.000000 3.079587 0.094344 -1.837915
12 -15.965199 -0.178700 -5.285300 -1.705438 -1.126822 0.208685
13 -22.902397 -0.000000 -0.000000 0.063640 -0.054851 -0.365323
14 -4.707000 -0.421400 0.147200 3.137177 0.067866 -0.822409
15 -10.188800 0.000000 0.000000 -0.038018 0.016207 0.587556
16 -3.984070 -1.091600 6.378000 2.878680 0.140227 -0.874658
17 -8.776100 0.000000 0.000000 -0.009431 0.044802 0.639757
18 -3.787000 0.101300 -5.082900 -2.829894 0.054061 -0.817238
19 -10.247999 -0.000000 0.000000 -0.092955 -0.067529 0.770288
20 -0.943901 -2.280900 22.926100 -0.046807 0.092446 -2.880663
21 40.495602 0.000000 0.000000 0.005105 0.001669 1.696914
22 20.836300 0.000000 0.000000 3.080055 0.094321 -1.859623
23 22.902399 0.000000 0.000000 0.068321 -0.052967 -0.348242
24 3.820500 -0.064567 4.522500 -3.054002 -0.028620 -0.701476
25 10.247900 0.000000 0.000000 -0.081071 -0.060300 1.091210
26 3.984100 1.091600 -6.377974 2.927573 0.105150 -0.740643
27 8.776181 -0.000000 -0.000000 0.047135 0.014455 0.968808
28 4.706999 0.421400 -0.147100 -3.110172 0.018551 -0.703650
29 10.188800 0.000000 0.000000 -0.002524 -0.000662 0.922510
30 15.965199 0.178700 5.285300 -1.705438 -1.126822 0.208685
31 1.448168 11.235700 0.000000 0.003650 0.037016 1.722051
32 11.637898 -0.351727 -0.241055 0.144254 0.001448 -0.196771
33 14.223519 0.342028 -0.209386 0.021615 -0.015676 -0.067878
34 31.476408 1.803771 -0.265897 0.027481 -0.011265 -0.280724
35 18.809496 -0.101774 -26.364405 -2.793385 0.031093 -1.426451
36 -48.046776 0.000000 -0.000000 -0.007674 -0.021155 1.358517
37 -32.732475 -0.000000 -0.000000 -0.158524 0.031241 -0.443397
38 -5.577499 3.896500 -9.552700 -1.631494 -0.368079 -0.300516
39 -13.046900 0.000000 0.000000 0.074084 0.165672 0.140323
40 -4.538900 1.838200 1.085000 3.113919 -0.056945 -1.161762
41 -9.326100 0.000000 0.000000 0.018755 0.027074 1.137699
42 -2.709610 0.999000 -6.980300 -2.992040 -0.117242 -1.346638
43 -10.456600 0.000000 0.000000 0.023003 0.027409 0.921814
44 -3.968367 2.196200 7.058900 2.962044 -0.011046 -1.311399
45 -8.804501 0.000000 0.000000 0.002958 0.025230 0.873177
46 18.809500 -0.101778 26.364403 -2.855558 -0.019019 1.675934
47 48.046700 0.000000 0.000000 -0.013225 0.003412 1.381644
48 32.732498 0.000000 0.000000 -0.102887 -0.084094 -1.130904
49 13.046900 0.000000 0.000000 0.027300 0.108704 0.049334
50 4.529306 -1.758800 -0.050100 3.093067 -0.082198 -0.683245
51 9.326100 0.000000 0.000000 0.030202 0.030942 0.836151
52 4.229000 -2.047300 -5.390500 -3.085444 0.005002 -0.840528
53 8.804501 0.000000 0.000000 0.044474 0.022802 0.854580
54 2.709604 -0.999000 6.980300 -3.064063 -0.117038 -0.854879
55 10.456600 0.000000 0.000000 0.046667 0.019173 1.005025
56 5.577500 -3.896500 9.552628 -1.631494 -0.368079 -0.300516
57 11.648273 -14.387175 23.583748 -2.720145 -0.894635 0.819218
58 37.458698 0.000001 0.000001 -0.296601 0.184727 0.547034
59 83.706497 0.000001 0.000003 1.368601 -0.086247 0.491471
60 -22.525188 -0.395101 18.987700 -2.866868 -0.915650 2.905401
61 67.425499 0.000000 0.000000 -0.158266 -0.110902 0.361804
62 63.648598 0.000000 0.000000 -0.036402 -0.108308 0.334718
63 23.821501 -0.002237 -0.003404 0.000000 -0.000000 0.000000
64 9.637899 -0.153575 24.446102 -0.222061 -1.250789 0.428855
65 65.739998 0.000000 0.000001 -0.272449 -0.212898 0.401809
66 55.101097 0.000000 0.000000 -0.036230 -0.107562 0.324400
67 40.393002 -0.002433 -0.004600 0.000000 -0.000000 0.000000
68 -6.972585 -0.585600 25.377192 -2.633456 -1.253183 2.756721
69 64.544991 -0.000007 -0.000000 -0.203295 -0.168246 0.375505
70 51.973660 -0.000001 -0.000000 -0.035006 -0.103684 0.325600
71 33.419170 -0.001892 -0.003593 0.000000 -0.000000 0.000000
72 -26.481199 -0.424300 7.812700 -3.038997 -0.556369 2.987051
73 64.186600 0.000000 -0.000099 -0.089084 -0.071090 0.351890
74 55.590397 -0.000001 0.000000 -0.006559 -0.019656 0.326975
75 25.390699 -0.002514 -0.002400 0.000000 -0.000000 0.000000
76 -2.687500 -4.314000 0.575600 0.928934 0.608868 -2.542530
77 43.191101 -0.000004 -0.000000 -0.032044 0.017745 0.166355
78 46.988010 -0.001600 -0.000800 0.000000 -0.000000 0.000000
79 11.648239 -14.386915 -23.583794 -2.697946 -0.894114 -2.325299
80 -37.458698 0.000000 0.000000 -0.314160 0.194653 0.543887
81 -83.706398 -0.000001 0.000001 1.368601 -0.086247 0.491471
82 26.481197 0.424381 -7.812700 -3.039000 -0.556357 2.987052
83 -64.186600 0.000000 0.000000 -0.089084 -0.071091 0.351884
84 -55.590374 0.000000 -0.000000 -0.006558 -0.019657 0.326970
85 -25.391001 0.002907 0.002800 0.000000 -0.000000 0.000000
86 6.972623 0.585710 -25.377199 -2.633444 -1.253189 2.756709
87 -64.544991 -0.000001 0.000000 -0.203277 -0.168262 0.375414
88 -51.973671 -0.000000 0.000000 -0.035007 -0.103690 0.325595
89 -33.420601 0.002700 0.005200 0.000000 -0.000000 0.000000
90 -9.637899 0.153530 -24.446171 -0.222061 -1.250789 0.428855
91 -65.739891 -0.000000 0.000001 -0.272449 -0.212899 0.401804
92 -55.101074 0.000000 -0.000000 -0.036231 -0.107562 0.324411
93 -40.394096 0.002813 0.005300 0.000000 -0.000000 0.000000
94 22.525194 0.395133 -18.987700 -2.866870 -0.915644 2.905403
95 -67.425499 0.000000 0.000000 -0.158257 -0.110917 0.361707
96 -63.648495 0.000000 -0.000107 -0.036411 -0.108306 0.334775
97 -23.822102 0.002800 0.004300 0.000000 -0.000000 0.000000
98 2.687500 4.314000 -0.575600 0.812887 0.645594 -2.534417
99 -43.191101 0.000000 0.000000 -0.032044 0.017745 0.166355
100 -46.988197 0.002000 0.001000 0.000000 -0.000000 0.000000
101 34.245800 0.000003 0.000000 -0.024628 -0.005354 -0.152129
102 16.617071 -0.401001 0.141103 -0.055129 0.001710 -0.047746
103 17.046938 0.054668 0.134457 -0.055252 -0.001826 -0.089791
104 19.762535 0.072600 0.000000 0.106515 -0.034272 0.296734
105 22.713200 -10.955200 -4.711800 -0.065497 -0.343133 0.980447
106 -5.667200 0.000000 0.000000 0.036125 -0.136201 -0.580368
107 -5.935400 -0.005277 0.000203 0.000000 -0.000000 0.000000
108 6.464000 -3.692709 0.000000 -1.570577 -0.000042 0.380309
109 19.717197 4.858902 7.932097 -2.037191 1.183303 -0.865245
110 -5.371100 0.000000 0.000000 -0.186114 -0.167466 -0.227910
111 -4.278900 0.000000 0.000000 0.009547 0.047203 -0.269372
112 2.284300 0.000000 0.000000 0.000000 -0.000000 0.000000
113 19.717201 -4.858975 7.932001 1.104403 -1.183303 -2.276350
114 5.371100 0.000000 0.000000 -0.186113 -0.167466 -0.227911
115 4.278900 0.000000 0.000000 0.009547 0.047203 -0.269372
116 2.284300 0.000000 0.000000 0.000000 -0.000000 0.000000
117 6.994201 0.000000 1.816229 -1.571108 -0.200777 0.000031
118 6.701497 -0.000000 0.000000 0.000000 -0.000000 0.143668
119 4.978200 0.000000 0.000000 0.000000 -0.000000 0.180994
120 4.007800 0.000000 0.000000 0.000000 -0.000000 0.167997
121 22.713167 -10.955200 4.711800 -0.065497 -0.343133 -2.161146
122 5.667200 0.000000 0.000000 0.036125 -0.136201 -0.580368
123 5.935300 0.005301 -0.000100 0.000000 -0.000000 0.000000
124 23.309498 5.285366 0.748343 -1.571387 -0.952005 -1.450244
125 22.918829 8.525631 3.833527 -1.571388 -0.952006 1.691349
126 0.0 0.0 0.0 0.0 0.0 0.0
127 0.0 0.0 0.0 0.0 0.0 0.0
128 0.0 0.0 0.0 0.0 0.0 0.0
129 0.0 0.0 0.0 0.0 0.0 0.0
130 0.0 0.0 0.0 0.0 0.0 0.0
time 33
0 0.000000 0.000000 0.000000 -0.000000 -0.000000 -0.000000
1 -0.589386 0.505562 241.173477 -1.808770 -1.218402 -1.303093
2 -6.922300 -22.143423 -0.000000 -3.068202 -0.019287 -1.834805
3 26.628101 0.000000 -0.000000 0.001230 0.002564 0.005416
4 26.630886 0.000000 -0.000000 -0.000195 -0.005106 -0.060381
5 26.630699 0.000000 0.000000 -0.003669 -0.006135 0.028984
6 26.628862 -0.000000 0.000000 0.001950 0.004386 -0.058596
7 26.628801 0.000000 -0.000000 0.002016 0.018807 -0.093074
8 26.629217 -0.000096 0.000000 0.000000 -0.000000 0.000000
9 -0.943900 -2.280900 -22.926079 -0.045236 0.101324 0.153837
10 -40.495525 -0.000000 0.000000 0.000258 -0.001638 1.677391
11 -20.836300 0.000000 0.000000 3.078396 0.084295 -1.794051
12 -15.965199 -0.178698 -5.285300 -1.705438 -1.126822 0.208685
13 -22.902397 -0.000000 -0.000000 0.046190 -0.047101 -0.417020
14 -4.707000 -0.421400 0.147174 -3.130669 0.043657 -0.802622
15 -10.188795 -0.000000 0.000000 -0.005839 0.021128 0.598792
16 -3.984081 -1.091600 6.378003 2.901976 0.114895 -0.843459
17 -8.776100 0.000000 0.000000 0.026265 0.046313 0.652492
18 -3.787000 0.101300 -5.082900 -2.816236 0.028664 -0.790577
19 -10.247975 -0.000000 0.000000 -0.058517 -0.059880 0.766812
20 -0.943900 -2.280900 22.926073 -0.046463 0.080603 -2.811151
21 40.495602 0.000000 0.000000 -0.000245 -0.001266 1.670862
22 20.836300 0.000000 0.000000 3.078461 0.083455 -1.804986
23 22.902399 0.000000 0.000000 0.045158 -0.045512 -0.419341
24 3.820500 -0.064573 4.522500 -3.070315 -0.018669 -0.713471
25 10.247926 0.000000 -0.000000 -0.073824 -0.041741 1.132361
26 3.984100 1.091600 -6.377983 2.920333 0.113308 -0.761002
27 8.776167 -0.000000 -0.000000 0.044151 0.022734 1.018071
28 4.706999 0.421400 -0.147126 -3.124854 0.024525 -0.720713
29 10.188826 -0.000000 0.000000 0.005814 0.014573 0.965985
30 15.965199 0.178700 5.285300 -1.705438 -1.126822 0.208685
31 1.448147 11.235700 0.000000 0.003488 0.034236 1.726751
32 11.703346 -0.311144 -0.225282 0.102300 -0.003283 -0.183028
33 13.459115 0.172458 -0.210513 0.014648 -0.013136 -0.090552
34 32.211567 1.288723 -0.194248 0.017508 -0.011669 -0.222072
35 18.809496 -0.101787 -26.364405 -2.795007 0.017831 -1.286903
36 -48.046761 0.000000 -0.000000 -0.012509 -0.013204 1.232361
37 -32.732479 -0.000000 -0.000000 -0.164200 0.019835 -0.499143
38 -5.577474 3.896500 -9.552674 -1.631494 -0.368079 -0.300516
39 -13.046900 0.000000 0.000000 0.066476 0.155848 0.157161
40 -4.538926 1.838200 1.085000 3.114313 -0.052582 -1.167770
41 -9.326100 0.000000 0.000000 0.014628 0.026973 1.141941
42 -2.709613 0.999000 -6.980300 -2.991652 -0.112456 -1.350182
43 -10.456600 0.000000 0.000000 0.019122 0.026632 0.924930
44 -3.968373 2.196200 7.058900 2.961986 -0.004555 -1.316513
45 -8.804501 0.000000 0.000000 -0.003212 0.024391 0.875662
46 18.809500 -0.101761 26.364403 -2.858663 -0.006456 1.826537
47 48.046700 0.000000 0.000000 -0.026920 -0.005876 1.177727
48 32.732498 -0.000000 -0.000000 -0.100587 -0.095400 -1.107484
49 13.046900 0.000000 0.000000 0.031456 0.095217 0.131651
50 4.529279 -1.758800 -0.050100 3.093784 -0.086843 -0.678764
51 9.326100 0.000000 0.000000 0.035449 0.031498 0.826885
52 4.229000 -2.047300 -5.390500 -3.084259 -0.001786 -0.835916
53 8.804501 0.000000 0.000000 0.050983 0.022890 0.844736
54 2.709603 -0.999000 6.980300 -3.063577 -0.121012 -0.848353
55 10.456600 0.000000 0.000000 0.049792 0.018506 0.994336
56 5.577500 -3.896500 9.552622 -1.631494 -0.368079 -0.300516
57 11.759003 -14.897810 23.420954 3.066632 -0.943959 1.427013
58 37.458698 0.000001 0.000001 -0.098324 0.024813 0.753485
59 83.706497 -0.000025 0.000003 1.515475 -0.070740 0.657205
60 -22.525192 -0.395101 18.987700 -2.931108 -0.854084 2.994179
61 67.425499 -0.000000 0.000000 -0.141626 -0.131548 0.224471
62 63.648575 0.000000 0.000000 -0.017790 -0.159629 0.168874
63 23.821501 -0.002253 -0.003403 0.000000 -0.000000 0.000000
64 9.637897 -0.153561 24.446102 -0.090432 -1.264809 0.291020
65 65.739998 0.000000 0.000001 -0.237452 -0.251470 0.250093
66 55.101097 0.000000 0.000000 -0.019573 -0.111806 0.172228
67 40.393002 -0.002425 -0.004600 0.000000 -0.000000 0.000000
68 -6.972589 -0.585598 25.377193 -2.719780 -1.286927 2.845948
69 64.545021 -0.000005 0.000000 -0.171221 -0.200810 0.201248
70 51.973671 -0.000001 -0.000000 -0.019347 -0.107710 0.177158
71 33.419151 -0.001891 -0.003618 0.000000 -0.000000 0.000000
72 -26.481199 -0.424300 7.812699 -3.058083 -0.460350 3.037313
73 64.186600 0.000000 -0.000076 -0.080015 -0.081159 0.232975
74 55.590378 0.000001 0.000000 -0.007138 -0.044567 0.191808
75 25.390699 -0.002485 -0.002400 0.000000 -0.000000 0.000000
76 -2.687500 -4.314000 0.575600 0.869332 0.424305 -2.389011
77 43.191101 -0.000003 -0.000000 -0.032044 0.017745 0.166355
78 46.987984 -0.001600 -0.000800 0.000000 -0.000000 0.000000
79 11.761003 -14.906166 -23.423100 3.138201 -0.973152 -1.784774
80 -37.458698 0.000000 0.000000 -0.082401 0.012715 0.712135
81 -83.706413 -0.000001 0.000000 1.486208 -0.034169 0.668685
82 26.481197 0.424367 -7.812702 -3.058166 -0.460353 3.037545
83 -64.186600 0.000000 0.000000 -0.080053 -0.081111 0.233410
84 -55.590363 -0.000000 -0.000000 -0.007232 -0.045156 0.192328
85 -25.391001 0.002911 0.002800 0.000000 -0.000000 0.000000
86 6.972611 0.585691 -25.377201 -2.719772 -1.286931 2.845940
87 -64.545021 -0.000027 0.000000 -0.171240 -0.200808 0.201267
88 -51.973652 0.000000 0.000002 -0.019458 -0.107690 0.178274
89 -33.420601 0.002700 0.005200 0.000000 -0.000000 0.000000
90 -9.637899 0.153525 -24.446154 -0.090952 -1.264778 0.291558
91 -65.739891 -0.000000 -0.000005 -0.237486 -0.251427 0.250193
92 -55.101063 0.000000 -0.000000 -0.019579 -0.111805 0.172339
93 -40.394096 0.002813 0.005300 0.000000 -0.000000 0.000000
94 22.525196 0.395127 -18.987700 -2.931772 -0.854203 2.995096
95 -67.425499 0.000002 0.000000 -0.141623 -0.131551 0.224484
96 -63.648521 0.000001 -0.000082 -0.017799 -0.160760 0.169037
97 -23.822102 0.002800 0.004299 0.000000 -0.000000 0.000000
98 2.687500 4.314000 -0.575600 0.833267 0.416620 -2.352837
99 -43.191101 0.000000 0.000000 -0.032044 0.017745 0.166355
100 -46.988197 0.002000 0.001000 0.000000 -0.000000 0.000000
101 34.355568 0.007495 -0.000207 -0.011126 -0.001166 -0.115643
102 17.576914 -0.287835 0.127403 -0.046627 0.001188 -0.043090
103 17.721502 0.054297 0.123261 -0.047557 0.002780 -0.098948
104 20.046553 0.039726 0.000000 0.090794 -0.028998 0.262833
105 22.713200 -10.955200 -4.711800 -0.065497 -0.343133 0.980447
106 -5.667203 0.000000 -0.000000 0.036125 -0.136201 -0.580368
107 -5.935400 -0.005263 0.000201 0.000000 -0.000000 0.000000
108 6.464000 -3.692709 0.000000 -1.570561 -0.000048 0.400525
109 19.717197 4.858902 7.932099 -2.037191 1.183303 -0.865245
110 -5.371100 0.000000 0.000000 -0.186114 -0.167466 -0.227910
111 -4.278900 0.000000 0.000000 0.009547 0.047203 -0.269372
112 2.284300 0.000000 0.000000 0.000000 -0.000000 0.000000
113 19.717201 -4.858962 7.932001 1.104403 -1.183303 -2.276350
114 5.371100 0.000000 0.000000 -0.186113 -0.167466 -0.227911
115 4.278900 0.000000 0.000000 0.009547 0.047203 -0.269372
116 2.284301 0.000000 0.000000 0.000000 -0.000000 0.000000
117 6.994200 0.000000 1.816219 -1.571108 -0.200777 0.000031
118 6.701524 -0.000000 0.000000 0.000000 -0.000000 0.143668
119 4.978200 0.000000 0.000000 0.000000 -0.000000 0.180994
120 4.007800 0.000000 0.000000 0.000000 -0.000000 0.167997
121 22.713173 -10.955200 4.711800 -0.065497 -0.343133 -2.161146
122 5.667200 0.000002 -0.000000 0.036125 -0.136201 -0.580368
123 5.935300 0.005300 -0.000100 0.000000 -0.000000 0.000000
124 23.582548 4.222634 2.275434 -1.571387 -0.952005 -1.450244
125 23.263992 6.864840 1.460791 -1.571388 -0.952006 1.691349
126 0.0 0.0 0.0 0.0 0.0 0.0
127 0.0 0.0 0.0 0.0 0.0 0.0
128 0.0 0.0 0.0 0.0 0.0 0.0
129 0.0 0.0 0.0 0.0 0.0 0.0
130 0.0 0.0 0.0 0.0 0.0 0.0
time 34
0 0.000000 0.000000 0.000000 -0.000000 -0.000000 -0.000000
1 -0.188702 0.973634 222.697723 -1.814086 -1.352073 -1.312499
2 -6.922300 -22.143461 -0.000000 -3.080992 -0.016877 -1.852502
3 26.628101 0.000000 -0.000000 -0.011018 0.001931 -0.088125
4 26.630894 0.000000 -0.000000 -0.009983 -0.009244 -0.190558
5 26.630699 0.000000 0.000000 -0.011274 -0.018050 -0.166510
6 26.628832 -0.000000 0.000000 -0.005177 -0.013249 -0.231207
7 26.628801 0.000000 -0.000000 -0.003986 -0.000952 -0.163667
8 26.629210 -0.000098 0.000000 0.000000 -0.000000 0.000000
9 -0.943900 -2.280900 -22.926088 -0.043671 0.090487 0.225663
10 -40.495564 -0.000000 0.000000 -0.004594 -0.004922 1.660002
11 -20.836300 0.000000 0.000000 3.076765 0.074307 -1.750210
12 -15.965199 -0.178699 -5.285300 -1.705438 -1.126822 0.208685
13 -22.902399 -0.000000 -0.000000 0.028368 -0.040262 -0.468827
14 -4.707000 -0.421400 0.147137 -3.115823 0.019153 -0.783224
15 -10.188797 -0.000000 0.000000 0.026397 0.025684 0.610182
16 -3.984091 -1.091600 6.378001 2.924406 0.088863 -0.812943
17 -8.776100 0.000000 0.000000 0.061980 0.047368 0.665275
18 -3.787000 0.101300 -5.082900 -2.803266 0.002915 -0.764276
19 -10.247938 -0.000000 0.000000 -0.024120 -0.052116 0.763604
20 -0.943900 -2.280900 22.926037 -0.046944 0.068765 -2.741704
21 40.495602 0.000000 0.000000 -0.005518 -0.004339 1.644827
22 20.836300 0.000000 0.000000 3.076275 0.072693 -1.750378
23 22.902399 0.000000 0.000000 0.021531 -0.039720 -0.490573
24 3.820500 -0.064586 4.522500 -3.086744 -0.008916 -0.725624
25 10.247962 0.000000 -0.000000 -0.065824 -0.023496 1.173621
26 3.984100 1.091600 -6.377991 2.912921 0.121318 -0.781439
27 8.776134 -0.000000 -0.000000 0.041578 0.031149 1.067321
28 4.706999 0.421400 -0.147163 -3.139638 0.030248 -0.737865
29 10.188863 -0.000000 0.000000 0.014808 0.029430 1.009600
30 15.965199 0.178700 5.285300 -1.705438 -1.126822 0.208685
31 1.448124 11.235700 -0.000000 0.003312 0.031456 1.731452
32 11.918273 -0.297622 -0.193291 0.060285 -0.007433 -0.169098
33 12.658306 -0.034521 -0.154506 0.007626 -0.010754 -0.113243
34 32.457985 0.218111 -0.166474 0.007529 -0.011488 -0.163418
35 18.809496 -0.101793 -26.364405 -2.798457 0.004923 -1.147355
36 -48.046730 0.000000 -0.000000 -0.018305 -0.005925 1.106177
37 -32.732487 -0.000000 -0.000000 -0.169231 0.008130 -0.554815
38 -5.577437 3.896500 -9.552637 -1.631494 -0.368079 -0.300516
39 -13.046900 0.000000 0.000000 0.058713 0.146152 0.174050
40 -4.538963 1.838200 1.085000 3.114680 -0.048216 -1.173776
41 -9.326100 0.000000 0.000000 0.010501 0.026889 1.146184
42 -2.709606 0.999000 -6.980300 -2.991282 -0.107669 -1.353722
43 -10.456600 0.000000 0.000000 0.015238 0.025866 0.928049
44 -3.968386 2.196200 7.058900 2.961894 0.001936 -1.321628
45 -8.804501 0.000000 0.000000 -0.009383 0.023567 0.878153
46 18.809500 -0.101730 26.364401 -2.859849 0.006430 1.977100
47 48.046700 0.000000 0.000000 -0.038453 -0.017743 0.973929
48 32.732498 -0.000000 -0.000000 -0.098552 -0.106756 -1.084063
49 13.046900 0.000000 0.000000 0.034480 0.081436 0.213813
50 4.529239 -1.758800 -0.050100 3.094480 -0.091490 -0.674284
51 9.326100 0.000000 0.000000 0.040691 0.032103 0.817622
52 4.229000 -2.047300 -5.390500 -3.083105 -0.008579 -0.831311
53 8.804501 0.000000 0.000000 0.057492 0.023042 0.834893
54 2.709601 -0.999000 6.980300 -3.063118 -0.124990 -0.841826
55 10.456600 0.000000 0.000000 0.052923 0.017873 0.983645
56 5.577499 -3.896500 9.552610 -1.631494 -0.368079 -0.300516
57 11.909403 -16.377357 22.999876 2.630153 -0.817982 1.976485
58 37.458698 0.000001 0.000001 0.065581 -0.169432 0.927142
59 83.706497 -0.000063 0.000001 1.662860 -0.079678 0.823384
60 -22.525196 -0.395101 18.987700 -2.983162 -0.789366 3.071360
61 67.425499 -0.000000 0.000000 -0.122240 -0.149732 0.086432
62 63.648537 0.000000 0.000001 0.009388 -0.207169 0.000558
63 23.821501 -0.002277 -0.003402 0.000000 -0.000000 0.000000
64 9.637899 -0.153530 24.446100 0.051194 -1.272912 0.143198
65 65.739998 0.000000 0.000001 -0.196447 -0.284397 0.095573
66 55.101101 -0.000000 0.000000 -0.002456 -0.113491 0.019955
67 40.393002 -0.002412 -0.004600 0.000000 -0.000000 0.000000
68 -6.972594 -0.585599 25.377195 -2.828507 -1.317952 2.957566
69 64.545059 -0.000003 0.000001 -0.133637 -0.227376 0.024889
70 51.973682 -0.000000 -0.000000 -0.003256 -0.109388 0.028623
71 33.419125 -0.001896 -0.003659 0.000000 -0.000000 0.000000
72 -26.481199 -0.424300 7.812700 -3.071206 -0.363639 3.083535
73 64.186600 0.000000 -0.000038 -0.069803 -0.090082 0.113876
74 55.590340 -0.000000 0.000000 -0.004348 -0.069328 0.056464
75 25.390699 -0.002443 -0.002400 0.000000 -0.000000 0.000000
76 -2.687500 -4.314000 0.575600 0.785050 0.249863 -2.233917
77 43.191101 -0.000001 -0.000000 -0.032044 0.017745 0.166355
78 46.987942 -0.001600 -0.000800 0.000000 -0.000000 0.000000
79 11.914050 -16.395782 -23.005949 2.685814 -0.900951 -1.239013
80 -37.458698 0.000000 0.000000 0.120019 -0.200905 0.836997
81 -83.706459 -0.000000 0.000000 1.611036 -0.003918 0.850607
82 26.481199 0.424334 -7.812701 -3.071341 -0.363652 3.083981
83 -64.186600 0.000000 0.000000 -0.069889 -0.089995 0.114754
84 -55.590332 -0.000000 -0.000000 -0.004469 -0.070515 0.057505
85 -25.391001 0.002905 0.002800 0.000000 -0.000000 0.000000
86 6.972606 0.585645 -25.377199 -2.828503 -1.317955 2.957561
87 -64.545059 -0.000063 0.000000 -0.133699 -0.227366 0.025022
88 -51.973629 0.000000 0.000001 -0.003482 -0.109375 0.030861
89 -33.420601 0.002700 0.005200 0.000000 -0.000000 0.000000
90 -9.637900 0.153512 -24.446125 0.050106 -1.272896 0.144322
91 -65.739899 -0.000000 -0.000002 -0.196525 -0.284320 0.095784
92 -55.101032 0.000000 -0.000000 -0.002468 -0.113490 0.020167
93 -40.394100 0.002807 0.005300 0.000000 -0.000000 0.000000
94 22.525198 0.395113 -18.987700 -2.984378 -0.789544 3.073087
95 -67.425499 0.000001 0.000000 -0.122247 -0.149725 0.086555
96 -63.648556 0.000000 -0.000041 0.009575 -0.209420 0.000757
97 -23.822102 0.002800 0.004300 0.000000 -0.000000 0.000000
98 2.687500 4.314000 -0.575600 0.810220 0.188030 -2.188555
99 -43.191101 0.000000 0.000000 -0.032044 0.017745 0.166355
100 -46.988201 0.002000 0.001000 0.000000 -0.000000 0.000000
101 34.512383 0.018198 -0.000504 0.002520 0.002525 -0.079103
102 19.426958 -0.069617 0.099651 -0.038127 0.000627 -0.038438
103 19.015099 0.053998 0.100730 -0.039905 0.007456 -0.108069
104 20.589626 -0.023137 0.000000 0.074905 -0.024259 0.228858
105 22.713200 -10.955200 -4.711800 -0.065497 -0.343133 0.980447
106 -5.667202 0.000000 -0.000000 0.036125 -0.136201 -0.580368
107 -5.935400 -0.005231 0.000201 0.000000 -0.000000 0.000000
108 6.464000 -3.692704 0.000000 -1.570544 -0.000054 0.420742
109 19.717197 4.858902 7.932098 -2.037191 1.183303 -0.865244
110 -5.371100 0.000000 0.000000 -0.186114 -0.167466 -0.227910
111 -4.278900 0.000000 0.000000 0.009547 0.047203 -0.269372
112 2.284300 0.000000 0.000000 0.000000 -0.000000 0.000000
113 19.717201 -4.858931 7.932000 1.104403 -1.183303 -2.276350
114 5.371100 0.000000 0.000000 -0.186113 -0.167466 -0.227911
115 4.278900 0.000000 0.000000 0.009547 0.047203 -0.269372
116 2.284300 0.000000 0.000000 0.000000 -0.000000 0.000000
117 6.994200 0.000000 1.816210 -1.571108 -0.200777 0.000031
118 6.701562 -0.000000 0.000000 0.000000 -0.000000 0.143668
119 4.978200 0.000000 0.000000 0.000000 -0.000000 0.180994
120 4.007800 0.000000 0.000000 0.000000 -0.000000 0.167997
121 22.713186 -10.955200 4.711800 -0.065497 -0.343133 -2.161146
122 5.667200 0.000001 -0.000000 0.036125 -0.136201 -0.580368
123 5.935300 0.005300 -0.000100 0.000000 -0.000000 0.000000
124 24.081575 2.728065 4.442369 -1.571388 -0.952005 -1.450244
125 23.936247 3.933566 -2.737660 -1.571388 -0.952006 1.691349
126 0.0 0.0 0.0 0.0 0.0 0.0
127 0.0 0.0 0.0 0.0 0.0 0.0
128 0.0 0.0 0.0 0.0 0.0 0.0
129 0.0 0.0 0.0 0.0 0.0 0.0
130 0.0 0.0 0.0 0.0 0.0 0.0
time 35
0 0.000000 0.000000 0.000000 -0.000000 -0.000000 -0.000000
1 0.211975 1.441705 204.222015 -1.812910 -1.485752 -1.328183
2 -6.922300 -22.143499 -0.000000 -3.093821 -0.014694 -1.870227
3 26.628101 0.000000 0.000000 -0.023153 0.000156 -0.181651
4 26.630899 0.000000 0.000000 -0.019151 -0.014617 -0.320696
5 26.630699 0.000000 0.000000 -0.016421 -0.031216 -0.361969
6 26.628801 0.000000 0.000000 -0.009172 -0.031845 -0.403759
7 26.628801 0.000000 0.000000 -0.008581 -0.021086 -0.234156
8 26.629200 -0.000100 0.000000 0.000000 -0.000000 0.000000
9 -0.943900 -2.280900 -22.926100 -0.042892 0.079566 0.297405
10 -40.495602 0.000000 0.000000 -0.009389 -0.008290 1.642628
11 -20.836300 0.000000 0.000000 3.074698 0.064400 -1.706383
12 -15.965199 -0.178700 -5.285300 -1.705438 -1.126822 0.208685
13 -22.902399 0.000000 0.000000 0.010220 -0.034356 -0.520736
14 -4.707000 -0.421400 0.147100 -3.101457 -0.005631 -0.764195
15 -10.188800 0.000000 0.000000 0.058687 0.029871 0.621714
16 -3.984100 -1.091600 6.378000 2.945985 0.062169 -0.783080
17 -8.776100 0.000000 0.000000 0.097706 0.047967 0.678087
18 -3.787000 0.101300 -5.082900 -2.790974 -0.023164 -0.738305
19 -10.247900 0.000000 0.000000 0.010238 -0.044246 0.760666
20 -0.943900 -2.280900 22.926001 -0.048246 0.056989 -2.672304
21 40.495602 0.000000 0.000000 -0.010708 -0.007549 1.618807
22 20.836300 0.000000 0.000000 3.073506 0.062065 -1.695786
23 22.902399 0.000000 0.000000 -0.002445 -0.035625 -0.561908
24 3.820500 -0.064600 4.522500 -3.103289 0.000635 -0.737936
25 10.247999 0.000000 -0.000000 -0.057081 -0.005597 1.215015
26 3.984100 1.091600 -6.378000 2.905338 0.129176 -0.801956
27 8.776100 0.000000 0.000000 0.039422 0.039681 1.116564
28 4.707000 0.421400 -0.147200 3.128664 0.035715 -0.755103
29 10.188900 -0.000000 0.000000 0.024448 0.043880 1.053370
30 15.965199 0.178700 5.285300 -1.705438 -1.126822 0.208685
31 1.448100 11.235700 -0.000000 0.003124 0.028677 1.736152
32 12.133200 -0.284100 -0.161300 0.018214 -0.010994 -0.155006
33 11.857499 -0.241500 -0.098500 0.000551 -0.008532 -0.135949
34 32.704399 -0.852498 -0.138700 -0.002423 -0.010722 -0.104769
35 18.809496 -0.101800 -26.364405 -2.803669 -0.007379 -1.007761
36 -48.046700 0.000000 0.000000 -0.024971 0.000567 0.979955
37 -32.732498 0.000000 0.000000 -0.173602 -0.003836 -0.610425
38 -5.577400 3.896500 -9.552600 -1.631494 -0.368079 -0.300516
39 -13.046900 0.000000 0.000000 0.050797 0.136587 0.190991
40 -4.539000 1.838200 1.085000 3.115021 -0.043848 -1.179778
41 -9.326100 0.000000 0.000000 0.006373 0.026823 1.150427
42 -2.709600 0.999000 -6.980300 -2.990929 -0.102880 -1.357258
43 -10.456600 0.000000 0.000000 0.011352 0.025113 0.931170
44 -3.968400 2.196200 7.058900 2.961769 0.008426 -1.326743
45 -8.804501 0.000000 0.000000 -0.015557 0.022759 0.880648
46 18.809500 -0.101700 26.364401 -2.859088 0.019349 2.127673
47 48.046700 0.000000 0.000000 -0.047347 -0.031699 0.770215
48 32.732498 0.000000 0.000000 -0.096782 -0.118157 -1.060635
49 13.046900 0.000000 0.000000 0.036358 0.067455 0.295847
50 4.529200 -1.758800 -0.050100 3.095156 -0.096141 -0.669806
51 9.326100 0.000000 0.000000 0.045927 0.032756 0.808362
52 4.229000 -2.047300 -5.390500 -3.081982 -0.015378 -0.826714
53 8.804501 0.000000 0.000000 0.063998 0.023258 0.825051
54 2.709600 -0.999000 6.980300 -3.062684 -0.128970 -0.835298
55 10.456600 0.000000 0.000000 0.056061 0.017273 0.972953
56 5.577498 -3.896500 9.552599 -1.631494 -0.368079 -0.300516
57 12.059802 -17.856903 22.578800 2.378401 -0.582792 2.350333
58 37.458698 0.000001 0.000001 0.201126 -0.387309 1.075202
59 83.706497 -0.000100 -0.000000 1.807034 -0.112646 0.986788
60 -22.525200 -0.395101 18.987700 -3.025297 -0.722255 3.139315
61 67.425499 0.000000 0.000000 -0.100451 -0.165094 -0.052305
62 63.648502 0.000000 0.000001 0.044677 -0.249509 -0.170790
63 23.821501 -0.002300 -0.003400 0.000000 -0.000000 0.000000
64 9.637900 -0.153500 24.446098 0.197609 -1.274611 -0.009408
65 65.739998 -0.000000 0.000001 -0.150242 -0.310786 -0.061640
66 55.101105 -0.000000 0.000000 0.014721 -0.112576 -0.132331
67 40.393002 -0.002400 -0.004600 0.000000 -0.000000 0.000000
68 -6.972599 -0.585600 25.377199 -2.965649 -1.345134 3.097587
69 64.545105 0.000000 0.000001 -0.091625 -0.247048 -0.153356
70 51.973698 0.000001 -0.000000 0.012908 -0.108680 -0.119926
71 33.419098 -0.001900 -0.003700 0.000000 -0.000000 0.000000
72 -26.481199 -0.424300 7.812700 -3.079283 -0.266488 3.127002
73 64.186600 0.000000 0.000000 -0.058590 -0.097733 -0.005401
74 55.590298 -0.000002 0.000000 0.001778 -0.093486 -0.079220
75 25.390699 -0.002400 -0.002400 0.000000 -0.000000 0.000000
76 -2.687500 -4.314000 0.575600 0.677223 0.090280 -2.069152
77 43.191101 0.000000 0.000000 -0.032044 0.017745 0.166355
78 46.987900 -0.001600 -0.000800 0.000000 -0.000000 0.000000
79 12.067098 -17.885395 -22.588799 2.388217 -0.715483 -0.843344
80 -37.458698 0.000000 0.000000 0.307527 -0.434478 0.921921
81 -83.706497 0.000000 0.000000 1.739260 0.003075 1.034854
82 26.481199 0.424300 -7.812700 -3.079448 -0.266507 3.127649
83 -64.186600 0.000000 0.000000 -0.058732 -0.097617 -0.004079
84 -55.590302 0.000000 -0.000000 0.001698 -0.095272 -0.077669
85 -25.391001 0.002900 0.002800 0.000000 -0.000000 0.000000
86 6.972600 0.585600 -25.377199 -2.965649 -1.345135 3.097586
87 -64.545097 -0.000100 0.000000 -0.091734 -0.247043 -0.153108
88 -51.973602 0.000001 -0.000000 0.012570 -0.108710 -0.116567
89 -33.420601 0.002700 0.005200 0.000000 -0.000000 0.000000
90 -9.637900 0.153500 -24.446098 0.195974 -1.274659 -0.007719
91 -65.739899 -0.000000 0.000001 -0.150374 -0.310687 -0.061312
92 -55.101002 0.000000 0.000000 0.014704 -0.112578 -0.132019
93 -40.394100 0.002800 0.005300 0.000000 -0.000000 0.000000
94 22.525200 0.395100 -18.987700 -3.026962 -0.722441 -3.141429
95 -67.425499 0.000000 0.000000 -0.100470 -0.165082 -0.052070
96 -63.648594 0.000000 0.000001 0.045267 -0.252832 -0.170663
97 -23.822102 0.002800 0.004300 0.000000 -0.000000 0.000000
98 2.687500 4.314000 -0.575600 0.750774 -0.033864 -2.021973
99 -43.191101 0.000000 0.000000 -0.032044 0.017745 0.166355
100 -46.988201 0.002000 0.001000 0.000000 -0.000000 0.000000
101 34.669197 0.028901 -0.000800 0.016292 0.005716 -0.042516
102 21.276999 0.148600 0.071900 -0.029630 0.000026 -0.033791
103 20.308693 0.053700 0.078200 -0.032295 0.012202 -0.117154
104 21.132700 -0.085999 -0.000000 0.058866 -0.020064 0.194816
105 22.713200 -10.955200 -4.711800 -0.065497 -0.343133 0.980447
106 -5.667200 0.000000 0.000000 0.036125 -0.136201 -0.580368
107 -5.935400 -0.005200 0.000200 0.000000 -0.000000 0.000000
108 6.464000 -3.692700 0.000000 -1.570528 -0.000060 0.440958
109 19.717197 4.858902 7.932097 -2.037191 1.183303 -0.865244
110 -5.371100 0.000000 0.000000 -0.186114 -0.167466 -0.227910
111 -4.278900 0.000000 0.000000 0.009547 0.047203 -0.269372
112 2.284300 0.000000 0.000000 0.000000 -0.000000 0.000000
113 19.717199 -4.858900 7.932000 1.104403 -1.183303 -2.276350
114 5.371100 0.000000 0.000000 -0.186113 -0.167466 -0.227911
115 4.278900 0.000000 0.000000 0.009547 0.047203 -0.269372
116 2.284300 0.000000 0.000000 0.000000 -0.000000 0.000000
117 6.994200 0.000000 1.816200 -1.571108 -0.200777 0.000031
118 6.701600 -0.000000 0.000000 0.000000 -0.000000 0.143668
119 4.978200 0.000000 0.000000 0.000000 -0.000000 0.180994
120 4.007800 0.000000 0.000000 0.000000 -0.000000 0.167997
121 22.713200 -10.955200 4.711800 -0.065497 -0.343133 -2.161146
122 5.667200 0.000000 0.000000 0.036125 -0.136201 -0.580368
123 5.935300 0.005300 -0.000100 0.000000 -0.000000 0.000000
124 24.580603 1.233500 6.609300 -1.571388 -0.952005 -1.450244
125 24.608500 1.002300 -6.936100 -1.571388 -0.952006 1.691349
126 0.0 0.0 0.0 0.0 0.0 0.0
127 0.0 0.0 0.0 0.0 0.0 0.0
128 0.0 0.0 0.0 0.0 0.0 0.0
129 0.0 0.0 0.0 0.0 0.0 0.0
130 0.0 0.0 0.0 0.0 0.0 0.0
end
